seed,source,target,model,budget,strategy,n_train,macro_f1,weighted_f1,mcc,auprc_macro,fp_rate,brier,ece,mcc_best_thr,thr_best,buffer_est,thr_applied,single_class_buffer,fit_s
42,nf2018v2,nf2018v2,rf,0,in_domain,249999,0.9884052180472929,0.9951994302480829,0.9770527113321592,0.9846149472177047,0.00011342884041696441,0.005026432090061772,0.005231207177297355,0.9771272585968024,0.54,,,,179
42,nf2018v2,nfunswv2,rf,0,zero_shot,249999,0.49300494086008717,0.9436911708691015,0.01774516410626893,0.482504028346021,0.0005092443437503248,0.07024142205555556,0.17243268333333336,0.035150879869758504,0.02,,,,179
42,nf2018v2,nfunswv2,rf,0.0001,calibrate,144,0.49037055157195203,0.943678896856096,0.0,0.5342698227202077,0.0,0.03712702784072348,0.03164538417300242,0.21301849557248545,0.07549173302974675,,,0,
42,nf2018v2,nfunswv2,rf,0.0001,rethreshold,144,0.09150403072293245,0.9436911708691015,0.010836864863310508,0.482504028346021,0.9420552686004094,0.07024142205555556,0.17243268333333336,0.035150879869758504,0.02,0.07053456158585983,0.02666666666666667,0,
42,nf2018v2,nfunswv2,rf,0.001,calibrate,1392,0.49037055157195203,0.943678896856096,0.0,0.5342698227202077,0.0,0.035842930521739445,0.003489674349744857,0.21301849557248545,0.05303543479352049,,,0,
42,nf2018v2,nfunswv2,rf,0.001,rethreshold,1392,0.07550494894476081,0.9436911708691015,0.035150879869758504,0.482504028346021,0.9606426871472963,0.07024142205555556,0.17243268333333336,0.035150879869758504,0.02,0.04151123155169913,0.02,0,
42,nf2018v2,nfunswv2,rf,0.01,calibrate,13907,0.49037055157195203,0.943678896856096,0.0,0.5342698227202077,0.0,0.03538360931660803,0.018177766455970995,0.21301849557248545,0.07195123238086915,,,0,
42,nf2018v2,nfunswv2,rf,0.01,rethreshold,13907,0.07550494894476081,0.9436911708691015,0.035150879869758504,0.482504028346021,0.9606426871472963,0.07024142205555556,0.17243268333333336,0.035150879869758504,0.02,0.03333757556467238,0.02,0,
42,nf2018v2,nfunswv2,rf,0.05,calibrate,69537,0.49037055157195203,0.943678896856096,0.0,0.5342698227202077,0.0,0.035349052379787686,0.0122861947791113,0.21301849557248545,0.07828311821494716,,,0,
42,nf2018v2,nfunswv2,rf,0.05,rethreshold,69537,0.06797910038142795,0.9436911708691015,0.032647240029811286,0.482504028346021,0.968489207137735,0.07024142205555556,0.17243268333333336,0.035150879869758504,0.02,0.03310261928738223,0.016666666666666666,0,
42,nf2018v2,nfunswv2,rf,0.1,calibrate,139072,0.49037055157195203,0.943678896856096,0.0,0.5342698227202077,0.0,0.03534936386141308,0.012003580131975543,0.21301849557248545,0.0787613924865022,,,0,
42,nf2018v2,nfunswv2,rf,0.1,rethreshold,139072,0.07550494894476081,0.9436911708691015,0.035150879869758504,0.482504028346021,0.9606426871472963,0.07024142205555556,0.17243268333333336,0.035150879869758504,0.02,0.03328799662855335,0.02,0,
42,nf2018v2,nftonv2,rf,0,zero_shot,249999,0.2772332725386562,0.2247675123618267,-0.10391177406559164,0.5745387800434103,0.16703769935403817,0.5436683319527708,0.5687160269134679,0.289746575725313,0.0033333333333333335,,,,179
42,nf2018v2,nftonv2,rf,0.0001,calibrate,213,0.42062190755396933,0.6107334447783608,0.0,0.5002462167402513,1.0,0.19894697960048607,0.14414438643059999,0.3231021574532543,0.6805995773851158,,,0,
42,nf2018v2,nftonv2,rf,0.0001,rethreshold,213,0.6448723582311443,0.2247675123618267,0.289746575725313,0.5745387800434103,0.5143790372614138,0.5436683319527708,0.5687160269134679,0.289746575725313,0.0033333333333333335,0.249986149805007,0.0033333333333333335,0,
42,nf2018v2,nftonv2,rf,0.001,calibrate,2100,0.42062190755396933,0.6107334447783608,0.0,0.5002462167402513,1.0,0.1989059280933146,0.15213934924299533,0.3231021574532543,0.6962914499717513,,,0,
42,nf2018v2,nftonv2,rf,0.001,rethreshold,2100,0.6448723582311443,0.2247675123618267,0.289746575725313,0.5745387800434103,0.5143790372614138,0.5436683319527708,0.5687160269134679,0.289746575725313,0.0033333333333333335,0.26799230206406754,0.0033333333333333335,0,
42,nf2018v2,nftonv2,rf,0.01,calibrate,21000,0.42062190755396933,0.6107334447783608,0.0,0.5002462167402513,1.0,0.1989015074801545,4.112555585344957e-05,0.3231021574532543,0.702458801011598,,,0,
42,nf2018v2,nftonv2,rf,0.01,rethreshold,21000,0.6448723582311443,0.2247675123618267,0.289746575725313,0.5745387800434103,0.5143790372614138,0.5436683319527708,0.5687160269134679,0.289746575725313,0.0033333333333333335,0.29326796628716684,0.0033333333333333335,0,
42,nf2018v2,nftonv2,rf,0.05,calibrate,105000,0.42062190755396933,0.6107334447783608,0.0,0.5002462167402513,1.0,0.1989094495980655,5.568285609491852e-06,0.3231021574532543,0.7161246033020325,,,0,
42,nf2018v2,nftonv2,rf,0.05,rethreshold,105000,0.6448723582311443,0.2247675123618267,0.289746575725313,0.5745387800434103,0.5143790372614138,0.5436683319527708,0.5687160269134679,0.289746575725313,0.0033333333333333335,0.29437108098483816,0.0033333333333333335,0,
42,nf2018v2,nftonv2,rf,0.1,calibrate,210000,0.42062190755396933,0.6107334447783608,0.0,0.5002462167402513,1.0,0.19890949244453143,5.738457507065142e-06,0.3231021574532543,0.7161546266875317,,,0,
42,nf2018v2,nftonv2,rf,0.1,rethreshold,210000,0.6448723582311443,0.2247675123618267,0.289746575725313,0.5745387800434103,0.5143790372614138,0.5436683319527708,0.5687160269134679,0.289746575725313,0.0033333333333333335,0.2949454266290624,0.0033333333333333335,0,
42,nf2018v2,nfbotv2,rf,0,zero_shot,249999,0.04942952056622739,0.0897631688794609,0.014045895673138357,0.5141361806847943,0.0011918951132300357,0.6092299578888889,0.7367188000000001,0.1770706314836578,0.013333333333333334,,,,179
42,nf2018v2,nfbotv2,rf,0.0001,calibrate,211,0.49894904562319464,0.9937119087536106,0.0,0.5141361806847943,1.0,0.004177813283184552,0.0005956636815108718,0.1770706314836578,0.9951774245439738,,,0,
42,nf2018v2,nfbotv2,rf,0.0001,rethreshold,211,0.33487419804661456,0.0897631688794609,-0.03600570518080927,0.5141361806847943,0.7794994040524433,0.6092299578888889,0.7367188000000001,0.1770706314836578,0.013333333333333334,0.0693343798979097,0.19,0,
42,nf2018v2,nfbotv2,rf,0.001,calibrate,2101,0.49894904562319464,0.9937119087536106,0.0,0.5034378693890359,1.0,0.004177183924075483,7.645106263487467e-05,0.06977573228126333,0.9956443694900772,,,0,
42,nf2018v2,nfbotv2,rf,0.001,rethreshold,2101,0.5564274622858929,0.0897631688794609,0.13453131514057917,0.5141361806847943,0.9249106078665077,0.6092299578888889,0.7367188000000001,0.1770706314836578,0.013333333333333334,0.33269780685756056,0.016666666666666666,0,
42,nf2018v2,nfbotv2,rf,0.01,calibrate,21000,0.49894904562319464,0.9937119087536106,0.0,0.5034378693890359,1.0,0.004175997735017211,2.845720238231486e-06,0.06977573228126333,0.9949930466861864,,,0,
42,nf2018v2,nfbotv2,rf,0.01,rethreshold,21000,0.56199583263255,0.0897631688794609,0.1770706314836578,0.5141361806847943,0.9261025029797377,0.6092299578888889,0.7367188000000001,0.1770706314836578,0.013333333333333334,0.08400314890736434,0.013333333333333334,0,
42,nf2018v2,nfbotv2,rf,0.05,calibrate,105000,0.49894904562319464,0.9937119087536106,0.0,0.5034378693890359,1.0,0.004176921456021779,2.9984424086526573e-05,0.06977573228126333,0.9944472506044338,,,0,
42,nf2018v2,nfbotv2,rf,0.05,rethreshold,105000,0.56199583263255,0.0897631688794609,0.1770706314836578,0.5141361806847943,0.9261025029797377,0.6092299578888889,0.7367188000000001,0.1770706314836578,0.013333333333333334,0.11915212588883824,0.013333333333333334,0,
42,nf2018v2,nfbotv2,rf,0.1,calibrate,210001,0.49894904562319464,0.9937119087536106,0.0,0.5034378693890359,1.0,0.004176201701964848,1.8044885039980585e-05,0.06977573228126333,0.9947344987724653,,,0,
42,nf2018v2,nfbotv2,rf,0.1,rethreshold,210001,0.56199583263255,0.0897631688794609,0.1770706314836578,0.5141361806847943,0.9261025029797377,0.6092299578888889,0.7367188000000001,0.1770706314836578,0.013333333333333334,0.1506511291514737,0.013333333333333334,0,
42,nf2018v2,nf2018v2,lgbm,0,in_domain,249999,0.9884304423158621,0.9952096972137982,0.9771010127012018,0.9876854383019344,0.00011910028243781263,0.004707917336759448,0.001484195722557914,0.9771980359431484,0.4879350140426531,,,,9
42,nf2018v2,nfunswv2,lgbm,0,zero_shot,249999,0.5229656159971565,0.9463616587623261,0.13982493245919478,0.4971670698700526,0.0008210265950260339,0.038379585545913496,0.03917741717952016,0.14038199353569736,0.6269026400140946,,,,9
42,nf2018v2,nfunswv2,lgbm,0.0001,calibrate,144,0.49037055157195203,0.943678896856096,0.0,0.5594734817208111,0.0,0.03737695686529453,0.033996007170331334,0.24388567980464845,0.06956936661862165,,,0,
42,nf2018v2,nfunswv2,lgbm,0.0001,rethreshold,144,0.49037055157195203,0.9463616587623261,0.0,0.4971670698700526,0.0,0.038379585545913496,0.03917741717952016,0.14038199353569736,0.6269026400140946,0.0,inf,0,
42,nf2018v2,nfunswv2,lgbm,0.001,calibrate,1392,0.49037055157195203,0.943678896856096,0.0,0.5594734817208111,0.0,0.036385714340923185,0.0034844528219929224,0.24388567980464845,0.03898519961621753,,,0,
42,nf2018v2,nfunswv2,lgbm,0.001,rethreshold,1392,0.5132535884610294,0.9463616587623261,0.026534427002699236,0.4971670698700526,0.03851030440340466,0.038379585545913496,0.03917741717952016,0.14038199353569736,0.6269026400140946,0.022188627934443435,0.12114636304791523,0,
42,nf2018v2,nfunswv2,lgbm,0.01,calibrate,13907,0.49037055157195203,0.943678896856096,0.0,0.4971670698700526,0.0,0.03600528897509743,0.0016861411680971613,0.14038199353569736,0.14348646348159275,,,0,
42,nf2018v2,nfunswv2,lgbm,0.01,rethreshold,13907,0.517087329866619,0.9463616587623261,0.13269456619852604,0.4971670698700526,0.0004988516020411344,0.038379585545913496,0.03917741717952016,0.14038199353569736,0.6269026400140946,0.13567010286202374,0.7578504142916874,0,
42,nf2018v2,nfunswv2,lgbm,0.05,calibrate,69537,0.49037055157195203,0.943678896856096,0.0,0.4971670698700526,0.0,0.03592155813960954,0.0015074269190864802,0.14038199353569736,0.17544342868827192,,,0,
42,nf2018v2,nfunswv2,lgbm,0.05,rethreshold,69537,0.5221860197042538,0.9463616587623261,0.1400149369137676,0.4971670698700526,0.0007430810322071066,0.038379585545913496,0.03917741717952016,0.14038199353569736,0.6269026400140946,0.12321168886006047,0.5585746254043137,0,
42,nf2018v2,nfunswv2,lgbm,0.1,calibrate,139072,0.49037055157195203,0.943678896856096,0.0,0.4971670698700526,0.0,0.03591178511244782,0.0014286243374534667,0.14038199353569736,0.179608800379589,,,0,
42,nf2018v2,nfunswv2,lgbm,0.1,rethreshold,139072,0.5225069862776242,0.9463616587623261,0.13942121613742034,0.4971670698700526,0.0007898483698984629,0.038379585545913496,0.03917741717952016,0.14038199353569736,0.6269026400140946,0.12324154517883305,0.5231411182060306,0,
42,nf2018v2,nftonv2,lgbm,0,zero_shot,249999,0.39051857471335655,0.37414445234653504,0.059200855397791845,0.6894333094193617,0.17501186088098974,0.5689354021866492,0.5671041344722694,0.4771420726765807,0.0002351938611200719,,,,9
42,nf2018v2,nftonv2,lgbm,0.0001,calibrate,213,0.42062190755396933,0.6107334447783608,0.0,0.6894333094193617,1.0,0.19852549329332603,0.017425522052638504,0.4771420726765807,0.7239566972794589,,,0,
42,nf2018v2,nftonv2,lgbm,0.0001,rethreshold,213,0.7133265509979083,0.37414445234653504,0.4761583795939519,0.6894333094193617,0.5816028612094449,0.5689354021866492,0.5671041344722694,0.4771420726765807,0.0002351938611200719,0.4055092844041108,0.00023600236756615825,0,
42,nf2018v2,nftonv2,lgbm,0.001,calibrate,2100,0.42062190755396933,0.6107334447783608,0.0,0.6894333094193617,1.0,0.19777476160688942,0.02244729146539972,0.4771420726765807,0.70831990961866,,,0,
42,nf2018v2,nftonv2,lgbm,0.001,rethreshold,2100,0.7135733713053023,0.37414445234653504,0.4771420726765807,0.6894333094193617,0.5818765738476698,0.5689354021866492,0.5671041344722694,0.4771420726765807,0.0002351938611200719,0.4707003324178225,0.0002351938611200719,0,
42,nf2018v2,nftonv2,lgbm,0.01,calibrate,21000,0.42062190755396933,0.6107334447783608,0.0,0.6894333094193617,1.0,0.1977516859328715,0.019455184873970525,0.4771420726765807,0.7070149425976455,,,0,
42,nf2018v2,nftonv2,lgbm,0.01,rethreshold,21000,0.7135733713053023,0.37414445234653504,0.4771420726765807,0.6894333094193617,0.5818765738476698,0.5689354021866492,0.5671041344722694,0.4771420726765807,0.0002351938611200719,0.4756206462568688,0.0002351938611200719,0,
42,nf2018v2,nftonv2,lgbm,0.05,calibrate,105000,0.42062190755396933,0.6107334447783608,0.0,0.6894333094193617,1.0,0.19773288828916283,0.01656376053232563,0.4771420726765807,0.705811287507333,,,0,
42,nf2018v2,nftonv2,lgbm,0.05,rethreshold,105000,0.7135733713053023,0.37414445234653504,0.4771420726765807,0.6894333094193617,0.5818765738476698,0.5689354021866492,0.5671041344722694,0.4771420726765807,0.0002351938611200719,0.4798189796909683,0.0002351938611200719,0,
42,nf2018v2,nftonv2,lgbm,0.1,calibrate,210000,0.42062190755396933,0.6107334447783608,0.0,0.6894333094193617,1.0,0.1977350167266837,0.016835583681253662,0.4771420726765807,0.7059564900723252,,,0,
42,nf2018v2,nftonv2,lgbm,0.1,rethreshold,210000,0.7135733713053023,0.37414445234653504,0.4771420726765807,0.6894333094193617,0.5818765738476698,0.5689354021866492,0.5671041344722694,0.4771420726765807,0.0002351938611200719,0.47823715253621696,0.0002351938611200719,0,
42,nf2018v2,nfbotv2,lgbm,0,zero_shot,249999,0.16980458127603548,0.3300092708311367,-0.0015907870976558753,0.5376571789251455,0.20858164481525626,0.4880526504794962,0.569039099394422,0.2516226242911011,0.03431983900549515,,,,9
42,nf2018v2,nfbotv2,lgbm,0.0001,calibrate,211,0.49894904562319464,0.9937119087536106,0.0,0.5376571789251455,1.0,0.0041766369556548765,0.0005537068237266851,0.2516226242911011,0.9948378721704956,,,0,
42,nf2018v2,nfbotv2,lgbm,0.0001,rethreshold,211,0.6047065359011328,0.3300092708311367,0.24674407679919763,0.5376571789251455,0.5554231227651967,0.4880526504794962,0.569039099394422,0.2516226242911011,0.03431983900549515,0.7054211845550483,0.03981112583257874,0,
42,nf2018v2,nfbotv2,lgbm,0.001,calibrate,2101,0.49894904562319464,0.9937119087536106,0.0,0.5376571789251455,1.0,0.004172186495559541,0.00016326102877506354,0.2516226242911011,0.9936152235180586,,,0,
42,nf2018v2,nfbotv2,lgbm,0.001,rethreshold,2101,0.6047065359011328,0.3300092708311367,0.24674407679919763,0.5376571789251455,0.5554231227651967,0.4880526504794962,0.569039099394422,0.2516226242911011,0.03431983900549515,0.39606817739130445,0.03981112583257874,0,
42,nf2018v2,nfbotv2,lgbm,0.01,calibrate,21000,0.49894904562319464,0.9937119087536106,0.0,0.5376571789251455,1.0,0.004171993092216973,3.818525755694413e-05,0.2516226242911011,0.993692801848228,,,0,
42,nf2018v2,nfbotv2,lgbm,0.01,rethreshold,21000,0.6047065359011328,0.3300092708311367,0.24674407679919763,0.5376571789251455,0.5554231227651967,0.4880526504794962,0.569039099394422,0.2516226242911011,0.03431983900549515,0.2588780276428083,0.03981112583257874,0,
42,nf2018v2,nfbotv2,lgbm,0.05,calibrate,105000,0.49894904562319464,0.9937119087536106,0.0,0.5376571789251455,1.0,0.00416670580176476,5.508291696998402e-05,0.2516226242911011,0.9918917020804565,,,0,
42,nf2018v2,nfbotv2,lgbm,0.05,rethreshold,105000,0.6047065359011328,0.3300092708311367,0.24674407679919763,0.5376571789251455,0.5554231227651967,0.4880526504794962,0.569039099394422,0.2516226242911011,0.03431983900549515,0.25041424731009077,0.03981112583257874,0,
42,nf2018v2,nfbotv2,lgbm,0.1,calibrate,210001,0.49894904562319464,0.9937119087536106,0.0,0.5376571789251455,1.0,0.004165624566204499,5.015469597358102e-05,0.2516226242911011,0.9915073744280212,,,0,
42,nf2018v2,nfbotv2,lgbm,0.1,rethreshold,210001,0.6047065359011328,0.3300092708311367,0.24674407679919763,0.5376571789251455,0.5554231227651967,0.4880526504794962,0.569039099394422,0.2516226242911011,0.03431983900549515,0.2511121356944135,0.03981112583257874,0,
42,nf2018v2,nf2018v2,mlp,0,in_domain,249999,0.9845727758384921,0.9936267602249542,0.9695325588164551,0.9844199243166253,0.00031192931114665213,0.006014303186138338,0.0007311196166006191,0.9695569280417095,0.49868709269465705,,,,30
42,nf2018v2,nfunswv2,mlp,0,zero_shot,249999,0.48467871570150534,0.9181498377878126,-0.029812324021384014,0.48050208248097664,0.053584976252585195,0.07455404478960584,0.060391996640676904,0.06566264669141926,0.999999993950387,,,,30
42,nf2018v2,nfunswv2,mlp,0.0001,calibrate,144,0.49037055157195203,0.943678896856096,0.0,0.4803357841083887,0.0,0.03737140269970579,0.031607128387469596,0.06566264669141926,0.07160603722143569,,,0,
42,nf2018v2,nfunswv2,mlp,0.0001,rethreshold,144,0.5022462739225094,0.9181498377878126,0.050136855243122114,0.48050208248097664,0.001418609243304476,0.07455404478960584,0.060391996640676904,0.06566264669141926,0.999999993950387,0.30611483744878115,0.9999997839671211,0,
42,nf2018v2,nfunswv2,mlp,0.001,calibrate,1392,0.49037055157195203,0.943678896856096,0.0,0.5376367077485785,0.0,0.03624267231975014,0.0016174291252079192,0.208569732006218,0.04162561491917371,,,0,
42,nf2018v2,nfunswv2,mlp,0.001,rethreshold,1392,0.5022462739225094,0.9181498377878126,0.050136855243122114,0.48050208248097664,0.001418609243304476,0.07455404478960584,0.060391996640676904,0.06566264669141926,0.999999993950387,0.1282169241049143,0.9999997839671211,0,
42,nf2018v2,nfunswv2,mlp,0.01,calibrate,13907,0.49037055157195203,0.943678896856096,0.0,0.5376063798337258,0.0,0.03613088113448603,0.005116041728493472,0.208569732006218,0.043208465258398894,,,0,
42,nf2018v2,nfunswv2,mlp,0.01,rethreshold,13907,0.501815695045965,0.9181498377878126,0.06052590527909047,0.48050208248097664,0.0008054374824622483,0.07455404478960584,0.060391996640676904,0.06566264669141926,0.999999993950387,0.09024691830523761,0.999999954370329,0,
42,nf2018v2,nfunswv2,mlp,0.05,calibrate,69537,0.49037055157195203,0.943678896856096,0.0,0.5375894320303406,0.0,0.03599762146900191,0.006915995443361793,0.208569732006218,0.047165556602840615,,,0,
42,nf2018v2,nfunswv2,mlp,0.05,rethreshold,69537,0.501297394754605,0.9181498377878126,0.06522153865809446,0.48050208248097664,0.0005716007940054665,0.07455404478960584,0.060391996640676904,0.06566264669141926,0.999999993950387,0.07782454615417278,0.9999999997170981,0,
42,nf2018v2,nfunswv2,mlp,0.1,calibrate,139072,0.49037055157195203,0.943678896856096,0.0,0.5375892560744289,0.0,0.03597049326707965,0.007030254372716078,0.208569732006218,0.04786825927561261,,,0,
42,nf2018v2,nfunswv2,mlp,0.1,rethreshold,139072,0.5014234670680395,0.9181498377878126,0.06566264669141926,0.48050208248097664,0.0005767971648600618,0.07455404478960584,0.060391996640676904,0.06566264669141926,0.999999993950387,0.07217185097231163,0.9999999926519112,0,
42,nf2018v2,nftonv2,mlp,0,zero_shot,249999,0.3959680623350248,0.39113987933337835,0.016155447494915324,0.5592644535724319,0.24484507864676472,0.5420710725131835,0.5243761150203138,0.21402570848805536,1.5290449705437788e-42,,,,30
42,nf2018v2,nftonv2,mlp,0.0001,calibrate,213,0.42062190755396933,0.6107334447783608,0.0,0.5584424770241849,1.0,0.1988019564346668,0.0017943489375922806,0.20819689819611312,0.7230605622934407,,,0,
42,nf2018v2,nftonv2,mlp,0.0001,rethreshold,213,0.6034752338535363,0.39113987933337835,0.2074377733811745,0.5592644535724319,0.5551439728477063,0.5420710725131835,0.5243761150203138,0.21402570848805536,1.5290449705437788e-42,0.249986149805007,0.005654258276828858,0,
42,nf2018v2,nftonv2,mlp,0.001,calibrate,2100,0.42062190755396933,0.6107334447783608,0.0,0.5585634169340948,1.0,0.19884364404372806,0.016377457147454113,0.20819689819611312,0.7234930185697022,,,0,
42,nf2018v2,nftonv2,mlp,0.001,rethreshold,2100,0.6019753125398282,0.39113987933337835,0.203966766535336,0.5592644535724319,0.5815663661910149,0.5420710725131835,0.5243761150203138,0.21402570848805536,1.5290449705437788e-42,0.21927298645759088,0.004249277627909281,0,
42,nf2018v2,nftonv2,mlp,0.01,calibrate,21000,0.42062190755396933,0.6107334447783608,0.0,0.5588925548395572,1.0,0.19876415704765515,0.002542239360177628,0.20819689819611312,0.7187150553011862,,,0,
42,nf2018v2,nftonv2,mlp,0.01,rethreshold,21000,0.6023688152333945,0.39113987933337835,0.20767062257837363,0.5592644535724319,0.5251268201890442,0.5420710725131835,0.5243761150203138,0.21402570848805536,1.5290449705437788e-42,0.21066062548343736,0.007297633563809116,0,
42,nf2018v2,nftonv2,mlp,0.05,calibrate,105000,0.42062190755396933,0.6107334447783608,0.0,0.5586667087611032,1.0,0.19875443158549227,0.0035704369103765387,0.20819689819611312,0.7170189842226432,,,0,
42,nf2018v2,nftonv2,mlp,0.05,rethreshold,105000,0.4875958406897807,0.39113987933337835,0.21334715752916042,0.5592644535724319,0.9328126710703989,0.5420710725131835,0.5243761150203138,0.21402570848805536,1.5290449705437788e-42,0.2096268960577723,2.209772780273666e-42,0,
42,nf2018v2,nftonv2,mlp,0.1,calibrate,210000,0.42062190755396933,0.6107334447783608,0.0,0.5586666996472681,1.0,0.1987548892899256,0.0034560237771759676,0.20819689819611312,0.7172087237030403,,,0,
42,nf2018v2,nftonv2,mlp,0.1,rethreshold,210000,0.4875669100408426,0.39113987933337835,0.2133817210757615,0.5592644535724319,0.9328491660888288,0.5420710725131835,0.5243761150203138,0.21402570848805536,1.5290449705437788e-42,0.21213243497003864,2.1428606063673848e-42,0,
42,nf2018v2,nfbotv2,mlp,0,zero_shot,249999,0.1593721999445393,0.31237904673702865,-0.05298704483115231,0.533666844168806,0.5065554231227652,0.7274575423066602,0.7115381529285754,0.26605649415146393,8.317870326778077e-06,,,,30
42,nf2018v2,nfbotv2,mlp,0.0001,calibrate,211,0.49894904562319464,0.9937119087536106,0.0,0.6447285525020594,1.0,0.00416775402529465,0.0005281957620044686,0.40988135002120296,0.992120019145505,,,0,
42,nf2018v2,nfbotv2,mlp,0.0001,rethreshold,211,0.004177475490318116,0.31237904673702865,0.0,0.533666844168806,0.0,0.7274575423066602,0.7115381529285754,0.26605649415146393,8.317870326778077e-06,0.0,inf,0,
42,nf2018v2,nfbotv2,mlp,0.001,calibrate,2101,0.49894904562319464,0.9937119087536106,0.0,0.6447285525019355,1.0,0.004156462595177346,6.550071902078347e-05,0.40988135002120296,0.9884400201114709,,,0,
42,nf2018v2,nfbotv2,mlp,0.001,rethreshold,2101,0.003872481640573589,0.31237904673702865,-0.2897333402629172,0.533666844168806,0.11442193087008343,0.7274575423066602,0.7115381529285754,0.26605649415146393,8.317870326778077e-06,0.001431300316308817,0.9992513751787003,0,
42,nf2018v2,nfbotv2,mlp,0.01,calibrate,21000,0.49894904562319464,0.9937119087536106,0.0,0.6447285525019355,1.0,0.004146923503114396,8.020963209154353e-05,0.40988135002120296,0.9844354293327829,,,0,
42,nf2018v2,nfbotv2,mlp,0.01,rethreshold,21000,0.5711501535171541,0.31237904673702865,0.2607045136690821,0.533666844168806,0.9213349225268176,0.7274575423066602,0.7115381529285754,0.26605649415146393,8.317870326778077e-06,0.2814933996682814,8.487021805891494e-06,0,
42,nf2018v2,nfbotv2,mlp,0.05,calibrate,105000,0.49894904562319464,0.9937119087536106,0.0,0.6447285525019355,1.0,0.00414162729434682,0.00011413662463977126,0.40988135002120296,0.981918155257747,,,0,
42,nf2018v2,nfbotv2,mlp,0.05,rethreshold,105000,0.5713911929726092,0.31237904673702865,0.26605649415146393,0.533666844168806,0.9213349225268176,0.7274575423066602,0.7115381529285754,0.26605649415146393,8.317870326778077e-06,0.27558754030474586,8.30462675748181e-06,0,
42,nf2018v2,nfbotv2,mlp,0.1,calibrate,210001,0.49894904562319464,0.9937119087536106,0.0,0.6447285525019355,1.0,0.0041408963770797605,2.1508643506473746e-05,0.40988135002120296,0.9813489860316115,,,0,
42,nf2018v2,nfbotv2,mlp,0.1,rethreshold,210001,0.5713911929726092,0.31237904673702865,0.26605649415146393,0.533666844168806,0.9213349225268176,0.7274575423066602,0.7115381529285754,0.26605649415146393,8.317870326778077e-06,0.2981677461198002,8.30398126936407e-06,0,
42,nfunswv2,nf2018v2,rf,0,zero_shot,250002,0.35222852571984775,0.6087742512241946,-0.2515364848700282,0.5095274836806666,0.4070053651841517,0.21959388419724565,0.2005044808109293,0.2496680356179555,0.31,,,,50
42,nfunswv2,nf2018v2,rf,0.0001,calibrate,217,0.46853899442765923,0.8261331950887618,0.0,0.5095274836806666,0.0,0.10521952590417989,0.028977102890734407,0.2496680356179555,0.1470831457940175,,,0,
42,nfunswv2,nf2018v2,rf,0.0001,rethreshold,217,0.44909812637094726,0.6087742512241946,0.23573367993303873,0.5095274836806666,0.5690951781399939,0.21959388419724565,0.2005044808109293,0.2496680356179555,0.31,0.30534187264622914,0.32666666666666666,0,
42,nfunswv2,nf2018v2,rf,0.001,calibrate,2102,0.46853899442765923,0.8261331950887618,0.0,0.5095274836806666,0.0,0.10437910526831355,0.0010093848343318834,0.2496680356179555,0.11927789714721075,,,0,
42,nfunswv2,nf2018v2,rf,0.001,rethreshold,2102,0.44397460980130665,0.6087742512241946,0.2496680356179555,0.5095274836806666,0.5848447726318894,0.21959388419724565,0.2005044808109293,0.2496680356179555,0.31,0.26112643988766965,0.31,0,
42,nfunswv2,nf2018v2,rf,0.01,calibrate,21001,0.46853899442765923,0.8261331950887618,0.0,0.5227066836578621,0.0,0.10437676629076399,1.9041763565819103e-05,0.27970407007389264,0.11821416239780819,,,0,
42,nfunswv2,nf2018v2,rf,0.01,rethreshold,21001,0.44397460980130665,0.6087742512241946,0.2496680356179555,0.5095274836806666,0.5848447726318894,0.21959388419724565,0.2005044808109293,0.2496680356179555,0.31,0.25373888554663704,0.31,0,
42,nfunswv2,nf2018v2,rf,0.05,calibrate,105000,0.46853899442765923,0.8261331950887618,0.0,0.5227066836578621,0.0,0.10437671677378071,5.53417057115313e-05,0.27970407007389264,0.11809468981026996,,,0,
42,nfunswv2,nf2018v2,rf,0.05,rethreshold,105000,0.44397460980130665,0.6087742512241946,0.2496680356179555,0.5095274836806666,0.5848447726318894,0.21959388419724565,0.2005044808109293,0.2496680356179555,0.31,0.2520825429013567,0.31,0,
42,nfunswv2,nf2018v2,rf,0.1,calibrate,210000,0.46853899442765923,0.8261331950887618,0.0,0.5227066836578621,0.0,0.10437674124097215,5.55885177547788e-05,0.27970407007389264,0.11803872026714923,,,0,
42,nfunswv2,nf2018v2,rf,0.1,rethreshold,210000,0.44397460980130665,0.6087742512241946,0.2496680356179555,0.5095274836806666,0.5848447726318894,0.21959388419724565,0.2005044808109293,0.2496680356179555,0.31,0.2511665669414032,0.31,0,
42,nfunswv2,nfunswv2,rf,0,in_domain,250002,0.9772486117707236,0.9966654152140437,0.9546258462155925,0.9918375852102627,0.002374741480549984,0.002633185222222222,0.0007102000000000819,0.9552873264725891,0.4666666666666667,,,,50
42,nfunswv2,nftonv2,rf,0,zero_shot,250002,0.22078412947580991,0.13205171693281917,-0.10484183535530633,0.7143160311015387,0.04713331630232473,0.4521943065826441,0.5264735823679119,0.5648249566571932,0.08666666666666667,,,,50
42,nfunswv2,nftonv2,rf,0.0001,calibrate,213,0.42062190755396933,0.6107334447783608,0.0,0.7143160311015387,1.0,0.19497097085776413,0.11792374049683327,0.5648249566571932,0.7037871958150876,,,0,
42,nfunswv2,nftonv2,rf,0.0001,rethreshold,213,0.7258769792394311,0.13205171693281917,0.544699207411913,0.7143160311015387,0.6057078208824496,0.4521943065826441,0.5264735823679119,0.5648249566571932,0.08666666666666667,0.5406433747126563,0.08333333333333333,0,
42,nfunswv2,nftonv2,rf,0.001,calibrate,2100,0.42062190755396933,0.6107334447783608,0.0,0.7143160311015387,1.0,0.1888298391079183,0.16016988135669571,0.5648249566571932,0.6570268643166257,,,0,
42,nfunswv2,nftonv2,rf,0.001,rethreshold,2100,0.7433966465262104,0.13205171693281917,0.5648249566571932,0.7143160311015387,0.5711470384292544,0.4521943065826441,0.5264735823679119,0.5648249566571932,0.08666666666666667,0.554186742688193,0.08666666666666667,0,
42,nfunswv2,nftonv2,rf,0.01,calibrate,21000,0.42062190755396933,0.6107334447783608,0.0,0.7143160311015387,1.0,0.18711687828179524,0.18595974314207972,0.5648249566571932,0.6379098316112016,,,0,
42,nfunswv2,nftonv2,rf,0.01,rethreshold,21000,0.7433966465262104,0.13205171693281917,0.5648249566571932,0.7143160311015387,0.5711470384292544,0.4521943065826441,0.5264735823679119,0.5648249566571932,0.08666666666666667,0.564337124283169,0.08666666666666667,0,
42,nfunswv2,nftonv2,rf,0.05,calibrate,105000,0.42062190755396933,0.6107334447783608,0.0,0.7143160311015387,1.0,0.18694458333353492,0.1873723105234305,0.5648249566571932,0.6364161491945642,,,0,
42,nfunswv2,nftonv2,rf,0.05,rethreshold,105000,0.7433966465262104,0.13205171693281917,0.5648249566571932,0.7143160311015387,0.5711470384292544,0.4521943065826441,0.5264735823679119,0.5648249566571932,0.08666666666666667,0.5668817503752015,0.08666666666666667,0,
42,nfunswv2,nftonv2,rf,0.1,calibrate,210000,0.42062190755396933,0.6107334447783608,0.0,0.7143160311015387,1.0,0.18712593715740672,0.18589650346939185,0.5648249566571932,0.638200034155444,,,0,
42,nfunswv2,nftonv2,rf,0.1,rethreshold,210000,0.7433966465262104,0.13205171693281917,0.5648249566571932,0.7143160311015387,0.5711470384292544,0.4521943065826441,0.5264735823679119,0.5648249566571932,0.08666666666666667,0.5654829029131992,0.08666666666666667,0,
42,nfunswv2,nfbotv2,rf,0,zero_shot,250002,0.32727039574410466,0.6373250201469283,0.052005416890880486,0.5238575899936123,0.06912991656734208,0.2998808777222222,0.35108201666666666,0.19786736503923272,0.13333333333333333,,,,50
42,nfunswv2,nfbotv2,rf,0.0001,calibrate,211,0.49894904562319464,0.9937119087536106,0.0,0.5238575899936123,1.0,0.004177723957239395,0.0005710915082899337,0.19786736503923272,0.9952330566244092,,,0,
42,nfunswv2,nfbotv2,rf,0.0001,rethreshold,211,0.32558747122214454,0.6373250201469283,0.05536861549520264,0.5238575899936123,0.03933253873659118,0.2998808777222222,0.35108201666666666,0.19786736503923272,0.13333333333333333,0.06304883249912806,0.57,0,
42,nfunswv2,nfbotv2,rf,0.001,calibrate,2101,0.49894904562319464,0.9937119087536106,0.0,0.5238575899936123,1.0,0.0041684221147604795,3.719661642842542e-05,0.19786736503923272,0.9935523854869618,,,0,
42,nfunswv2,nfbotv2,rf,0.001,rethreshold,2101,0.5969469471548505,0.6373250201469283,0.19786736503923272,0.5238575899936123,0.8355184743742551,0.2998808777222222,0.35108201666666666,0.19786736503923272,0.13333333333333333,0.33150337929696877,0.13333333333333333,0,
42,nfunswv2,nfbotv2,rf,0.01,calibrate,21000,0.49894904562319464,0.9937119087536106,0.0,0.5238575899936123,1.0,0.004143007244408952,6.773678867433297e-05,0.19786736503923272,0.9815967218534148,,,0,
42,nfunswv2,nfbotv2,rf,0.01,rethreshold,21000,0.5969469471548505,0.6373250201469283,0.19786736503923272,0.5238575899936123,0.8355184743742551,0.2998808777222222,0.35108201666666666,0.19786736503923272,0.13333333333333333,0.3115382732696669,0.13333333333333333,0,
42,nfunswv2,nfbotv2,rf,0.05,calibrate,105000,0.49894904562319464,0.9937119087536106,0.0,0.5238575899936123,1.0,0.004132114394866898,0.0001688148246840745,0.19786736503923272,0.9730408647900086,,,0,
42,nfunswv2,nfbotv2,rf,0.05,rethreshold,105000,0.5969469471548505,0.6373250201469283,0.19786736503923272,0.5238575899936123,0.8355184743742551,0.2998808777222222,0.35108201666666666,0.19786736503923272,0.13333333333333333,0.21749905493727312,0.13333333333333333,0,
42,nfunswv2,nfbotv2,rf,0.1,calibrate,210001,0.49894904562319464,0.9937119087536106,0.0,0.5238575899936123,1.0,0.004131364669784264,0.0002585139318353719,0.19786736503923272,0.9722507341631369,,,0,
42,nfunswv2,nfbotv2,rf,0.1,rethreshold,210001,0.5969469471548505,0.6373250201469283,0.19786736503923272,0.5238575899936123,0.8355184743742551,0.2998808777222222,0.35108201666666666,0.19786736503923272,0.13333333333333333,0.20430604179112222,0.13333333333333333,0,
42,nfunswv2,nf2018v2,lgbm,0,zero_shot,250002,0.44789491923155444,0.7751735151265695,-0.10394451216639938,0.43265089393987605,0.11658216218055603,0.203895942036951,0.18530421974127453,0.06274952823362062,1.7338269011061927e-05,,,,9
42,nfunswv2,nf2018v2,lgbm,0.0001,calibrate,217,0.46853899442765923,0.8261331950887618,0.0,0.6361959464770002,0.0,0.10381396079915528,0.033311932616367536,0.5640293467573478,0.16437976540661742,,,0,
42,nfunswv2,nf2018v2,lgbm,0.0001,rethreshold,217,0.4684510143637986,0.7751735151265695,-0.008613706689343558,0.43265089393987605,0.0008734020712106261,0.203895942036951,0.18530421974127453,0.06274952823362062,1.7338269011061927e-05,0.16360026374152425,0.9873619712918082,0,
42,nfunswv2,nf2018v2,lgbm,0.001,calibrate,2102,0.46853899442765923,0.8261331950887618,0.0,0.6361959464770002,0.0,0.10200231189263687,0.06761109374211968,0.5640293467573478,0.1391208635163232,,,0,
42,nfunswv2,nf2018v2,lgbm,0.001,rethreshold,2102,0.1429628378005135,0.7751735151265695,0.06232819028018188,0.43265089393987605,0.9645478159276778,0.203895942036951,0.18530421974127453,0.06274952823362062,1.7338269011061927e-05,0.06834721450492254,1.828857199687714e-05,0,
42,nfunswv2,nf2018v2,lgbm,0.01,calibrate,21001,0.46853899442765923,0.8261331950887618,0.0,0.6361959464770002,0.0,0.10111148488416688,0.05367661701988225,0.5640293467573478,0.14644424969311123,,,0,
42,nfunswv2,nf2018v2,lgbm,0.01,rethreshold,21001,0.1464423418781781,0.7751735151265695,0.06157641879113541,0.43265089393987605,0.9608954072662516,0.203895942036951,0.18530421974127453,0.06274952823362062,1.7338269011061927e-05,0.06379328223555121,2.2132413316256628e-05,0,
42,nfunswv2,nf2018v2,lgbm,0.05,calibrate,105000,0.46853899442765923,0.8261331950887618,0.0,0.6361959464770002,0.0,0.10105591657866182,0.053733181921526846,0.5640293467573478,0.1467930077728308,,,0,
42,nfunswv2,nf2018v2,lgbm,0.05,rethreshold,105000,0.1429628378005135,0.7751735151265695,0.06232819028018188,0.43265089393987605,0.9645478159276778,0.203895942036951,0.18530421974127453,0.06274952823362062,1.7338269011061927e-05,0.06176448403886777,1.828857199687714e-05,0,
42,nfunswv2,nf2018v2,lgbm,0.1,calibrate,210000,0.46853899442765923,0.8261331950887618,0.0,0.6361959464770002,0.0,0.10112518649074691,0.05416910285627958,0.5640293467573478,0.1462561075256286,,,0,
42,nfunswv2,nf2018v2,lgbm,0.1,rethreshold,210000,0.1429628378005135,0.7751735151265695,0.06232819028018188,0.43265089393987605,0.9645478159276778,0.203895942036951,0.18530421974127453,0.06274952823362062,1.7338269011061927e-05,0.06123307293321293,1.828857199687714e-05,0,
42,nfunswv2,nfunswv2,lgbm,0,in_domain,250002,0.9766625408226024,0.9965777911262108,0.9534708212430656,0.9925277115707886,0.0024630797850781014,0.0026802316491420686,0.0011671352442288703,0.9537094763554866,0.513784525761431,,,,9
42,nfunswv2,nftonv2,lgbm,0,zero_shot,250002,0.21994698697646342,0.13048109763007062,-0.10337171072433558,0.48401727388180305,0.043958249698916096,0.7144102926537544,0.7160251424294343,0.14805840020899214,1.216706398281859e-05,,,,9
42,nfunswv2,nftonv2,lgbm,0.0001,calibrate,213,0.42062190755396933,0.6107334447783608,0.0,0.5451249028091464,1.0,0.19676298430678948,0.06540476018117308,0.24993914827547467,0.7337497441429657,,,0,
42,nfunswv2,nftonv2,lgbm,0.0001,rethreshold,213,0.4378578719161747,0.13048109763007062,0.09717570358349127,0.48401727388180305,0.9833400240867122,0.7144102926537544,0.7160251424294343,0.14805840020899214,1.216706398281859e-05,0.1953902246825,4.439426191428573e-06,0,
42,nfunswv2,nftonv2,lgbm,0.001,calibrate,2100,0.462036261011179,0.6335131585789642,0.10214709275440352,0.5451249028091464,0.9555490675522791,0.19602940010381487,0.025023122503181963,0.24993914827547467,0.7385590323141124,,,0,
42,nfunswv2,nftonv2,lgbm,0.001,rethreshold,2100,0.4697145317016422,0.13048109763007062,0.1463636705097646,0.48401727388180305,0.9495821320389767,0.7144102926537544,0.7160251424294343,0.14805840020899214,1.216706398281859e-05,0.1751366588487291,1.2333440495531934e-05,0,
42,nfunswv2,nftonv2,lgbm,0.01,calibrate,21000,0.46173835679844205,0.6334318534828104,0.1034060162976828,0.5451249028091464,0.9560417503010838,0.1959577802364061,0.0273804399766164,0.24993914827547467,0.7383648302146795,,,0,
42,nfunswv2,nftonv2,lgbm,0.01,rethreshold,21000,0.4695010279216296,0.13048109763007062,0.1478965172900823,0.48401727388180305,0.9499470822232765,0.7144102926537544,0.7160251424294343,0.14805840020899214,1.216706398281859e-05,0.1499960750139524,1.2125200110074754e-05,0,
42,nfunswv2,nftonv2,lgbm,0.05,calibrate,105000,0.4616672680287207,0.6335196970570913,0.10594080830545632,0.5451249028091464,0.9563519579577388,0.19593649613539574,0.016944435192615306,0.24993914827547467,0.7374878649840606,,,0,
42,nfunswv2,nftonv2,lgbm,0.05,rethreshold,105000,0.4681190836692151,0.13048109763007062,0.14774497602764403,0.48401727388180305,0.9515893580526258,0.7144102926537544,0.7160251424294343,0.14805840020899214,1.216706398281859e-05,0.1538278343639651,1.1596367374011072e-05,0,
42,nfunswv2,nftonv2,lgbm,0.1,calibrate,210000,0.46168334698359703,0.6334880641952283,0.10511375576119636,0.5451249028091464,0.9562607204116638,0.19594216868008557,0.0212931594422492,0.24993914827547467,0.7380355388601537,,,0,
42,nfunswv2,nftonv2,lgbm,0.1,rethreshold,210000,0.4681289712185221,0.13048109763007062,0.1479242354932299,0.48401727388180305,0.9515893580526258,0.7144102926537544,0.7160251424294343,0.14805840020899214,1.216706398281859e-05,0.14980508064133638,1.1576170099206592e-05,0,
42,nfunswv2,nfbotv2,lgbm,0,zero_shot,250002,0.2721542097583699,0.5335825697647274,0.0018339056770599884,0.5142310278609822,0.3528009535160906,0.4288777495803398,0.45113408385118686,0.15489539552782075,0.050516219310019324,,,,9
42,nfunswv2,nfbotv2,lgbm,0.0001,calibrate,211,0.49894904562319464,0.9937119087536106,0.0,0.5142310278609822,1.0,0.004176509004056102,0.0005596192979459014,0.15489539552782075,0.9947610807242963,,,0,
42,nfunswv2,nfbotv2,lgbm,0.0001,rethreshold,211,0.5340700450030909,0.5335825697647274,0.13753251425102422,0.5142310278609822,0.5554231227651967,0.4288777495803398,0.45113408385118686,0.15489539552782075,0.050516219310019324,0.28101290712039184,0.055188429559086254,0,
42,nfunswv2,nfbotv2,lgbm,0.001,calibrate,2101,0.49894904562319464,0.9937119087536106,0.0,0.5142310278609822,1.0,0.004173593448326187,6.0102987217591775e-05,0.15489539552782075,0.9941023323134146,,,0,
42,nfunswv2,nfbotv2,lgbm,0.001,rethreshold,2101,0.5340700450030909,0.5335825697647274,0.13753251425102422,0.5142310278609822,0.5554231227651967,0.4288777495803398,0.45113408385118686,0.15489539552782075,0.050516219310019324,0.17985050644267422,0.055188429559086254,0,
42,nfunswv2,nfbotv2,lgbm,0.01,calibrate,21000,0.49894904562319464,0.9937119087536106,0.0,0.5142310278609822,1.0,0.0041689855616587985,9.03162127590118e-05,0.15489539552782075,0.9921077898100624,,,0,
42,nfunswv2,nfbotv2,lgbm,0.01,rethreshold,21000,0.5503546995366052,0.5335825697647274,0.1448203911634018,0.5142310278609822,0.6531585220500596,0.4288777495803398,0.45113408385118686,0.15489539552782075,0.050516219310019324,0.17417185585699266,0.03234479714839773,0,
42,nfunswv2,nfbotv2,lgbm,0.05,calibrate,105000,0.49894904562319464,0.9937119087536106,0.0,0.5142310278609822,1.0,0.004167744811355561,3.778185414571311e-05,0.15489539552782075,0.9914581787918101,,,0,
42,nfunswv2,nfbotv2,lgbm,0.05,rethreshold,105000,0.5456286612918173,0.5335825697647274,0.154809540394039,0.5142310278609822,0.5613825983313468,0.4288777495803398,0.45113408385118686,0.15489539552782075,0.050516219310019324,0.17032943764474714,0.05093977689256455,0,
42,nfunswv2,nfbotv2,lgbm,0.1,calibrate,210001,0.49894904562319464,0.9937119087536106,0.0,0.5142310278609822,1.0,0.004168632065851889,3.278431987441266e-05,0.15489539552782075,0.9918621318768146,,,0,
42,nfunswv2,nfbotv2,lgbm,0.1,rethreshold,210001,0.5456286612918173,0.5335825697647274,0.154809540394039,0.5142310278609822,0.5613825983313468,0.4288777495803398,0.45113408385118686,0.15489539552782075,0.050516219310019324,0.16815748881375336,0.05093977689256455,0,
42,nfunswv2,nf2018v2,mlp,0,zero_shot,250002,0.45385188608680055,0.7786351006268407,-0.09189139233353565,0.45898784449841906,0.11263483853404567,0.1918096234284856,0.18438076291863426,0.11973133184145456,3.502293249504615e-36,,,,44
42,nfunswv2,nf2018v2,mlp,0.0001,calibrate,217,0.46853899442765923,0.8261331950887618,0.0,0.5637310976546954,0.0,0.1046431797405926,0.030004607110685876,0.2810519926342105,0.15709456792764737,,,0,
42,nfunswv2,nf2018v2,mlp,0.0001,rethreshold,217,0.4920314526420747,0.7786351006268407,0.007476901597417284,0.45898784449841906,0.23273896620954845,0.1918096234284856,0.18438076291863426,0.11973133184145456,3.502293249504615e-36,0.00013323303772415563,0.06672048825239357,0,
42,nfunswv2,nf2018v2,mlp,0.001,calibrate,2102,0.46853899442765923,0.8261331950887618,0.0,0.5637500509588004,0.0,0.10380258946068248,0.03403050727884079,0.2810519926342105,0.1344885703591409,,,0,
42,nfunswv2,nf2018v2,mlp,0.001,rethreshold,2102,0.23291320717384495,0.7786351006268407,0.11943667149792923,0.45898784449841906,0.8684168736743004,0.1918096234284856,0.18438076291863426,0.11973133184145456,3.502293249504615e-36,0.10384315771259993,3.5171244102918555e-36,0,
42,nfunswv2,nf2018v2,mlp,0.01,calibrate,21001,0.46853899442765923,0.8261331950887618,0.0,0.5637478639289828,0.0,0.10378851023586864,0.006176589388786074,0.2810519926342105,0.1325123307972367,,,0,
42,nfunswv2,nf2018v2,mlp,0.01,rethreshold,21001,0.2329231357945419,0.7786351006268407,0.11969022390936784,0.45898784449841906,0.8684395594423838,0.1918096234284856,0.18438076291863426,0.11973133184145456,3.502293249504615e-36,0.11705666522047817,3.5037965768797563e-36,0,
42,nfunswv2,nf2018v2,mlp,0.05,calibrate,105000,0.46853899442765923,0.8261331950887618,0.0,0.5637651613735719,0.0,0.10379848400875001,0.004992848944018455,0.2810519926342105,0.1327402437691445,,,0,
42,nfunswv2,nf2018v2,mlp,0.05,rethreshold,105000,0.23278790773847127,0.7786351006268407,0.11963730331127823,0.45898784449841906,0.8685983598189676,0.1918096234284856,0.18438076291863426,0.11973133184145456,3.502293249504615e-36,0.12043765385436221,3.366829265090818e-36,0,
42,nfunswv2,nf2018v2,mlp,0.1,calibrate,210000,0.46853899442765923,0.8261331950887618,0.0,0.5637651602424895,0.0,0.10379624163421468,0.005240018676455358,0.2810519926342105,0.13263104388070585,,,0,
42,nfunswv2,nf2018v2,mlp,0.1,rethreshold,210000,0.23278790773847127,0.7786351006268407,0.11963730331127823,0.45898784449841906,0.8685983598189676,0.1918096234284856,0.18438076291863426,0.11973133184145456,3.502293249504615e-36,0.12213557300337015,3.366829265090818e-36,0,
42,nfunswv2,nfunswv2,mlp,0,in_domain,250002,0.9666234605398102,0.9950249756783889,0.9344771694636799,0.9816826149047893,0.004676733769135636,0.003925146832350073,0.0011920655225523425,0.9351797887207145,0.5450024734268977,,,,44
42,nfunswv2,nftonv2,mlp,0,zero_shot,250002,0.2576534756592277,0.17997095150070955,0.023526295731043586,0.5192587468283111,0.034761505054560056,0.6788302784781951,0.6818437561947841,0.19496868091217953,0.0014573646670817033,,,,44
42,nfunswv2,nftonv2,mlp,0.0001,calibrate,213,0.42062190755396933,0.6107334447783608,0.0,0.4952411734942268,1.0,0.19881379669964766,0.007540276118204547,0.11570498812042475,0.730376865032539,,,0,
42,nfunswv2,nftonv2,mlp,0.0001,rethreshold,213,0.5015281732181059,0.17997095150070955,0.18480838021448706,0.5192587468283111,0.19331411262362688,0.6788302784781951,0.6818437561947841,0.19496868091217953,0.0014573646670817033,0.1583787086055924,0.003439186660705598,0,
42,nfunswv2,nftonv2,mlp,0.001,calibrate,2100,0.42062190755396933,0.6107334447783608,0.0,0.4952433691442054,1.0,0.19882227244051756,0.002797458559073849,0.11570498812042475,0.7283965005339024,,,0,
42,nfunswv2,nftonv2,mlp,0.001,rethreshold,2100,0.5140508543606869,0.17997095150070955,0.19418410062488564,0.5192587468283111,0.20351447027480749,0.6788302784781951,0.6818437561947841,0.19496868091217953,0.0014573646670817033,0.22112703110036028,0.0021543443751803645,0,
42,nfunswv2,nftonv2,mlp,0.01,calibrate,21000,0.42062190755396933,0.6107334447783608,0.0,0.4952428362996947,1.0,0.19881173810428587,0.007591481715133174,0.11570498812042475,0.7290174651212314,,,0,
42,nfunswv2,nftonv2,mlp,0.01,rethreshold,21000,0.5151008096617714,0.17997095150070955,0.19422531149865122,0.5192587468283111,0.20566767636217656,0.6788302784781951,0.6818437561947841,0.19496868091217953,0.0014573646670817033,0.2015967203787504,0.0020507304363331707,0,
42,nfunswv2,nftonv2,mlp,0.05,calibrate,105000,0.42062190755396933,0.6107334447783608,0.0,0.4952431900380519,1.0,0.19881648139395808,0.0038748933271753366,0.11570498812042475,0.7287119114093632,,,0,
42,nfunswv2,nftonv2,mlp,0.05,rethreshold,105000,0.5137395846608247,0.17997095150070955,0.1940440243018505,0.5192587468283111,0.20309477756286268,0.6788302784781951,0.6818437561947841,0.19496868091217953,0.0014573646670817033,0.20064392897540193,0.0021809009081861395,0,
42,nfunswv2,nftonv2,mlp,0.1,calibrate,210000,0.42062190755396933,0.6107334447783608,0.0,0.49524317912652094,1.0,0.19881043634166265,0.00829764595644932,0.11570498812042475,0.729175510504202,,,0,
42,nfunswv2,nftonv2,mlp,0.1,rethreshold,210000,0.51376664042758,0.17997095150070955,0.19406701811902294,0.5192587468283111,0.20311302507207765,0.6788302784781951,0.6818437561947841,0.19496868091217953,0.0014573646670817033,0.198577620811928,0.0021790005977965774,0,
42,nfunswv2,nfbotv2,mlp,0,zero_shot,250002,0.012253780025713392,0.01679357262600303,-0.055892735339379426,0.4985054228446691,0.08939213349225268,0.9836026981075952,0.9840663229512051,0.5233620881409071,9.399671530704869e-31,,,,44
42,nfunswv2,nfbotv2,mlp,0.0001,calibrate,211,0.49894904562319464,0.9937119087536106,0.0,0.5348814648722325,1.0,0.004172281214781171,0.0006217469126641451,0.24121809004609704,0.9878098580051751,,,0,
42,nfunswv2,nfbotv2,mlp,0.0001,rethreshold,211,0.004177475490318116,0.01679357262600303,0.0,0.4985054228446691,0.0,0.9836026981075952,0.9840663229512051,0.5233620881409071,9.399671530704869e-31,0.0,inf,0,
42,nfunswv2,nfbotv2,mlp,0.001,calibrate,2101,0.49894904562319464,0.9937119087536106,0.0,0.5349557250449174,1.0,0.004173076273113603,7.184042387597955e-05,0.24121809004609704,0.9900397712060233,,,0,
42,nfunswv2,nfbotv2,mlp,0.001,rethreshold,2101,0.7127711069851517,0.01679357262600303,0.46740588374078773,0.4985054228446691,0.6972586412395709,0.9836026981075952,0.9840663229512051,0.5233620881409071,9.399671530704869e-31,0.3835226484096976,2.7004731848056267e-28,0,
42,nfunswv2,nfbotv2,mlp,0.01,calibrate,21000,0.49894904562319464,0.9937119087536106,0.0,0.5348774426327545,1.0,0.004154891195570656,0.00024413510405422328,0.24121809004609704,0.9538819310799184,,,0,
42,nfunswv2,nfbotv2,mlp,0.01,rethreshold,21000,0.7237358919073265,0.01679357262600303,0.5178175701749936,0.4985054228446691,0.700834326579261,0.9836026981075952,0.9840663229512051,0.5233620881409071,9.399671530704869e-31,0.45890143252136417,2.1684772645150064e-29,0,
42,nfunswv2,nfbotv2,mlp,0.05,calibrate,105000,0.49894904562319464,0.9937119087536106,0.0,0.5349558621263514,1.0,0.004147350953326159,0.0005887088122343902,0.24121809004609704,0.9234560777084634,,,0,
42,nfunswv2,nfbotv2,mlp,0.05,rethreshold,105000,0.7243437157309183,0.01679357262600303,0.5206465058372604,0.4985054228446691,0.700834326579261,0.9836026981075952,0.9840663229512051,0.5233620881409071,9.399671530704869e-31,0.5159168027515898,1.4407957603671066e-29,0,
42,nfunswv2,nfbotv2,mlp,0.1,calibrate,210001,0.49894904562319464,0.9937119087536106,0.0,0.5348836815793913,1.0,0.004145912254579087,0.0003636302642968137,0.24121809004609704,0.9087575442500995,,,0,
42,nfunswv2,nfbotv2,mlp,0.1,rethreshold,210001,0.7243437157309183,0.01679357262600303,0.5206465058372604,0.4985054228446691,0.700834326579261,0.9836026981075952,0.9840663229512051,0.5233620881409071,9.399671530704869e-31,0.5332384182818545,1.4407957603671066e-29,0,
42,nftonv2,nf2018v2,rf,0,zero_shot,250001,0.5526769256971206,0.8048317482675872,0.10717532832324893,0.5454033503384739,0.1292691779811935,0.16045139874300626,0.10378131442676115,0.19635474459486194,0.19,,,,137
42,nftonv2,nf2018v2,rf,0.0001,calibrate,217,0.46853899442765923,0.8261331950887618,0.0,0.5454033503384739,0.0,0.10377009859409227,0.05928725505606284,0.19635474459486194,0.13360281449118935,,,0,
42,nftonv2,nf2018v2,rf,0.0001,rethreshold,217,0.34988418651956843,0.8048317482675872,0.18205274773174368,0.5454033503384739,0.7195188348589512,0.16045139874300626,0.10378131442676115,0.19635474459486194,0.19,0.2498261127145374,0.17,0,
42,nftonv2,nf2018v2,rf,0.001,calibrate,2102,0.46853899442765923,0.8261331950887618,0.0,0.5454033503384739,0.0,0.10278719157711268,0.05156398056105835,0.19635474459486194,0.10104260150076178,,,0,
42,nftonv2,nf2018v2,rf,0.001,rethreshold,2102,0.37660346631323527,0.8048317482675872,0.19635474459486194,0.5454033503384739,0.6812989870804551,0.16045139874300626,0.10378131442676115,0.19635474459486194,0.19,0.1948964615049223,0.19,0,
42,nftonv2,nf2018v2,rf,0.01,calibrate,21001,0.46853899442765923,0.8261331950887618,0.0,0.5454033503384739,0.0,0.10287462757669379,0.04441789100563139,0.19635474459486194,0.09727589033374023,,,0,
42,nftonv2,nf2018v2,rf,0.01,rethreshold,21001,0.3733499818314017,0.8048317482675872,0.19627076679992858,0.5454033503384739,0.6865734281598439,0.16045139874300626,0.10378131442676115,0.19635474459486194,0.19,0.19667093882136022,0.18666666666666668,0,
42,nftonv2,nf2018v2,rf,0.05,calibrate,105000,0.46853899442765923,0.8261331950887618,0.0,0.5454033503384739,0.0,0.10287939581483116,0.04233134516751375,0.19635474459486194,0.0968950308998603,,,0,
42,nftonv2,nf2018v2,rf,0.05,rethreshold,105000,0.3733499818314017,0.8048317482675872,0.19627076679992858,0.5454033503384739,0.6865734281598439,0.16045139874300626,0.10378131442676115,0.19635474459486194,0.19,0.19902357984716273,0.18666666666666668,0,
42,nftonv2,nf2018v2,rf,0.1,calibrate,210000,0.46853899442765923,0.8261331950887618,0.0,0.5454033503384739,0.0,0.10287682767884812,0.042399214053204806,0.19635474459486194,0.09691469638559137,,,0,
42,nftonv2,nf2018v2,rf,0.1,rethreshold,210000,0.37660346631323527,0.8048317482675872,0.19635474459486194,0.5454033503384739,0.6812989870804551,0.16045139874300626,0.10378131442676115,0.19635474459486194,0.19,0.19792983302696524,0.19,0,
42,nftonv2,nfunswv2,rf,0,zero_shot,250001,0.51773304991163,0.9065168677252127,0.05143063693794361,0.4987104671390125,0.08722108479437961,0.11606648827777777,0.16923821666666666,0.09949547229063845,0.7066666666666667,,,,137
42,nftonv2,nfunswv2,rf,0.0001,calibrate,144,0.49037055157195203,0.943678896856096,0.0,0.4987104671390125,0.0,0.03736522865832385,0.03165114452505191,0.09949547229063845,0.07111363611537055,,,0,
42,nftonv2,nfunswv2,rf,0.0001,rethreshold,144,0.5219906578702829,0.9065168677252127,0.06146700423559739,0.4987104671390125,0.08794857671402292,0.11606648827777777,0.16923821666666666,0.09949547229063845,0.7066666666666667,0.1751282566650533,0.4766666666666667,0,
42,nftonv2,nfunswv2,rf,0.001,calibrate,1392,0.49037055157195203,0.943678896856096,0.0,0.5378312551277582,0.0,0.03635739511726464,0.004603447782804323,0.2569718295639525,0.04284615706375291,,,0,
42,nftonv2,nfunswv2,rf,0.001,rethreshold,1392,0.5134644136682618,0.9065168677252127,0.03383695592237668,0.4987104671390125,0.06907016139927874,0.11606648827777777,0.16923821666666666,0.09949547229063845,0.7066666666666667,0.05610990584532965,0.5733333333333334,0,
42,nftonv2,nfunswv2,rf,0.01,calibrate,13907,0.49037055157195203,0.943678896856096,0.0,0.5378312551277582,0.0,0.03635786537396357,0.002006298131848064,0.2569718295639525,0.040572747491137234,,,0,
42,nftonv2,nfunswv2,rf,0.01,rethreshold,13907,0.509675639266188,0.9065168677252127,0.09949547229063845,0.4987104671390125,0.0006443499859697987,0.11606648827777777,0.16923821666666666,0.09949547229063845,0.7066666666666667,0.09917520879991402,0.7066666666666667,0,
42,nftonv2,nfunswv2,rf,0.05,calibrate,69537,0.49037055157195203,0.943678896856096,0.0,0.5378312551277582,0.0,0.03635676856980894,0.004023644121155429,0.2569718295639525,0.04152612389019483,,,0,
42,nftonv2,nfunswv2,rf,0.05,rethreshold,69537,0.509675639266188,0.9065168677252127,0.09949547229063845,0.4987104671390125,0.0006443499859697987,0.11606648827777777,0.16923821666666666,0.09949547229063845,0.7066666666666667,0.09857335342180217,0.7066666666666667,0,
42,nftonv2,nfunswv2,rf,0.1,calibrate,139072,0.49037055157195203,0.943678896856096,0.0,0.5378312551277582,0.0,0.0363580734874054,0.0016408186082780703,0.2569718295639525,0.04044084616161479,,,0,
42,nftonv2,nfunswv2,rf,0.1,rethreshold,139072,0.509675639266188,0.9065168677252127,0.09949547229063845,0.4987104671390125,0.0006443499859697987,0.11606648827777777,0.16923821666666666,0.09949547229063845,0.7066666666666667,0.10182599325490768,0.7066666666666667,0,
42,nftonv2,nftonv2,rf,0,in_domain,250001,0.991598637633271,0.9933249026044774,0.9832191162361313,0.9983797427237378,0.016970183569942704,0.005536696627927584,0.00305729861982627,0.9833489417821017,0.54,,,,137
42,nftonv2,nfbotv2,rf,0,zero_shot,250001,0.030052449656155344,0.051616222914843975,-0.0022445515595424046,0.5129576164835208,0.03218116805721097,0.5077937100000001,0.6805636666666666,0.14458857669260214,0.016666666666666666,,,,137
42,nftonv2,nfbotv2,rf,0.0001,calibrate,211,0.49894904562319464,0.9937119087536106,0.0,0.5129576164835208,1.0,0.004177749145914008,0.0005933893436635973,0.14458857669260214,0.9950447975079183,,,0,
42,nftonv2,nfbotv2,rf,0.0001,rethreshold,211,0.5009768914774885,0.051616222914843975,0.03447411115049411,0.5129576164835208,0.8450536352800954,0.5077937100000001,0.6805636666666666,0.14458857669260214,0.016666666666666666,0.3476108935769035,0.18666666666666668,0,
42,nftonv2,nfbotv2,rf,0.001,calibrate,2101,0.49894904562319464,0.9937119087536106,0.0,0.5129576164835208,1.0,0.004177403428180631,7.537685337888345e-05,0.14458857669260214,0.9956050551649157,,,0,
42,nftonv2,nfbotv2,rf,0.001,rethreshold,2101,0.5009768914774885,0.051616222914843975,0.03447411115049411,0.5129576164835208,0.8450536352800954,0.5077937100000001,0.6805636666666666,0.14458857669260214,0.016666666666666666,0.055027144230118466,0.18666666666666668,0,
42,nftonv2,nfbotv2,rf,0.01,calibrate,21000,0.49894904562319464,0.9937119087536106,0.0,0.5129576164835208,1.0,0.004177539900508504,8.331402880323857e-05,0.14458857669260214,0.993869195304565,,,0,
42,nftonv2,nfbotv2,rf,0.01,rethreshold,21000,0.5187813057142769,0.051616222914843975,0.13430235507265664,0.5129576164835208,0.9797377830750894,0.5077937100000001,0.6805636666666666,0.14458857669260214,0.016666666666666666,0.15044663595176572,0.006666666666666667,0,
42,nftonv2,nfbotv2,rf,0.05,calibrate,105000,0.49894904562319464,0.9937119087536106,0.0,0.5129576164835208,1.0,0.004177552903220948,8.158282158265973e-05,0.14458857669260214,0.9937884130672766,,,0,
42,nftonv2,nfbotv2,rf,0.05,rethreshold,105000,0.5243438711654339,0.051616222914843975,0.14308067699708485,0.5129576164835208,0.9737783075089392,0.5077937100000001,0.6805636666666666,0.14458857669260214,0.016666666666666666,0.13970781817435196,0.02,0,
42,nftonv2,nfbotv2,rf,0.1,calibrate,210001,0.49894904562319464,0.9937119087536106,0.0,0.5129576164835208,1.0,0.004177557095408121,8.176582910912611e-05,0.14458857669260214,0.9937631935172719,,,0,
42,nftonv2,nfbotv2,rf,0.1,rethreshold,210001,0.5243438711654339,0.051616222914843975,0.14308067699708485,0.5129576164835208,0.9737783075089392,0.5077937100000001,0.6805636666666666,0.14458857669260214,0.016666666666666666,0.16035483612248985,0.02,0,
42,nftonv2,nf2018v2,lgbm,0,zero_shot,250001,0.512194194492717,0.7580293395427917,0.04537571089937606,0.5180626835605044,0.2143861798300836,0.231606770312999,0.198490509718318,0.25763543518095944,0.9741304587164453,,,,10
42,nftonv2,nf2018v2,lgbm,0.0001,calibrate,217,0.46853899442765923,0.8261331950887618,0.0,0.5180626835605044,0.0,0.10504672314852455,0.029719669517491824,0.25763543518095944,0.19247068473689308,,,0,
42,nftonv2,nf2018v2,lgbm,0.0001,rethreshold,217,0.6090230414823876,0.7580293395427917,0.22626854079571748,0.5180626835605044,0.05790542303286034,0.231606770312999,0.198490509718318,0.25763543518095944,0.9741304587164453,0.3302517346396324,0.9533625286336699,0,
42,nftonv2,nf2018v2,lgbm,0.001,calibrate,2102,0.46853899442765923,0.8261331950887618,0.0,0.5180626835605044,0.0,0.10418043592131285,0.014056846882214053,0.25763543518095944,0.14131512494894433,,,0,
42,nftonv2,nf2018v2,lgbm,0.001,rethreshold,2102,0.6151125822648525,0.7580293395427917,0.25680066668960233,0.5180626835605044,0.03630290037544946,0.231606770312999,0.198490509718318,0.25763543518095944,0.9741304587164453,0.2753473556171111,0.9759625421043191,0,
42,nftonv2,nf2018v2,lgbm,0.01,calibrate,21001,0.46853899442765923,0.8261331950887618,0.0,0.5180626835605044,0.0,0.10415772058371536,0.009499213875595467,0.25763543518095944,0.14486476472346307,,,0,
42,nftonv2,nf2018v2,lgbm,0.01,rethreshold,21001,0.6153734603954674,0.7580293395427917,0.2568454278497824,0.5180626835605044,0.0366488583387212,0.231606770312999,0.198490509718318,0.25763543518095944,0.9741304587164453,0.2636232925124969,0.9755722592788209,0,
42,nftonv2,nf2018v2,lgbm,0.05,calibrate,105000,0.46853899442765923,0.8261331950887618,0.0,0.5180626835605044,0.0,0.10415530189596092,0.008928901097276934,0.25763543518095944,0.14544363404926597,,,0,
42,nftonv2,nf2018v2,lgbm,0.05,rethreshold,105000,0.615387374370256,0.7580293395427917,0.2568571325834409,0.5180626835605044,0.0366602012227629,0.231606770312999,0.198490509718318,0.25763543518095944,0.9741304587164453,0.25878789485062403,0.9755616640393628,0,
42,nftonv2,nf2018v2,lgbm,0.1,calibrate,210000,0.46853899442765923,0.8261331950887618,0.0,0.5180626835605044,0.0,0.10415343233827698,0.00844589692123315,0.25763543518095944,0.14595874363865588,,,0,
42,nftonv2,nf2018v2,lgbm,0.1,rethreshold,210000,0.6154404660942562,0.7580293395427917,0.2569282947379727,0.5180626835605044,0.03668288699084629,0.231606770312999,0.198490509718318,0.25763543518095944,0.9741304587164453,0.25724565948245176,0.9755365672422843,0,
42,nftonv2,nfunswv2,lgbm,0,zero_shot,250001,0.37195037457944263,0.6746162894893755,-0.06338938169937774,0.4845886081454846,0.44713212292534893,0.31924476186031814,0.2683889959421322,0.06091169317302561,0.9133923514739994,,,,10
42,nftonv2,nfunswv2,lgbm,0.0001,calibrate,144,0.49037055157195203,0.943678896856096,0.0,0.5481298082702514,0.0,0.03710207702140724,0.031093172456838104,0.21940339995643288,0.08338738288308839,,,0,
42,nftonv2,nfunswv2,lgbm,0.0001,rethreshold,144,0.5002602823533876,0.6746162894893755,0.04114404249615034,0.4845886081454846,0.13872751270512673,0.31924476186031814,0.2683889959421322,0.06091169317302561,0.9133923514739994,0.11932690383864879,0.851633438763858,0,
42,nftonv2,nfunswv2,lgbm,0.001,calibrate,1392,0.49037055157195203,0.943678896856096,0.0,0.5481298082702514,0.0,0.03606879040301313,0.0014661290956235105,0.21940339995643288,0.05840571308046938,,,0,
42,nftonv2,nfunswv2,lgbm,0.001,rethreshold,1392,0.5203786299839186,0.6746162894893755,0.056147598202127204,0.4845886081454846,0.0848723251681026,0.31924476186031814,0.2683889959421322,0.06091169317302561,0.9133923514739994,0.039707150355598964,0.9267502694003988,0,
42,nftonv2,nfunswv2,lgbm,0.01,calibrate,13907,0.49037055157195203,0.943678896856096,0.0,0.5481298082702514,0.0,0.03604093062062623,0.0002207547966169316,0.21940339995643288,0.05937684423660447,,,0,
42,nftonv2,nfunswv2,lgbm,0.01,rethreshold,13907,0.5193272573721441,0.6746162894893755,0.060283634603352496,0.4845886081454846,0.09646023217384979,0.31924476186031814,0.2683889959421322,0.06091169317302561,0.9133923514739994,0.05562250459104282,0.8995475559266469,0,
42,nftonv2,nfunswv2,lgbm,0.05,calibrate,69537,0.49037055157195203,0.943678896856096,0.0,0.5481298082702514,0.0,0.03603824018273191,0.00043574197767340807,0.21940339995643288,0.059866372125121296,,,0,
42,nftonv2,nfunswv2,lgbm,0.05,rethreshold,69537,0.5193272573721441,0.6746162894893755,0.060283634603352496,0.4845886081454846,0.09646023217384979,0.31924476186031814,0.2683889959421322,0.06091169317302561,0.9133923514739994,0.056465508662441134,0.8995475559266469,0,
42,nftonv2,nfunswv2,lgbm,0.1,calibrate,139072,0.49037055157195203,0.943678896856096,0.0,0.5481298082702514,0.0,0.0360414823234205,0.0002312757071161161,0.21940339995643288,0.059371204672322216,,,0,
42,nftonv2,nfunswv2,lgbm,0.1,rethreshold,139072,0.5212491424260522,0.6746162894893755,0.06085983745594175,0.4845886081454846,0.08986084118851394,0.31924476186031814,0.2683889959421322,0.06091169317302561,0.9133923514739994,0.06015362746455528,0.9142377860831115,0,
42,nftonv2,nftonv2,lgbm,0,in_domain,250001,0.9910580487997495,0.9928948251212668,0.9821356601710863,0.9989337582265767,0.017499361337177475,0.0059969437638857665,0.00294377421974838,0.9823632653121024,0.5104900483193666,,,,10
42,nftonv2,nfbotv2,lgbm,0,zero_shot,250001,0.03665090284912066,0.06475962250191433,-0.002057004151148303,0.5602470681504367,0.03933253873659118,0.8895908293475704,0.9194187440002074,0.2763598423212492,0.00017550940605912685,,,,10
42,nftonv2,nfbotv2,lgbm,0.0001,calibrate,211,0.49894904562319464,0.9937119087536106,0.0,0.5602470681504367,1.0,0.004177718991112426,0.0006003460932006988,0.2763598423212492,0.9951831412186828,,,0,
42,nftonv2,nfbotv2,lgbm,0.0001,rethreshold,211,0.5977104816540311,0.06475962250191433,0.21443548583386446,0.5602470681504367,0.8593563766388558,0.8895908293475704,0.9194187440002074,0.2763598423212492,0.00017550940605912685,1.0,0.0002905898118438566,0,
42,nftonv2,nfbotv2,lgbm,0.001,calibrate,2101,0.49894904562319464,0.9937119087536106,0.0,0.5602470681504367,1.0,0.004177254277295665,0.0001546731176862437,0.2763598423212492,0.9955573284086066,,,0,
42,nftonv2,nfbotv2,lgbm,0.001,rethreshold,2101,0.5977104816540311,0.06475962250191433,0.21443548583386446,0.5602470681504367,0.8593563766388558,0.8895908293475704,0.9194187440002074,0.2763598423212492,0.00017550940605912685,0.33269780685756056,0.0002905898118438566,0,
42,nftonv2,nfbotv2,lgbm,0.01,calibrate,21000,0.49894904562319464,0.9937119087536106,0.0,0.5602470681504367,1.0,0.004177230673791669,6.690297130762524e-05,0.2763598423212492,0.9956429082059083,,,0,
42,nftonv2,nfbotv2,lgbm,0.01,rethreshold,21000,0.5945945295075183,0.06475962250191433,0.2763598423212492,0.5602470681504367,0.8891537544696066,0.8895908293475704,0.9194187440002074,0.2763598423212492,0.00017550940605912685,0.2760661722784356,0.00017550940605912685,0,
42,nftonv2,nfbotv2,lgbm,0.05,calibrate,105000,0.49894904562319464,0.9937119087536106,0.0,0.5602470681504367,1.0,0.004177202585670531,6.046472001808301e-05,0.2763598423212492,0.9956328751166709,,,0,
42,nftonv2,nfbotv2,lgbm,0.05,rethreshold,105000,0.5945945295075183,0.06475962250191433,0.2763598423212492,0.5602470681504367,0.8891537544696066,0.8895908293475704,0.9194187440002074,0.2763598423212492,0.00017550940605912685,0.29976199231747236,0.0001745307303385389,0,
42,nftonv2,nfbotv2,lgbm,0.1,calibrate,210001,0.49894904562319464,0.9937119087536106,0.0,0.5602470681504367,1.0,0.0041772033529931425,6.54854112386305e-05,0.2763598423212492,0.9956279104829064,,,0,
42,nftonv2,nfbotv2,lgbm,0.1,rethreshold,210001,0.5945945295075183,0.06475962250191433,0.2763598423212492,0.5602470681504367,0.8891537544696066,0.8895908293475704,0.9194187440002074,0.2763598423212492,0.00017550940605912685,0.29202883149876024,0.00017222498559360918,0,
42,nftonv2,nf2018v2,mlp,0,zero_shot,250001,0.4657946317296745,0.6926401054341292,-0.007362079608113916,0.5483400920337267,0.32648223137214866,0.31168109306884734,0.2868718135650597,0.39945943134329553,0.9970384703583932,,,,80
42,nftonv2,nf2018v2,mlp,0.0001,calibrate,217,0.46853899442765923,0.8261331950887618,0.0,0.5555503923338907,0.0,0.1052748951383435,0.029275083685594172,0.39945943134329553,0.1526648180305215,,,0,
42,nftonv2,nf2018v2,mlp,0.0001,rethreshold,217,0.6161855987784607,0.6926401054341292,0.3663644917679008,0.5483400920337267,0.0025237916992774585,0.31168109306884734,0.2868718135650597,0.39945943134329553,0.9970384703583932,0.3692563281096975,0.9986870069090911,0,
42,nftonv2,nf2018v2,mlp,0.001,calibrate,2102,0.46853899442765923,0.8261331950887618,0.0,0.5307075348082845,0.0,0.10434868555846633,0.0011883067497884259,0.2762946007920989,0.12808588485559272,,,0,
42,nftonv2,nf2018v2,mlp,0.001,rethreshold,2102,0.6430094328023136,0.6926401054341292,0.39853056364952427,0.5483400920337267,0.004321638819886345,0.31168109306884734,0.2868718135650597,0.39945943134329553,0.9970384703583932,0.404050553502564,0.9972126381011124,0,
42,nftonv2,nf2018v2,mlp,0.01,calibrate,21001,0.46853899442765923,0.8261331950887618,0.0,0.5306442139934345,0.0,0.1043377640894768,1.0187035520359267e-05,0.2760974318687181,0.12416483297769934,,,0,
42,nftonv2,nf2018v2,mlp,0.01,rethreshold,21001,0.6440207737587776,0.6926401054341292,0.3983542202487165,0.5483400920337267,0.004639239573053845,0.31168109306884734,0.2868718135650597,0.39945943134329553,0.9970384703583932,0.41320973313011644,0.9971270820397841,0,
42,nftonv2,nf2018v2,mlp,0.05,calibrate,105000,0.46853899442765923,0.8261331950887618,0.0,0.5307013355852023,0.0,0.10433839736918327,4.990662269854784e-05,0.27601685715991897,0.12331112438940335,,,0,
42,nftonv2,nf2018v2,mlp,0.05,rethreshold,105000,0.6450582785484541,0.6926401054341292,0.399184885032759,0.5483400920337267,0.004792368507616746,0.31168109306884734,0.2868718135650597,0.39945943134329553,0.9970384703583932,0.40206579630661865,0.9970772274228058,0,
42,nftonv2,nf2018v2,mlp,0.1,calibrate,210000,0.46853899442765923,0.8261331950887618,0.0,0.5306679317661409,0.0,0.10433932488216001,6.474671489786754e-05,0.27591652584889376,0.1228835767599928,,,0,
42,nftonv2,nf2018v2,mlp,0.1,rethreshold,210000,0.6416187754803382,0.6926401054341292,0.3973662811438815,0.5483400920337267,0.004134481233198353,0.31168109306884734,0.2868718135650597,0.39945943134329553,0.9970384703583932,0.39915909527428567,0.997292384149847,0,
42,nftonv2,nfunswv2,mlp,0,zero_shot,250001,0.35674260211676884,0.6364463938812472,-0.044491631825068496,0.5004129421061153,0.4962430238721277,0.49020701225171515,0.48072178152044176,0.08843891252000081,2.6001062842880063e-05,,,,80
42,nftonv2,nfunswv2,mlp,0.0001,calibrate,144,0.49037055157195203,0.943678896856096,0.0,0.501962339838146,0.0,0.03724681675048215,0.03120398350128522,0.06708492224390598,0.060844916725516736,,,0,
42,nftonv2,nfunswv2,mlp,0.0001,rethreshold,144,0.1468040905783453,0.6364463938812472,0.04663052333354937,0.5004129421061153,0.879413017948265,0.49020701225171515,0.48072178152044176,0.08843891252000081,2.6001062842880063e-05,0.09315332801332622,2.445358352776483e-12,0,
42,nftonv2,nfunswv2,mlp,0.001,calibrate,1392,0.49037055157195203,0.943678896856096,0.0,0.5019612556844008,0.0,0.03627363984775607,0.0010532009799163725,0.06708492224390598,0.03076103429980241,,,0,
42,nftonv2,nfunswv2,mlp,0.001,rethreshold,1392,0.2925065934204414,0.6364463938812472,0.06308027614782756,0.5004129421061153,0.6665177040355016,0.49020701225171515,0.48072178152044176,0.08843891252000081,2.6001062842880063e-05,0.0803052589042764,0.00045790890969048855,0,
42,nftonv2,nfunswv2,mlp,0.01,calibrate,13907,0.49037055157195203,0.943678896856096,0.0,0.5019711502264109,0.0,0.036270165914741526,0.0026686525490856056,0.06708492224390598,0.026377253199914588,,,0,
42,nftonv2,nfunswv2,mlp,0.01,rethreshold,13907,0.26410887627490615,0.6364463938812472,0.0857155528339251,0.5004129421061153,0.7192608682096424,0.49020701225171515,0.48072178152044176,0.08843891252000081,2.6001062842880063e-05,0.09219548656039468,7.838882031385723e-06,0,
42,nftonv2,nfunswv2,mlp,0.05,calibrate,69537,0.49037055157195203,0.943678896856096,0.0,0.5019693645522518,0.0,0.03626934495824892,0.002249720265832349,0.06708492224390598,0.026993073102758006,,,0,
42,nftonv2,nfunswv2,mlp,0.05,rethreshold,69537,0.2703502886765375,0.6364463938812472,0.08710786915917457,0.5004129421061153,0.7094709055195851,0.49020701225171515,0.48072178152044176,0.08843891252000081,2.6001062842880063e-05,0.08667866972005603,1.417671491441728e-05,0,
42,nftonv2,nfunswv2,mlp,0.1,calibrate,139072,0.49037055157195203,0.943678896856096,0.0,0.5019659533726338,0.0,0.03626883061944972,0.0016683837614245738,0.06708492224390598,0.027511120812116197,,,0,
42,nftonv2,nfunswv2,mlp,0.1,rethreshold,139072,0.27084062413165955,0.6364463938812472,0.08714556656199292,0.5004129421061153,0.7086810571496867,0.49020701225171515,0.48072178152044176,0.08843891252000081,2.6001062842880063e-05,0.08612489541410116,1.4932647761697073e-05,0,
42,nftonv2,nftonv2,mlp,0,in_domain,250001,0.977214717757819,0.9819267877054926,0.954526141960754,0.9962474552451195,0.04304587423816649,0.013978022425482496,0.0026679893328123293,0.9547416854386613,0.524664659683032,,,,80
42,nftonv2,nfbotv2,mlp,0,zero_shot,250001,0.05086857055386554,0.09691051971742629,-0.12847301414335055,0.5056537600892336,0.4970202622169249,0.92465819708887,0.9239630270292578,0.1580180645625661,2.2022049797512124e-13,,,,80
42,nftonv2,nfbotv2,mlp,0.0001,calibrate,211,0.49894904562319464,0.9937119087536106,0.0,0.49818775550368954,1.0,0.004178503720277566,0.0005977166696758962,0.09475539288768499,0.9951967548543109,,,0,
42,nftonv2,nfbotv2,mlp,0.0001,rethreshold,211,0.2217289493166315,0.09691051971742629,-0.0705936029846497,0.5056537600892336,0.7771156138259833,0.92465819708887,0.9239630270292578,0.1580180645625661,2.2022049797512124e-13,0.04400577162723018,0.007073114762048465,0,
42,nftonv2,nfbotv2,mlp,0.001,calibrate,2101,0.49894904562319464,0.9937119087536106,0.0,0.6529344379703285,1.0,0.00409604426495475,1.5087141460146114e-05,0.46950290271842504,0.9704818010141366,,,0,
42,nftonv2,nfbotv2,mlp,0.001,rethreshold,2101,0.005344811786372011,0.09691051971742629,-0.3259119472047445,0.5056537600892336,0.3110846245530393,0.92465819708887,0.9239630270292578,0.1580180645625661,2.2022049797512124e-13,0.0035101366680767064,0.9999676761825117,0,
42,nftonv2,nfbotv2,mlp,0.01,calibrate,21000,0.49894904562319464,0.9937119087536106,0.0,0.6529312680301272,1.0,0.004037071466417748,0.0015869905256820406,0.46950290271842504,0.9295422241334901,,,0,
42,nftonv2,nfbotv2,mlp,0.01,rethreshold,21000,0.5241318528123539,0.09691051971742629,0.1278057501678331,0.5056537600892336,0.9737783075089392,0.92465819708887,0.9239630270292578,0.1580180645625661,2.2022049797512124e-13,0.12258362246938223,2.731607708461509e-13,0,
42,nftonv2,nfbotv2,mlp,0.05,calibrate,105000,0.49894904562319464,0.9937119087536106,0.0,0.652931830131023,1.0,0.004034236243975252,0.0010398097430438361,0.46950290271842504,0.923100487281353,,,0,
42,nftonv2,nfbotv2,mlp,0.05,rethreshold,105000,0.5244973335170704,0.09691051971742629,0.1580180645625661,0.5056537600892336,0.9737783075089392,0.92465819708887,0.9239630270292578,0.1580180645625661,2.2022049797512124e-13,0.15044663595176572,2.164571685297145e-13,0,
42,nftonv2,nfbotv2,mlp,0.1,calibrate,210001,0.49894904562319464,0.9937119087536106,0.0,0.6529328662205334,1.0,0.0040347025707284465,0.0011287986870093041,0.46950290271842504,0.9245495930643194,,,0,
42,nftonv2,nfbotv2,mlp,0.1,rethreshold,210001,0.5244973335170704,0.09691051971742629,0.1580180645625661,0.5056537600892336,0.9737783075089392,0.92465819708887,0.9239630270292578,0.1580180645625661,2.2022049797512124e-13,0.15770056153972759,2.164571685297145e-13,0,
42,nfbotv2,nf2018v2,rf,0,zero_shot,250000,0.802884210656406,0.90585527772638,0.6383104878336704,0.788646158101048,0.10408230396660655,0.12634373583687641,0.18131899340503307,0.759382343103206,0.5966666666666667,,,,52
42,nfbotv2,nf2018v2,rf,0.0001,calibrate,217,0.47760324501628737,0.8261103189525387,0.01552617693158568,0.788646158101048,0.007004230895747553,0.07974038032399611,0.1418463435785007,0.759382343103206,0.268827961586937,,,0,
42,nfbotv2,nf2018v2,rf,0.0001,rethreshold,217,0.8663264836275477,0.90585527772638,0.7361487333562381,0.788646158101048,0.045989723347058226,0.12634373583687641,0.18131899340503307,0.759382343103206,0.5966666666666667,0.7434121621621622,0.5666666666666667,0,
42,nfbotv2,nf2018v2,rf,0.001,calibrate,2102,0.6148608897781228,0.8613363026244523,0.2815147968331979,0.788646158101048,0.022141309649391455,0.06905037049474128,0.0810369878142654,0.759382343103206,0.3251371537211245,,,0,
42,nfbotv2,nf2018v2,rf,0.001,rethreshold,2102,0.8786606439373283,0.90585527772638,0.7579883908454679,0.788646158101048,0.034601467769194996,0.12634373583687641,0.18131899340503307,0.759382343103206,0.5966666666666667,0.7531270178259537,0.6033333333333334,0,
42,nfbotv2,nf2018v2,rf,0.01,calibrate,21001,0.6229142905048713,0.8612312360985241,0.2800776870333208,0.788646158101048,0.030427286441850707,0.06349841417393204,0.07532151990030235,0.759382343103206,0.3880389064675119,,,0,
42,nfbotv2,nf2018v2,rf,0.01,rethreshold,21001,0.8792312621596814,0.90585527772638,0.759382343103206,0.788646158101048,0.03551456993455156,0.12634373583687641,0.18131899340503307,0.759382343103206,0.5966666666666667,0.7677719023990078,0.5966666666666667,0,
42,nfbotv2,nf2018v2,rf,0.05,calibrate,105000,0.6200685116501333,0.8604623481024963,0.2753882655301258,0.788646158101048,0.030047299826453874,0.06393430965299188,0.07180197767965417,0.759382343103206,0.37843489959903387,,,0,
42,nfbotv2,nf2018v2,rf,0.05,rethreshold,105000,0.8792312621596814,0.90585527772638,0.759382343103206,0.788646158101048,0.03551456993455156,0.12634373583687641,0.18131899340503307,0.759382343103206,0.5966666666666667,0.761388079961831,0.5966666666666667,0,
42,nfbotv2,nf2018v2,rf,0.1,calibrate,210000,0.6172412535524859,0.8597248674515017,0.2708628108126004,0.788646158101048,0.029593584464786018,0.06403453833664191,0.07328928013267677,0.759382343103206,0.37662690487441297,,,0,
42,nfbotv2,nf2018v2,rf,0.1,rethreshold,210000,0.8792312621596814,0.90585527772638,0.759382343103206,0.788646158101048,0.03551456993455156,0.12634373583687641,0.18131899340503307,0.759382343103206,0.5966666666666667,0.7606838383439731,0.5966666666666667,0,
42,nfbotv2,nfunswv2,rf,0,zero_shot,250000,0.15616457688846214,0.2488394081899041,-0.10443466113473544,0.4879410851941501,0.8509265129233743,0.32205341933333337,0.45906136666666664,0.046615171633340564,0.7566666666666667,,,,52
42,nfbotv2,nfunswv2,rf,0.0001,calibrate,144,0.49037055157195203,0.943678896856096,0.0,0.4879410851941501,0.0,0.0373954975091663,0.03169471753882625,0.046615171633340564,0.07107821419804586,,,0,
42,nfbotv2,nfunswv2,rf,0.0001,rethreshold,144,0.3511849354270163,0.2488394081899041,-0.06897725898185902,0.4879410851941501,0.49758368755261323,0.32205341933333337,0.45906136666666664,0.046615171633340564,0.7566666666666667,0.08551861104941366,0.5866666666666667,0,
42,nfbotv2,nfunswv2,rf,0.001,calibrate,1392,0.49037055157195203,0.943678896856096,0.0,0.5302020623945242,0.0,0.03622643800420554,0.001546855154192165,0.14849054589436467,0.0635298481272763,,,0,
42,nfbotv2,nfunswv2,rf,0.001,rethreshold,1392,0.5030802155657071,0.2488394081899041,0.046615171633340564,0.4879410851941501,0.0019434426996185865,0.32205341933333337,0.45906136666666664,0.046615171633340564,0.7566666666666667,0.05012388069304487,0.7566666666666667,0,
42,nfbotv2,nfunswv2,rf,0.01,calibrate,13907,0.49037055157195203,0.943678896856096,0.0,0.5302020623945242,0.0,0.03623764791452551,0.01626432050451136,0.14849054589436467,0.0902174556750083,,,0,
42,nfbotv2,nfunswv2,rf,0.01,rethreshold,13907,0.09757153590778353,0.2488394081899041,0.027155269853139857,0.4879410851941501,0.9361417985678802,0.32205341933333337,0.45906136666666664,0.046615171633340564,0.7566666666666667,0.0287497063757085,0.18,0,
42,nfbotv2,nfunswv2,rf,0.05,calibrate,69537,0.49037055157195203,0.943678896856096,0.0,0.5302020623945242,0.0,0.03624458967656302,0.016217609002846578,0.14849054589436467,0.09254851898421776,,,0,
42,nfbotv2,nfunswv2,rf,0.05,rethreshold,69537,0.5030802155657071,0.2488394081899041,0.046615171633340564,0.4879410851941501,0.0019434426996185865,0.32205341933333337,0.45906136666666664,0.046615171633340564,0.7566666666666667,0.03356436742227525,0.7566666666666667,0,
42,nfbotv2,nfunswv2,rf,0.1,calibrate,139072,0.49037055157195203,0.943678896856096,0.0,0.5302020623945242,0.0,0.03624796929015109,0.012179596673697725,0.14849054589436467,0.09353571371870585,,,0,
42,nfbotv2,nfunswv2,rf,0.1,rethreshold,139072,0.5030802155657071,0.2488394081899041,0.046615171633340564,0.4879410851941501,0.0019434426996185865,0.32205341933333337,0.45906136666666664,0.046615171633340564,0.7566666666666667,0.04103414749181987,0.7566666666666667,0,
42,nfbotv2,nftonv2,rf,0,zero_shot,250000,0.4564150912654485,0.5843086282767956,-0.08164093111742547,0.4077864882718271,0.8482537133681253,0.33761607658038295,0.36711425223792776,0.058100392198516405,0.06333333333333334,,,,52
42,nfbotv2,nftonv2,rf,0.0001,calibrate,213,0.42062190755396933,0.6107334447783608,0.0,0.7494727283348929,1.0,0.18583276936587778,0.2378681641179552,0.6275547794198014,0.6336393031959057,,,0,
42,nfbotv2,nftonv2,rf,0.0001,rethreshold,213,0.21507764883183347,0.5843086282767956,0.0,0.4077864882718271,0.0,0.33761607658038295,0.36711425223792776,0.058100392198516405,0.06333333333333334,0.0,inf,0,
42,nfbotv2,nftonv2,rf,0.001,calibrate,2100,0.42062190755396933,0.6107334447783608,0.0,0.7494727283348929,1.0,0.185370976294541,0.23903154493222267,0.6275547794198014,0.6317486353085722,,,0,
42,nfbotv2,nftonv2,rf,0.001,rethreshold,2100,0.4512041330255951,0.5843086282767956,0.05804309130044213,0.4077864882718271,0.9653479800007299,0.33761607658038295,0.36711425223792776,0.058100392198516405,0.06333333333333334,0.07543870419273978,0.06666666666666667,0,
42,nfbotv2,nftonv2,rf,0.01,calibrate,21000,0.42062190755396933,0.6107334447783608,0.0,0.7494727283348929,1.0,0.1847797974708047,0.23715757332547088,0.6275547794198014,0.6248546283873389,,,0,
42,nfbotv2,nftonv2,rf,0.01,rethreshold,21000,0.4507301774987712,0.5843086282767956,0.058100392198516405,0.4077864882718271,0.9659866428232546,0.33761607658038295,0.36711425223792776,0.058100392198516405,0.06333333333333334,0.0445323172294784,0.06333333333333334,0,
42,nfbotv2,nftonv2,rf,0.05,calibrate,105000,0.42062190755396933,0.6107334447783608,0.0,0.7494727283348929,1.0,0.1846142551628666,0.23373263670862646,0.6275547794198014,0.6230191671198094,,,0,
42,nfbotv2,nftonv2,rf,0.05,rethreshold,105000,0.4507301774987712,0.5843086282767956,0.058100392198516405,0.4077864882718271,0.9659866428232546,0.33761607658038295,0.36711425223792776,0.058100392198516405,0.06333333333333334,0.04882146940627261,0.06333333333333334,0,
42,nfbotv2,nftonv2,rf,0.1,calibrate,210000,0.42062190755396933,0.6107334447783608,0.0,0.7494727283348929,1.0,0.1847087425076922,0.23172901784972166,0.6275547794198014,0.6239984303341205,,,0,
42,nfbotv2,nftonv2,rf,0.1,rethreshold,210000,0.4507301774987712,0.5843086282767956,0.058100392198516405,0.4077864882718271,0.9659866428232546,0.33761607658038295,0.36711425223792776,0.058100392198516405,0.06333333333333334,0.05068288754567561,0.06333333333333334,0,
42,nfbotv2,nfbotv2,rf,0,in_domain,250000,0.9854328656452285,0.9997557944263199,0.9708865021269418,0.9961492930882023,0.02264600715137068,0.00020501366666666673,0.0001375000000000524,0.9731558393226893,0.6166666666666667,,,,52
42,nfbotv2,nf2018v2,lgbm,0,zero_shot,250000,0.5147521479986517,0.6418044648231326,0.3144175354523602,0.5738996217887473,0.4811027551865337,0.4281378593107035,0.4281378593107035,0.3144175354523602,1.0,,,,6
42,nfbotv2,nf2018v2,lgbm,0.0001,calibrate,217,0.46853899442765923,0.8261331950887618,0.0,0.5738996217887473,0.0,0.09493806661796625,0.02790483799687126,0.3144175354523602,0.249621473741541,,,0,
42,nfbotv2,nf2018v2,lgbm,0.0001,rethreshold,217,0.5147521479986517,0.6418044648231326,0.3144175354523602,0.5738996217887473,0.4811027551865337,0.4281378593107035,0.4281378593107035,0.3144175354523602,1.0,0.3809480182111723,1.0,0,
42,nfbotv2,nf2018v2,lgbm,0.001,calibrate,2102,0.46853899442765923,0.8261331950887618,0.0,0.5738996217887473,0.0,0.09407806260094716,0.0038944053372450007,0.3144175354523602,0.21823430503756241,,,0,
42,nfbotv2,nf2018v2,lgbm,0.001,rethreshold,2102,0.5147521479986517,0.6418044648231326,0.3144175354523602,0.5738996217887473,0.4811027551865337,0.4281378593107035,0.4281378593107035,0.3144175354523602,1.0,0.3298874818654073,1.0,0,
42,nfbotv2,nf2018v2,lgbm,0.01,calibrate,21001,0.46853899442765923,0.8261331950887618,0.0,0.5738996217887473,0.0,0.09406014948188157,0.0010031708776614256,0.3144175354523602,0.21410115440766964,,,0,
42,nfbotv2,nf2018v2,lgbm,0.01,rethreshold,21001,0.5147521479986517,0.6418044648231326,0.3144175354523602,0.5738996217887473,0.4811027551865337,0.4281378593107035,0.4281378593107035,0.3144175354523602,1.0,0.3177798382953041,1.0,0,
42,nfbotv2,nf2018v2,lgbm,0.05,calibrate,105000,0.46853899442765923,0.8261331950887618,0.0,0.5738996217887473,0.0,0.09405865733976479,0.00018769577944953653,0.3144175354523602,0.21269861775064203,,,0,
42,nfbotv2,nf2018v2,lgbm,0.05,rethreshold,105000,0.5147521479986517,0.6418044648231326,0.3144175354523602,0.5738996217887473,0.4811027551865337,0.4281378593107035,0.4281378593107035,0.3144175354523602,1.0,0.31513833098244853,1.0,0,
42,nfbotv2,nf2018v2,lgbm,0.1,calibrate,210000,0.46853899442765923,0.8261331950887618,0.0,0.5738996217887473,0.0,0.09405861874273828,7.348968581624891e-05,0.3144175354523602,0.21249987489654085,,,0,
42,nfbotv2,nf2018v2,lgbm,0.1,rethreshold,210000,0.5147521479986517,0.6418044648231326,0.3144175354523602,0.5738996217887473,0.4811027551865337,0.4281378593107035,0.4281378593107035,0.3144175354523602,1.0,0.3147586511609025,1.0,0,
42,nfbotv2,nfunswv2,lgbm,0,zero_shot,250000,0.15085299477322778,0.24891518145910146,-0.17121793786786604,0.49070293809768867,0.8498092931896364,0.8358949999034266,0.8358949999517131,0.0,inf,,,,6
42,nfbotv2,nfunswv2,lgbm,0.0001,calibrate,144,0.49037055157195203,0.943678896856096,0.0,0.5239434626916878,0.0,0.03619354981647089,0.027911571790958167,0.17121793786786604,0.16446028799419474,,,0,
42,nfbotv2,nfunswv2,lgbm,0.0001,rethreshold,144,0.49037055157195203,0.24891518145910146,0.0,0.49070293809768867,0.0,0.8358949999034266,0.8358949999517131,0.0,inf,0.0,inf,0,
42,nfbotv2,nfunswv2,lgbm,0.001,calibrate,1392,0.49037055157195203,0.943678896856096,0.0,0.5239434626916878,0.0,0.035330954793640415,0.0034224095337699973,0.17121793786786604,0.12622134841707613,,,0,
42,nfbotv2,nfunswv2,lgbm,0.001,rethreshold,1392,0.49037055157195203,0.24891518145910146,0.0,0.49070293809768867,0.0,0.8358949999034266,0.8358949999517131,0.0,inf,0.0,inf,0,
42,nfbotv2,nfunswv2,lgbm,0.01,calibrate,13907,0.49037055157195203,0.943678896856096,0.0,0.5239434626916878,0.0,0.03529603183556021,0.00023536621989329306,0.17121793786786604,0.11248684050510663,,,0,
42,nfbotv2,nfunswv2,lgbm,0.01,rethreshold,13907,0.49037055157195203,0.24891518145910146,0.0,0.49070293809768867,0.0,0.8358949999034266,0.8358949999517131,0.0,inf,0.0,inf,0,
42,nfbotv2,nfunswv2,lgbm,0.05,calibrate,69537,0.49037055157195203,0.943678896856096,0.0,0.5239434626916878,0.0,0.03529750535970453,0.0008249220777734016,0.17121793786786604,0.11480284722333495,,,0,
42,nfbotv2,nfunswv2,lgbm,0.05,rethreshold,69537,0.49037055157195203,0.24891518145910146,0.0,0.49070293809768867,0.0,0.8358949999034266,0.8358949999517131,0.0,inf,0.0,inf,0,
42,nfbotv2,nfunswv2,lgbm,0.1,calibrate,139072,0.49037055157195203,0.943678896856096,0.0,0.5239434626916878,0.0,0.035297426188287594,0.000805887151195409,0.17121793786786604,0.11472479388392123,,,0,
42,nfbotv2,nfunswv2,lgbm,0.1,rethreshold,139072,0.49037055157195203,0.24891518145910146,0.0,0.49070293809768867,0.0,0.8358949999034266,0.8358949999517131,0.0,inf,0.0,inf,0,
42,nfbotv2,nftonv2,lgbm,0,zero_shot,250000,0.476588565426033,0.5731202806622735,-0.04465229665094351,0.49129693399372787,0.7159045290317871,0.4362621777819054,0.4362621795460946,0.0,inf,,,,6
42,nfbotv2,nftonv2,lgbm,0.0001,calibrate,213,0.42062190755396933,0.6107334447783608,0.0,0.5096900092583911,1.0,0.19867610924809334,0.010476964006565233,0.04465229665094351,0.7741326280618857,,,0,
42,nfbotv2,nftonv2,lgbm,0.0001,rethreshold,213,0.21507764883183347,0.5731202806622735,0.0,0.49129693399372787,0.0,0.4362621777819054,0.4362621795460946,0.0,inf,0.0,inf,0,
42,nfbotv2,nftonv2,lgbm,0.001,calibrate,2100,0.42062190755396933,0.6107334447783608,0.0,0.5096900092583911,1.0,0.19853275930482428,0.0004597538136921706,0.04465229665094351,0.7553139175150559,,,0,
42,nfbotv2,nftonv2,lgbm,0.001,rethreshold,2100,0.21507764883183347,0.5731202806622735,0.0,0.49129693399372787,0.0,0.4362621777819054,0.4362621795460946,0.0,inf,0.0,inf,0,
42,nfbotv2,nftonv2,lgbm,0.01,calibrate,21000,0.42062190755396933,0.6107334447783608,0.0,0.5096900092583911,1.0,0.19854163694652213,0.002878213292730775,0.04465229665094351,0.7509221060501813,,,0,
42,nfbotv2,nftonv2,lgbm,0.01,rethreshold,21000,0.21507764883183347,0.5731202806622735,0.0,0.49129693399372787,0.0,0.4362621777819054,0.4362621795460946,0.0,inf,0.0,inf,0,
42,nfbotv2,nftonv2,lgbm,0.05,calibrate,105000,0.42062190755396933,0.6107334447783608,0.0,0.5096900092583911,1.0,0.1985325920974983,0.00021859139287833451,0.04465229665094351,0.7556384631064664,,,0,
42,nfbotv2,nftonv2,lgbm,0.05,rethreshold,105000,0.21507764883183347,0.5731202806622735,0.0,0.49129693399372787,0.0,0.4362621777819054,0.4362621795460946,0.0,inf,0.0,inf,0,
42,nfbotv2,nftonv2,lgbm,0.1,calibrate,210000,0.42062190755396933,0.6107334447783608,0.0,0.5096900092583911,1.0,0.1985327391833995,0.000465513599844254,0.04465229665094351,0.7545071631608037,,,0,
42,nfbotv2,nftonv2,lgbm,0.1,rethreshold,210000,0.21507764883183347,0.5731202806622735,0.0,0.49129693399372787,0.0,0.4362621777819054,0.4362621795460946,0.0,inf,0.0,inf,0,
42,nfbotv2,nfbotv2,lgbm,0,in_domain,250000,0.5176879044611324,0.9921703214367057,0.03545577278018149,0.5007629972317177,0.9630512514898689,0.0076,0.007600000000000051,0.036170630961445384,5.980646563656617e-295,,,,6
42,nfbotv2,nf2018v2,mlp,0,zero_shot,250000,0.621492185705228,0.7845851405899086,0.3409010870101897,0.7097363608774543,0.25890699969374215,0.20758844649919933,0.19742045010747936,0.561227118132872,0.9981380012450497,,,,40
42,nfbotv2,nf2018v2,mlp,0.0001,calibrate,217,0.46853899442765923,0.8261331950887618,0.0,0.7097172409836227,0.0,0.09020631013392696,0.09828098175105136,0.561227118132872,0.43639672186926415,,,0,
42,nfbotv2,nf2018v2,mlp,0.0001,rethreshold,217,0.7720858805827655,0.7845851405899086,0.5442323022916508,0.7097363608774543,0.051791608534385955,0.20758844649919933,0.19742045010747936,0.561227118132872,0.9981380012450497,0.727030129095126,0.9951156947297203,0,
42,nfbotv2,nf2018v2,mlp,0.001,calibrate,2102,0.46853899442765923,0.8261331950887618,0.0,0.7097188479701956,0.0,0.08774593766598907,0.10017130832054488,0.561227118132872,0.36695367295447523,,,0,
42,nfbotv2,nf2018v2,mlp,0.001,rethreshold,2102,0.7796995119099364,0.7845851405899086,0.5608485111161038,0.7097363608774543,0.0420820997946938,0.20758844649919933,0.19742045010747936,0.561227118132872,0.9981380012450497,0.6002879001660243,0.9981558466192473,0,
42,nfbotv2,nf2018v2,mlp,0.01,calibrate,21001,0.46853899442765923,0.8261331950887618,0.0,0.7097186704850801,0.0,0.08771050884034397,0.07262366787243665,0.561227118132872,0.3620640234451273,,,0,
42,nfbotv2,nf2018v2,mlp,0.01,rethreshold,21001,0.7797993955449689,0.7845851405899086,0.5609695129536018,0.7097363608774543,0.04232597180159027,0.20758844649919933,0.19742045010747936,0.561227118132872,0.9981380012450497,0.5734020209893675,0.9981090079002378,0,
42,nfbotv2,nf2018v2,mlp,0.05,calibrate,105000,0.46853899442765923,0.8261331950887618,0.0,0.7097184786722808,0.0,0.08770039787859882,0.07839377943105044,0.561227118132872,0.3570000501073578,,,0,
42,nfbotv2,nf2018v2,mlp,0.05,rethreshold,105000,0.7798872881809269,0.7845851405899086,0.5611916548526216,0.7097363608774543,0.04215015709894398,0.20758844649919933,0.19742045010747936,0.561227118132872,0.9981380012450497,0.5657617037546759,0.9981364778261658,0,
42,nfbotv2,nf2018v2,mlp,0.1,calibrate,210000,0.46853899442765923,0.8261331950887618,0.0,0.7097181500391505,0.0,0.08770085189098428,0.08055754571890177,0.561227118132872,0.3544290327938021,,,0,
42,nfbotv2,nf2018v2,mlp,0.1,rethreshold,210000,0.7798872881809269,0.7845851405899086,0.5611916548526216,0.7097363608774543,0.04215015709894398,0.20758844649919933,0.19742045010747936,0.561227118132872,0.9981380012450497,0.5604555839526817,0.9981364778261658,0,
42,nfbotv2,nfunswv2,mlp,0,zero_shot,250000,0.3392449503822177,0.5742041727384767,0.046178545362704736,0.501142850152098,0.5730245996196257,0.537989000158095,0.5259057400960839,0.059726071539042566,0.9591308991866679,,,,40
42,nfbotv2,nfunswv2,mlp,0.0001,calibrate,144,0.49037055157195203,0.943678896856096,0.0,0.5013257473862516,0.0,0.037465013020882384,0.031095500791119963,0.059726071539042566,0.08880146089060784,,,0,
42,nfbotv2,nfunswv2,mlp,0.0001,rethreshold,144,0.3799748735019707,0.5742041727384767,0.05060449208836773,0.501142850152098,0.48693632367154777,0.537989000158095,0.5259057400960839,0.059726071539042566,0.9591308991866679,0.17156202185791325,0.9936899120676966,0,
42,nfbotv2,nfunswv2,mlp,0.001,calibrate,1392,0.49037055157195203,0.943678896856096,0.0,0.5011512143630508,0.0,0.03628392093229177,0.0018265714380732536,0.059726071539042566,0.04363336614907933,,,0,
42,nfbotv2,nfunswv2,mlp,0.001,rethreshold,1392,0.19950124429324503,0.5742041727384767,0.049952594558791814,0.501142850152098,0.8102337327610397,0.537989000158095,0.5259057400960839,0.059726071539042566,0.9591308991866679,0.06764228026944047,1.7686773129039555e-07,0,
42,nfbotv2,nfunswv2,mlp,0.01,calibrate,13907,0.49037055157195203,0.943678896856096,0.0,0.5013418864246947,0.0,0.03627399952370075,0.000965560240921515,0.059726071539042566,0.04365847813269328,,,0,
42,nfbotv2,nfunswv2,mlp,0.01,rethreshold,13907,0.21728307442522526,0.5742041727384767,0.05370981413769513,0.501142850152098,0.7853119381424013,0.537989000158095,0.5259057400960839,0.059726071539042566,0.9591308991866679,0.054535894314842785,4.863924250208822e-07,0,
42,nfbotv2,nfunswv2,mlp,0.05,calibrate,69537,0.49037055157195203,0.943678896856096,0.0,0.5013423466033607,0.0,0.03626801849031562,0.0005772205014836539,0.059726071539042566,0.04528615161259506,,,0,
42,nfbotv2,nfunswv2,mlp,0.05,rethreshold,69537,0.3763781308597342,0.5742041727384767,0.05967484983923971,0.501142850152098,0.4991322060672826,0.537989000158095,0.5259057400960839,0.059726071539042566,0.9591308991866679,0.059031328847377905,0.9580401234784977,0,
42,nfbotv2,nfunswv2,mlp,0.1,calibrate,139072,0.49037055157195203,0.943678896856096,0.0,0.5011574175021422,0.0,0.03626811895193238,0.0004959153781671506,0.059726071539042566,0.04518033897366494,,,0,
42,nfbotv2,nfunswv2,mlp,0.1,rethreshold,139072,0.3720313756030128,0.5742041727384767,0.05922218608705371,0.501142850152098,0.5085792082809366,0.537989000158095,0.5259057400960839,0.059726071539042566,0.9591308991866679,0.05893626474132053,0.9302184676521703,0,
42,nfbotv2,nftonv2,mlp,0,zero_shot,250000,0.2619149287455506,0.2648305869427609,-0.34810198092748296,0.4356673872454617,0.5379183241487537,0.5743896445349268,0.5937231444764832,0.10718030657041332,9.346588589838707e-29,,,,40
42,nfbotv2,nftonv2,mlp,0.0001,calibrate,213,0.42062190755396933,0.6107334447783608,0.0,0.5978610169863796,1.0,0.18118659956518918,0.09875635619226272,0.36479758246446164,0.6578954921264412,,,0,
42,nfbotv2,nftonv2,mlp,0.0001,rethreshold,213,0.26441169929677394,0.2648305869427609,-0.026992409847036106,0.4356673872454617,0.07446808510638298,0.5743896445349268,0.5937231444764832,0.10718030657041332,9.346588589838707e-29,0.12714734589445764,0.9709848243876664,0,
42,nfbotv2,nftonv2,mlp,0.001,calibrate,2100,0.5547660391002243,0.6784833018053414,0.16873732598522279,0.5978277993677821,0.8024524652384949,0.17954602525516214,0.1076340305083258,0.36479758246446164,0.6327885958905813,,,0,
42,nfbotv2,nftonv2,mlp,0.001,rethreshold,2100,0.43755811767745284,0.2648305869427609,0.10650648359602574,0.4356673872454617,0.9838509543447319,0.5743896445349268,0.5937231444764832,0.10718030657041332,9.346588589838707e-29,0.09418145712594464,8.324758132313277e-29,0,
42,nfbotv2,nftonv2,mlp,0.01,calibrate,21000,0.5533007833159148,0.6776038775057033,0.16637637407002875,0.5978248859473131,0.8048428889456589,0.17953245662089845,0.11306693905791868,0.36479758246446164,0.6340862179055703,,,0,
42,nfbotv2,nftonv2,mlp,0.01,rethreshold,21000,0.4382201696682413,0.2648305869427609,0.10604989278729003,0.4356673872454617,0.9831575489945622,0.5743896445349268,0.5937231444764832,0.10718030657041332,9.346588589838707e-29,0.11348977046199273,1.120513333910698e-28,0,
42,nfbotv2,nftonv2,mlp,0.05,calibrate,105000,0.5555368222036694,0.6789555341647309,0.17002517692490882,0.5978160439290829,0.8012298821210905,0.17951116565004333,0.11300090913668087,0.36479758246446164,0.6339364381160727,,,0,
42,nfbotv2,nftonv2,mlp,0.05,rethreshold,105000,0.4381177652402643,0.2648305869427609,0.10710883790379108,0.4356673872454617,0.9832852815590671,0.5743896445349268,0.5937231444764832,0.10718030657041332,9.346588589838707e-29,0.10571222357914109,1.0012888126606841e-28,0,
42,nfbotv2,nftonv2,mlp,0.1,calibrate,210000,0.5566886001434428,0.6796542414451994,0.17191220186677333,0.5978175457602977,0.7993686361811613,0.17950119254992888,0.11204859569062561,0.36479758246446164,0.6338550809235486,,,0,
42,nfbotv2,nftonv2,mlp,0.1,rethreshold,210000,0.4374884399976071,0.2648305869427609,0.1065700877686623,0.4356673872454617,0.9839239443815919,0.5743896445349268,0.5937231444764832,0.10718030657041332,9.346588589838707e-29,0.10545671236941374,8.005339269141834e-29,0,
42,nfbotv2,nfbotv2,mlp,0,in_domain,250000,0.9617893838119613,0.9993607577852981,0.9235814031950504,0.9736176378283579,0.07389749702026222,0.0005105397631285035,0.00028345463482869714,0.9286237768925866,0.6204728645835784,,,,40
43,nf2018v2,nf2018v2,rf,0,in_domain,249999,0.9883441030942752,0.9951741713973443,0.9769309981982272,0.9845420202856426,0.00012477172445866087,0.005058401485770348,0.005284273578631977,0.9771037123608013,0.5433333333333333,,,,174
43,nf2018v2,nfunswv2,rf,0,zero_shot,249999,0.4906029280850481,0.9436386521172078,0.002087413968596855,0.47848284434650956,0.00013510564221947392,0.05860858133333333,0.14794373333333333,0.040521272573147055,0.23333333333333334,,,,174
43,nf2018v2,nfunswv2,rf,0.0001,calibrate,144,0.49037055157195203,0.943678896856096,0.0,0.5679837139144472,0.0,0.037320685618199005,0.031661378839212,0.32898514356361125,0.07046370700442865,,,0,
43,nf2018v2,nfunswv2,rf,0.0001,rethreshold,144,0.49743611481664174,0.9436386521172078,0.027884201780862684,0.47848284434650956,0.12960268548445766,0.05860858133333333,0.14794373333333333,0.040521272573147055,0.23333333333333334,0.17103722209882732,0.21,0,
43,nf2018v2,nfunswv2,rf,0.001,calibrate,1392,0.49037055157195203,0.943678896856096,0.0,0.5679837139144472,0.0,0.03612496848611459,0.006507683426750743,0.32898514356361125,0.04413006789356632,,,0,
43,nf2018v2,nfunswv2,rf,0.001,rethreshold,1392,0.5090122328630946,0.9436386521172078,0.021820052165179838,0.47848284434650956,0.06114569584602114,0.05860858133333333,0.14794373333333333,0.040521272573147055,0.23333333333333334,0.07935711882486962,0.25666666666666665,0,
43,nf2018v2,nfunswv2,rf,0.01,calibrate,13907,0.49037055157195203,0.943678896856096,0.0,0.5679837139144472,0.0,0.0350990856862199,0.024711995843218187,0.32898514356361125,0.06365024016880896,,,0,
43,nf2018v2,nfunswv2,rf,0.01,rethreshold,13907,0.492823756129915,0.9436386521172078,0.02359607037000143,0.47848284434650956,0.0002494258010205672,0.05860858133333333,0.14794373333333333,0.040521272573147055,0.23333333333333334,0.03221993800006505,0.4666666666666667,0,
43,nf2018v2,nfunswv2,rf,0.05,calibrate,69537,0.49037055157195203,0.943678896856096,0.0,0.5679837139144472,0.0,0.034607967496083636,0.024350065107619938,0.32898514356361125,0.07174221080406798,,,0,
43,nf2018v2,nfunswv2,rf,0.05,rethreshold,69537,0.5131108599598456,0.9436386521172078,0.040521272573147055,0.47848284434650956,0.08623897070286113,0.05860858133333333,0.14794373333333333,0.040521272573147055,0.23333333333333334,0.03546000380055311,0.23333333333333334,0,
43,nf2018v2,nfunswv2,rf,0.1,calibrate,139072,0.49037055157195203,0.943678896856096,0.0,0.5679837139144472,0.0,0.03465143855785391,0.024547936972291375,0.32898514356361125,0.0712056510622138,,,0,
43,nf2018v2,nfunswv2,rf,0.1,rethreshold,139072,0.5131108599598456,0.9436386521172078,0.040521272573147055,0.47848284434650956,0.08623897070286113,0.05860858133333333,0.14794373333333333,0.040521272573147055,0.23333333333333334,0.03999157878674119,0.23333333333333334,0,
43,nf2018v2,nftonv2,rf,0,zero_shot,249999,0.2825510692632926,0.231667893362399,-0.0931580898880932,0.6312298562225218,0.16585161125506367,0.5541289036445182,0.5770145850729254,0.4642220285648107,0.0033333333333333335,,,,174
43,nf2018v2,nftonv2,rf,0.0001,calibrate,213,0.42062190755396933,0.6107334447783608,0.0,0.4932128612987142,1.0,0.19868350032666182,0.1434546313627114,0.32799867930955057,0.6773891740636407,,,0,
43,nf2018v2,nftonv2,rf,0.0001,rethreshold,213,0.7235076836413197,0.231667893362399,0.4642220285648107,0.6312298562225218,0.5100361300682457,0.5541289036445182,0.5770145850729254,0.4642220285648107,0.0033333333333333335,0.4276859367827457,0.0033333333333333335,0,
43,nf2018v2,nftonv2,rf,0.001,calibrate,2100,0.42062190755396933,0.6107334447783608,0.0,0.4932128612987142,1.0,0.19875645038545772,0.05680234667003779,0.32799867930955057,0.7002196610721897,,,0,
43,nf2018v2,nftonv2,rf,0.001,rethreshold,2100,0.7235076836413197,0.231667893362399,0.4642220285648107,0.6312298562225218,0.5100361300682457,0.5541289036445182,0.5770145850729254,0.4642220285648107,0.0033333333333333335,0.4668663679837519,0.0033333333333333335,0,
43,nf2018v2,nftonv2,rf,0.01,calibrate,21000,0.42062190755396933,0.6107334447783608,0.0,0.4932128612987142,1.0,0.19871067482616886,0.14422337009421415,0.32799867930955057,0.6884975854396427,,,0,
43,nf2018v2,nftonv2,rf,0.01,rethreshold,21000,0.7235076836413197,0.231667893362399,0.4642220285648107,0.6312298562225218,0.5100361300682457,0.5541289036445182,0.5770145850729254,0.4642220285648107,0.0033333333333333335,0.4676187423762284,0.0033333333333333335,0,
43,nf2018v2,nftonv2,rf,0.05,calibrate,105000,0.42062190755396933,0.6107334447783608,0.0,0.4932128612987142,1.0,0.19872652592931794,0.1385081777523377,0.32799867930955057,0.6931454358578454,,,0,
43,nf2018v2,nftonv2,rf,0.05,rethreshold,105000,0.7235076836413197,0.231667893362399,0.4642220285648107,0.6312298562225218,0.5100361300682457,0.5541289036445182,0.5770145850729254,0.4642220285648107,0.0033333333333333335,0.4598065473834019,0.0033333333333333335,0,
43,nf2018v2,nftonv2,rf,0.1,calibrate,210000,0.42062190755396933,0.6107334447783608,0.0,0.4932128612987142,1.0,0.19872067911607025,0.14124558298651854,0.32799867930955057,0.6915748614673484,,,0,
43,nf2018v2,nftonv2,rf,0.1,rethreshold,210000,0.7235076836413197,0.231667893362399,0.4642220285648107,0.6312298562225218,0.5100361300682457,0.5541289036445182,0.5770145850729254,0.4642220285648107,0.0033333333333333335,0.4584790511183112,0.0033333333333333335,0,
43,nf2018v2,nfbotv2,rf,0,zero_shot,249999,0.04957770880785546,0.09044697708970598,0.00032816172537052465,0.5180895044302475,0.04648390941597139,0.6151191379444443,0.7473723166666665,0.19584951396403685,0.03333333333333333,,,,174
43,nf2018v2,nfbotv2,rf,0.0001,calibrate,211,0.49894904562319464,0.9937119087536106,0.0,0.5013565373482214,1.0,0.004177623861615557,0.000597478812709662,0.04517419745791359,0.9951927065420154,,,0,
43,nf2018v2,nfbotv2,rf,0.0001,rethreshold,211,0.09034508271451468,0.09044697708970598,-0.012504656305281438,0.5180895044302475,0.15137067938021453,0.6151191379444443,0.7473723166666665,0.19584951396403685,0.03333333333333333,0.022941573387056175,0.35333333333333333,0,
43,nf2018v2,nfbotv2,rf,0.001,calibrate,2101,0.49894904562319464,0.9937119087536106,0.0,0.5013565373482214,1.0,0.004176983291418167,3.873130598630592e-05,0.04517419745791359,0.9957138858167452,,,0,
43,nf2018v2,nfbotv2,rf,0.001,rethreshold,2101,0.04955932248617346,0.09044697708970598,0.000322126934880016,0.5180895044302475,0.04648390941597139,0.6151191379444443,0.7473723166666665,0.19584951396403685,0.03333333333333333,0.015490854179728687,0.5066666666666667,0,
43,nf2018v2,nfbotv2,rf,0.01,calibrate,21000,0.49894904562319464,0.9937119087536106,0.0,0.5013565373482214,1.0,0.004177030348722458,9.05086564578772e-05,0.04517419745791359,0.9958327961202788,,,0,
43,nf2018v2,nfbotv2,rf,0.01,rethreshold,21000,0.5732737064922993,0.09044697708970598,0.19249060166333298,0.5180895044302475,0.9094159713945172,0.6151191379444443,0.7473723166666665,0.19584951396403685,0.03333333333333333,0.25734576092609734,0.02666666666666667,0,
43,nf2018v2,nfbotv2,rf,0.05,calibrate,105000,0.49894904562319464,0.9937119087536106,0.0,0.5013565373482214,1.0,0.004177097683909478,1.1584104427919684e-06,0.04517419745791359,0.9957388295710219,,,0,
43,nf2018v2,nfbotv2,rf,0.05,rethreshold,105000,0.5732737064922993,0.09044697708970598,0.19249060166333298,0.5180895044302475,0.9094159713945172,0.6151191379444443,0.7473723166666665,0.19584951396403685,0.03333333333333333,0.1929228479342395,0.02666666666666667,0,
43,nf2018v2,nfbotv2,rf,0.1,calibrate,210001,0.49894904562319464,0.9937119087536106,0.0,0.5013565373482214,1.0,0.004177245238661464,6.597605379210503e-05,0.04517419745791359,0.9958083378181914,,,0,
43,nf2018v2,nfbotv2,rf,0.1,rethreshold,210001,0.5732737064922993,0.09044697708970598,0.19249060166333298,0.5180895044302475,0.9094159713945172,0.6151191379444443,0.7473723166666665,0.19584951396403685,0.03333333333333333,0.19636711110020164,0.02666666666666667,0,
43,nf2018v2,nf2018v2,lgbm,0,in_domain,249999,0.9881000655638226,0.9950732246661034,0.9764439101206249,0.9875421873656954,0.00017581470264629485,0.004786877089351888,0.0014985647521516712,0.9767879123005017,0.6799224107631597,,,,12
43,nf2018v2,nfunswv2,lgbm,0,zero_shot,249999,0.5224075930808418,0.946493172197516,0.15435891195821408,0.5255079273805201,0.0004053169266584218,0.03714769225055931,0.03559348108521372,0.15825319842549418,0.3878683485175327,,,,12
43,nf2018v2,nfunswv2,lgbm,0.0001,calibrate,144,0.49037055157195203,0.943678896856096,0.0,0.5255079273805201,0.0,0.037218316154387664,0.033408933159131654,0.15825319842549418,0.08942358855558881,,,0,
43,nf2018v2,nfunswv2,lgbm,0.0001,rethreshold,144,0.5124075383107074,0.946493172197516,0.13052936593558925,0.5255079273805201,0.00021824757589299632,0.03714769225055931,0.03559348108521372,0.15825319842549418,0.3878683485175327,0.30611483744878115,0.8381848450812117,0,
43,nf2018v2,nfunswv2,lgbm,0.001,calibrate,1392,0.49037055157195203,0.943678896856096,0.0,0.5255079273805201,0.0,0.03581509099793093,0.0023805715699878405,0.15825319842549418,0.10437051662796151,,,0,
43,nf2018v2,nfunswv2,lgbm,0.001,rethreshold,1392,0.5199715762414974,0.946493172197516,0.14910167612188086,0.5255079273805201,0.00035335321811247024,0.03714769225055931,0.03559348108521372,0.15825319842549418,0.3878683485175327,0.2988669891590643,0.5570677988854014,0,
43,nf2018v2,nfunswv2,lgbm,0.01,calibrate,13907,0.5122844864571734,0.9456272930962968,0.13040037801056428,0.5255079273805201,0.00021305120503840118,0.035598122230713715,0.001338082750694381,0.15825319842549418,0.14441537217329792,,,0,
43,nf2018v2,nfunswv2,lgbm,0.01,rethreshold,13907,0.5253159777347302,0.946493172197516,0.15617616374037221,0.5255079273805201,0.0005716007940054665,0.03714769225055931,0.03559348108521372,0.15825319842549418,0.3878683485175327,0.17355714753764584,0.35318812811609923,0,
43,nf2018v2,nfunswv2,lgbm,0.05,calibrate,69537,0.5151521166311479,0.9458707948107692,0.13729624466316734,0.5255079273805201,0.00027021128443894784,0.03554650027957439,0.001506234915115889,0.15825319842549418,0.16964981319493908,,,0,
43,nf2018v2,nfunswv2,lgbm,0.05,rethreshold,69537,0.5248527799395042,0.946493172197516,0.15581335252494719,0.5255079273805201,0.0005456189397324908,0.03714769225055931,0.03559348108521372,0.15825319842549418,0.3878683485175327,0.15507567181593468,0.36558187694058,0,
43,nf2018v2,nfunswv2,lgbm,0.1,calibrate,139072,0.5160352140366542,0.9459537267039861,0.14035903659088622,0.5255079273805201,0.00027021128443894784,0.035536821040014516,0.001884177815209269,0.15825319842549418,0.1805905680167493,,,0,
43,nf2018v2,nfunswv2,lgbm,0.1,rethreshold,139072,0.5248527799395042,0.946493172197516,0.15581335252494719,0.5255079273805201,0.0005456189397324908,0.03714769225055931,0.03559348108521372,0.15825319842549418,0.3878683485175327,0.1654316618983779,0.36558187694058,0,
43,nf2018v2,nftonv2,lgbm,0,zero_shot,249999,0.3814320046438191,0.36196204888276295,0.05017888043772539,0.5796916559342133,0.17143534907485128,0.5516529737502128,0.5581856235978632,0.3093936407446748,0.0007447928422364029,,,,12
43,nf2018v2,nftonv2,lgbm,0.0001,calibrate,213,0.42062190755396933,0.6107334447783608,0.0,0.5796916559342133,1.0,0.19713180842667455,0.042271462948351046,0.3093936407446748,0.7068980396699927,,,0,
43,nf2018v2,nftonv2,lgbm,0.0001,rethreshold,213,0.5687806698078679,0.36196204888276295,0.23737306899172675,0.5796916559342133,0.25597605926790995,0.5516529737502128,0.5581856235978632,0.3093936407446748,0.0007447928422364029,0.2566016377844968,0.006900453805456928,0,
43,nf2018v2,nftonv2,lgbm,0.001,calibrate,2100,0.42062190755396933,0.6107334447783608,0.0,0.5796916559342133,1.0,0.19700451738108815,0.045460017743081366,0.3093936407446748,0.7013971741211417,,,0,
43,nf2018v2,nftonv2,lgbm,0.001,rethreshold,2100,0.6470760147832388,0.36196204888276295,0.30122266537387143,0.5796916559342133,0.42846976387723074,0.5516529737502128,0.5581856235978632,0.3093936407446748,0.0007447928422364029,0.28031991131192685,0.000944109954463805,0,
43,nf2018v2,nftonv2,lgbm,0.01,calibrate,21000,0.42062190755396933,0.6107334447783608,0.0,0.5796916559342133,1.0,0.19703620776260938,0.04881996694236948,0.3093936407446748,0.7022166248857705,,,0,
43,nf2018v2,nftonv2,lgbm,0.01,rethreshold,21000,0.6527568667815871,0.36196204888276295,0.308659822048429,0.5796916559342133,0.4495091420021167,0.5516529737502128,0.5581856235978632,0.3093936407446748,0.0007447928422364029,0.3025029150020081,0.0007317721739402412,0,
43,nf2018v2,nftonv2,lgbm,0.05,calibrate,105000,0.42062190755396933,0.6107334447783608,0.0,0.5796916559342133,1.0,0.1969985251265119,0.04492674887586198,0.3093936407446748,0.7007183230486199,,,0,
43,nf2018v2,nftonv2,lgbm,0.05,rethreshold,105000,0.6530672879521449,0.36196204888276295,0.3093936407446748,0.5796916559342133,0.4480310937557023,0.5516529737502128,0.5581856235978632,0.3093936407446748,0.0007447928422364029,0.3036210201901548,0.0007447928422364029,0,
43,nf2018v2,nftonv2,lgbm,0.1,calibrate,210000,0.42062190755396933,0.6107334447783608,0.0,0.5796916559342133,1.0,0.19699497861089293,0.04491308484761192,0.3093936407446748,0.700511414262979,,,0,
43,nf2018v2,nftonv2,lgbm,0.1,rethreshold,210000,0.6530672879521449,0.36196204888276295,0.3093936407446748,0.5796916559342133,0.4480310937557023,0.5516529737502128,0.5581856235978632,0.3093936407446748,0.0007447928422364029,0.30069040768501554,0.0007447928422364029,0,
43,nf2018v2,nfbotv2,lgbm,0,zero_shot,249999,0.12389540870784563,0.23871863463818688,-0.004866852788715456,0.5712553255260672,0.16209773539928488,0.6093249703431464,0.6796202623390274,0.3224626479987653,0.03370457617052683,,,,12
43,nf2018v2,nfbotv2,lgbm,0.0001,calibrate,211,0.49894904562319464,0.9937119087536106,0.0,0.5712553255260672,1.0,0.004176931864173693,0.0005902463534298574,0.3224626479987653,0.9949797859561317,,,0,
43,nf2018v2,nfbotv2,lgbm,0.0001,rethreshold,211,0.62945138336338,0.23871863463818688,0.264688694352809,0.5712553255260672,0.6698450536352801,0.6093249703431464,0.6796202623390274,0.3224626479987653,0.03370457617052683,0.496415724396973,0.009411425094832454,0,
43,nf2018v2,nfbotv2,lgbm,0.001,calibrate,2101,0.49894904562319464,0.9937119087536106,0.0,0.5712553255260672,1.0,0.004175504025684646,7.846621816676169e-05,0.3224626479987653,0.9951789450111059,,,0,
43,nf2018v2,nfbotv2,lgbm,0.001,rethreshold,2101,0.6155808225545,0.23871863463818688,0.29424797511917483,0.5712553255260672,0.399284862932062,0.6093249703431464,0.6796202623390274,0.3224626479987653,0.03370457617052683,0.429488600458997,0.018138131134360178,0,
43,nf2018v2,nfbotv2,lgbm,0.01,calibrate,21000,0.49894904562319464,0.9937119087536106,0.0,0.5712553255260672,1.0,0.004173783893318064,6.604458013170778e-05,0.3224626479987653,0.9947045105654495,,,0,
43,nf2018v2,nfbotv2,lgbm,0.01,rethreshold,21000,0.6218511218897753,0.23871863463818688,0.3221972505653795,0.5712553255260672,0.30512514898688914,0.6093249703431464,0.6796202623390274,0.3224626479987653,0.03370457617052683,0.3144784272342543,0.0345663287689485,0,
43,nf2018v2,nfbotv2,lgbm,0.05,calibrate,105000,0.49894904562319464,0.9937119087536106,0.0,0.5712553255260672,1.0,0.004173548844014494,5.074120217796185e-05,0.3224626479987653,0.9947662049557803,,,0,
43,nf2018v2,nfbotv2,lgbm,0.05,rethreshold,105000,0.6213203474328081,0.23871863463818688,0.3218362713056108,0.5712553255260672,0.30274135876042907,0.6093249703431464,0.6796202623390274,0.3224626479987653,0.03370457617052683,0.3207443707376476,0.04662826107912137,0,
43,nf2018v2,nfbotv2,lgbm,0.1,calibrate,210001,0.49894904562319464,0.9937119087536106,0.0,0.5712553255260672,1.0,0.004170178569525397,3.6543036063041434e-05,0.3224626479987653,0.9939124323199159,,,0,
43,nf2018v2,nfbotv2,lgbm,0.1,rethreshold,210001,0.6537231679016919,0.23871863463818688,0.3106102431515619,0.5712553255260672,0.7282479141835518,0.6093249703431464,0.6796202623390274,0.3224626479987653,0.03370457617052683,0.3258339057272542,0.0015939772435166902,0,
43,nf2018v2,nf2018v2,mlp,0,in_domain,249999,0.9858342672933316,0.9941426595467189,0.9719925254885768,0.9847656137726467,0.0003005864271049557,0.005695885093909488,0.0009300747220926287,0.972114007781216,0.49477646830149213,,,,42
43,nf2018v2,nfunswv2,mlp,0,zero_shot,249999,0.46109318130020777,0.8717597840884529,-0.05673834702331723,0.4867177488137362,0.14174660417164653,0.13825701722229028,0.09633039388677776,0.08824814066823389,0.9999999994108162,,,,42
43,nf2018v2,nfunswv2,mlp,0.0001,calibrate,144,0.49037055157195203,0.943678896856096,0.0,0.5268224611001731,0.0,0.03705730216529504,0.031635346865220265,0.15149608510384296,0.07782243871350122,,,0,
43,nf2018v2,nfunswv2,mlp,0.0001,rethreshold,144,0.08600233090250926,0.8717597840884529,-0.014393871445206758,0.4867177488137362,0.9468982862368922,0.13825701722229028,0.09633039388677776,0.08824814066823389,0.9999999994108162,0.06625568373916033,2.6514349073897378e-08,0,
43,nf2018v2,nfunswv2,mlp,0.001,calibrate,1392,0.49037055157195203,0.943678896856096,0.0,0.5268217758499387,0.0,0.03606177539742339,0.007909107114023537,0.15149608510384296,0.04542290457385749,,,0,
43,nf2018v2,nfunswv2,mlp,0.001,rethreshold,1392,0.5026328802522927,0.8717597840884529,0.0752061670630151,0.4867177488137362,0.00048326248947734904,0.13825701722229028,0.09633039388677776,0.08824814066823389,0.9999999994108162,0.13346506792033797,1.0,0,
43,nf2018v2,nfunswv2,mlp,0.01,calibrate,13907,0.49037055157195203,0.943678896856096,0.0,0.526813961563843,0.0,0.035897794461381693,0.0038612567967539566,0.15149608510384296,0.05269180749478737,,,0,
43,nf2018v2,nfunswv2,mlp,0.01,rethreshold,13907,0.5054415972739941,0.8717597840884529,0.08711736246549125,0.4867177488137362,0.0005092443437503248,0.13825701722229028,0.09633039388677776,0.08824814066823389,0.9999999994108162,0.0854422246365724,0.9999999996164284,0,
43,nf2018v2,nfunswv2,mlp,0.05,calibrate,69537,0.49037055157195203,0.943678896856096,0.0,0.5268138746616164,0.0,0.03590397820930615,0.00392523890717444,0.15149608510384296,0.052475280888487935,,,0,
43,nf2018v2,nfunswv2,mlp,0.05,rethreshold,69537,0.5054415972739941,0.8717597840884529,0.08711736246549125,0.4867177488137362,0.0005092443437503248,0.13825701722229028,0.09633039388677776,0.08824814066823389,0.9999999994108162,0.08153895876090088,0.9999999996164284,0,
43,nf2018v2,nfunswv2,mlp,0.1,calibrate,139072,0.49037055157195203,0.943678896856096,0.0,0.5268168444874498,0.0,0.03591564067685164,0.004250721779460197,0.15149608510384296,0.05176664690158495,,,0,
43,nf2018v2,nfunswv2,mlp,0.1,rethreshold,139072,0.5054415972739941,0.8717597840884529,0.08711736246549125,0.4867177488137362,0.0005092443437503248,0.13825701722229028,0.09633039388677776,0.08824814066823389,0.9999999994108162,0.08379635596300714,0.9999999996164284,0,
43,nf2018v2,nftonv2,mlp,0,zero_shot,249999,0.44783129790351106,0.45633411185329914,0.08550440077438953,0.5713792261322126,0.24382321813072516,0.492175359545939,0.4560473426426179,0.24440136560380787,0.0008426401961994839,,,,42
43,nf2018v2,nftonv2,mlp,0.0001,calibrate,213,0.42062190755396933,0.6107334447783608,0.0,0.5708069834577834,1.0,0.19766287966259158,0.035722872687784624,0.24440136560380787,0.7124473635452464,,,0,
43,nf2018v2,nftonv2,mlp,0.0001,rethreshold,213,0.601498710352731,0.45633411185329914,0.23464999352697413,0.5713792261322126,0.7085325353089303,0.492175359545939,0.4560473426426179,0.24440136560380787,0.0008426401961994839,0.26142681044702876,0.0007184694583165835,0,
43,nf2018v2,nftonv2,mlp,0.001,calibrate,2100,0.42062190755396933,0.6107334447783608,0.0,0.5709137923876892,1.0,0.1971756686001271,0.04325360378553416,0.24440136560380787,0.694553728390491,,,0,
43,nf2018v2,nftonv2,mlp,0.001,rethreshold,2100,0.4884074762011815,0.45633411185329914,0.21354504422330886,0.5713792261322126,0.9318638005912193,0.492175359545939,0.4560473426426179,0.24440136560380787,0.0008426401961994839,0.232649947830162,1.760602365715696e-49,0,
43,nf2018v2,nftonv2,mlp,0.01,calibrate,21000,0.42062190755396933,0.6107334447783608,0.0,0.5708768258245166,1.0,0.19719292619393405,0.041877658517467296,0.24440136560380787,0.6960774306022253,,,0,
43,nf2018v2,nftonv2,mlp,0.01,rethreshold,21000,0.6086372916235756,0.45633411185329914,0.24423234194359358,0.5713792261322126,0.6909236889164629,0.492175359545939,0.4560473426426179,0.24440136560380787,0.0008426401961994839,0.2405151424693841,0.0007950209503936127,0,
43,nf2018v2,nftonv2,mlp,0.05,calibrate,105000,0.42062190755396933,0.6107334447783608,0.0,0.5711286667118791,1.0,0.1971779236669933,0.04366475239189209,0.24440136560380787,0.6945744685229643,,,0,
43,nf2018v2,nftonv2,mlp,0.05,rethreshold,105000,0.6096130049266887,0.45633411185329914,0.2442583592694333,0.5713792261322126,0.68605160395606,0.492175359545939,0.4560473426426179,0.24440136560380787,0.0008426401961994839,0.24466827573772879,0.0008370531914372454,0,
43,nf2018v2,nftonv2,mlp,0.1,calibrate,210000,0.42062190755396933,0.6107334447783608,0.0,0.5709138148654118,1.0,0.19717783984129766,0.04343597719586898,0.24440136560380787,0.6946688788901301,,,0,
43,nf2018v2,nftonv2,mlp,0.1,rethreshold,210000,0.6096130049266887,0.45633411185329914,0.2442583592694333,0.5713792261322126,0.68605160395606,0.492175359545939,0.4560473426426179,0.24440136560380787,0.0008426401961994839,0.24379541009520955,0.0008370531914372454,0,
43,nf2018v2,nfbotv2,mlp,0,zero_shot,249999,0.28673513556361013,0.5629458810312974,-0.0013974970868958455,0.5226013042305283,0.4052443384982122,0.5670429370355667,0.5298318869278612,0.19258896323727426,2.5314032457995135e-07,,,,42
43,nf2018v2,nfbotv2,mlp,0.0001,calibrate,211,0.49894904562319464,0.9937119087536106,0.0,0.5782107769371856,1.0,0.004177504252005613,0.0005765282181130482,0.30990098015425294,0.9935975987678578,,,0,
43,nf2018v2,nfbotv2,mlp,0.0001,rethreshold,211,0.004177475490318116,0.5629458810312974,0.0,0.5226013042305283,0.0,0.5670429370355667,0.5298318869278612,0.19258896323727426,2.5314032457995135e-07,0.0,inf,0,
43,nf2018v2,nfbotv2,mlp,0.001,calibrate,2101,0.49894904562319464,0.9937119087536106,0.0,0.5781929913470594,1.0,0.004177005998345241,6.828284199356105e-05,0.30990098015425294,0.9948204668807052,,,0,
43,nf2018v2,nfbotv2,mlp,0.001,rethreshold,2101,0.5491246225457993,0.5629458810312974,0.12686546768241122,0.5226013042305283,0.9380214541120382,0.5670429370355667,0.5298318869278612,0.19258896323727426,2.5314032457995135e-07,0.33269780685756056,1.4440469969579456e-06,0,
43,nf2018v2,nfbotv2,mlp,0.01,calibrate,21000,0.49894904562319464,0.9937119087536106,0.0,0.5781949468578192,1.0,0.004177023642084785,1.4474510916850925e-05,0.30990098015425294,0.9950533050805069,,,0,
43,nf2018v2,nfbotv2,mlp,0.01,rethreshold,21000,0.5447391442545588,0.5629458810312974,0.18680992285121334,0.5226013042305283,0.9511323003575686,0.5670429370355667,0.5298318869278612,0.19258896323727426,2.5314032457995135e-07,0.2606060404654015,1.5489217635853654e-09,0,
43,nf2018v2,nfbotv2,mlp,0.05,calibrate,105000,0.49894904562319464,0.9937119087536106,0.0,0.5781910379587782,1.0,0.004177012929900649,1.9264041757671713e-05,0.30990098015425294,0.9946551263941709,,,0,
43,nf2018v2,nfbotv2,mlp,0.05,rethreshold,105000,0.5447391442545588,0.5629458810312974,0.18680992285121334,0.5226013042305283,0.9511323003575686,0.5670429370355667,0.5298318869278612,0.19258896323727426,2.5314032457995135e-07,0.22467841097267843,3.2204989851507348e-09,0,
43,nf2018v2,nfbotv2,mlp,0.1,calibrate,210001,0.49894904562319464,0.9937119087536106,0.0,0.5781907424248434,1.0,0.004177029118031693,7.550976720860358e-05,0.30990098015425294,0.994501456488244,,,0,
43,nf2018v2,nfbotv2,mlp,0.1,rethreshold,210001,0.5448440239326393,0.5629458810312974,0.1902143316856771,0.5226013042305283,0.9511323003575686,0.5670429370355667,0.5298318869278612,0.19258896323727426,2.5314032457995135e-07,0.2237381253186011,5.702456124132613e-10,0,
43,nfunswv2,nf2018v2,rf,0,zero_shot,250002,0.3380042815010819,0.561509830872376,-0.24580772077228613,0.5072553964737352,0.48393847619695785,0.21859785678849383,0.27978810105949475,0.24594416412097464,0.3233333333333333,,,,50
43,nfunswv2,nf2018v2,rf,0.0001,calibrate,217,0.46853899442765923,0.8261331950887618,0.0,0.5072553964737352,0.0,0.10521273202031108,0.028995300749982356,0.24594416412097464,0.14713291709313125,,,0,
43,nfunswv2,nf2018v2,rf,0.0001,rethreshold,217,0.4369185138632754,0.561509830872376,0.2434298980536776,0.5072553964737352,0.5950023252912285,0.21859785678849383,0.27978810105949475,0.24594416412097464,0.3233333333333333,0.27176634804164745,0.3,0,
43,nfunswv2,nf2018v2,rf,0.001,calibrate,2102,0.46853899442765923,0.8261331950887618,0.0,0.5072553964737352,0.0,0.10436887353522399,0.0010038279765132163,0.24594416412097464,0.11805276885597743,,,0,
43,nfunswv2,nf2018v2,rf,0.001,rethreshold,2102,0.4440461584369419,0.561509830872376,0.24594416412097464,0.5072553964737352,0.5830979684894682,0.21859785678849383,0.27978810105949475,0.24594416412097464,0.3233333333333333,0.24576878255870002,0.3233333333333333,0,
43,nfunswv2,nf2018v2,rf,0.01,calibrate,21001,0.46853899442765923,0.8261331950887618,0.0,0.5072553964737352,0.0,0.10436661122397203,1.797846865148056e-05,0.24594416412097464,0.11728923974431692,,,0,
43,nfunswv2,nf2018v2,rf,0.01,rethreshold,21001,0.4430337664404602,0.561509830872376,0.24535315044196218,0.5072553964737352,0.5846973151393473,0.21859785678849383,0.27978810105949475,0.24594416412097464,0.3233333333333333,0.2428569198903173,0.32,0,
43,nfunswv2,nf2018v2,rf,0.05,calibrate,105000,0.46853899442765923,0.8261331950887618,0.0,0.5072553964737352,0.0,0.10436876756811016,2.211141876795608e-05,0.24594416412097464,0.1169398960551547,,,0,
43,nfunswv2,nf2018v2,rf,0.05,rethreshold,105000,0.4440461584369419,0.561509830872376,0.24594416412097464,0.5072553964737352,0.5830979684894682,0.21859785678849383,0.27978810105949475,0.24594416412097464,0.3233333333333333,0.2449661574299516,0.3233333333333333,0,
43,nfunswv2,nf2018v2,rf,0.1,calibrate,210000,0.46853899442765923,0.8261331950887618,0.0,0.5072553964737352,0.0,0.1043733577404314,8.064880094971194e-06,0.24594416412097464,0.11662102339436756,,,0,
43,nfunswv2,nf2018v2,rf,0.1,rethreshold,210000,0.4440461584369419,0.561509830872376,0.24594416412097464,0.5072553964737352,0.5830979684894682,0.21859785678849383,0.27978810105949475,0.24594416412097464,0.3233333333333333,0.2460744596132127,0.3233333333333333,0,
43,nfunswv2,nfunswv2,rf,0,in_domain,250002,0.9764448476182395,0.9965544696260323,0.9529605067492105,0.9922060579537947,0.0022656176926034856,0.0026037124444444446,0.000671833333333417,0.9535099893253047,0.51,,,,50
43,nfunswv2,nftonv2,rf,0,zero_shot,250002,0.2373219244708094,0.1543611202034678,-0.04736898254276056,0.5835293745209601,0.04718805882996971,0.4038412727063635,0.46266589666281654,0.28908467866229753,0.38333333333333336,,,,50
43,nfunswv2,nftonv2,rf,0.0001,calibrate,213,0.42062190755396933,0.6107334447783608,0.0,0.5835293745209601,1.0,0.1903495368548105,0.09259244422179132,0.28908467866229753,0.769277555789817,,,0,
43,nfunswv2,nftonv2,rf,0.0001,rethreshold,213,0.5994581476753625,0.1543611202034678,0.2678118265927099,0.5835293745209601,0.283767015802343,0.4038412727063635,0.46266589666281654,0.28908467866229753,0.38333333333333336,0.30975485119152724,0.22333333333333333,0,
43,nfunswv2,nftonv2,rf,0.001,calibrate,2100,0.42062190755396933,0.6107334447783608,0.0,0.5835293745209601,1.0,0.18752011207619398,0.08733466293659581,0.28908467866229753,0.7937664359781129,,,0,
43,nfunswv2,nftonv2,rf,0.001,rethreshold,2100,0.5580806535700394,0.1543611202034678,0.28908467866229753,0.5835293745209601,0.13576146855954163,0.4038412727063635,0.46266589666281654,0.28908467866229753,0.38333333333333336,0.2634196866246891,0.38333333333333336,0,
43,nfunswv2,nftonv2,rf,0.01,calibrate,21000,0.42062190755396933,0.6107334447783608,0.0,0.5835293745209601,1.0,0.18646111940292773,0.09266173713675278,0.28908467866229753,0.8133819983459357,,,0,
43,nfunswv2,nftonv2,rf,0.01,rethreshold,21000,0.5529436910413881,0.1543611202034678,0.28884694334955363,0.5835293745209601,0.12652822889675558,0.4038412727063635,0.46266589666281654,0.28908467866229753,0.38333333333333336,0.28486249717193535,0.39,0,
43,nfunswv2,nftonv2,rf,0.05,calibrate,105000,0.42062190755396933,0.6107334447783608,0.0,0.5835293745209601,1.0,0.18654081590007598,0.09534622339909177,0.28908467866229753,0.8104924614641517,,,0,
43,nfunswv2,nftonv2,rf,0.05,rethreshold,105000,0.5580806535700394,0.1543611202034678,0.28908467866229753,0.5835293745209601,0.13576146855954163,0.4038412727063635,0.46266589666281654,0.28908467866229753,0.38333333333333336,0.28328103272648386,0.38333333333333336,0,
43,nfunswv2,nftonv2,rf,0.1,calibrate,210000,0.42062190755396933,0.6107334447783608,0.0,0.5835293745209601,1.0,0.18649020654207277,0.09297792161977458,0.28908467866229753,0.8115900001584937,,,0,
43,nfunswv2,nftonv2,rf,0.1,rethreshold,210000,0.5580806535700394,0.1543611202034678,0.28908467866229753,0.5835293745209601,0.13576146855954163,0.4038412727063635,0.46266589666281654,0.28908467866229753,0.38333333333333336,0.28598892825500316,0.38333333333333336,0,
43,nfunswv2,nfbotv2,rf,0,zero_shot,250002,0.29639652256713256,0.5772766869001984,0.045242000508665704,0.5460189692489088,0.06436233611442194,0.31087422716666663,0.38312705,0.2411583469768678,0.13666666666666666,,,,50
43,nfunswv2,nfbotv2,rf,0.0001,calibrate,211,0.49894904562319464,0.9937119087536106,0.0,0.5460189692489088,1.0,0.004176841519430781,0.0005537437710517734,0.2411583469768678,0.9950389126749046,,,0,
43,nfunswv2,nfbotv2,rf,0.0001,rethreshold,211,0.5340677550537289,0.5772766869001984,0.18092286126987048,0.5460189692489088,0.29797377830750893,0.31087422716666663,0.38312705,0.2411583469768678,0.13666666666666666,0.3093772546815388,0.33666666666666667,0,
43,nfunswv2,nfbotv2,rf,0.001,calibrate,2101,0.49894904562319464,0.9937119087536106,0.0,0.5460189692489088,1.0,0.004167581753454432,8.806064468547259e-05,0.2411583469768678,0.9930738831499075,,,0,
43,nfunswv2,nfbotv2,rf,0.001,rethreshold,2101,0.6093913450665106,0.5772766869001984,0.2411583469768678,0.5460189692489088,0.8438617401668653,0.31087422716666663,0.38312705,0.2411583469768678,0.13666666666666666,0.33150337929696877,0.13666666666666666,0,
43,nfunswv2,nfbotv2,rf,0.01,calibrate,21000,0.49894904562319464,0.9937119087536106,0.0,0.5460189692489088,1.0,0.004110922738123679,0.00043857362151553456,0.2411583469768678,0.9698413473351419,,,0,
43,nfunswv2,nfbotv2,rf,0.01,rethreshold,21000,0.6093913450665106,0.5772766869001984,0.2411583469768678,0.5460189692489088,0.8438617401668653,0.31087422716666663,0.38312705,0.2411583469768678,0.13666666666666666,0.2777170168526696,0.13666666666666666,0,
43,nfunswv2,nfbotv2,rf,0.05,calibrate,105000,0.49894904562319464,0.9937119087536106,0.0,0.5460189692489088,1.0,0.004077895414521387,0.0015378519812612964,0.2411583469768678,0.9310017994147202,,,0,
43,nfunswv2,nfbotv2,rf,0.05,rethreshold,105000,0.6093913450665106,0.5772766869001984,0.2411583469768678,0.5460189692489088,0.8438617401668653,0.31087422716666663,0.38312705,0.2411583469768678,0.13666666666666666,0.23764144202941712,0.13666666666666666,0,
43,nfunswv2,nfbotv2,rf,0.1,calibrate,210001,0.49894904562319464,0.9937119087536106,0.0,0.5460189692489088,1.0,0.004088683021383092,0.0018302907346311073,0.2411583469768678,0.9105116416525885,,,0,
43,nfunswv2,nfbotv2,rf,0.1,rethreshold,210001,0.6093913450665106,0.5772766869001984,0.2411583469768678,0.5460189692489088,0.8438617401668653,0.31087422716666663,0.38312705,0.2411583469768678,0.13666666666666666,0.2590271069689192,0.13666666666666666,0,
43,nfunswv2,nf2018v2,lgbm,0,zero_shot,250002,0.44694374481002797,0.774674325285531,-0.1058606237455043,0.41708214713041425,0.11707557763636982,0.19179912196380416,0.14226020781764098,0.05668448951164967,0.9898604296804467,,,,12
43,nfunswv2,nf2018v2,lgbm,0.0001,calibrate,217,0.46853899442765923,0.8261331950887618,0.0,0.7078656891176495,0.0,0.10090007789410872,0.0491442421304653,0.5975678736425873,0.17470680898375024,,,0,
43,nfunswv2,nf2018v2,lgbm,0.0001,rethreshold,217,0.47155523076902667,0.774674325285531,-0.026417661077360804,0.41708214713041425,0.020213019362303058,0.19179912196380416,0.14226020781764098,0.05668448951164967,0.9898604296804467,0.06206646387161356,0.8963917309952478,0,
43,nfunswv2,nf2018v2,lgbm,0.001,calibrate,2102,0.46853899442765923,0.8261331950887618,0.0,0.7078656891176495,0.0,0.09724358054199349,0.03863921008133851,0.5975678736425873,0.1760552833168252,,,0,
43,nfunswv2,nf2018v2,lgbm,0.001,rethreshold,2102,0.12456367017792543,0.774674325285531,0.014101018766364753,0.41708214713041425,0.9812672270051384,0.19179912196380416,0.14226020781764098,0.05668448951164967,0.9898604296804467,0.039758948802826995,4.2795234758557706e-05,0,
43,nfunswv2,nf2018v2,lgbm,0.01,calibrate,21001,0.46853899442765923,0.8261331950887618,0.0,0.7078656891176495,0.0,0.09647450883390297,0.01842170468186965,0.5975678736425873,0.1881218160470186,,,0,
43,nfunswv2,nf2018v2,lgbm,0.01,rethreshold,21001,0.47362759925180387,0.774674325285531,0.055729611708531426,0.41708214713041425,0.00020984335477138418,0.19179912196380416,0.14226020781764098,0.05668448951164967,0.9898604296804467,0.06512816295110961,0.9907218554651943,0,
43,nfunswv2,nf2018v2,lgbm,0.05,calibrate,105000,0.46853899442765923,0.8261331950887618,0.0,0.7078656891176495,0.0,0.09640117978210253,0.017230157803106647,0.5975678736425873,0.18911621872664788,,,0,
43,nfunswv2,nf2018v2,lgbm,0.05,rethreshold,105000,0.47439912302530485,0.774674325285531,0.05558414010439685,0.41708214713041425,0.0003629722893342861,0.19179912196380416,0.14226020781764098,0.05668448951164967,0.9898604296804467,0.06273249605754289,0.9869259921462075,0,
43,nfunswv2,nf2018v2,lgbm,0.1,calibrate,210000,0.46853899442765923,0.8261331950887618,0.0,0.7078656891176495,0.0,0.0963692582215589,0.016916725133235687,0.5975678736425873,0.18925507282650622,,,0,
43,nfunswv2,nf2018v2,lgbm,0.1,rethreshold,210000,0.47439912302530485,0.774674325285531,0.05558414010439685,0.41708214713041425,0.0003629722893342861,0.19179912196380416,0.14226020781764098,0.05668448951164967,0.9898604296804467,0.05801481361177648,0.9869259921462075,0,
43,nfunswv2,nfunswv2,lgbm,0,in_domain,250002,0.9754604737036945,0.9964053762259849,0.9510310109420284,0.9931849148311657,0.0024630797850781014,0.002709450107579877,0.0011753822155854674,0.9518261013046448,0.6142296546097672,,,,12
43,nfunswv2,nftonv2,lgbm,0,zero_shot,250002,0.22213013755584574,0.13365471677802168,-0.09649296916017014,0.4815608806441333,0.0455822780190504,0.7084267177765857,0.7108664826419847,0.14976005434433165,0.0001263333550361445,,,,12
43,nfunswv2,nftonv2,lgbm,0.0001,calibrate,213,0.42062190755396933,0.6107334447783608,0.0,0.5428806093261951,1.0,0.19848646047387836,0.004860474027276425,0.16998091839815194,0.7292111170206869,,,0,
43,nfunswv2,nftonv2,lgbm,0.0001,rethreshold,213,0.4647266764377859,0.13365471677802168,0.14853200260586197,0.4815608806441333,0.9556220575891391,0.7084267177765857,0.7108664826419847,0.14976005434433165,0.0001263333550361445,0.22615630759741082,0.000111122003451663,0,
43,nfunswv2,nftonv2,lgbm,0.001,calibrate,2100,0.4403013149195712,0.621344766705631,0.06261131812528856,0.5428806093261951,0.9793803145870589,0.19714336716154243,0.03743008786719053,0.16998091839815194,0.7341274532800001,,,0,
43,nfunswv2,nftonv2,lgbm,0.001,rethreshold,2100,0.4724918485206386,0.13365471677802168,0.14381886828902163,0.4815608806441333,0.9459873727236232,0.7084267177765857,0.7108664826419847,0.14976005434433165,0.0001263333550361445,0.1776202029316413,0.00015671098345725436,0,
43,nfunswv2,nftonv2,lgbm,0.01,calibrate,21000,0.45075941984986057,0.6266996898004616,0.07281184191560965,0.5428806093261951,0.967318710995949,0.1970528902250128,0.007090618608818065,0.16998091839815194,0.7353147568333558,,,0,
43,nfunswv2,nftonv2,lgbm,0.01,rethreshold,21000,0.46829098636520294,0.13365471677802168,0.14976005434433165,0.4815608806441333,0.9515163680157659,0.7084267177765857,0.7108664826419847,0.14976005434433165,0.0001263333550361445,0.14889070121811834,0.0001263085038771724,0,
43,nfunswv2,nftonv2,lgbm,0.05,calibrate,105000,0.4512726915061651,0.6269319768979232,0.07272727318784844,0.5428806093261951,0.9666618006642094,0.19705642455260267,0.011621623567648303,0.16998091839815194,0.7357320455063482,,,0,
43,nfunswv2,nftonv2,lgbm,0.05,rethreshold,105000,0.4672894722287408,0.13365471677802168,0.1492125286966559,0.4815608806441333,0.9526659610963103,0.7084267177765857,0.7108664826419847,0.14976005434433165,0.0001263333550361445,0.1506585288868928,0.0001217252147152451,0,
43,nfunswv2,nftonv2,lgbm,0.1,calibrate,210000,0.45011970684993985,0.6263456721909347,0.07165391046693065,0.5428806093261951,0.9680303638553337,0.19705172704085927,0.009012591804443842,0.16998091839815194,0.7353933159040287,,,0,
43,nfunswv2,nftonv2,lgbm,0.1,rethreshold,210000,0.4665757707154511,0.13365471677802168,0.14921326326794854,0.4815608806441333,0.9535053465202,0.7084267177765857,0.7108664826419847,0.14976005434433165,0.0001263333550361445,0.15284576911759468,0.00011866356394735558,0,
43,nfunswv2,nfbotv2,lgbm,0,zero_shot,250002,0.2503827516185633,0.4911987107120486,-0.009007101278766277,0.5214165341653092,0.3933253873659118,0.46658978914614235,0.4531346859520757,0.20514703600334394,0.01614019173127705,,,,12
43,nfunswv2,nfbotv2,lgbm,0.0001,calibrate,211,0.49894904562319464,0.9937119087536106,0.0,0.503366732263492,1.0,0.004177943837765889,0.0006036584334169204,0.10335635797193764,0.9950451709090585,,,0,
43,nfunswv2,nfbotv2,lgbm,0.0001,rethreshold,211,0.2961042952728671,0.4911987107120486,0.0008514334466402566,0.5214165341653092,0.4064362336114422,0.46658978914614235,0.4531346859520757,0.20514703600334394,0.01614019173127705,0.05667800340113373,0.4277082284449693,0,
43,nfunswv2,nfbotv2,lgbm,0.001,calibrate,2101,0.49894904562319464,0.9937119087536106,0.0,0.503366732263492,1.0,0.004177637667163937,2.980870417879089e-05,0.10335635797193764,0.9955680747309552,,,0,
43,nfunswv2,nfbotv2,lgbm,0.001,rethreshold,2101,0.5818181818181818,0.4911987107120486,0.20514703600334394,0.5214165341653092,0.5899880810488677,0.46658978914614235,0.4531346859520757,0.20514703600334394,0.01614019173127705,0.21319745924066447,0.01614019173127705,0,
43,nfunswv2,nfbotv2,lgbm,0.01,calibrate,21000,0.49894904562319464,0.9937119087536106,0.0,0.5214165341653092,1.0,0.004174417616695011,8.698433333231836e-05,0.20514703600334394,0.9934600956038793,,,0,
43,nfunswv2,nfbotv2,lgbm,0.01,rethreshold,21000,0.5817704876286385,0.4911987107120486,0.20483732485486653,0.5214165341653092,0.5911799761620977,0.46658978914614235,0.4531346859520757,0.20514703600334394,0.01614019173127705,0.19443694450116375,0.01586100284014407,0,
43,nfunswv2,nfbotv2,lgbm,0.05,calibrate,105000,0.49894904562319464,0.9937119087536106,0.0,0.5214165341653092,1.0,0.004174403745070112,8.408289862338325e-05,0.20514703600334394,0.9934509638521501,,,0,
43,nfunswv2,nfbotv2,lgbm,0.05,rethreshold,105000,0.5817704876286385,0.4911987107120486,0.20483732485486653,0.5214165341653092,0.5911799761620977,0.46658978914614235,0.4531346859520757,0.20514703600334394,0.01614019173127705,0.19199969116057988,0.015678146142236598,0,
43,nfunswv2,nfbotv2,lgbm,0.1,calibrate,210001,0.49894904562319464,0.9937119087536106,0.0,0.5214165341653092,1.0,0.004174391713057485,8.968844047241298e-05,0.20514703600334394,0.9934307517187312,,,0,
43,nfunswv2,nfbotv2,lgbm,0.1,rethreshold,210001,0.5817704876286385,0.4911987107120486,0.20483732485486653,0.5214165341653092,0.5911799761620977,0.46658978914614235,0.4531346859520757,0.20514703600334394,0.01614019173127705,0.20176170964273724,0.015678146142236598,0,
43,nfunswv2,nf2018v2,mlp,0,zero_shot,250002,0.41012877444725065,0.7169833004339771,-0.173289670038414,0.45595954481743817,0.2254057916765917,0.2693976700065117,0.2838477305229133,0.13967775907268223,7.33005172522825e-47,,,,32
43,nfunswv2,nf2018v2,mlp,0.0001,calibrate,217,0.46853899442765923,0.8261331950887618,0.0,0.5701082840270957,0.0,0.10281391898753284,0.02676020631204797,0.28058418514688827,0.16407398404408638,,,0,
43,nfunswv2,nf2018v2,mlp,0.0001,rethreshold,217,0.26701179602279573,0.7169833004339771,0.13741375044878554,0.45595954481743817,0.8278717346672565,0.2693976700065117,0.2838477305229133,0.13967775907268223,7.33005172522825e-47,0.13993785930589098,1.8137195533908577e-47,0,
43,nfunswv2,nf2018v2,mlp,0.001,calibrate,2102,0.46853899442765923,0.8261331950887618,0.0,0.5700910516073391,0.0,0.10222326277580739,0.03389155321895148,0.28058418514688827,0.14509234463634232,,,0,
43,nfunswv2,nf2018v2,mlp,0.001,rethreshold,2102,0.27693963477078903,0.7169833004339771,0.13514842898418425,0.45595954481743817,0.8142205737230749,0.2693976700065117,0.2838477305229133,0.13967775907268223,7.33005172522825e-47,0.14581082907146461,8.641839622917049e-47,0,
43,nfunswv2,nf2018v2,mlp,0.01,calibrate,21001,0.46853899442765923,0.8261331950887618,0.0,0.5700912184803988,0.0,0.10228896984430151,0.03408335088939327,0.28058418514688827,0.14643938691558445,,,0,
43,nfunswv2,nf2018v2,mlp,0.01,rethreshold,21001,0.27698510085601497,0.7169833004339771,0.13949297883553904,0.45595954481743817,0.8149805469538685,0.2693976700065117,0.2838477305229133,0.13967775907268223,7.33005172522825e-47,0.14123826516103813,7.443937102682899e-47,0,
43,nfunswv2,nf2018v2,mlp,0.05,calibrate,105000,0.46853899442765923,0.8261331950887618,0.0,0.5700917223052613,0.0,0.10228904299162755,0.03391673359760475,0.28058418514688827,0.1469278633495845,,,0,
43,nfunswv2,nf2018v2,mlp,0.05,rethreshold,105000,0.2769512140754874,0.7169833004339771,0.1396426350701272,0.45595954481743817,0.8150542757001396,0.2693976700065117,0.2838477305229133,0.13967775907268223,7.33005172522825e-47,0.13771158043570278,7.34520875115912e-47,0,
43,nfunswv2,nf2018v2,mlp,0.1,calibrate,210000,0.46853899442765923,0.8261331950887618,0.0,0.5700917199732746,0.0,0.10228194372593395,0.03391484531165702,0.28058418514688827,0.14659909892891063,,,0,
43,nfunswv2,nf2018v2,mlp,0.1,rethreshold,210000,0.27695190266351166,0.7169833004339771,0.13967775907268223,0.45595954481743817,0.8150599471421603,0.2693976700065117,0.2838477305229133,0.13967775907268223,7.33005172522825e-47,0.13787808350558348,7.322209936735728e-47,0,
43,nfunswv2,nfunswv2,mlp,0,in_domain,250002,0.9680054820355561,0.995278150694058,0.9364592041748753,0.9839309632288835,0.003689423306762557,0.003788721844612654,0.0015728804217831737,0.9378675736558845,0.4596305223832666,,,,32
43,nfunswv2,nftonv2,mlp,0,zero_shot,250002,0.2170584093103514,0.12252993347910311,-0.056897736601599906,0.5321413284401393,0.014543264844348746,0.7034427996625858,0.7092331414941396,0.23288360530054927,0.003002648951048369,,,,32
43,nfunswv2,nftonv2,mlp,0.0001,calibrate,213,0.42062190755396933,0.6107334447783608,0.0,0.5321500621479289,1.0,0.1990475199485446,0.0075040901773010425,0.23288360530054927,0.7265176678051746,,,0,
43,nfunswv2,nftonv2,mlp,0.0001,rethreshold,213,0.5227607479205928,0.12252993347910311,0.22539534732593544,0.5321413284401393,0.16990255830079193,0.7034427996625858,0.7092331414941396,0.23288360530054927,0.003002648951048369,0.2354543910679902,0.002660498471556341,0,
43,nfunswv2,nftonv2,mlp,0.001,calibrate,2100,0.42062190755396933,0.6107334447783608,0.0,0.4852703090594706,1.0,0.19873637857431425,0.009895926826378233,0.10804221537620859,0.7031466350794093,,,0,
43,nfunswv2,nftonv2,mlp,0.001,rethreshold,2100,0.5039244448897093,0.12252993347910311,0.2242616194979167,0.5321413284401393,0.1376592095179008,0.7034427996625858,0.7092331414941396,0.23288360530054927,0.003002648951048369,0.2295396626041215,0.00519157603889066,0,
43,nfunswv2,nftonv2,mlp,0.01,calibrate,21000,0.42062190755396933,0.6107334447783608,0.0,0.4852703090684627,1.0,0.19868559673403816,0.008877387837734943,0.10804221537620859,0.691881366823946,,,0,
43,nfunswv2,nftonv2,mlp,0.01,rethreshold,21000,0.5167704437358671,0.12252993347910311,0.23140312219090256,0.5321413284401393,0.14937411043392576,0.7034427996625858,0.7092331414941396,0.23288360530054927,0.003002648951048369,0.23122224218756154,0.003667682399961335,0,
43,nfunswv2,nftonv2,mlp,0.05,calibrate,105000,0.42062190755396933,0.6107334447783608,0.0,0.485270311260668,1.0,0.1986773452571384,0.007645309903857546,0.10804221537620859,0.6889479696738567,,,0,
43,nfunswv2,nftonv2,mlp,0.05,rethreshold,105000,0.5205835475128088,0.12252993347910311,0.2322592304272881,0.5321413284401393,0.15499434327214334,0.7034427996625858,0.7092331414941396,0.23288360530054927,0.003002648951048369,0.22968473314233906,0.00315265641827221,0,
43,nfunswv2,nftonv2,mlp,0.1,calibrate,210000,0.42062190755396933,0.6107334447783608,0.0,0.4852703135157076,1.0,0.1986825055536241,0.00838749413918601,0.10804221537620859,0.6909902104350971,,,0,
43,nfunswv2,nftonv2,mlp,0.1,rethreshold,210000,0.5207096163235103,0.12252993347910311,0.2323741681454537,0.5321413284401393,0.15504908579978832,0.7034427996625858,0.7092331414941396,0.23288360530054927,0.003002648951048369,0.23032472141446925,0.0031446882326237415,0,
43,nfunswv2,nfbotv2,mlp,0,zero_shot,250002,0.011171394719062543,0.014063965102246305,-0.0091897756412218,0.49768042177917454,0.01907032181168057,0.9867165405452718,0.9868441970735198,0.28440536249073317,1.8915230568023546e-52,,,,32
43,nfunswv2,nfbotv2,mlp,0.0001,calibrate,211,0.49894904562319464,0.9937119087536106,0.0,0.4979031377832849,1.0,0.0041777620999942046,0.0005994543936480579,0.00012766609255093073,0.9952113771536925,,,0,
43,nfunswv2,nfbotv2,mlp,0.0001,rethreshold,211,0.5705552331831163,0.014063965102246305,0.14411859038194114,0.49768042177917454,0.8188319427890346,0.9867165405452718,0.9868441970735198,0.28440536249073317,1.8915230568023546e-52,0.5745944049142231,9.177823344556772e-48,0,
43,nfunswv2,nfbotv2,mlp,0.001,calibrate,2101,0.49894904562319464,0.9937119087536106,0.0,0.4978177106439297,1.0,0.004177440823108991,0.00015943686540387247,0.00012766609255093073,0.9957451081468219,,,0,
43,nfunswv2,nfbotv2,mlp,0.001,rethreshold,2101,0.591791809740886,0.014063965102246305,0.25026095827814754,0.49768042177917454,0.8891537544696066,0.9867165405452718,0.9868441970735198,0.28440536249073317,1.8915230568023546e-52,0.5765241057291646,1.3512162272001597e-51,0,
43,nfunswv2,nfbotv2,mlp,0.01,calibrate,21000,0.49894904562319464,0.9937119087536106,0.0,0.5061261110734222,1.0,0.0041770330595266225,1.1917627985580381e-05,0.08274654920889642,0.9958909196492305,,,0,
43,nfunswv2,nfbotv2,mlp,0.01,rethreshold,21000,0.5931218529481682,0.014063965102246305,0.276717789832711,0.49768042177917454,0.8915375446960667,0.9867165405452718,0.9868441970735198,0.28440536249073317,1.8915230568023546e-52,0.3377589064742295,3.2041701090513676e-52,0,
43,nfunswv2,nfbotv2,mlp,0.05,calibrate,105000,0.49894904562319464,0.9937119087536106,0.0,0.506225980898552,1.0,0.004177406559650606,6.90095654595213e-05,0.08273636581334656,0.9957360019156836,,,0,
43,nfunswv2,nfbotv2,mlp,0.05,rethreshold,105000,0.5931218529481682,0.014063965102246305,0.276717789832711,0.49768042177917454,0.8915375446960667,0.9867165405452718,0.9868441970735198,0.28440536249073317,1.8915230568023546e-52,0.30074326595675316,3.2041701090513676e-52,0,
43,nfunswv2,nfbotv2,mlp,0.1,calibrate,210001,0.49894904562319464,0.9937119087536106,0.0,0.49787174763232594,1.0,0.004177410131508071,7.405952350236777e-05,0.00012766609255093073,0.9957509013083832,,,0,
43,nfunswv2,nfbotv2,mlp,0.1,rethreshold,210001,0.5922201428685856,0.014063965102246305,0.28440536249073317,0.49768042177917454,0.8939213349225268,0.9867165405452718,0.9868441970735198,0.28440536249073317,1.8915230568023546e-52,0.2939450185819081,1.5727709739817232e-52,0,
43,nftonv2,nf2018v2,rf,0,zero_shot,250001,0.5694796449920014,0.8152908660039256,0.13973410099776581,0.5368823741580714,0.11608307528272138,0.16259955022447112,0.13370839812467605,0.2084563334484817,0.17666666666666667,,,,139
43,nftonv2,nf2018v2,rf,0.0001,calibrate,217,0.46853899442765923,0.8261331950887618,0.0,0.5368823741580714,0.0,0.1038438299081233,0.06276979528975543,0.2084563334484817,0.1320130082620049,,,0,
43,nftonv2,nf2018v2,rf,0.0001,rethreshold,217,0.5840567152484933,0.8152908660039256,0.1682599308937495,0.5368823741580714,0.09290956318553556,0.16259955022447112,0.13370839812467605,0.2084563334484817,0.17666666666666667,0.259507906010305,0.5733333333333334,0,
43,nftonv2,nf2018v2,rf,0.001,calibrate,2102,0.46853899442765923,0.8261331950887618,0.0,0.5368823741580714,0.0,0.10309759396096771,0.06710498837084575,0.2084563334484817,0.10034896950151943,,,0,
43,nftonv2,nf2018v2,rf,0.001,rethreshold,2102,0.38550364577117924,0.8152908660039256,0.2084563334484817,0.5368823741580714,0.6706707047333855,0.16259955022447112,0.13370839812467605,0.2084563334484817,0.17666666666666667,0.20654857603858545,0.17666666666666667,0,
43,nftonv2,nf2018v2,rf,0.01,calibrate,21001,0.46853899442765923,0.8261331950887618,0.0,0.5368823741580714,0.0,0.1030560092711183,0.048276824066420115,0.2084563334484817,0.0989456999742831,,,0,
43,nftonv2,nf2018v2,rf,0.01,rethreshold,21001,0.38550364577117924,0.8152908660039256,0.2084563334484817,0.5368823741580714,0.6706707047333855,0.16259955022447112,0.13370839812467605,0.2084563334484817,0.17666666666666667,0.2059199233927984,0.17666666666666667,0,
43,nftonv2,nf2018v2,rf,0.05,calibrate,105000,0.46853899442765923,0.8261331950887618,0.0,0.5368823741580714,0.0,0.10306674636244571,0.03423121622489231,0.2084563334484817,0.09844912390369047,,,0,
43,nftonv2,nf2018v2,rf,0.05,rethreshold,105000,0.38550364577117924,0.8152908660039256,0.2084563334484817,0.5368823741580714,0.6706707047333855,0.16259955022447112,0.13370839812467605,0.2084563334484817,0.17666666666666667,0.20783834687781064,0.17666666666666667,0,
43,nftonv2,nf2018v2,rf,0.1,calibrate,210000,0.46853899442765923,0.8261331950887618,0.0,0.5368823741580714,0.0,0.10305410510592547,0.033745690019557364,0.2084563334484817,0.09860532616135904,,,0,
43,nftonv2,nf2018v2,rf,0.1,rethreshold,210000,0.38550364577117924,0.8152908660039256,0.2084563334484817,0.5368823741580714,0.6706707047333855,0.16259955022447112,0.13370839812467605,0.2084563334484817,0.17666666666666667,0.2082772400575166,0.17666666666666667,0,
43,nftonv2,nfunswv2,rf,0,zero_shot,250001,0.5111653726654848,0.9078602167187194,0.0343887390455592,0.49480763091278146,0.08245601272071586,0.11426684533333333,0.1716244333333333,0.09714195225953896,0.36,,,,139
43,nftonv2,nfunswv2,rf,0.0001,calibrate,144,0.49037055157195203,0.943678896856096,0.0,0.49480763091278146,0.0,0.037371131227821174,0.031723363734513566,0.09714195225953896,0.07025029536046949,,,0,
43,nftonv2,nfunswv2,rf,0.0001,rethreshold,144,0.5290893903071325,0.9078602167187194,0.07842948162294124,0.49480763091278146,0.08926845491109009,0.11426684533333333,0.1716244333333333,0.09714195225953896,0.36,0.199915846310606,0.4166666666666667,0,
43,nftonv2,nfunswv2,rf,0.001,calibrate,1392,0.49037055157195203,0.943678896856096,0.0,0.5235033972038754,0.0,0.03636192734351394,0.0009329757013835094,0.1568366149699453,0.040249483635413176,,,0,
43,nftonv2,nfunswv2,rf,0.001,rethreshold,1392,0.5327163271054466,0.9078602167187194,0.09016197537181879,0.49480763091278146,0.09444923665312147,0.11426684533333333,0.1716244333333333,0.09714195225953896,0.36,0.09678321512096431,0.3933333333333333,0,
43,nftonv2,nfunswv2,rf,0.01,calibrate,13907,0.49037055157195203,0.943678896856096,0.0,0.5235033972038754,0.0,0.03636046815705533,0.002954863548736775,0.1568366149699453,0.04172742697729482,,,0,
43,nftonv2,nfunswv2,rf,0.01,rethreshold,13907,0.5297180058421307,0.9078602167187194,0.09604723472412373,0.49480763091278146,0.11255339271053097,0.11426684533333333,0.1716244333333333,0.09714195225953896,0.36,0.0873161570786454,0.35,0,
43,nftonv2,nfunswv2,rf,0.05,calibrate,69537,0.49037055157195203,0.943678896856096,0.0,0.5235033972038754,0.0,0.03636070437330396,0.0007948060849770293,0.1568366149699453,0.040353665070543825,,,0,
43,nftonv2,nfunswv2,rf,0.05,rethreshold,69537,0.5326961653999012,0.9078602167187194,0.09701778372217693,0.49480763091278146,0.10421841385976034,0.11426684533333333,0.1716244333333333,0.09714195225953896,0.36,0.09472023416429033,0.36333333333333334,0,
43,nftonv2,nfunswv2,rf,0.1,calibrate,139072,0.49037055157195203,0.943678896856096,0.0,0.5235033972038754,0.0,0.03636140047753503,3.461200231891226e-05,0.1568366149699453,0.03854657649876165,,,0,
43,nftonv2,nfunswv2,rf,0.1,rethreshold,139072,0.5326961653999012,0.9078602167187194,0.09701778372217693,0.49480763091278146,0.10421841385976034,0.11426684533333333,0.1716244333333333,0.09714195225953896,0.36,0.0998730442880665,0.36333333333333334,0,
43,nftonv2,nftonv2,rf,0,in_domain,250001,0.9912179648337214,0.9930234406486331,0.9824621145227678,0.9983242434631774,0.01797379657676727,0.005542084765979385,0.002713896902817747,0.9830595470728987,0.5566666666666666,,,,139
43,nftonv2,nfbotv2,rf,0,zero_shot,250001,0.037734835222979726,0.06675657760473444,0.004671397242166616,0.5144694704850781,0.021454112038140644,0.5648071915555556,0.7264417666666669,0.1437175002842556,0.03,,,,139
43,nftonv2,nfbotv2,rf,0.0001,calibrate,211,0.49894904562319464,0.9937119087536106,0.0,0.5069332722658647,1.0,0.004177784155279395,0.0005939081338555141,0.11461118092166811,0.9951711746210311,,,0,
43,nftonv2,nfbotv2,rf,0.0001,rethreshold,211,0.22762260546580607,0.06675657760473444,0.01731707986406096,0.5144694704850781,0.16567342073897498,0.5648071915555556,0.7264417666666669,0.1437175002842556,0.03,0.046556285125953334,0.30333333333333334,0,
43,nftonv2,nfbotv2,rf,0.001,calibrate,2101,0.49894904562319464,0.9937119087536106,0.0,0.5144694704850781,1.0,0.0041770953245448515,6.24073495703037e-05,0.1437175002842556,0.9955268889145149,,,0,
43,nftonv2,nfbotv2,rf,0.001,rethreshold,2101,0.5049409243048849,0.06675657760473444,0.08113119339117328,0.5144694704850781,0.6221692491060786,0.5648071915555556,0.7264417666666669,0.1437175002842556,0.03,0.06544173084192569,0.17666666666666667,0,
43,nftonv2,nfbotv2,rf,0.01,calibrate,21000,0.49894904562319464,0.9937119087536106,0.0,0.5144694704850781,1.0,0.004175588227965639,5.508937361586863e-05,0.1437175002842556,0.9944117948601394,,,0,
43,nftonv2,nfbotv2,rf,0.01,rethreshold,21000,0.5264906854741502,0.06675657760473444,0.1437175002842556,0.5144694704850781,0.9713945172824792,0.5648071915555556,0.7264417666666669,0.1437175002842556,0.03,0.21277380626875764,0.03,0,
43,nftonv2,nfbotv2,rf,0.05,calibrate,105000,0.49894904562319464,0.9937119087536106,0.0,0.5144694704850781,1.0,0.004175630921030041,4.3697861769054214e-05,0.1437175002842556,0.9943532300184823,,,0,
43,nftonv2,nfbotv2,rf,0.05,rethreshold,105000,0.5264906854741502,0.06675657760473444,0.1437175002842556,0.5144694704850781,0.9713945172824792,0.5648071915555556,0.7264417666666669,0.1437175002842556,0.03,0.13178573280303665,0.03,0,
43,nftonv2,nfbotv2,rf,0.1,calibrate,210001,0.49894904562319464,0.9937119087536106,0.0,0.5144694704850781,1.0,0.004175606371088103,4.713191920191484e-05,0.1437175002842556,0.9944214072842494,,,0,
43,nftonv2,nfbotv2,rf,0.1,rethreshold,210001,0.5264906854741502,0.06675657760473444,0.1437175002842556,0.5144694704850781,0.9713945172824792,0.5648071915555556,0.7264417666666669,0.1437175002842556,0.03,0.1317104154783166,0.03,0,
43,nftonv2,nf2018v2,lgbm,0,zero_shot,250001,0.4844497104824213,0.7281936737209402,0.00263280135672583,0.45216658453899766,0.261714363494062,0.2708357995763933,0.23007467302287948,0.0799351113074324,0.9971360512476242,,,,10
43,nftonv2,nf2018v2,lgbm,0.0001,calibrate,217,0.46853899442765923,0.8261331950887618,0.0,0.6517710188380246,0.0,0.10518437283858525,0.0349758020963091,0.45270240758310215,0.15828830748928446,,,0,
43,nftonv2,nf2018v2,lgbm,0.0001,rethreshold,217,0.5172985653399526,0.7281936737209402,0.034622578306844086,0.45216658453899766,0.11129637821712549,0.2708357995763933,0.23007467302287948,0.0799351113074324,0.9971360512476242,0.13132147394067273,0.947687397468095,0,
43,nftonv2,nf2018v2,lgbm,0.001,calibrate,2102,0.46853899442765923,0.8261331950887618,0.0,0.6517710188380246,0.0,0.10430330844336157,0.0008488635902089703,0.45270240758310215,0.1262613107394985,,,0,
43,nftonv2,nf2018v2,lgbm,0.001,rethreshold,2102,0.532942365167231,0.7281936737209402,0.0667160773781579,0.45216658453899766,0.12730685904198003,0.2708357995763933,0.23007467302287948,0.0799351113074324,0.9971360512476242,0.079821046557153,0.9191198990806224,0,
43,nftonv2,nf2018v2,lgbm,0.01,calibrate,21001,0.46853899442765923,0.8261331950887618,0.0,0.6517710188380246,0.0,0.10430767411665073,1.2445227466684194e-05,0.45270240758310215,0.1239219253631882,,,0,
43,nftonv2,nf2018v2,lgbm,0.01,rethreshold,21001,0.47741873999953,0.7281936737209402,0.07243010278120131,0.45216658453899766,0.00041401526752192014,0.2708357995763933,0.23007467302287948,0.0799351113074324,0.9971360512476242,0.0876944213351039,0.9983859478156311,0,
43,nftonv2,nf2018v2,lgbm,0.05,calibrate,105000,0.46853899442765923,0.8261331950887618,0.0,0.6517710188380246,0.0,0.10430715300437583,2.485065601731673e-05,0.45270240758310215,0.12400818619607788,,,0,
43,nftonv2,nf2018v2,lgbm,0.05,rethreshold,105000,0.4807121108018762,0.7281936737209402,0.07858493501485833,0.45216658453899766,0.0008507163031272331,0.2708357995763933,0.23007467302287948,0.0799351113074324,0.9971360512476242,0.07900357305277209,0.997360788730092,0,
43,nftonv2,nf2018v2,lgbm,0.1,calibrate,210000,0.46853899442765923,0.8261331950887618,0.0,0.6517710188380246,0.0,0.10430627059041246,9.392621527326561e-06,0.45270240758310215,0.1242032193351469,,,0,
43,nftonv2,nf2018v2,lgbm,0.1,rethreshold,210000,0.481311945207493,0.7281936737209402,0.07945624792933167,0.45216658453899766,0.0009471308174816529,0.2708357995763933,0.23007467302287948,0.0799351113074324,0.9971360512476242,0.07732415486726121,0.9972387931499088,0,
43,nftonv2,nfunswv2,lgbm,0,zero_shot,250001,0.4125575775232773,0.7318535936565007,-0.003330571726915607,0.5029026615208403,0.37455441119921845,0.31133585601425673,0.25805755945640063,0.056243713400783685,0.9998198771169146,,,,10
43,nftonv2,nfunswv2,lgbm,0.0001,calibrate,144,0.49037055157195203,0.943678896856096,0.0,0.49964879827884073,0.0,0.037350715665873196,0.03147823686246832,0.03447744746832657,0.07140627328111804,,,0,
43,nftonv2,nfunswv2,lgbm,0.0001,rethreshold,144,0.13583801296987097,0.7318535936565007,0.011018018449781196,0.5029026615208403,0.8898733124785649,0.31133585601425673,0.25805755945640063,0.056243713400783685,0.9998198771169146,0.09658342616078197,0.008153631327409736,0,
43,nftonv2,nfunswv2,lgbm,0.001,calibrate,1392,0.49037055157195203,0.943678896856096,0.0,0.49964879827884073,0.0,0.03636080122053654,0.000919903663547883,0.03447744746832657,0.04099989452862668,,,0,
43,nftonv2,nfunswv2,lgbm,0.001,rethreshold,1392,0.07907375486103574,0.7318535936565007,0.03246915993618761,0.5029026615208403,0.956719427152077,0.31133585601425673,0.25805755945640063,0.056243713400783685,0.9998198771169146,0.045878947520291806,0.002015305949046338,0,
43,nftonv2,nfunswv2,lgbm,0.01,calibrate,13907,0.49037055157195203,0.943678896856096,0.0,0.49964879827884073,0.0,0.03635923942098209,8.381735722906569e-05,0.03447744746832657,0.03965875615058194,,,0,
43,nftonv2,nfunswv2,lgbm,0.01,rethreshold,13907,0.4944372714917338,0.7318535936565007,0.04268390368647147,0.5029026615208403,0.00016108749649244966,0.31133585601425673,0.25805755945640063,0.056243713400783685,0.9998198771169146,0.06338711869116877,0.9998178017210486,0,
43,nftonv2,nfunswv2,lgbm,0.05,calibrate,69537,0.49037055157195203,0.943678896856096,0.0,0.49964879827884073,0.0,0.036359396590553726,1.9812285919407202e-05,0.03447744746832657,0.03981738566736037,,,0,
43,nftonv2,nfunswv2,lgbm,0.05,rethreshold,69537,0.49448129510741257,0.7318535936565007,0.056243713400783685,0.5029026615208403,3.637459598216606e-05,0.31133585601425673,0.25805755945640063,0.056243713400783685,0.9998198771169146,0.06898394578357836,0.9998198771169146,0,
43,nftonv2,nfunswv2,lgbm,0.1,calibrate,139072,0.49037055157195203,0.943678896856096,0.0,0.49964879827884073,0.0,0.03635900617895607,3.930810739938284e-05,0.03447744746832657,0.03883627434189595,,,0,
43,nftonv2,nfunswv2,lgbm,0.1,rethreshold,139072,0.49448129510741257,0.7318535936565007,0.056243713400783685,0.5029026615208403,3.637459598216606e-05,0.31133585601425673,0.25805755945640063,0.056243713400783685,0.9998198771169146,0.059225570159504505,0.9998198771169146,0,
43,nftonv2,nftonv2,lgbm,0,in_domain,250001,0.9917772773382391,0.9934659816260406,0.9835727435644375,0.9989395574497625,0.016295025728987993,0.005759151756780169,0.0030889226707797634,0.983687928227991,0.5340950368071335,,,,10
43,nftonv2,nfbotv2,lgbm,0,zero_shot,250001,0.01414439079681002,0.02001967232346829,-0.01034361950607696,0.501476266695385,0.026221692491060787,0.9368944321540232,0.9568019393062465,0.04687247668629039,0.0007082774025920482,,,,10
43,nftonv2,nfbotv2,lgbm,0.0001,calibrate,211,0.49894904562319464,0.9937119087536106,0.0,0.501476266695385,1.0,0.004177767794656276,0.0006006349832342606,0.04687247668629039,0.9951977667588905,,,0,
43,nftonv2,nfbotv2,lgbm,0.0001,rethreshold,211,0.4413809827274516,0.02001967232346829,0.0055919846526581675,0.501476266695385,0.7413587604290822,0.9368944321540232,0.9568019393062465,0.04687247668629039,0.0007082774025920482,0.12066664642907567,0.00036373839124911026,0,
43,nftonv2,nfbotv2,lgbm,0.001,calibrate,2101,0.49894904562319464,0.9937119087536106,0.0,0.501476266695385,1.0,0.004177451398869659,0.00016058284880426932,0.04687247668629039,0.9956149096763122,,,0,
43,nftonv2,nfbotv2,lgbm,0.001,rethreshold,2101,0.43584248720386515,0.02001967232346829,0.04685681348693603,0.501476266695385,0.42908224076281287,0.9368944321540232,0.9568019393062465,0.04687247668629039,0.0007082774025920482,0.06416239910448326,0.000711015555484659,0,
43,nftonv2,nfbotv2,lgbm,0.01,calibrate,21000,0.49894904562319464,0.9937119087536106,0.0,0.501476266695385,1.0,0.004177435065799927,6.584497423334223e-05,0.04687247668629039,0.9957033899844071,,,0,
43,nftonv2,nfbotv2,lgbm,0.01,rethreshold,21000,0.43420027337873973,0.02001967232346829,0.046582475194834466,0.501476266695385,0.42431466030989273,0.9368944321540232,0.9568019393062465,0.04687247668629039,0.0007082774025920482,0.0445962252814555,0.0007856019802377271,0,
43,nftonv2,nfbotv2,lgbm,0.05,calibrate,105000,0.49894904562319464,0.9937119087536106,0.0,0.501476266695385,1.0,0.004177426201465462,7.110320050429664e-05,0.04687247668629039,0.9957096208254895,,,0,
43,nftonv2,nfbotv2,lgbm,0.05,rethreshold,105000,0.43586620821775496,0.02001967232346829,0.04687038798057295,0.501476266695385,0.42908224076281287,0.9368944321540232,0.9568019393062465,0.04687247668629039,0.0007082774025920482,0.04872136698975577,0.000710849308377414,0,
43,nftonv2,nfbotv2,lgbm,0.1,calibrate,210001,0.49894904562319464,0.9937119087536106,0.0,0.501476266695385,1.0,0.004177424776100543,7.492523935803685e-05,0.04687247668629039,0.9957082189352194,,,0,
43,nftonv2,nfbotv2,lgbm,0.1,rethreshold,210001,0.43586620821775496,0.02001967232346829,0.04687038798057295,0.501476266695385,0.42908224076281287,0.9368944321540232,0.9568019393062465,0.04687247668629039,0.0007082774025920482,0.04398675615777112,0.000710849308377414,0,
43,nftonv2,nf2018v2,mlp,0,zero_shot,250001,0.43786754906921765,0.6540654260734621,-0.04067051656107876,0.5109162520050872,0.3849037556289062,0.3546544776995205,0.34411524530214516,0.22772498255531537,0.9954473248355876,,,,69
43,nftonv2,nf2018v2,mlp,0.0001,calibrate,217,0.46853899442765923,0.8261331950887618,0.0,0.5317832776049446,0.0,0.10506196025122562,0.02942283653088758,0.2694645097624099,0.16817642623445864,,,0,
43,nftonv2,nf2018v2,mlp,0.0001,rethreshold,217,0.5695643308523559,0.6540654260734621,0.223587340290752,0.5109162520050872,0.012806116083075282,0.3546544776995205,0.34411524530214516,0.22772498255531537,0.9954473248355876,0.29186608369389344,0.9948500233650303,0,
43,nftonv2,nf2018v2,mlp,0.001,calibrate,2102,0.46853899442765923,0.8261331950887618,0.0,0.5317862276972687,0.0,0.10414438374091181,0.022257459224424934,0.2694645097624099,0.13287184044506184,,,0,
43,nftonv2,nf2018v2,mlp,0.001,rethreshold,2102,0.5654066307358657,0.6540654260734621,0.22434305125419282,0.5109162520050872,0.010690668209298896,0.3546544776995205,0.34411524530214516,0.22772498255531537,0.9954473248355876,0.2577063394648653,0.9951788852883281,0,
43,nftonv2,nf2018v2,mlp,0.01,calibrate,21001,0.46853899442765923,0.8261331950887618,0.0,0.5317845974644736,0.0,0.10415785536463404,0.030089306561210713,0.2694645097624099,0.129427167447895,,,0,
43,nftonv2,nf2018v2,mlp,0.01,rethreshold,21001,0.559666847254035,0.6540654260734621,0.22640872300257237,0.5109162520050872,0.00800240469141684,0.3546544776995205,0.34411524530214516,0.22772498255531537,0.9954473248355876,0.23793718345676584,0.9955855059345425,0,
43,nftonv2,nf2018v2,mlp,0.05,calibrate,105000,0.46853899442765923,0.8261331950887618,0.0,0.5317806387554155,0.0,0.10415451837888384,0.02973115405576123,0.2694645097624099,0.1299225196717626,,,0,
43,nftonv2,nf2018v2,mlp,0.05,rethreshold,105000,0.5613975231482929,0.6540654260734621,0.22736248784551336,0.5109162520050872,0.008467462937126394,0.3546544776995205,0.34411524530214516,0.22772498255531537,0.9954473248355876,0.22977311426653627,0.9954926526051923,0,
43,nftonv2,nf2018v2,mlp,0.1,calibrate,210000,0.46853899442765923,0.8261331950887618,0.0,0.5317817799939113,0.0,0.10415192415053501,0.029369039140356986,0.2694645097624099,0.1303445279696191,,,0,
43,nftonv2,nf2018v2,mlp,0.1,rethreshold,210000,0.5613975231482929,0.6540654260734621,0.22736248784551336,0.5109162520050872,0.008467462937126394,0.3546544776995205,0.34411524530214516,0.22772498255531537,0.9954473248355876,0.22541233007165035,0.9954926526051923,0,
43,nftonv2,nfunswv2,mlp,0,zero_shot,250001,0.36361011055683223,0.6488314986703012,-0.04047597392196101,0.5058482143722458,0.48138659959884017,0.42321170872953773,0.4271924036283996,0.10704850919003221,0.00048400479037817405,,,,69
43,nftonv2,nfunswv2,mlp,0.0001,calibrate,144,0.49037055157195203,0.943678896856096,0.0,0.5058684725406103,0.0,0.03782824510248405,0.03228393535788327,0.10704850919003221,0.05484354293060847,,,0,
43,nftonv2,nfunswv2,mlp,0.0001,rethreshold,144,0.4484906435756146,0.6488314986703012,-0.021581644707797942,0.5058482143722458,0.24687957930181562,0.42321170872953773,0.4271924036283996,0.10704850919003221,0.00048400479037817405,0.176032861423659,0.9842103197172685,0,
43,nftonv2,nfunswv2,mlp,0.001,calibrate,1392,0.49037055157195203,0.943678896856096,0.0,0.5059094293582724,0.0,0.03648260989867365,0.004782682958764659,0.10704850919003221,0.032796670903704236,,,0,
43,nftonv2,nfunswv2,mlp,0.001,rethreshold,1392,0.32661271379889023,0.6488314986703012,0.10322480135125078,0.5058482143722458,0.6157699462695254,0.42321170872953773,0.4271924036283996,0.10704850919003221,0.00048400479037817405,0.15367810311999067,0.0010577119064328873,0,
43,nftonv2,nfunswv2,mlp,0.01,calibrate,13907,0.49037055157195203,0.943678896856096,0.0,0.4967099623869874,0.0,0.036337752394853255,6.214624000952365e-05,0.042407064470776586,0.03432879688590394,,,0,
43,nftonv2,nfunswv2,mlp,0.01,rethreshold,13907,0.3162197890337217,0.6488314986703012,0.10547097822643285,0.5058482143722458,0.6353654607622037,0.42321170872953773,0.4271924036283996,0.10704850919003221,0.00048400479037817405,0.10703361171542801,0.0002902922591587542,0,
43,nftonv2,nfunswv2,mlp,0.05,calibrate,69537,0.49037055157195203,0.943678896856096,0.0,0.4966939875121734,0.0,0.03633203563705251,0.0007712538704627397,0.042407064470776586,0.03503645432750162,,,0,
43,nftonv2,nfunswv2,mlp,0.05,rethreshold,69537,0.32153399860827414,0.6488314986703012,0.10687074210340061,0.5058482143722458,0.6261315097535881,0.42321170872953773,0.4271924036283996,0.10704850919003221,0.00048400479037817405,0.10582864231213054,0.0005268836624885417,0,
43,nftonv2,nfunswv2,mlp,0.1,calibrate,139072,0.49037055157195203,0.943678896856096,0.0,0.496700025803613,0.0,0.03633049252778219,0.0014522112651094072,0.042407064470776586,0.03554880818978056,,,0,
43,nftonv2,nfunswv2,mlp,0.1,rethreshold,139072,0.32153399860827414,0.6488314986703012,0.10687074210340061,0.5058482143722458,0.6261315097535881,0.42321170872953773,0.4271924036283996,0.10704850919003221,0.00048400479037817405,0.1081242190688824,0.0005268836624885417,0,
43,nftonv2,nftonv2,mlp,0,in_domain,250001,0.9770515304907946,0.9817869758540374,0.9541680223854012,0.9958543950719638,0.04149483595489216,0.014291432836182432,0.00409200268694876,0.9549256628384546,0.46884625656112966,,,,69
43,nftonv2,nfbotv2,mlp,0,zero_shot,250001,0.08686538915784443,0.1684032698595644,-0.08947610920744643,0.5160781271650309,0.4970202622169249,0.8684965680673603,0.8640105372292334,0.17084627443372857,4.136512011143334e-09,,,,69
43,nftonv2,nfbotv2,mlp,0.0001,calibrate,211,0.49894904562319464,0.9937119087536106,0.0,0.5653016564000816,1.0,0.004163926595546934,0.0005704574445409838,0.27318145837831975,0.9902643772014896,,,0,
43,nftonv2,nfbotv2,mlp,0.0001,rethreshold,211,0.004177475490318116,0.1684032698595644,0.0,0.5160781271650309,0.0,0.8684965680673603,0.8640105372292334,0.17084627443372857,4.136512011143334e-09,0.0,inf,0,
43,nftonv2,nfbotv2,mlp,0.001,calibrate,2101,0.49894904562319464,0.9937119087536106,0.0,0.5653016563984714,1.0,0.004148054890694601,1.128795691696105e-06,0.27318145837831975,0.982121660951322,,,0,
43,nftonv2,nfbotv2,mlp,0.001,rethreshold,2101,0.5350456265856346,0.1684032698595644,0.1588078320993868,0.5160781271650309,0.9618593563766389,0.8684965680673603,0.8640105372292334,0.17084627443372857,4.136512011143334e-09,0.33269780685756056,6.982601203194215e-09,0,
43,nftonv2,nfbotv2,mlp,0.01,calibrate,21000,0.49894904562319464,0.9937119087536106,0.0,0.5653016560188869,1.0,0.004139361403936651,0.00012703924111490128,0.27318145837831975,0.9724497861724903,,,0,
43,nftonv2,nfbotv2,mlp,0.01,rethreshold,21000,0.5342852732590861,0.1684032698595644,0.17084627443372857,0.5160781271650309,0.9630512514898689,0.8684965680673603,0.8640105372292334,0.17084627443372857,4.136512011143334e-09,0.15044663595176572,3.4269184961964113e-09,0,
43,nftonv2,nfbotv2,mlp,0.05,calibrate,105000,0.49894904562319464,0.9937119087536106,0.0,0.5653016563990936,1.0,0.004137652920127978,0.0009910151241372962,0.27318145837831975,0.9660180690261579,,,0,
43,nftonv2,nfbotv2,mlp,0.05,rethreshold,105000,0.5410458600878415,0.1684032698595644,0.1631983187879176,0.5160781271650309,0.9547079856972587,0.8684965680673603,0.8640105372292334,0.17084627443372857,4.136512011143334e-09,0.17909902748185044,6.791437278989582e-08,0,
43,nftonv2,nfbotv2,mlp,0.1,calibrate,210001,0.49894904562319464,0.9937119087536106,0.0,0.565301656019531,1.0,0.004137811397352261,9.026499718434167e-05,0.27318145837831975,0.9676447480517336,,,0,
43,nftonv2,nfbotv2,mlp,0.1,rethreshold,210001,0.5410458600878415,0.1684032698595644,0.1631983187879176,0.5160781271650309,0.9547079856972587,0.8684965680673603,0.8640105372292334,0.17084627443372857,4.136512011143334e-09,0.19233691624153185,6.791437278989582e-08,0,
43,nfbotv2,nf2018v2,rf,0,zero_shot,250000,0.5167959761752681,0.6466525050170927,0.307623031246126,0.7563464807253744,0.47321945077755473,0.200726149535919,0.24699221503892488,0.664899835690022,0.73,,,,50
43,nfbotv2,nf2018v2,rf,0.0001,calibrate,217,0.46853899442765923,0.8261331950887618,0.0,0.7563464807253744,0.0,0.08611947235560762,0.12647415684626992,0.664899835690022,0.27281565734223,,,0,
43,nfbotv2,nf2018v2,rf,0.0001,rethreshold,217,0.819963422900268,0.6466525050170927,0.6412179337047603,0.7563464807253744,0.05208085207744921,0.200726149535919,0.24699221503892488,0.664899835690022,0.73,0.701039657103363,0.7333333333333333,0,
43,nfbotv2,nf2018v2,rf,0.001,calibrate,2102,0.4888282541074128,0.8295483269267329,0.05837898586538255,0.7563464807253744,0.0063236578532457665,0.08007374580438457,0.0989835092476584,0.664899835690022,0.2760418665975154,,,0,
43,nfbotv2,nf2018v2,rf,0.001,rethreshold,2102,0.8308429503312373,0.6466525050170927,0.664899835690022,0.7563464807253744,0.05493358741393587,0.200726149535919,0.24699221503892488,0.664899835690022,0.73,0.695311078733762,0.73,0,
43,nfbotv2,nf2018v2,rf,0.01,calibrate,21001,0.5918470431600497,0.8580486073642927,0.2761630115883568,0.7563464807253744,0.010628282347069565,0.07786708754263978,0.08741679266257807,0.664899835690022,0.2891774627437295,,,0,
43,nfbotv2,nf2018v2,rf,0.01,rethreshold,21001,0.8308429503312373,0.6466525050170927,0.664899835690022,0.7563464807253744,0.05493358741393587,0.200726149535919,0.24699221503892488,0.664899835690022,0.73,0.6722837744908643,0.73,0,
43,nfbotv2,nf2018v2,rf,0.05,calibrate,105000,0.6016795917122995,0.860512183066302,0.2881743684230537,0.7563464807253744,0.012119871598552647,0.07761312227923756,0.0809084648503959,0.664899835690022,0.29227870535747474,,,0,
43,nfbotv2,nf2018v2,rf,0.05,rethreshold,105000,0.8308429503312373,0.6466525050170927,0.664899835690022,0.7563464807253744,0.05493358741393587,0.200726149535919,0.24699221503892488,0.664899835690022,0.73,0.6630321875487541,0.73,0,
43,nfbotv2,nf2018v2,rf,0.1,calibrate,210000,0.6016795917122995,0.860512183066302,0.2881743684230537,0.7563464807253744,0.012119871598552647,0.07761008053438263,0.08082504890826309,0.664899835690022,0.29191218853632,,,0,
43,nfbotv2,nf2018v2,rf,0.1,rethreshold,210000,0.8308429503312373,0.6466525050170927,0.664899835690022,0.7563464807253744,0.05493358741393587,0.200726149535919,0.24699221503892488,0.664899835690022,0.73,0.6591435001077366,0.73,0,
43,nfbotv2,nfunswv2,rf,0,zero_shot,250000,0.1314163719090797,0.1876058386111167,-0.01475335651270686,0.512222249259273,0.8931366333752507,0.3467490595555556,0.5135061999999999,0.15021343970247028,0.68,,,,50
43,nfbotv2,nfunswv2,rf,0.0001,calibrate,144,0.49037055157195203,0.943678896856096,0.0,0.512222249259273,0.0,0.037361138835699,0.03165031943289828,0.15021343970247028,0.07125782353627237,,,0,
43,nfbotv2,nfunswv2,rf,0.0001,rethreshold,144,0.5641240042740988,0.1876058386111167,0.13010577786942723,0.512222249259273,0.04346244582783384,0.3467490595555556,0.5135061999999999,0.15021343970247028,0.68,0.14029850746268657,0.69,0,
43,nfbotv2,nfunswv2,rf,0.001,calibrate,1392,0.49037055157195203,0.943678896856096,0.0,0.512222249259273,0.0,0.036360015582337195,0.002142186063058437,0.15021343970247028,0.04004496600545537,,,0,
43,nfbotv2,nfunswv2,rf,0.001,rethreshold,1392,0.5681699923595984,0.1876058386111167,0.143746892098304,0.512222249259273,0.05514908387981834,0.3467490595555556,0.5135061999999999,0.15021343970247028,0.68,0.1386707213057623,0.6766666666666666,0,
43,nfbotv2,nfunswv2,rf,0.01,calibrate,13907,0.49037055157195203,0.943678896856096,0.0,0.512222249259273,0.0,0.03635909637441952,0.0017422937021186306,0.15021343970247028,0.03923310641293674,,,0,
43,nfbotv2,nfunswv2,rf,0.01,rethreshold,13907,0.5726802473932548,0.1876058386111167,0.15021343970247028,0.512222249259273,0.049438272310618266,0.3467490595555556,0.5135061999999999,0.15021343970247028,0.68,0.1555918981532873,0.68,0,
43,nfbotv2,nfunswv2,rf,0.05,calibrate,69537,0.49037055157195203,0.943678896856096,0.0,0.512222249259273,0.0,0.036359080958047435,0.0021235178916377386,0.15021343970247028,0.03909195257884308,,,0,
43,nfbotv2,nfunswv2,rf,0.05,rethreshold,69537,0.5726802473932548,0.1876058386111167,0.15021343970247028,0.512222249259273,0.049438272310618266,0.3467490595555556,0.5135061999999999,0.15021343970247028,0.68,0.1487585352133685,0.68,0,
43,nfbotv2,nfunswv2,rf,0.1,calibrate,139072,0.49037055157195203,0.943678896856096,0.0,0.512222249259273,0.0,0.03635907759626775,0.002137275940248144,0.15021343970247028,0.039078151686362174,,,0,
43,nfbotv2,nfunswv2,rf,0.1,rethreshold,139072,0.5726802473932548,0.1876058386111167,0.15021343970247028,0.512222249259273,0.049438272310618266,0.3467490595555556,0.5135061999999999,0.15021343970247028,0.68,0.1488565431256085,0.68,0,
43,nfbotv2,nftonv2,rf,0,zero_shot,250000,0.44940511642850306,0.5808380194281861,-0.09449871136169478,0.4019734887574593,0.8634356410349987,0.36567425203792675,0.3888761443807218,0.012265423451244588,0.016666666666666666,,,,50
43,nfbotv2,nftonv2,rf,0.0001,calibrate,213,0.42062190755396933,0.6107334447783608,0.0,0.7332722125304882,1.0,0.18767728143287296,0.16233360958095208,0.655539486909981,0.6584763780088402,,,0,
43,nfbotv2,nftonv2,rf,0.0001,rethreshold,213,0.4352463138384398,0.5808380194281861,0.012265423451244588,0.4019734887574593,0.9820444509324477,0.36567425203792675,0.3888761443807218,0.012265423451244588,0.016666666666666666,0.1484606728905584,0.016666666666666666,0,
43,nfbotv2,nftonv2,rf,0.001,calibrate,2100,0.42062190755396933,0.6107334447783608,0.0,0.7332722125304882,1.0,0.18557116347561803,0.24477917658131787,0.655539486909981,0.6343069727796073,,,0,
43,nfbotv2,nftonv2,rf,0.001,rethreshold,2100,0.4352463138384398,0.5808380194281861,0.012265423451244588,0.4019734887574593,0.9820444509324477,0.36567425203792675,0.3888761443807218,0.012265423451244588,0.016666666666666666,0.029127977136538988,0.016666666666666666,0,
43,nfbotv2,nftonv2,rf,0.01,calibrate,21000,0.42062190755396933,0.6107334447783608,0.0,0.7332722125304882,1.0,0.18499706597682206,0.22146339575164636,0.655539486909981,0.6281113686348803,,,0,
43,nfbotv2,nftonv2,rf,0.01,rethreshold,21000,0.4352463138384398,0.5808380194281861,0.012265423451244588,0.4019734887574593,0.9820444509324477,0.36567425203792675,0.3888761443807218,0.012265423451244588,0.016666666666666666,0.013781494379492823,0.016666666666666666,0,
43,nfbotv2,nftonv2,rf,0.05,calibrate,105000,0.42062190755396933,0.6107334447783608,0.0,0.7332722125304882,1.0,0.18505889633251615,0.23749059859121469,0.655539486909981,0.6294837495442273,,,0,
43,nfbotv2,nftonv2,rf,0.05,rethreshold,105000,0.4352463138384398,0.5808380194281861,0.012265423451244588,0.4019734887574593,0.9820444509324477,0.36567425203792675,0.3888761443807218,0.012265423451244588,0.016666666666666666,0.01539114718385575,0.016666666666666666,0,
43,nfbotv2,nftonv2,rf,0.1,calibrate,210000,0.42062190755396933,0.6107334447783608,0.0,0.7332722125304882,1.0,0.18507970015791841,0.23744975487542697,0.655539486909981,0.6298423527020971,,,0,
43,nfbotv2,nftonv2,rf,0.1,rethreshold,210000,0.4352463138384398,0.5808380194281861,0.012265423451244588,0.4019734887574593,0.9820444509324477,0.36567425203792675,0.3888761443807218,0.012265423451244588,0.016666666666666666,0.014006322613664867,0.016666666666666666,0,
43,nfbotv2,nfbotv2,rf,0,in_domain,250000,0.9858386860297381,0.9997616848961426,0.9717748420751571,0.9952712268426487,0.014302741358760428,0.00020766916666666664,0.00015891666666682872,0.9734311866674256,0.4533333333333333,,,,50
43,nfbotv2,nf2018v2,lgbm,0,zero_shot,250000,0.10833288280241118,0.02916718694730064,0.014624492704281586,0.5002273127653517,0.9976917230975147,0.87960060199699,0.87960060199699,0.014624492704281586,1.0,,,,9
43,nfbotv2,nf2018v2,lgbm,0.0001,calibrate,217,0.46853899442765923,0.8261331950887618,0.0,0.5002273127653517,0.0,0.10521828256881414,0.02911175262488802,0.014624492704281586,0.14753947273647677,,,0,
43,nfbotv2,nf2018v2,lgbm,0.0001,rethreshold,217,0.10833288280241118,0.02916718694730064,0.014624492704281586,0.5002273127653517,0.9976917230975147,0.87960060199699,0.87960060199699,0.014624492704281586,1.0,0.028298423998533925,1.0,0,
43,nfbotv2,nf2018v2,lgbm,0.001,calibrate,2102,0.46853899442765923,0.8261331950887618,0.0,0.49987962512807715,0.0,0.10441004341052638,0.0010521753345109914,0.0,inf,,,0,
43,nfbotv2,nf2018v2,lgbm,0.001,rethreshold,2102,0.46853899442765923,0.02916718694730064,0.0,0.5002273127653517,0.0,0.87960060199699,0.87960060199699,0.014624492704281586,1.0,0.0,inf,0,
43,nfbotv2,nf2018v2,lgbm,0.01,calibrate,21001,0.46853899442765923,0.8261331950887618,0.0,0.5002273127653517,0.0,0.10435803331038575,0.000139266856475882,0.014624492704281586,0.11855100185822334,,,0,
43,nfbotv2,nf2018v2,lgbm,0.01,rethreshold,21001,0.10833288280241118,0.02916718694730064,0.014624492704281586,0.5002273127653517,0.9976917230975147,0.87960060199699,0.87960060199699,0.014624492704281586,1.0,0.012329694943601373,1.0,0,
43,nfbotv2,nf2018v2,lgbm,0.05,calibrate,105000,0.46853899442765923,0.8261331950887618,0.0,0.5002273127653517,0.0,0.10435565582558078,0.0001192255656204421,0.014624492704281586,0.1185306227261954,,,0,
43,nfbotv2,nf2018v2,lgbm,0.05,rethreshold,105000,0.10833288280241118,0.02916718694730064,0.014624492704281586,0.5002273127653517,0.9976917230975147,0.87960060199699,0.87960060199699,0.014624492704281586,1.0,0.014149236111768595,8.178109418414719e-52,0,
43,nfbotv2,nf2018v2,lgbm,0.1,calibrate,210000,0.46853899442765923,0.8261331950887618,0.0,0.5002273127653517,0.0,0.1043553663722277,8.3579633949225e-05,0.014624492704281586,0.11855827193379277,,,0,
43,nfbotv2,nf2018v2,lgbm,0.1,rethreshold,210000,0.10833288280241118,0.02916718694730064,0.014624492704281586,0.5002273127653517,0.9976917230975147,0.87960060199699,0.87960060199699,0.014624492704281586,1.0,0.014090882230944672,8.178109418414719e-52,0,
43,nfbotv2,nfunswv2,lgbm,0,zero_shot,250000,0.036666360472999815,0.010079740089495803,-0.22461164625241647,0.4973251342143679,0.9960143835545255,0.9624749952213347,0.9624749976100465,0.0,inf,,,,9
43,nfbotv2,nfunswv2,lgbm,0.0001,calibrate,144,0.49037055157195203,0.943678896856096,0.0,0.5280577621854264,0.0,0.036938229678600366,0.03722179031619254,0.22559964821506798,0.06831751480044097,,,0,
43,nfbotv2,nfunswv2,lgbm,0.0001,rethreshold,144,0.49037055157195203,0.010079740089495803,0.0,0.4973251342143679,0.0,0.9624749952213347,0.9624749976100465,0.0,inf,0.0,inf,0,
43,nfbotv2,nfunswv2,lgbm,0.001,calibrate,1392,0.49037055157195203,0.943678896856096,0.0,0.5280577621854264,0.0,0.03478234170275956,0.0040354698088940575,0.22559964821506798,0.036613437602522336,,,0,
43,nfbotv2,nfunswv2,lgbm,0.001,rethreshold,1392,0.49037055157195203,0.010079740089495803,0.0,0.4973251342143679,0.0,0.9624749952213347,0.9624749976100465,0.0,inf,0.0,inf,0,
43,nfbotv2,nfunswv2,lgbm,0.01,calibrate,13907,0.5800657373375954,0.9505111231963679,0.22461164625241647,0.5280577621854264,0.00398561644547448,0.03453887670284668,0.0005905742176319001,0.22559964821506798,0.03366665617248804,,,0,
43,nfbotv2,nfunswv2,lgbm,0.01,rethreshold,13907,0.49037055157195203,0.010079740089495803,0.0,0.4973251342143679,0.0,0.9624749952213347,0.9624749976100465,0.0,inf,0.0,inf,0,
43,nfbotv2,nfunswv2,lgbm,0.05,calibrate,69537,0.5800657373375954,0.9505111231963679,0.22461164625241647,0.5280577621854264,0.00398561644547448,0.03453083391269401,0.0002450225121757981,0.22559964821506798,0.034041267859094955,,,0,
43,nfbotv2,nfunswv2,lgbm,0.05,rethreshold,69537,0.49037055157195203,0.010079740089495803,0.0,0.4973251342143679,0.0,0.9624749952213347,0.9624749976100465,0.0,inf,0.0,inf,0,
43,nfbotv2,nfunswv2,lgbm,0.1,calibrate,139072,0.49037055157195203,0.943678896856096,0.0,0.5280577621854264,0.0,0.03453038748340466,0.00039770125908796634,0.22559964821506798,0.03420788427232671,,,0,
43,nfbotv2,nfunswv2,lgbm,0.1,rethreshold,139072,0.49037055157195203,0.010079740089495803,0.0,0.4973251342143679,0.0,0.9624749952213347,0.9624749976100465,0.0,inf,0.0,inf,0,
43,nfbotv2,nftonv2,lgbm,0,zero_shot,250000,0.4307663849188352,0.6161328741603609,0.041712806355018686,0.5020153560201916,0.9894711871829496,0.27374636584661055,0.2737463672890188,0.04400876941632343,5.8745415175686505e-266,,,,9
43,nfbotv2,nftonv2,lgbm,0.0001,calibrate,213,0.42062190755396933,0.6107334447783608,0.0,0.49886044927451445,1.0,0.19906142027074397,0.0017652685043593286,0.0,inf,,,0,
43,nfbotv2,nftonv2,lgbm,0.0001,rethreshold,213,0.21507764883183347,0.6161328741603609,0.0,0.5020153560201916,0.0,0.27374636584661055,0.2737463672890188,0.04400876941632343,5.8745415175686505e-266,0.0,inf,0,
43,nfbotv2,nftonv2,lgbm,0.001,calibrate,2100,0.42062190755396933,0.6107334447783608,0.0,0.5020151422330236,1.0,0.19891192644465244,0.0002742745538520941,0.04183364057728574,0.7199381646302294,,,0,
43,nfbotv2,nftonv2,lgbm,0.001,rethreshold,2100,0.4307813361719083,0.6161328741603609,0.0421976712182108,0.5020153560201916,0.9894711871829496,0.27374636584661055,0.2737463672890188,0.04400876941632343,5.8745415175686505e-266,0.007145431420135825,1.4753387119738375e-42,0,
43,nfbotv2,nftonv2,lgbm,0.01,calibrate,21000,0.42062190755396933,0.6107334447783608,0.0,0.5020151422330236,1.0,0.1986240245436925,0.0011298788904258693,0.04183364057728574,0.5617878219211074,,,0,
43,nfbotv2,nftonv2,lgbm,0.01,rethreshold,21000,0.4307848306774055,0.6161328741603609,0.04284141862696357,0.5020153560201916,0.9894894346921645,0.27374636584661055,0.2737463672890188,0.04400876941632343,5.8745415175686505e-266,0.02914979407729955,3.0019544517181065e-87,0,
43,nfbotv2,nftonv2,lgbm,0.05,calibrate,105000,0.4307663849188352,0.6161328741603609,0.041712806355018686,0.5020151422330236,0.9894711871829496,0.19858309733727755,4.009416759914505e-05,0.04183364057728574,0.4798994486992998,,,0,
43,nfbotv2,nftonv2,lgbm,0.05,rethreshold,105000,0.4307597796031669,0.6161328741603609,0.04362445934927502,0.5020153560201916,0.9895441772198095,0.27374636584661055,0.2737463672890188,0.04400876941632343,5.8745415175686505e-266,0.04296590028564146,5.024267035150203e-215,0,
43,nfbotv2,nftonv2,lgbm,0.1,calibrate,210000,0.4307663849188352,0.6161328741603609,0.041712806355018686,0.5020151422330236,0.9894711871829496,0.19858389463278137,0.00010317307674251201,0.04183364057728574,0.48859719098992715,,,0,
43,nfbotv2,nftonv2,lgbm,0.1,rethreshold,210000,0.43076377587974063,0.6161328741603609,0.04321600336376049,0.5020153560201916,0.9895259297105945,0.27374636584661055,0.2737463672890188,0.04400876941632343,5.8745415175686505e-266,0.04120781866945394,5.265193024324528e-167,0,
43,nfbotv2,nfbotv2,lgbm,0,in_domain,250000,0.827113889020779,0.9973254353698164,0.6646018391021653,0.7228256341539622,0.44219308700834326,0.0024600533837452533,0.0024616564928202902,0.6731046285747344,2.8436699781531954e-303,,,,9
43,nfbotv2,nf2018v2,mlp,0,zero_shot,250000,0.5509119768799591,0.6972462177910305,0.30511841533471296,0.6025614655677562,0.3989859461666723,0.34344487184723366,0.3426894560461523,0.3733014703493246,0.9999999981228578,,,,47
43,nfbotv2,nf2018v2,mlp,0.0001,calibrate,217,0.46853899442765923,0.8261331950887618,0.0,0.6027502122102141,0.0,0.09404210022658044,0.03106141810433797,0.3733014703493246,0.2750471109691199,,,0,
43,nfbotv2,nf2018v2,mlp,0.0001,rethreshold,217,0.6821904944623689,0.6972462177910305,0.3702355502278167,0.6025614655677562,0.1047572055670875,0.34344487184723366,0.3426894560461523,0.3733014703493246,0.9999999981228578,0.4616180414760847,0.9999999990526891,0,
43,nfbotv2,nf2018v2,mlp,0.001,calibrate,2102,0.46853899442765923,0.8261331950887618,0.0,0.6028952568488011,0.0,0.09287023797679961,0.015614833022442562,0.3733014703493246,0.25000079306809425,,,0,
43,nfbotv2,nf2018v2,mlp,0.001,rethreshold,2102,0.6828356918654093,0.6972462177910305,0.37227071616753776,0.6025614655677562,0.10653236691961299,0.34344487184723366,0.3426894560461523,0.3733014703493246,0.9999999981228578,0.3961117902260289,0.9999999988267061,0,
43,nfbotv2,nf2018v2,mlp,0.01,calibrate,21001,0.46853899442765923,0.8261331950887618,0.0,0.6028876887716241,0.0,0.09286259440383968,0.018211729917671,0.3733014703493246,0.24172862277122095,,,0,
43,nfbotv2,nf2018v2,mlp,0.01,rethreshold,21001,0.6828484036409719,0.6972462177910305,0.3723283940102201,0.6025614655677562,0.10661176710790486,0.34344487184723366,0.3426894560461523,0.3733014703493246,0.9999999981228578,0.3733772590277761,0.9999999988074886,0,
43,nfbotv2,nf2018v2,mlp,0.05,calibrate,105000,0.46853899442765923,0.8261331950887618,0.0,0.6028867161534845,0.0,0.0928520959710919,0.017746334372928378,0.3733014703493246,0.24316465184891162,,,0,
43,nfbotv2,nf2018v2,mlp,0.05,rethreshold,105000,0.6828356918654093,0.6972462177910305,0.37227071616753776,0.6025614655677562,0.10653236691961299,0.34344487184723366,0.3426894560461523,0.3733014703493246,0.9999999981228578,0.3764347092244926,0.9999999988267061,0,
43,nfbotv2,nf2018v2,mlp,0.1,calibrate,210000,0.46853899442765923,0.8261331950887618,0.0,0.602862690019029,0.0,0.09284388477021707,0.0181874503940128,0.3733014703493246,0.24396864382734154,,,0,
43,nfbotv2,nf2018v2,mlp,0.1,rethreshold,210000,0.6826669993585306,0.6972462177910305,0.37312990477010566,0.6025614655677562,0.10957793128480847,0.34344487184723366,0.3426894560461523,0.3733014703493246,0.9999999981228578,0.37508124841270757,0.9999999978565526,0,
43,nfbotv2,nfunswv2,mlp,0,zero_shot,250000,0.4862149971238184,0.8505467954249302,0.044349465938030186,0.5231553068796795,0.19163696074661457,0.19647285477124984,0.19911595447276098,0.15852302181407868,5.776363460737384e-25,,,,47
43,nfbotv2,nfunswv2,mlp,0.0001,calibrate,144,0.49037055157195203,0.943678896856096,0.0,0.5204548308530429,0.0,0.0372449842831129,0.03208737798590454,0.15485386182955432,0.06578206921558957,,,0,
43,nfbotv2,nfunswv2,mlp,0.0001,rethreshold,144,0.3975823906107428,0.8505467954249302,0.13720942082796422,0.5231553068796795,0.4860841188513942,0.19647285477124984,0.19911595447276098,0.15852302181407868,5.776363460737384e-25,0.26941101315537386,6.063249325081807e-34,0,
43,nfbotv2,nfunswv2,mlp,0.001,calibrate,1392,0.49037055157195203,0.943678896856096,0.0,0.5204699386269935,0.0,0.036288900743249634,0.01702458202540489,0.1554674829433282,0.03212111511185156,,,0,
43,nfbotv2,nfunswv2,mlp,0.001,rethreshold,1392,0.4368029787306297,0.8505467954249302,0.15658754410647324,0.5231553068796795,0.4080969850656302,0.19647285477124984,0.19911595447276098,0.15852302181407868,5.776363460737384e-25,0.19673047170593422,1.3970969235142544e-23,0,
43,nfbotv2,nfunswv2,mlp,0.01,calibrate,13907,0.49037055157195203,0.943678896856096,0.0,0.5205604979101172,0.0,0.036263221588457996,0.015041040523135447,0.15525068037586945,0.03299354761503598,,,0,
43,nfbotv2,nfunswv2,mlp,0.01,rethreshold,13907,0.45625782485047317,0.8505467954249302,0.15539950837059968,0.5231553068796795,0.3619012481682793,0.19647285477124984,0.19911595447276098,0.15852302181407868,5.776363460737384e-25,0.16508920250491657,1.607975157977404e-16,0,
43,nfbotv2,nfunswv2,mlp,0.05,calibrate,69537,0.49037055157195203,0.943678896856096,0.0,0.5204403200788037,0.0,0.03626577009476812,0.01161438632255678,0.15541072110866372,0.03244007821444539,,,0,
43,nfbotv2,nfunswv2,mlp,0.05,rethreshold,69537,0.435396470727969,0.8505467954249302,0.15840750458703529,0.5231553068796795,0.4122332962658879,0.19647285477124984,0.19911595447276098,0.15852302181407868,5.776363460737384e-25,0.16127586627232102,3.9626822639192417e-25,0,
43,nfbotv2,nfunswv2,mlp,0.1,calibrate,139072,0.49037055157195203,0.943678896856096,0.0,0.5204289673102439,0.0,0.036268253873283564,0.010488844710317052,0.1553812360455526,0.032170439380521755,,,0,
43,nfbotv2,nfunswv2,mlp,0.1,rethreshold,139072,0.435396470727969,0.8505467954249302,0.15840750458703529,0.5231553068796795,0.4122332962658879,0.19647285477124984,0.19911595447276098,0.15852302181407868,5.776363460737384e-25,0.16046137871154573,3.9626822639192417e-25,0,
43,nfbotv2,nftonv2,mlp,0,zero_shot,250000,0.3936995062458393,0.44188041133082445,-0.14621117749457563,0.49310983204479963,0.5682274369548557,0.5006727564660257,0.5035891990875558,0.1738944701260078,0.999981887840621,,,,47
43,nfbotv2,nftonv2,mlp,0.0001,calibrate,213,0.42062190755396933,0.6107334447783608,0.0,0.5202368819469403,1.0,0.19618846018257893,0.05474712031583487,0.15267142956152852,0.712347098163347,,,0,
43,nfbotv2,nftonv2,mlp,0.0001,rethreshold,213,0.44908810546193917,0.44188041133082445,0.020187585291010533,0.49310983204479963,0.9630487938396409,0.5006727564660257,0.5035891990875558,0.1738944701260078,0.999981887840621,0.11413764603235488,2.046734233502153e-44,0,
43,nfbotv2,nftonv2,mlp,0.001,calibrate,2100,0.42062190755396933,0.6107334447783608,0.0,0.5201272026439137,1.0,0.1959975697391799,0.04798592922891999,0.15267142956152852,0.705516480510028,,,0,
43,nfbotv2,nftonv2,mlp,0.001,rethreshold,2100,0.38203247695606657,0.44188041133082445,0.17363646655072823,0.49310983204479963,0.043848764643626144,0.5006727564660257,0.5035891990875558,0.1738944701260078,0.999981887840621,0.15680469168056238,0.999984467795788,0,
43,nfbotv2,nftonv2,mlp,0.01,calibrate,21000,0.42062190755396933,0.6107334447783608,0.0,0.5201183290735607,1.0,0.19600176958372462,0.054105020766123904,0.15267142956152852,0.7058970343635176,,,0,
43,nfbotv2,nftonv2,mlp,0.01,rethreshold,21000,0.38278765943893167,0.44188041133082445,0.17383907208558774,0.49310983204479963,0.04435969490164592,0.5006727564660257,0.5035891990875558,0.1738944701260078,0.999981887840621,0.17221624138387467,0.9999793153908979,0,
43,nfbotv2,nftonv2,mlp,0.05,calibrate,105000,0.42062190755396933,0.6107334447783608,0.0,0.5202672205234322,1.0,0.1960020655747336,0.053979382810491125,0.15267142956152852,0.7057809851220839,,,0,
43,nfbotv2,nftonv2,mlp,0.05,rethreshold,105000,0.38265543424834586,0.44188041133082445,0.17380547974750996,0.49310983204479963,0.044268457355570966,0.5006727564660257,0.5035891990875558,0.1738944701260078,0.999981887840621,0.16822985098088,0.9999805926631278,0,
43,nfbotv2,nftonv2,mlp,0.1,calibrate,210000,0.42062190755396933,0.6107334447783608,0.0,0.5201720102960141,1.0,0.1960113111524237,0.060095184249253905,0.15267142956152852,0.7062672242071184,,,0,
43,nfbotv2,nftonv2,mlp,0.1,rethreshold,210000,0.382793564905047,0.44188041133082445,0.17384531252904667,0.49310983204479963,0.04435969490164592,0.5006727564660257,0.5035891990875558,0.1738944701260078,0.999981887840621,0.1713973529216536,0.9999792695747171,0,
43,nfbotv2,nfbotv2,mlp,0,in_domain,250000,0.9746707485996928,0.9995758790548359,0.9493497624377714,0.9778961553190624,0.04648390941597139,0.0004098721313843168,0.000291929929415695,0.9504791587968212,0.4731666675857906,,,,47
44,nf2018v2,nf2018v2,rf,0,in_domain,249999,0.9885035132064988,0.9952399517577112,0.9772471828944129,0.9851944548296425,0.00010208595637526797,0.004989809550952245,0.005096191185710697,0.9773700091103606,0.53,,,,169
44,nf2018v2,nfunswv2,rf,0,zero_shot,249999,0.49061728167694535,0.9429786488259496,-0.004457657186970555,0.48248255358721737,0.0015796967397969258,0.06967970661111111,0.17290291666666666,0.03669261490172298,0.0033333333333333335,,,,169
44,nf2018v2,nfunswv2,rf,0.0001,calibrate,144,0.49037055157195203,0.943678896856096,0.0,0.5369020807445422,0.0,0.03721010061704272,0.03162399693611191,0.2661200613757283,0.07295893143830105,,,0,
44,nf2018v2,nfunswv2,rf,0.0001,rethreshold,144,0.09749977989307688,0.9429786488259496,-0.033240152364276195,0.48248255358721737,0.9326498373535923,0.06967970661111111,0.17290291666666666,0.03669261490172298,0.0033333333333333335,0.06625568373916033,0.023333333333333334,0,
44,nf2018v2,nfunswv2,rf,0.001,calibrate,1392,0.49037055157195203,0.943678896856096,0.0,0.5369020807445422,0.0,0.03606178207905701,0.002903691095737555,0.2661200613757283,0.04585518460983257,,,0,
44,nf2018v2,nfunswv2,rf,0.001,rethreshold,1392,0.0859327442129406,0.9429786488259496,0.031960757383951696,0.48248255358721737,0.9492730277174422,0.06967970661111111,0.17290291666666666,0.03669261490172298,0.0033333333333333335,0.044102151079750615,0.006666666666666667,0,
44,nf2018v2,nfunswv2,rf,0.01,calibrate,13907,0.49037055157195203,0.943678896856096,0.0,0.5369020807445422,0.0,0.03541664336804041,0.019582902077108236,0.2661200613757283,0.06311372923584603,,,0,
44,nf2018v2,nfunswv2,rf,0.01,rethreshold,13907,0.07189777048973198,0.9429786488259496,0.03669261490172298,0.48248255358721737,0.9645191798048243,0.06967970661111111,0.17290291666666666,0.03669261490172298,0.0033333333333333335,0.03452447774826799,0.0033333333333333335,0,
44,nf2018v2,nfunswv2,rf,0.05,calibrate,69537,0.49037055157195203,0.943678896856096,0.0,0.5369020807445422,0.0,0.0352969192290787,0.02776185362338997,0.2661200613757283,0.06849097915323708,,,0,
44,nf2018v2,nfunswv2,rf,0.05,rethreshold,69537,0.07189777048973198,0.9429786488259496,0.03669261490172298,0.48248255358721737,0.9645191798048243,0.06967970661111111,0.17290291666666666,0.03669261490172298,0.0033333333333333335,0.036729052836943006,0.0033333333333333335,0,
44,nf2018v2,nfunswv2,rf,0.1,calibrate,139072,0.49037055157195203,0.943678896856096,0.0,0.5369020807445422,0.0,0.03529936004132406,0.027639526933113907,0.2661200613757283,0.06833171713280223,,,0,
44,nf2018v2,nfunswv2,rf,0.1,rethreshold,139072,0.07189777048973198,0.9429786488259496,0.03669261490172298,0.48248255358721737,0.9645191798048243,0.06967970661111111,0.17290291666666666,0.03669261490172298,0.0033333333333333335,0.0373546094236528,0.0033333333333333335,0,
44,nf2018v2,nftonv2,rf,0,zero_shot,249999,0.24167972548684977,0.17723848040717968,-0.17751027251147722,0.5562717218606633,0.1670012043356082,0.5553798455103385,0.6017486920767936,0.23178829408180263,0.0033333333333333335,,,,169
44,nf2018v2,nftonv2,rf,0.0001,calibrate,213,0.42062190755396933,0.6107334447783608,0.0,0.5087157647649376,1.0,0.1986560812236857,0.13894175399968584,0.32529449637374985,0.6865093109899864,,,0,
44,nf2018v2,nftonv2,rf,0.0001,rethreshold,213,0.5635151453728111,0.17723848040717968,0.22085085185504194,0.5562717218606633,0.27613955695047626,0.5553798455103385,0.6017486920767936,0.23178829408180263,0.0033333333333333335,0.24294979686181253,0.14333333333333334,0,
44,nf2018v2,nftonv2,rf,0.001,calibrate,2100,0.42062190755396933,0.6107334447783608,0.0,0.5087157647649376,1.0,0.1985758295974112,0.15685803562924755,0.32529449637374985,0.6568714018208354,,,0,
44,nf2018v2,nftonv2,rf,0.001,rethreshold,2100,0.5657683268219661,0.17723848040717968,0.22105729198225776,0.5562717218606633,0.2825444326849385,0.5553798455103385,0.6017486920767936,0.23178829408180263,0.0033333333333333335,0.22919926737776009,0.14,0,
44,nf2018v2,nftonv2,rf,0.01,calibrate,21000,0.42062190755396933,0.6107334447783608,0.0,0.5087157647649376,1.0,0.19864636423786902,0.1304392818704138,0.32529449637374985,0.6829177268779094,,,0,
44,nf2018v2,nftonv2,rf,0.01,rethreshold,21000,0.6148765935917866,0.17723848040717968,0.23178829408180263,0.5562717218606633,0.5159848180723331,0.5553798455103385,0.6017486920767936,0.23178829408180263,0.0033333333333333335,0.23471583408479804,0.0033333333333333335,0,
44,nf2018v2,nftonv2,rf,0.05,calibrate,105000,0.42062190755396933,0.6107334447783608,0.0,0.5087157647649376,1.0,0.19862854511678735,0.13315879496532876,0.32529449637374985,0.6784682925786757,,,0,
44,nf2018v2,nftonv2,rf,0.05,rethreshold,105000,0.6148765935917866,0.17723848040717968,0.23178829408180263,0.5562717218606633,0.5159848180723331,0.5553798455103385,0.6017486920767936,0.23178829408180263,0.0033333333333333335,0.23394608603429504,0.0033333333333333335,0,
44,nf2018v2,nftonv2,rf,0.1,calibrate,210000,0.42062190755396933,0.6107334447783608,0.0,0.5087157647649376,1.0,0.198629437750246,0.1332178013305319,0.32529449637374985,0.6786867874444243,,,0,
44,nf2018v2,nftonv2,rf,0.1,rethreshold,210000,0.6148765935917866,0.17723848040717968,0.23178829408180263,0.5562717218606633,0.5159848180723331,0.5553798455103385,0.6017486920767936,0.23178829408180263,0.0033333333333333335,0.23523404714998386,0.0033333333333333335,0,
44,nf2018v2,nfbotv2,rf,0,zero_shot,249999,0.0503168315502609,0.09152158566855123,0.014204028913893704,0.5093979465376237,0.0011918951132300357,0.6059687658333335,0.7510819499999999,0.13234656031507092,0.03,,,,169
44,nf2018v2,nfbotv2,rf,0.0001,calibrate,211,0.49894904562319464,0.9937119087536106,0.0,0.5052236912770545,1.0,0.004177690759342804,0.0005986691565470492,0.08933610224658926,0.9951981990918277,,,0,
44,nf2018v2,nfbotv2,rf,0.0001,rethreshold,211,0.1349357936906871,0.09152158566855123,-0.07969674348858813,0.5093979465376237,0.600715137067938,0.6059687658333335,0.7510819499999999,0.13234656031507092,0.03,0.029176878461636316,0.28,0,
44,nf2018v2,nfbotv2,rf,0.001,calibrate,2101,0.49894904562319464,0.9937119087536106,0.0,0.5052236912770545,1.0,0.00417689719809408,4.1941703980308276e-05,0.08933610224658926,0.995689169796566,,,0,
44,nf2018v2,nfbotv2,rf,0.001,rethreshold,2101,0.05088476212178759,0.09152158566855123,0.0021732057766670034,0.5093979465376237,0.041716328963051254,0.6059687658333335,0.7510819499999999,0.13234656031507092,0.03,0.015417044543535208,0.39666666666666667,0,
44,nf2018v2,nfbotv2,rf,0.01,calibrate,21000,0.49894904562319464,0.9937119087536106,0.0,0.5052236912770545,1.0,0.004177042816769533,8.958345168874615e-05,0.08933610224658926,0.9958015612277029,,,0,
44,nf2018v2,nfbotv2,rf,0.01,rethreshold,21000,0.5421887768560408,0.09152158566855123,0.1253336826604055,0.5093979465376237,0.9499404052443385,0.6059687658333335,0.7510819499999999,0.13234656031507092,0.03,0.14923731247212327,0.02,0,
44,nf2018v2,nfbotv2,rf,0.05,calibrate,105000,0.49894904562319464,0.9937119087536106,0.0,0.5052236912770545,1.0,0.0041769593515984665,1.1787199716284391e-05,0.08933610224658926,0.9957015375541681,,,0,
44,nf2018v2,nfbotv2,rf,0.05,rethreshold,105000,0.5458260493310652,0.09152158566855123,0.13234656031507092,0.5093979465376237,0.9451728247914184,0.6059687658333335,0.7510819499999999,0.13234656031507092,0.03,0.15331986220904242,0.03,0,
44,nf2018v2,nfbotv2,rf,0.1,calibrate,210001,0.49894904562319464,0.9937119087536106,0.0,0.5052236912770545,1.0,0.004177086447857325,2.0404696480347262e-05,0.08933610224658926,0.9956879979216463,,,0,
44,nf2018v2,nfbotv2,rf,0.1,rethreshold,210001,0.5458260493310652,0.09152158566855123,0.13234656031507092,0.5093979465376237,0.9451728247914184,0.6059687658333335,0.7510819499999999,0.13234656031507092,0.03,0.1525385318164357,0.03,0,
44,nf2018v2,nf2018v2,lgbm,0,in_domain,249999,0.9883308322460963,0.9951688995889807,0.9769071643268518,0.987897817936764,0.00011342884041696441,0.004750315524888708,0.0015705421910824874,0.9769561152119306,0.5320012212937534,,,,11
44,nf2018v2,nfunswv2,lgbm,0,zero_shot,249999,0.5134703768202962,0.9454851492525297,0.1091451526347379,0.5163683574916107,0.0007794556281892726,0.03772407712644966,0.036436153234407506,0.11567003600508323,0.4701607136373796,,,,11
44,nf2018v2,nfunswv2,lgbm,0.0001,calibrate,144,0.49037055157195203,0.943678896856096,0.0,0.5163683574916107,0.0,0.037291346162528,0.032459529534505295,0.11567003600508323,0.08972598757474776,,,0,
44,nf2018v2,nfunswv2,lgbm,0.0001,rethreshold,144,0.5041885913418662,0.9454851492525297,0.09504480496041982,0.5163683574916107,0.00024422943016597207,0.03772407712644966,0.036436153234407506,0.11567003600508323,0.4701607136373796,0.30611483744878115,0.7037601011404553,0,
44,nf2018v2,nfunswv2,lgbm,0.001,calibrate,1392,0.49037055157195203,0.943678896856096,0.0,0.5163683574916107,0.0,0.03628105185957487,0.002433704136523155,0.11567003600508323,0.0636383024650252,,,0,
44,nf2018v2,nfunswv2,lgbm,0.001,rethreshold,1392,0.5041885913418662,0.9454851492525297,0.09504480496041982,0.5163683574916107,0.00024422943016597207,0.03772407712644966,0.036436153234407506,0.11567003600508323,0.4701607136373796,0.18881599195234083,0.7037601011404553,0,
44,nf2018v2,nfunswv2,lgbm,0.01,calibrate,13907,0.49090177326216006,0.9437234855831333,0.018063805324972784,0.5163683574916107,1.0392741709190302e-05,0.03602611888195468,0.0012344908331842605,0.11567003600508323,0.15213111858677797,,,0,
44,nf2018v2,nfunswv2,lgbm,0.01,rethreshold,13907,0.5144482138109935,0.9454851492525297,0.11181706804104714,0.5163683574916107,0.0008054374824622483,0.03772407712644966,0.036436153234407506,0.11567003600508323,0.4701607136373796,0.12501949305719057,0.4858270145527183,0,
44,nf2018v2,nfunswv2,lgbm,0.05,calibrate,69537,0.4961435597061791,0.9441352418675129,0.05451767998582048,0.5163683574916107,0.00017667660905623512,0.0359698169236084,0.0013778967299595865,0.11567003600508323,0.1973112157296802,,,0,
44,nf2018v2,nfunswv2,lgbm,0.05,rethreshold,69537,0.5158435476684425,0.9454851492525297,0.11315306454812098,0.5163683574916107,0.0009197576412633417,0.03772407712644966,0.036436153234407506,0.11567003600508323,0.4701607136373796,0.12212076250313383,0.4607303778724902,0,
44,nf2018v2,nfunswv2,lgbm,0.1,calibrate,139072,0.49705855851452047,0.9442157699600321,0.05999658842370855,0.5163683574916107,0.00018706935076542543,0.0359661450268156,0.0014690375443247004,0.11567003600508323,0.20294745239722828,,,0,
44,nf2018v2,nfunswv2,lgbm,0.1,rethreshold,139072,0.5105187439206007,0.9454851492525297,0.10733404402496438,0.5163683574916107,0.0005300298271687054,0.03772407712644966,0.036436153234407506,0.11567003600508323,0.4701607136373796,0.1208500943170616,0.550827879914544,0,
44,nf2018v2,nftonv2,lgbm,0,zero_shot,249999,0.34024041118143555,0.3085926763190931,-0.006652423795550012,0.5680697388292362,0.17192803182365607,0.6293769492692606,0.6287556301434071,0.31408817554720236,0.0001879947161985158,,,,11
44,nf2018v2,nftonv2,lgbm,0.0001,calibrate,213,0.42062190755396933,0.6107334447783608,0.0,0.47163827180529133,1.0,0.19903937966465768,0.11345669330931998,0.18182487040727058,0.6998162956256933,,,0,
44,nf2018v2,nftonv2,lgbm,0.0001,rethreshold,213,0.6216833538661235,0.3085926763190931,0.2737319461256022,0.5680697388292362,0.36266924564796904,0.6293769492692606,0.6287556301434071,0.31408817554720236,0.0001879947161985158,0.24266774545163447,0.0011698658972777035,0,
44,nf2018v2,nftonv2,lgbm,0.001,calibrate,2100,0.42062190755396933,0.6107334447783608,0.0,0.47163827180529133,1.0,0.19894317019450028,0.0002140874408426141,0.18182487040727058,0.7142054073969564,,,0,
44,nf2018v2,nftonv2,lgbm,0.001,rethreshold,2100,0.6549715221535981,0.3085926763190931,0.3118455841868327,0.5680697388292362,0.539487609941243,0.6293769492692606,0.6287556301434071,0.31408817554720236,0.0001879947161985158,0.2844454623629797,0.00018728943026185868,0,
44,nf2018v2,nftonv2,lgbm,0.01,calibrate,21000,0.42062190755396933,0.6107334447783608,0.0,0.47163827180529133,1.0,0.1989283408476128,5.466115853725029e-06,0.18182487040727058,0.722133356148448,,,0,
44,nf2018v2,nftonv2,lgbm,0.01,rethreshold,21000,0.6562245374670853,0.3085926763190931,0.3140121524654233,0.5680697388292362,0.5342323272873253,0.6293769492692606,0.6287556301434071,0.31408817554720236,0.0001879947161985158,0.3184021643138534,0.0001883368579366819,0,
44,nf2018v2,nftonv2,lgbm,0.05,calibrate,105000,0.42062190755396933,0.6107334447783608,0.0,0.47163827180529133,1.0,0.19892921367406305,2.9017753192528417e-06,0.18182487040727058,0.7208255160653813,,,0,
44,nf2018v2,nftonv2,lgbm,0.05,rethreshold,105000,0.6562553720959842,0.3085926763190931,0.31408817554720236,0.5680697388292362,0.5343418123426152,0.6293769492692606,0.6287556301434071,0.31408817554720236,0.0001879947161985158,0.3195460999766652,0.0001879947161985158,0,
44,nf2018v2,nftonv2,lgbm,0.1,calibrate,210000,0.42062190755396933,0.6107334447783608,0.0,0.47163827180529133,1.0,0.1989301927250501,7.350306918674221e-08,0.18182487040727058,0.7198841719546353,,,0,
44,nf2018v2,nftonv2,lgbm,0.1,rethreshold,210000,0.6562553720959842,0.3085926763190931,0.31408817554720236,0.5680697388292362,0.5343418123426152,0.6293769492692606,0.6287556301434071,0.31408817554720236,0.0001879947161985158,0.31872434971611135,0.0001879947161985158,0,
44,nf2018v2,nfbotv2,lgbm,0,zero_shot,249999,0.06708881549315608,0.1249620742660382,0.01085019515508716,0.5461572018148394,0.025029797377830752,0.48312037477626985,0.6500985827977991,0.34669066535062076,0.08863817102575604,,,,11
44,nf2018v2,nfbotv2,lgbm,0.0001,calibrate,211,0.49894904562319464,0.9937119087536106,0.0,0.5461572018148394,1.0,0.004174690866843776,0.0005642018506306634,0.34669066535062076,0.994902040670708,,,0,
44,nf2018v2,nfbotv2,lgbm,0.0001,rethreshold,211,0.5806568344331293,0.1249620742660382,0.27151847078843194,0.5461572018148394,0.22407628128724671,0.48312037477626985,0.6500985827977991,0.34669066535062076,0.08863817102575604,0.4429339411136566,0.09192156968838326,0,
44,nf2018v2,nfbotv2,lgbm,0.001,calibrate,2101,0.49894904562319464,0.9937119087536106,0.0,0.5461572018148394,1.0,0.004161667792524051,0.0001360626814495003,0.34669066535062076,0.993923195154768,,,0,
44,nf2018v2,nfbotv2,lgbm,0.001,rethreshold,2101,0.6277578567083921,0.1249620742660382,0.34664669015232075,0.5461572018148394,0.22526817640047675,0.48312037477626985,0.6500985827977991,0.34669066535062076,0.08863817102575604,0.27100193219015595,0.08918870684799186,0,
44,nf2018v2,nfbotv2,lgbm,0.01,calibrate,21000,0.49894904562319464,0.9937119087536106,0.0,0.5461572018148394,1.0,0.004091237756962563,4.436598103008116e-05,0.34669066535062076,0.9882231254918566,,,0,
44,nf2018v2,nfbotv2,lgbm,0.01,rethreshold,21000,0.6235268167888359,0.1249620742660382,0.3325697899225591,0.5461572018148394,0.26460071513706795,0.48312037477626985,0.6500985827977991,0.34669066535062076,0.08863817102575604,0.32934919798555895,0.04357105124933982,0,
44,nf2018v2,nfbotv2,lgbm,0.05,calibrate,105000,0.49894904562319464,0.9937119087536106,0.0,0.5461572018148394,1.0,0.004002401733210588,0.003939639430648668,0.34669066535062076,0.9847087599466252,,,0,
44,nf2018v2,nfbotv2,lgbm,0.05,rethreshold,105000,0.6280725562219802,0.1249620742660382,0.34645672882811973,0.5461572018148394,0.22884386174016685,0.48312037477626985,0.6500985827977991,0.34669066535062076,0.08863817102575604,0.3418556772407337,0.08313785004662377,0,
44,nf2018v2,nfbotv2,lgbm,0.1,calibrate,210001,0.49894904562319464,0.9937119087536106,0.0,0.5461572018148394,1.0,0.003962944597363889,0.004065292997653059,0.34669066535062076,0.9840375667091628,,,0,
44,nf2018v2,nfbotv2,lgbm,0.1,rethreshold,210001,0.6280725562219802,0.1249620742660382,0.34645672882811973,0.5461572018148394,0.22884386174016685,0.48312037477626985,0.6500985827977991,0.34669066535062076,0.08863817102575604,0.3430489391635842,0.08313785004662377,0,
44,nf2018v2,nf2018v2,mlp,0,in_domain,249999,0.985982387915777,0.9942035844868466,0.9722850924581676,0.9852854988399874,0.00028357210104241104,0.005607867365112368,0.0015711681970588345,0.9727274962101741,0.6486904373124883,,,,42
44,nf2018v2,nfunswv2,mlp,0,zero_shot,249999,0.4818651508938153,0.92022474935617,-0.03596020404757796,0.48897210277010084,0.04851331829850033,0.07511748484325811,0.053317815052477575,0.02712551571905258,8.204339226626392e-66,,,,42
44,nf2018v2,nfunswv2,mlp,0.0001,calibrate,144,0.49037055157195203,0.943678896856096,0.0,0.5165186833970167,0.0,0.03723096454008237,0.03106671568837848,0.13391202567509916,0.07057626216828469,,,0,
44,nf2018v2,nfunswv2,mlp,0.0001,rethreshold,144,0.2272780337205879,0.92022474935617,-0.019482997244116472,0.48897210277010084,0.7576932270502281,0.07511748484325811,0.053317815052477575,0.02712551571905258,8.204339226626392e-66,0.10501606834415465,9.468562681753703e-07,0,
44,nf2018v2,nfunswv2,mlp,0.001,calibrate,1392,0.49037055157195203,0.943678896856096,0.0,0.516511261164275,0.0,0.036241367267159694,0.0023937820551383606,0.13391202567509916,0.04113815028874274,,,0,
44,nf2018v2,nfunswv2,mlp,0.001,rethreshold,1392,0.49108352338878547,0.92022474935617,-0.0012024618671000352,0.48897210277010084,0.0012835036010850022,0.07511748484325811,0.053317815052477575,0.02712551571905258,8.204339226626392e-66,0.09059780779775996,0.977609312018181,0,
44,nf2018v2,nfunswv2,mlp,0.01,calibrate,13907,0.49037055157195203,0.943678896856096,0.0,0.5164915066287843,0.0,0.03606593459700332,0.006771754845804898,0.13391202567509916,0.04408369388276931,,,0,
44,nf2018v2,nfunswv2,mlp,0.01,rethreshold,13907,0.18330978888418709,0.92022474935617,0.018803577500549076,0.48897210277010084,0.8286704565531433,0.07511748484325811,0.053317815052477575,0.02712551571905258,8.204339226626392e-66,0.028885596265819633,1.491125939271206e-07,0,
44,nf2018v2,nfunswv2,mlp,0.05,calibrate,69537,0.49037055157195203,0.943678896856096,0.0,0.5164835115253799,0.0,0.03598823274782808,0.005902994080947231,0.13391202567509916,0.04627702155715001,,,0,
44,nf2018v2,nfunswv2,mlp,0.05,rethreshold,69537,0.06940679834975916,0.92022474935617,0.026703562113723833,0.48897210277010084,0.9667796011265732,0.07511748484325811,0.053317815052477575,0.02712551571905258,8.204339226626392e-66,0.021185508599719263,6.522689766545929e-63,0,
44,nf2018v2,nfunswv2,mlp,0.1,calibrate,139072,0.49037055157195203,0.943678896856096,0.0,0.5164818455142087,0.0,0.03595924435682362,0.005444168044745703,0.13391202567509916,0.047053950969994505,,,0,
44,nf2018v2,nfunswv2,mlp,0.1,rethreshold,139072,0.0693764892087331,0.92022474935617,0.026681912634425074,0.48897210277010084,0.9668107793517008,0.07511748484325811,0.053317815052477575,0.02712551571905258,8.204339226626392e-66,0.02400249910139299,2.805413373689206e-63,0,
44,nf2018v2,nftonv2,mlp,0,zero_shot,249999,0.33621590780499483,0.3144436875237182,-0.07084514400715738,0.5365185831973206,0.2476916900843035,0.5943833215329504,0.5928019985366537,0.2160789545229437,1.0755361302636028e-37,,,,42
44,nf2018v2,nftonv2,mlp,0.0001,calibrate,213,0.42062190755396933,0.6107334447783608,0.0,0.49534085328562516,1.0,0.19814855474524792,0.0857962595851352,0.24060965355086056,0.6659323086049347,,,0,
44,nf2018v2,nftonv2,mlp,0.0001,rethreshold,213,0.48910990749112193,0.3144436875237182,0.21115884918393413,0.5365185831973206,0.9308601875843947,0.5943833215329504,0.5928019985366537,0.2160789545229437,1.0755361302636028e-37,0.2783186471749914,1.1629728943211978e-36,0,
44,nf2018v2,nftonv2,mlp,0.001,calibrate,2100,0.42062190755396933,0.6107334447783608,0.0,0.49535179708192173,1.0,0.1982098516374293,0.0593328973261993,0.24060965355086056,0.680118022172471,,,0,
44,nf2018v2,nftonv2,mlp,0.001,rethreshold,2100,0.48798848542475026,0.3144436875237182,0.2154072574853139,0.5365185831973206,0.932484215904529,0.5943833215329504,0.5928019985366537,0.2160789545229437,1.0755361302636028e-37,0.2018641179494701,1.6837996465858237e-37,0,
44,nf2018v2,nftonv2,mlp,0.01,calibrate,21000,0.42062190755396933,0.6107334447783608,0.0,0.49545174928205327,1.0,0.19818114070370735,0.0562891368902838,0.24060965355086056,0.6747439955372704,,,0,
44,nf2018v2,nftonv2,mlp,0.01,rethreshold,21000,0.4878762284640882,0.3144436875237182,0.215333827890021,0.5365185831973206,0.932611948469034,0.5943833215329504,0.5928019985366537,0.2160789545229437,1.0755361302636028e-37,0.2132404245084768,1.6051721916043281e-37,0,
44,nf2018v2,nftonv2,mlp,0.05,calibrate,105000,0.42062190755396933,0.6107334447783608,0.0,0.4953855452132433,1.0,0.19814789472637584,0.08698972682716025,0.24060965355086056,0.6648664588226496,,,0,
44,nf2018v2,nftonv2,mlp,0.05,rethreshold,105000,0.4888535366173631,0.3144436875237182,0.21463451757116303,0.5365185831973206,0.9314076128608445,0.5943833215329504,0.5928019985366537,0.2160789545229437,1.0755361302636028e-37,0.21013349387655889,3.0327501016319634e-37,0,
44,nf2018v2,nftonv2,mlp,0.1,calibrate,210000,0.42062190755396933,0.6107334447783608,0.0,0.49534041275417123,1.0,0.1981511064950446,0.08786517067902791,0.24060965355086056,0.6665429017033789,,,0,
44,nf2018v2,nftonv2,mlp,0.1,rethreshold,210000,0.4876122607566118,0.3144436875237182,0.21588084408680697,0.5365185831973206,0.9329586511441188,0.5943833215329504,0.5928019985366537,0.2160789545229437,1.0755361302636028e-37,0.21313149217004346,1.3389874849469285e-37,0,
44,nf2018v2,nfbotv2,mlp,0,zero_shot,249999,0.2097952877343702,0.40951285690308153,0.0005939683406881485,0.5265067769578508,0.2550655542312277,0.6808151651197692,0.6506229241527864,0.22862689987461424,1.3266274404202287e-07,,,,42
44,nf2018v2,nfbotv2,mlp,0.0001,calibrate,211,0.49894904562319464,0.9937119087536106,0.0,0.526667639484599,1.0,0.004178021216779599,0.0006036983635212545,0.22862689987461424,0.9949696938874857,,,0,
44,nf2018v2,nfbotv2,mlp,0.0001,rethreshold,211,0.3085750243547637,0.40951285690308153,-0.014055790940331455,0.5265067769578508,0.5482717520858165,0.6808151651197692,0.6506229241527864,0.22862689987461424,1.3266274404202287e-07,0.06185308258934089,0.042038999802739674,0,
44,nf2018v2,nfbotv2,mlp,0.001,calibrate,2101,0.49894904562319464,0.9937119087536106,0.0,0.5266676424548282,1.0,0.004177483844086734,3.307320726186891e-05,0.22862689987461424,0.9956750770419399,,,0,
44,nf2018v2,nfbotv2,mlp,0.001,rethreshold,2101,0.19194141907976775,0.40951285690308153,-0.001059319496174149,0.5265067769578508,0.23837902264600716,0.6808151651197692,0.6506229241527864,0.22862689987461424,1.3266274404202287e-07,0.01869790474377554,0.5905464718903514,0,
44,nf2018v2,nfbotv2,mlp,0.01,calibrate,21000,0.49894904562319464,0.9937119087536106,0.0,0.5098676625347801,1.0,0.004177361034856463,1.5385874243989406e-05,0.13086961660500657,0.9955205511685284,,,0,
44,nf2018v2,nfbotv2,mlp,0.01,rethreshold,21000,0.554968878503338,0.40951285690308153,0.20674465551846966,0.5265067769578508,0.9392133492252682,0.6808151651197692,0.6506229241527864,0.22862689987461424,1.3266274404202287e-07,0.2835829474053434,2.294925761002674e-07,0,
44,nf2018v2,nfbotv2,mlp,0.05,calibrate,105000,0.49894904562319464,0.9937119087536106,0.0,0.5098676617953094,1.0,0.004177414836905432,2.4962662947158876e-05,0.13086961660500657,0.9948065103569421,,,0,
44,nf2018v2,nfbotv2,mlp,0.05,rethreshold,105000,0.5552841092358961,0.40951285690308153,0.21440620462047089,0.5265067769578508,0.9392133492252682,0.6808151651197692,0.6506229241527864,0.22862689987461424,1.3266274404202287e-07,0.27558754030474586,2.0468807422413513e-07,0,
44,nf2018v2,nfbotv2,mlp,0.1,calibrate,210001,0.49894904562319464,0.9937119087536106,0.0,0.5098676057545797,1.0,0.004177484626436003,2.2899478436699816e-05,0.13086961660500657,0.9945621825091728,,,0,
44,nf2018v2,nfbotv2,mlp,0.1,rethreshold,210001,0.5557312055507713,0.40951285690308153,0.2266954980777381,0.5265067769578508,0.9392133492252682,0.6808151651197692,0.6506229241527864,0.22862689987461424,1.3266274404202287e-07,0.265709612206067,1.81190184901033e-07,0,
44,nfunswv2,nf2018v2,rf,0,zero_shot,250002,0.3767827524748665,0.6380801594129443,-0.20753722151485102,0.5105728791946029,0.36807658715304953,0.19817680522708492,0.19225923870380646,0.25995224855668964,0.28,,,,47
44,nfunswv2,nf2018v2,rf,0.0001,calibrate,217,0.46853899442765923,0.8261331950887618,0.0,0.5105728791946029,0.0,0.10473183776954727,0.09295064254935072,0.25995224855668964,0.14070112916562297,,,0,
44,nfunswv2,nf2018v2,rf,0.0001,rethreshold,217,0.4479530117862419,0.6380801594129443,0.255126727325649,0.5105728791946029,0.5799389752838556,0.19817680522708492,0.19225923870380646,0.25995224855668964,0.28,0.30534187264622914,0.17666666666666667,0,
44,nfunswv2,nf2018v2,rf,0.001,calibrate,2102,0.46853899442765923,0.8261331950887618,0.0,0.5105728791946029,0.0,0.10406992146840785,0.1351074582147016,0.25995224855668964,0.11151245197008815,,,0,
44,nfunswv2,nf2018v2,rf,0.001,rethreshold,2102,0.4568184532606055,0.6380801594129443,0.2573897665765619,0.5105728791946029,0.5645523530812945,0.19817680522708492,0.19225923870380646,0.25995224855668964,0.28,0.25481476029411126,0.3,0,
44,nfunswv2,nf2018v2,rf,0.01,calibrate,21001,0.46853899442765923,0.8261331950887618,0.0,0.5105728791946029,0.0,0.10415656319556224,0.14283329024668978,0.25995224855668964,0.10960337630981083,,,0,
44,nfunswv2,nf2018v2,rf,0.01,rethreshold,21001,0.45685382330765933,0.6380801594129443,0.25995224855668964,0.5105728791946029,0.565652612833339,0.19817680522708492,0.19225923870380646,0.25995224855668964,0.28,0.2572009973627297,0.28,0,
44,nfunswv2,nf2018v2,rf,0.05,calibrate,105000,0.46853899442765923,0.8261331950887618,0.0,0.5105728791946029,0.0,0.10418955055941698,0.14599509233454872,0.25995224855668964,0.10930330745496522,,,0,
44,nfunswv2,nf2018v2,rf,0.05,rethreshold,105000,0.4566701311919533,0.6380801594129443,0.25982354493465826,0.5105728791946029,0.5659361849343815,0.19817680522708492,0.19225923870380646,0.25995224855668964,0.28,0.2603496226429889,0.27666666666666667,0,
44,nfunswv2,nf2018v2,rf,0.1,calibrate,210000,0.46853899442765923,0.8261331950887618,0.0,0.5105728791946029,0.0,0.10418421477703549,0.14591902634965648,0.25995224855668964,0.10934002956046976,,,0,
44,nfunswv2,nf2018v2,rf,0.1,rethreshold,210000,0.4566701311919533,0.6380801594129443,0.25982354493465826,0.5105728791946029,0.5659361849343815,0.19817680522708492,0.19225923870380646,0.25995224855668964,0.28,0.2597546947032665,0.27666666666666667,0,
44,nfunswv2,nfunswv2,rf,0,in_domain,250002,0.977607287901137,0.9967215040617977,0.9553100617279003,0.9923808926009443,0.0022552249508942953,0.002470908055555555,0.0006547500000000253,0.955587171686995,0.51,,,,47
44,nfunswv2,nftonv2,rf,0,zero_shot,250002,0.23668257088987377,0.15336414230984605,-0.04743187928542981,0.5133186226101667,0.046202693332360135,0.46965058591959613,0.5148105407193703,0.2863581087200704,0.29333333333333333,,,,47
44,nfunswv2,nftonv2,rf,0.0001,calibrate,213,0.42062190755396933,0.6107334447783608,0.0,0.5133186226101667,1.0,0.19669508046202597,0.1363128458352247,0.2863581087200704,0.753303130436009,,,0,
44,nfunswv2,nftonv2,rf,0.0001,rethreshold,213,0.5507781002265657,0.15336414230984605,0.28296695266073146,0.5133186226101667,0.13174701653224336,0.46965058591959613,0.5148105407193703,0.2863581087200704,0.29333333333333333,0.39727148073548807,0.30666666666666664,0,
44,nfunswv2,nftonv2,rf,0.001,calibrate,2100,0.42062190755396933,0.6107334447783608,0.0,0.5133186226101667,1.0,0.19675280404089052,0.18609184958422625,0.2863581087200704,0.7566728583226823,,,0,
44,nfunswv2,nftonv2,rf,0.001,rethreshold,2100,0.5554428174015411,0.15336414230984605,0.2862240152249504,0.5133186226101667,0.13532352833838182,0.46965058591959613,0.5148105407193703,0.2863581087200704,0.29333333333333333,0.3063731521096146,0.3,0,
44,nfunswv2,nftonv2,rf,0.01,calibrate,21000,0.42062190755396933,0.6107334447783608,0.0,0.5133186226101667,1.0,0.19668605489860744,0.14602714927045116,0.2863581087200704,0.7527655129155083,,,0,
44,nfunswv2,nftonv2,rf,0.01,rethreshold,21000,0.5554428174015411,0.15336414230984605,0.2862240152249504,0.5133186226101667,0.13532352833838182,0.46965058591959613,0.5148105407193703,0.2863581087200704,0.29333333333333333,0.2928049333735627,0.3,0,
44,nfunswv2,nftonv2,rf,0.05,calibrate,105000,0.42062190755396933,0.6107334447783608,0.0,0.5133186226101667,1.0,0.19668786701935492,0.14694796377996402,0.2863581087200704,0.7532393191365591,,,0,
44,nfunswv2,nftonv2,rf,0.05,rethreshold,105000,0.5583951545393362,0.15336414230984605,0.2863581087200704,0.5133186226101667,0.14077953359366446,0.46965058591959613,0.5148105407193703,0.2863581087200704,0.29333333333333333,0.2945501567767175,0.29333333333333333,0,
44,nfunswv2,nftonv2,rf,0.1,calibrate,210000,0.42062190755396933,0.6107334447783608,0.0,0.5133186226101667,1.0,0.19668310735593283,0.14528445917351537,0.2863581087200704,0.7523004871598636,,,0,
44,nfunswv2,nftonv2,rf,0.1,rethreshold,210000,0.5583951545393362,0.15336414230984605,0.2863581087200704,0.5133186226101667,0.14077953359366446,0.46965058591959613,0.5148105407193703,0.2863581087200704,0.29333333333333333,0.2927363721167212,0.29333333333333333,0,
44,nfunswv2,nfbotv2,rf,0,zero_shot,250002,0.28642979130695895,0.5581417994895278,0.039954069707504695,0.5468523809530492,0.08820023837902265,0.3745369995555556,0.5419086,0.3371523939891642,0.24,,,,47
44,nfunswv2,nfbotv2,rf,0.0001,calibrate,211,0.49894904562319464,0.9937119087536106,0.0,0.5468523809530492,1.0,0.004176074654182491,0.0005711892339298474,0.3371523939891642,0.995026420914334,,,0,
44,nfunswv2,nfbotv2,rf,0.0001,rethreshold,211,0.5889035330606021,0.5581417994895278,0.194850412361112,0.5468523809530492,0.6960667461263409,0.3745369995555556,0.5419086,0.3371523939891642,0.24,0.7054211845550483,0.13666666666666666,0,
44,nfunswv2,nfbotv2,rf,0.001,calibrate,2101,0.49894904562319464,0.9937119087536106,0.0,0.5468523809530492,1.0,0.004166340521895746,0.0001885900604486901,0.3371523939891642,0.9942824882483545,,,0,
44,nfunswv2,nfbotv2,rf,0.001,rethreshold,2101,0.6409494878930565,0.5581417994895278,0.3371523939891642,0.5468523809530492,0.3778307508939213,0.3745369995555556,0.5419086,0.3371523939891642,0.24,0.3790703682777278,0.24,0,
44,nfunswv2,nfbotv2,rf,0.01,calibrate,21000,0.49894904562319464,0.9937119087536106,0.0,0.5468523809530492,1.0,0.00411980855202622,0.00021347195899124114,0.3371523939891642,0.9907031896113474,,,0,
44,nfunswv2,nfbotv2,rf,0.01,rethreshold,21000,0.6409494878930565,0.5581417994895278,0.3371523939891642,0.5468523809530492,0.3778307508939213,0.3745369995555556,0.5419086,0.3371523939891642,0.24,0.3454377360354112,0.24,0,
44,nfunswv2,nfbotv2,rf,0.05,calibrate,105000,0.49894904562319464,0.9937119087536106,0.0,0.5468523809530492,1.0,0.004091634701082003,0.0021209049306120473,0.3371523939891642,0.9887472854654293,,,0,
44,nfunswv2,nfbotv2,rf,0.05,rethreshold,105000,0.6409494878930565,0.5581417994895278,0.3371523939891642,0.5468523809530492,0.3778307508939213,0.3745369995555556,0.5419086,0.3371523939891642,0.24,0.33061287416062896,0.24,0,
44,nfunswv2,nfbotv2,rf,0.1,calibrate,210001,0.49894904562319464,0.9937119087536106,0.0,0.5468523809530492,1.0,0.004087914020738884,0.001801599939437242,0.3371523939891642,0.9886096421558953,,,0,
44,nfunswv2,nfbotv2,rf,0.1,rethreshold,210001,0.6409494878930565,0.5581417994895278,0.3371523939891642,0.5468523809530492,0.3778307508939213,0.3745369995555556,0.5419086,0.3371523939891642,0.24,0.32731407736389234,0.24,0,
44,nfunswv2,nf2018v2,lgbm,0,zero_shot,250002,0.46331305991481553,0.7910633860263432,-0.07081435708452435,0.5107005128109744,0.08854255282948242,0.169748716036757,0.1345105145127892,0.22477682836474203,0.00014620692675442482,,,,12
44,nfunswv2,nf2018v2,lgbm,0.0001,calibrate,217,0.46853899442765923,0.8261331950887618,0.0,0.5092723331809473,0.0,0.10449845538625886,0.035331446582072414,0.24628169791814047,0.1584358022534988,,,0,
44,nfunswv2,nf2018v2,lgbm,0.0001,rethreshold,217,0.43982508770594075,0.7910633860263432,0.2236243085518633,0.5107005128109744,0.5810052063837752,0.169748716036757,0.1345105145127892,0.22477682836474203,0.00014620692675442482,0.22026939159238196,0.00014222469309109245,0,
44,nfunswv2,nf2018v2,lgbm,0.001,calibrate,2102,0.46853899442765923,0.8261331950887618,0.0,0.5092723331809473,0.0,0.10341893713303442,0.0720134722316756,0.24628169791814047,0.1328761361150116,,,0,
44,nfunswv2,nf2018v2,lgbm,0.001,rethreshold,2102,0.4219947478252477,0.7910633860263432,0.2175350671607757,0.5107005128109744,0.6111432492825626,0.169748716036757,0.1345105145127892,0.22477682836474203,0.00014620692675442482,0.22064773798419837,0.00011159348318256838,0,
44,nfunswv2,nf2018v2,lgbm,0.01,calibrate,21001,0.46853899442765923,0.8261331950887618,0.0,0.5092723331809473,0.0,0.10338629510130842,0.07214141363371246,0.24628169791814047,0.1330071259737704,,,0,
44,nfunswv2,nf2018v2,lgbm,0.01,rethreshold,21001,0.44215837383172796,0.7910633860263432,0.22477682836474203,0.5107005128109744,0.5771429543675775,0.169748716036757,0.1345105145127892,0.22477682836474203,0.00014620692675442482,0.22599945368182828,0.00014620692675442482,0,
44,nfunswv2,nf2018v2,lgbm,0.05,calibrate,105000,0.46853899442765923,0.8261331950887618,0.0,0.5092723331809473,0.0,0.10338657329534351,0.0707369345830643,0.24628169791814047,0.13280041397892509,,,0,
44,nfunswv2,nf2018v2,lgbm,0.05,rethreshold,105000,0.44215837383172796,0.7910633860263432,0.22477682836474203,0.5107005128109744,0.5771429543675775,0.169748716036757,0.1345105145127892,0.22477682836474203,0.00014620692675442482,0.22690823598883797,0.00014620692675442482,0,
44,nfunswv2,nf2018v2,lgbm,0.1,calibrate,210000,0.46853899442765923,0.8261331950887618,0.0,0.5092723331809473,0.0,0.1033832002830263,0.07185523329473267,0.24628169791814047,0.13294765167233233,,,0,
44,nfunswv2,nf2018v2,lgbm,0.1,rethreshold,210000,0.44215837383172796,0.7910633860263432,0.22477682836474203,0.5107005128109744,0.5771429543675775,0.169748716036757,0.1345105145127892,0.22477682836474203,0.00014620692675442482,0.22391682112934255,0.00014620692675442482,0,
44,nfunswv2,nfunswv2,lgbm,0,in_domain,250002,0.9769155661377324,0.9966262048478177,0.9538824113246014,0.9930034584295175,0.0021564939046569876,0.0025441650366557645,0.0010532579693996215,0.9551722453855267,0.3654229513327662,,,,12
44,nfunswv2,nftonv2,lgbm,0,zero_shot,250002,0.21910539513811764,0.12948298066489877,-0.10893866636829758,0.4312022599639247,0.044961862705740666,0.7189879533959204,0.7183983226846486,0.053698536074970694,4.661246096664882e-06,,,,12
44,nfunswv2,nftonv2,lgbm,0.0001,calibrate,213,0.42062190755396933,0.6107334447783608,0.0,0.4312022599639247,1.0,0.19898888869221512,0.001734267403232792,0.053698536074970694,0.7276244221122903,,,0,
44,nfunswv2,nftonv2,lgbm,0.0001,rethreshold,213,0.21891350217146424,0.12948298066489877,-0.10975806494462817,0.4312022599639247,0.04490712017809569,0.7189879533959204,0.7183983226846486,0.053698536074970694,4.661246096664882e-06,0.05955550586260418,0.5069575961692661,0,
44,nfunswv2,nftonv2,lgbm,0.001,calibrate,2100,0.4615728807676828,0.6341538786723417,0.1218032775607165,0.6099143729498293,0.9576840261304332,0.1956641938573601,0.0943275877764072,0.25978157938579094,0.7327503598351448,,,0,
44,nfunswv2,nftonv2,lgbm,0.001,rethreshold,2100,0.479709596610008,0.12948298066489877,0.048002335617643936,0.4312022599639247,0.916243932703186,0.7189879533959204,0.7183983226846486,0.053698536074970694,4.661246096664882e-06,0.06537116687382802,4.073854142211638e-05,0,
44,nfunswv2,nftonv2,lgbm,0.01,calibrate,21000,0.46254330850211206,0.6342059585481029,0.11143218465419799,0.6099143729498293,0.9557132951352141,0.1954071286444393,0.07204405191379522,0.25978157938579094,0.7357617481972949,,,0,
44,nfunswv2,nftonv2,lgbm,0.01,rethreshold,21000,0.42825960943491265,0.12948298066489877,0.05347893780656095,0.4312022599639247,0.9925185212218532,0.7189879533959204,0.7183983226846486,0.053698536074970694,4.661246096664882e-06,0.04955343660862132,4.583948252730815e-06,0,
44,nfunswv2,nftonv2,lgbm,0.05,calibrate,105000,0.4628142995676242,0.6343054166529617,0.11068365144574153,0.6099143729498293,0.9553118499324842,0.1953961542711107,0.06259876247018228,0.25978157938579094,0.7357658870511761,,,0,
44,nfunswv2,nftonv2,lgbm,0.05,rethreshold,105000,0.42825960943491265,0.12948298066489877,0.05347893780656095,0.4312022599639247,0.9925185212218532,0.7189879533959204,0.7183983226846486,0.053698536074970694,4.661246096664882e-06,0.0494939371707627,4.5779453580650625e-06,0,
44,nfunswv2,nftonv2,lgbm,0.1,calibrate,210000,0.4628960980940568,0.6342615702397087,0.1088939310633661,0.6099143729498293,0.9550563848034743,0.19539439111924212,0.06603371083709163,0.25978157938579094,0.7363154297213644,,,0,
44,nfunswv2,nftonv2,lgbm,0.1,rethreshold,210000,0.4287990152148033,0.12948298066489877,0.05282893497021946,0.4312022599639247,0.9919346009269735,0.7189879533959204,0.7183983226846486,0.053698536074970694,4.661246096664882e-06,0.05538127839627819,4.953514855290957e-06,0,
44,nfunswv2,nfbotv2,lgbm,0,zero_shot,250002,0.025558051818243013,0.0429846659858085,-0.019073114281417218,0.5919636992060268,0.06555423122765197,0.8615247918443119,0.913443709942827,0.41993382427279735,0.003340214806616977,,,,12
44,nfunswv2,nfbotv2,lgbm,0.0001,calibrate,211,0.49894904562319464,0.9937119087536106,0.0,0.5919636992060268,1.0,0.004177741283938895,0.0006022233198482718,0.41993382427279735,0.9951750883538735,,,0,
44,nfunswv2,nfbotv2,lgbm,0.0001,rethreshold,211,0.6328963051993098,0.0429846659858085,0.2683058255591111,0.5919636992060268,0.6889153754469607,0.8615247918443119,0.913443709942827,0.41993382427279735,0.003340214806616977,1.0,0.0015884783192032174,0,
44,nfunswv2,nfbotv2,lgbm,0.001,calibrate,2101,0.49894904562319464,0.9937119087536106,0.0,0.5919636992060268,1.0,0.004177260122746202,0.00016545979460402815,0.41993382427279735,0.9954984789440758,,,0,
44,nfunswv2,nfbotv2,lgbm,0.001,rethreshold,2101,0.6965738763131428,0.0429846659858085,0.4195600733443845,0.5919636992060268,0.39451728247914186,0.8615247918443119,0.913443709942827,0.41993382427279735,0.003340214806616977,0.6265084140222761,0.0033624180637465773,0,
44,nfunswv2,nfbotv2,lgbm,0.01,calibrate,21000,0.49894904562319464,0.9937119087536106,0.0,0.5919636992060268,1.0,0.004177233858199118,6.1355338781377e-05,0.41993382427279735,0.9956024337143441,,,0,
44,nfunswv2,nfbotv2,lgbm,0.01,rethreshold,21000,0.6965738763131428,0.0429846659858085,0.4195600733443845,0.5919636992060268,0.39451728247914186,0.8615247918443119,0.913443709942827,0.41993382427279735,0.003340214806616977,0.469797102696891,0.0033624180637465773,0,
44,nfunswv2,nfbotv2,lgbm,0.05,calibrate,105000,0.49894904562319464,0.9937119087536106,0.0,0.5919636992060268,1.0,0.004177279071535515,7.216026967560296e-05,0.41993382427279735,0.995619358695237,,,0,
44,nfunswv2,nfbotv2,lgbm,0.05,rethreshold,105000,0.6968106639611783,0.0429846659858085,0.41993382427279735,0.5919636992060268,0.39451728247914186,0.8615247918443119,0.913443709942827,0.41993382427279735,0.003340214806616977,0.404541626909243,0.003340214806616977,0,
44,nfunswv2,nfbotv2,lgbm,0.1,calibrate,210001,0.49894904562319464,0.9937119087536106,0.0,0.5919636992060268,1.0,0.004177277577870031,7.600688932130062e-05,0.41993382427279735,0.9956140843346459,,,0,
44,nfunswv2,nfbotv2,lgbm,0.1,rethreshold,210001,0.6904634183356849,0.0429846659858085,0.41173096780017154,0.5919636992060268,0.38498212157330153,0.8615247918443119,0.913443709942827,0.41993382427279735,0.003340214806616977,0.3992331501430573,0.003842169234990748,0,
44,nfunswv2,nf2018v2,mlp,0,zero_shot,250002,0.4083927392270046,0.7157327059848004,-0.17673309826930406,0.4557591351231781,0.22688036660201222,0.2712957695343575,0.2884075549624202,0.13129210809698372,3.780767618860279e-29,,,,36
44,nfunswv2,nf2018v2,mlp,0.0001,calibrate,217,0.46853899442765923,0.8261331950887618,0.0,0.5689138474255235,0.0,0.10343259550445574,0.07423872739215402,0.2829447739386951,0.17910346936513868,,,0,
44,nfunswv2,nf2018v2,mlp,0.0001,rethreshold,217,0.2566432473125851,0.7157327059848004,0.13113181617657568,0.4557591351231781,0.8403092070189766,0.2712957695343575,0.2884075549624202,0.13129210809698372,3.780767618860279e-29,0.07802772050542381,3.7831732114942254e-29,0,
44,nfunswv2,nf2018v2,mlp,0.001,calibrate,2102,0.46853899442765923,0.8261331950887618,0.0,0.5687787714300482,0.0,0.10252915999254372,0.04536170185029058,0.2829447739386951,0.1465981526157906,,,0,
44,nfunswv2,nf2018v2,mlp,0.001,rethreshold,2102,0.2566432473125851,0.7157327059848004,0.13113181617657568,0.4557591351231781,0.8403092070189766,0.2712957695343575,0.2884075549624202,0.13129210809698372,3.780767618860279e-29,0.12443030159193265,3.7831732114942254e-29,0,
44,nfunswv2,nf2018v2,mlp,0.01,calibrate,21001,0.46853899442765923,0.8261331950887618,0.0,0.5687708226669128,0.0,0.1025298723927282,0.04366474459604649,0.2829447739386951,0.14521102184328374,,,0,
44,nfunswv2,nf2018v2,mlp,0.01,rethreshold,21001,0.2566432473125851,0.7157327059848004,0.13113181617657568,0.4557591351231781,0.8403092070189766,0.2712957695343575,0.2884075549624202,0.13129210809698372,3.780767618860279e-29,0.12727012682622124,3.7824147395491953e-29,0,
44,nfunswv2,nf2018v2,mlp,0.05,calibrate,105000,0.46853899442765923,0.8261331950887618,0.0,0.5689735585934876,0.0,0.10255217648559924,0.0433489394736115,0.2829447739386951,0.14524174498198514,,,0,
44,nfunswv2,nf2018v2,mlp,0.05,rethreshold,105000,0.2566539812748742,0.7157327059848004,0.13125120225967235,0.4557591351231781,0.8403148784609975,0.2712957695343575,0.2884075549624202,0.13129210809698372,3.780767618860279e-29,0.12959065765370342,3.780967877437536e-29,0,
44,nfunswv2,nf2018v2,mlp,0.1,calibrate,210000,0.46853899442765923,0.8261331950887618,0.0,0.5687706543279062,0.0,0.10255503530377633,0.04336162719979525,0.2829447739386951,0.1452815044592186,,,0,
44,nfunswv2,nf2018v2,mlp,0.1,rethreshold,210000,0.25628855614962964,0.7157327059848004,0.13111148450084406,0.4557591351231781,0.8407629223806445,0.2712957695343575,0.2884075549624202,0.13129210809698372,3.780767618860279e-29,0.12994131444163487,3.603543959620678e-29,0,
44,nfunswv2,nfunswv2,mlp,0,in_domain,250002,0.9672073210875958,0.99514004512845,0.9351476293283973,0.9823114708069678,0.004120722087693955,0.003794146676692973,0.0008650544098270024,0.9362095671272255,0.4765262700896182,,,,36
44,nfunswv2,nftonv2,mlp,0,zero_shot,250002,0.2184103513604637,0.12538749984557113,-0.06797675087836055,0.49472907748731165,0.022061238640925514,0.6838852725591901,0.6916327596130389,0.17677791888748043,3.094152869164057e-08,,,,36
44,nfunswv2,nftonv2,mlp,0.0001,calibrate,213,0.42062190755396933,0.6107334447783608,0.0,0.523379430319705,1.0,0.19887847212845142,0.0016320396164023476,0.21611784997166572,0.728056323042561,,,0,
44,nfunswv2,nftonv2,mlp,0.0001,rethreshold,213,0.5429616300895327,0.12538749984557113,0.145289832242323,0.49472907748731165,0.8180905806357432,0.6838852725591901,0.6916327596130389,0.17677791888748043,3.094152869164057e-08,0.21558288038050605,3.9299141211329634e-08,0,
44,nfunswv2,nftonv2,mlp,0.001,calibrate,2100,0.42062190755396933,0.6107334447783608,0.0,0.5233702757913546,1.0,0.19860892475415903,0.01556965976323308,0.21611784997166572,0.7309176126100155,,,0,
44,nfunswv2,nftonv2,mlp,0.001,rethreshold,2100,0.5494860788019187,0.12538749984557113,0.17577199718673342,0.49472907748731165,0.8218130725156017,0.6838852725591901,0.6916327596130389,0.17677791888748043,3.094152869164057e-08,0.18781940614656595,3.116316834116932e-08,0,
44,nfunswv2,nftonv2,mlp,0.01,calibrate,21000,0.42062190755396933,0.6107334447783608,0.0,0.5233697067980212,1.0,0.19863713004969724,0.015233764035754303,0.21611784997166572,0.7293289900912576,,,0,
44,nfunswv2,nftonv2,mlp,0.01,rethreshold,21000,0.5495391110005919,0.12538749984557113,0.1765571807984588,0.49472907748731165,0.8221597751906865,0.6838852725591901,0.6916327596130389,0.17677791888748043,3.094152869164057e-08,0.1741923833703407,3.098759229156414e-08,0,
44,nfunswv2,nftonv2,mlp,0.05,calibrate,105000,0.42062190755396933,0.6107334447783608,0.0,0.5233670666301877,1.0,0.19862382067128134,0.018999456683194468,0.21611784997166572,0.7297290681249505,,,0,
44,nfunswv2,nftonv2,mlp,0.05,rethreshold,105000,0.5495214201500235,0.12538749984557113,0.17657456477940786,0.49472907748731165,0.8222145177183314,0.6838852725591901,0.6916327596130389,0.17677791888748043,3.094152869164057e-08,0.18183463689644966,3.097174404665106e-08,0,
44,nfunswv2,nftonv2,mlp,0.1,calibrate,210000,0.42062190755396933,0.6107334447783608,0.0,0.5233701915562938,1.0,0.19861782813341372,0.018477903897579293,0.21611784997166572,0.7299735186184042,,,0,
44,nfunswv2,nftonv2,mlp,0.1,rethreshold,210000,0.5495418869716151,0.12538749984557113,0.17671890229757564,0.49472907748731165,0.8222510127367614,0.6838852725591901,0.6916327596130389,0.17677791888748043,3.094152869164057e-08,0.17933993761928707,3.0945042427134373e-08,0,
44,nfunswv2,nfbotv2,mlp,0,zero_shot,250002,0.008664812414599129,0.009092425194731406,-0.013806161015441794,0.4972047857966979,0.01907032181168057,0.9892784533432863,0.989502398951669,0.5236874106796309,1.444042228810145e-61,,,,36
44,nfunswv2,nfbotv2,mlp,0.0001,calibrate,211,0.49894904562319464,0.9937119087536106,0.0,0.49750016640290673,1.0,0.004177766102444449,0.0005994967234435045,0.0,inf,,,0,
44,nfunswv2,nfbotv2,mlp,0.0001,rethreshold,211,0.5880306966025658,0.009092425194731406,0.19396123047042033,0.4972047857966979,0.6936829558998808,0.9892784533432863,0.989502398951669,0.5236874106796309,1.444042228810145e-61,1.0,8.544518466515532e-55,0,
44,nfunswv2,nfbotv2,mlp,0.001,calibrate,2101,0.49894904562319464,0.9937119087536106,0.0,0.4974023732886864,1.0,0.004177455277849555,0.00015979840946567236,0.0,inf,,,0,
44,nfunswv2,nfbotv2,mlp,0.001,rethreshold,2101,0.6919957846726064,0.009092425194731406,0.39965935676659964,0.4972047857966979,0.6972586412395709,0.9892784533432863,0.989502398951669,0.5236874106796309,1.444042228810145e-61,0.5765241057291646,3.3730422688839705e-58,0,
44,nfunswv2,nfbotv2,mlp,0.01,calibrate,21000,0.49894904562319464,0.9937119087536106,0.0,0.49747148452045514,1.0,0.004177415847950658,7.036268666416046e-05,0.0,inf,,,0,
44,nfunswv2,nfbotv2,mlp,0.01,rethreshold,21000,0.7238242575236372,0.009092425194731406,0.5161736778083702,0.4972047857966979,0.699642431466031,0.9892784533432863,0.989502398951669,0.5236874106796309,1.444042228810145e-61,0.5137008738929048,2.638748487078822e-61,0,
44,nfunswv2,nfbotv2,mlp,0.05,calibrate,105000,0.49894904562319464,0.9937119087536106,0.0,0.5083129621038145,1.0,0.004174966704490579,3.960886194081517e-05,0.09637188694217774,0.9958841763062769,,,0,
44,nfunswv2,nfbotv2,mlp,0.05,rethreshold,105000,0.7238242575236372,0.009092425194731406,0.5161736778083702,0.4972047857966979,0.699642431466031,0.9892784533432863,0.989502398951669,0.5236874106796309,1.444042228810145e-61,0.5226007455869639,2.638748487078822e-61,0,
44,nfunswv2,nfbotv2,mlp,0.1,calibrate,210001,0.49894904562319464,0.9937119087536106,0.0,0.5083028841925183,1.0,0.004175072469766447,7.259699288203033e-05,0.09637188694217774,0.9958657251662602,,,0,
44,nfunswv2,nfbotv2,mlp,0.1,rethreshold,210001,0.7254472196989622,0.009092425194731406,0.5236874106796309,0.4972047857966979,0.699642431466031,0.9892784533432863,0.989502398951669,0.5236874106796309,1.444042228810145e-61,0.5299349304173991,5.8909382773933256e-62,0,
44,nftonv2,nf2018v2,rf,0,zero_shot,250001,0.5687022774581058,0.8176548914878088,0.13757249077892872,0.5762380075452206,0.10861378614126428,0.14737902366043726,0.11668918322075056,0.33692682372702926,0.23,,,,134
44,nftonv2,nf2018v2,rf,0.0001,calibrate,217,0.46853899442765923,0.8261331950887618,0.0,0.5762380075452206,0.0,0.10250871017932152,0.09890762889779287,0.33692682372702926,0.1366157073570491,,,0,
44,nftonv2,nf2018v2,rf,0.0001,rethreshold,217,0.5531686727172366,0.8176548914878088,0.33692682372702926,0.5762380075452206,0.41526298476650675,0.14737902366043726,0.11668918322075056,0.33692682372702926,0.23,0.3696977751138198,0.23,0,
44,nftonv2,nf2018v2,rf,0.001,calibrate,2102,0.46853899442765923,0.8261331950887618,0.0,0.5762380075452206,0.0,0.10167190840504042,0.09210038551123201,0.33692682372702926,0.10472656963844623,,,0,
44,nftonv2,nf2018v2,rf,0.001,rethreshold,2102,0.5476820556840121,0.8176548914878088,0.33650380662893165,0.5762380075452206,0.4265718401560781,0.14737902366043726,0.11668918322075056,0.33692682372702926,0.23,0.3370404741765994,0.22666666666666666,0,
44,nftonv2,nf2018v2,rf,0.01,calibrate,21001,0.46853899442765923,0.8261331950887618,0.0,0.5762380075452206,0.0,0.1018919741029888,0.11011368839429907,0.33692682372702926,0.10081359030556199,,,0,
44,nftonv2,nf2018v2,rf,0.01,rethreshold,21001,0.5476820556840121,0.8176548914878088,0.33650380662893165,0.5762380075452206,0.4265718401560781,0.14737902366043726,0.11668918322075056,0.33692682372702926,0.23,0.3304253768397786,0.22666666666666666,0,
44,nftonv2,nf2018v2,rf,0.05,calibrate,105000,0.46853899442765923,0.8261331950887618,0.0,0.5762380075452206,0.0,0.10186963929434036,0.11133476152541409,0.33692682372702926,0.10113920493140238,,,0,
44,nftonv2,nf2018v2,rf,0.05,rethreshold,105000,0.5476820556840121,0.8176548914878088,0.33650380662893165,0.5762380075452206,0.4265718401560781,0.14737902366043726,0.11668918322075056,0.33692682372702926,0.23,0.3311777230975178,0.22666666666666666,0,
44,nftonv2,nf2018v2,rf,0.1,calibrate,210000,0.46853899442765923,0.8261331950887618,0.0,0.5762380075452206,0.0,0.10190756368368759,0.1082768853905981,0.33692682372702926,0.1009603382177316,,,0,
44,nftonv2,nf2018v2,rf,0.1,rethreshold,210000,0.5476820556840121,0.8176548914878088,0.33650380662893165,0.5762380075452206,0.4265718401560781,0.14737902366043726,0.11668918322075056,0.33692682372702926,0.23,0.33503650335552176,0.22666666666666666,0,
44,nftonv2,nfunswv2,rf,0,zero_shot,250001,0.5139930203370519,0.9069645030964869,0.04197858409722301,0.48968719620075524,0.08517891104852371,0.11367394244444444,0.17326126666666666,0.1018300825343971,0.4,,,,134
44,nftonv2,nfunswv2,rf,0.0001,calibrate,144,0.49037055157195203,0.943678896856096,0.0,0.5527693993886248,0.0,0.03732163905458702,0.03535428473092898,0.2893490902509384,0.07424981331390028,,,0,
44,nftonv2,nfunswv2,rf,0.0001,rethreshold,144,0.5095636793953742,0.9069645030964869,0.02639968239476304,0.48968719620075524,0.071569615780339,0.11367394244444444,0.17326126666666666,0.1018300825343971,0.4,0.14029850746268657,0.5433333333333333,0,
44,nftonv2,nfunswv2,rf,0.001,calibrate,1392,0.49037055157195203,0.943678896856096,0.0,0.5527693993886248,0.0,0.03634573381371947,0.002881926754838752,0.2893490902509384,0.04234936540166591,,,0,
44,nftonv2,nfunswv2,rf,0.001,rethreshold,1392,0.535944843361752,0.9069645030964869,0.09446521362908591,0.48968719620075524,0.08971534280458528,0.11367394244444444,0.17326126666666666,0.1018300825343971,0.4,0.11417429725336896,0.4166666666666667,0,
44,nftonv2,nfunswv2,rf,0.01,calibrate,13907,0.49037055157195203,0.943678896856096,0.0,0.5527693993886248,0.0,0.03630508930981939,0.010796862607220039,0.2893490902509384,0.05007096934166904,,,0,
44,nftonv2,nfunswv2,rf,0.01,rethreshold,13907,0.5383136850611273,0.9069645030964869,0.10104277898579543,0.48968719620075524,0.09133141414036437,0.11367394244444444,0.17326126666666666,0.1018300825343971,0.4,0.08958730727549616,0.4066666666666667,0,
44,nftonv2,nfunswv2,rf,0.05,calibrate,69537,0.49037055157195203,0.943678896856096,0.0,0.5527693993886248,0.0,0.036332450085614365,0.011179409693229933,0.2893490902509384,0.044291451199063206,,,0,
44,nftonv2,nfunswv2,rf,0.05,rethreshold,69537,0.5383136850611273,0.9069645030964869,0.10104277898579543,0.48968719620075524,0.09133141414036437,0.11367394244444444,0.17326126666666666,0.1018300825343971,0.4,0.09854658577517458,0.4066666666666667,0,
44,nftonv2,nfunswv2,rf,0.1,calibrate,139072,0.49037055157195203,0.943678896856096,0.0,0.5527693993886248,0.0,0.036332616811736315,0.011156778866098437,0.2893490902509384,0.04423504669070151,,,0,
44,nftonv2,nfunswv2,rf,0.1,rethreshold,139072,0.537930182310437,0.9069645030964869,0.1018300825343971,0.48968719620075524,0.09372694110433273,0.11367394244444444,0.17326126666666666,0.1018300825343971,0.4,0.10432168542323096,0.4,0,
44,nftonv2,nftonv2,rf,0,in_domain,250001,0.9915258598944384,0.9932684385274657,0.9830798626912101,0.9981594184157688,0.01771833144775738,0.005656402504234746,0.0027741138705694697,0.9835099897755276,0.5366666666666666,,,,134
44,nftonv2,nfbotv2,rf,0,zero_shot,250001,0.02886874062233401,0.049279175228956994,-0.0032938332947156654,0.5056393777475788,0.033373063170441,0.5635655138333334,0.7264391166666667,0.1038338074080616,0.02,,,,134
44,nftonv2,nfbotv2,rf,0.0001,calibrate,211,0.49894904562319464,0.9937119087536106,0.0,0.5056393777475788,1.0,0.004177756561793412,0.000594096450541981,0.1038338074080616,0.9951968583028323,,,0,
44,nftonv2,nfbotv2,rf,0.0001,rethreshold,211,0.38711870654519814,0.049279175228956994,0.0100174672748677,0.5056393777475788,0.5446960667461264,0.5635655138333334,0.7264391166666667,0.1038338074080616,0.02,0.08319479070496523,0.24,0,
44,nftonv2,nfbotv2,rf,0.001,calibrate,2101,0.49894904562319464,0.9937119087536106,0.0,0.5056393777475788,1.0,0.004177442894582024,5.7875058679712765e-05,0.1038338074080616,0.9954569239418974,,,0,
44,nftonv2,nfbotv2,rf,0.001,rethreshold,2101,0.4218326279518629,0.049279175228956994,0.0131610053125151,0.5056393777475788,0.6233611442193087,0.5635655138333334,0.7264391166666667,0.1038338074080616,0.02,0.05543523119134646,0.22333333333333333,0,
44,nftonv2,nfbotv2,rf,0.01,calibrate,21000,0.49894904562319464,0.9937119087536106,0.0,0.5056393777475788,1.0,0.004177647254988217,8.097455641031814e-05,0.1038338074080616,0.9943589711754717,,,0,
44,nftonv2,nfbotv2,rf,0.01,rethreshold,21000,0.5107249964999152,0.049279175228956994,0.1038338074080616,0.5056393777475788,0.9880810488676997,0.5635655138333334,0.7264391166666667,0.1038338074080616,0.02,0.15044663595176572,0.013333333333333334,0,
44,nftonv2,nfbotv2,rf,0.05,calibrate,105000,0.49894904562319464,0.9937119087536106,0.0,0.5056393777475788,1.0,0.004177651039322683,7.723737209841541e-05,0.1038338074080616,0.9943430799249033,,,0,
44,nftonv2,nfbotv2,rf,0.05,rethreshold,105000,0.5107249964999152,0.049279175228956994,0.1038338074080616,0.5056393777475788,0.9880810488676997,0.5635655138333334,0.7264391166666667,0.1038338074080616,0.02,0.13456228032823794,0.013333333333333334,0,
44,nftonv2,nfbotv2,rf,0.1,calibrate,210001,0.49894904562319464,0.9937119087536106,0.0,0.5056393777475788,1.0,0.004177651503006262,8.199273122555528e-05,0.1038338074080616,0.994340318713293,,,0,
44,nftonv2,nfbotv2,rf,0.1,rethreshold,210001,0.5107249964999152,0.049279175228956994,0.1038338074080616,0.5056393777475788,0.9880810488676997,0.5635655138333334,0.7264391166666667,0.1038338074080616,0.02,0.13862488198030656,0.013333333333333334,0,
44,nftonv2,nf2018v2,lgbm,0,zero_shot,250001,0.5047179266227193,0.7532038211204933,0.030728422167000658,0.5442622878538432,0.21954719206905549,0.23508854456682649,0.20488591541562629,0.35271336466875597,0.9953550841047232,,,,11
44,nftonv2,nf2018v2,lgbm,0.0001,calibrate,217,0.46853899442765923,0.8261331950887618,0.0,0.5442622878538432,0.0,0.10521115557030555,0.02900893468822885,0.35271336466875597,0.14819339432685466,,,0,
44,nftonv2,nf2018v2,lgbm,0.0001,rethreshold,217,0.6086170897955995,0.7532038211204933,0.3503764876896791,0.5442622878538432,0.0029831785029661643,0.23508854456682649,0.20488591541562629,0.35271336466875597,0.9953550841047232,0.3261923358190012,0.9954561161405634,0,
44,nftonv2,nf2018v2,lgbm,0.001,calibrate,2102,0.46853899442765923,0.8261331950887618,0.0,0.5442622878538432,0.0,0.10426115502559843,0.023762086398573593,0.35271336466875597,0.13582392965634552,,,0,
44,nftonv2,nf2018v2,lgbm,0.001,rethreshold,2102,0.6086170897955995,0.7532038211204933,0.3503764876896791,0.5442622878538432,0.0029831785029661643,0.23508854456682649,0.20488591541562629,0.35271336466875597,0.9953550841047232,0.3565059306028649,0.9954561161405634,0,
44,nftonv2,nf2018v2,lgbm,0.01,calibrate,21001,0.46853899442765923,0.8261331950887618,0.0,0.5442622878538432,0.0,0.10423967227060349,0.0117150854768952,0.35271336466875597,0.14112362829385583,,,0,
44,nftonv2,nf2018v2,lgbm,0.01,rethreshold,21001,0.6112125184580187,0.7532038211204933,0.35271336466875597,0.5442622878538432,0.003266750604008575,0.23508854456682649,0.20488591541562629,0.35271336466875597,0.9953550841047232,0.35188925882259464,0.9953550841047232,0,
44,nftonv2,nf2018v2,lgbm,0.05,calibrate,105000,0.46853899442765923,0.8261331950887618,0.0,0.5442622878538432,0.0,0.10424615815656947,0.01631066235468926,0.35271336466875597,0.13876236908270947,,,0,
44,nftonv2,nf2018v2,lgbm,0.05,rethreshold,105000,0.6112125184580187,0.7532038211204933,0.35271336466875597,0.5442622878538432,0.003266750604008575,0.23508854456682649,0.20488591541562629,0.35271336466875597,0.9953550841047232,0.35155635277197317,0.9953550841047232,0,
44,nftonv2,nf2018v2,lgbm,0.1,calibrate,210000,0.46853899442765923,0.8261331950887618,0.0,0.5442622878538432,0.0,0.10424172145831827,0.013228499026276902,0.35271336466875597,0.14030453704376677,,,0,
44,nftonv2,nf2018v2,lgbm,0.1,rethreshold,210000,0.6109701990660783,0.7532038211204933,0.35238504614628824,0.5442622878538432,0.0032554077199668787,0.23508854456682649,0.20488591541562629,0.35271336466875597,0.9953550841047232,0.3521626992360685,0.9953574195228888,0,
44,nftonv2,nfunswv2,lgbm,0,zero_shot,250001,0.3943448710272307,0.70876492039644,-0.03483039561961076,0.4927315667624955,0.40400744120306376,0.30760869175170263,0.2576981850120518,0.05129603622143054,0.9709754345647073,,,,11
44,nftonv2,nfunswv2,lgbm,0.0001,calibrate,144,0.49037055157195203,0.943678896856096,0.0,0.5170809508187575,0.0,0.037307119681067605,0.030624628096445686,0.12593345380732632,0.09435611129504246,,,0,
44,nftonv2,nfunswv2,lgbm,0.0001,rethreshold,144,0.5156574936861771,0.70876492039644,0.03711111661771392,0.4927315667624955,0.06523523970858752,0.30760869175170263,0.2576981850120518,0.05129603622143054,0.9709754345647073,0.0423207369515159,0.9923993854062815,0,
44,nftonv2,nfunswv2,lgbm,0.001,calibrate,1392,0.49037055157195203,0.943678896856096,0.0,0.5170809508187575,0.0,0.036312165842373845,0.0046987875289022955,0.12593345380732632,0.04269024043968146,,,0,
44,nftonv2,nfunswv2,lgbm,0.001,rethreshold,1392,0.49108991325910445,0.70876492039644,0.005250477650897827,0.4927315667624955,0.00030138950956651875,0.30760869175170263,0.2576981850120518,0.05129603622143054,0.9709754345647073,0.09059780779775996,0.999937743575363,0,
44,nftonv2,nfunswv2,lgbm,0.01,calibrate,13907,0.49037055157195203,0.943678896856096,0.0,0.5170809508187575,0.0,0.03625625985849918,0.002965019435547503,0.12593345380732632,0.0515134288581547,,,0,
44,nftonv2,nfunswv2,lgbm,0.01,rethreshold,13907,0.5174676703339124,0.70876492039644,0.049689623855355435,0.4927315667624955,0.08502301992288586,0.30760869175170263,0.2576981850120518,0.05129603622143054,0.9709754345647073,0.037541970128521056,0.9499781576683772,0,
44,nftonv2,nfunswv2,lgbm,0.05,calibrate,69537,0.49037055157195203,0.943678896856096,0.0,0.5170809508187575,0.0,0.036260888382934016,0.002718725822447705,0.12593345380732632,0.04946724240091229,,,0,
44,nftonv2,nfunswv2,lgbm,0.05,rethreshold,69537,0.5204358421953373,0.70876492039644,0.05105529192585264,0.4927315667624955,0.07429771047900147,0.30760869175170263,0.2576981850120518,0.05129603622143054,0.9709754345647073,0.05152332080440558,0.9723687926209751,0,
44,nftonv2,nfunswv2,lgbm,0.1,calibrate,139072,0.49037055157195203,0.943678896856096,0.0,0.5170809508187575,0.0,0.036261639138305185,0.002623862236284152,0.12593345380732632,0.04918142689494725,,,0,
44,nftonv2,nfunswv2,lgbm,0.1,rethreshold,139072,0.5202799222322603,0.70876492039644,0.0508503964853526,0.4927315667624955,0.07459390361771338,0.30760869175170263,0.2576981850120518,0.05129603622143054,0.9709754345647073,0.05051176759610342,0.9717775988504781,0,
44,nftonv2,nftonv2,lgbm,0,in_domain,250001,0.9911001713999835,0.992929079665839,0.982223094094117,0.9988624654336224,0.01779132148461735,0.005994743439356289,0.002295400964948577,0.9822867652818605,0.5091254179569895,,,,11
44,nftonv2,nfbotv2,lgbm,0,zero_shot,250001,0.011175589135596312,0.014200518552562933,-0.020831620249899735,0.5056989955657332,0.03456495828367104,0.9597562464697365,0.9727888080180214,0.1066351656556898,6.689274184648828e-06,,,,11
44,nftonv2,nfbotv2,lgbm,0.0001,calibrate,211,0.49894904562319464,0.9937119087536106,0.0,0.5056989955657332,1.0,0.004177780177337024,0.0005998771104719358,0.1066351656556898,0.9952026622546595,,,0,
44,nftonv2,nfbotv2,lgbm,0.0001,rethreshold,211,0.4352211232961632,0.014200518552562933,0.026963103704497737,0.5056989955657332,0.5697258641239571,0.9597562464697365,0.9727888080180214,0.1066351656556898,6.689274184648828e-06,0.11914641004266853,0.000545919087258011,0,
44,nftonv2,nfbotv2,lgbm,0.001,calibrate,2101,0.49894904562319464,0.9937119087536106,0.0,0.5056989955657332,1.0,0.004177518058731231,0.00016222518852249124,0.1066351656556898,0.995630495484092,,,0,
44,nftonv2,nfbotv2,lgbm,0.001,rethreshold,2101,0.5130118024464667,0.014200518552562933,0.1066351656556898,0.5056989955657332,0.9856972586412396,0.9597562464697365,0.9727888080180214,0.1066351656556898,6.689274184648828e-06,0.33269780685756056,6.689274184648828e-06,0,
44,nftonv2,nfbotv2,lgbm,0.01,calibrate,21000,0.49894904562319464,0.9937119087536106,0.0,0.5056989955657332,1.0,0.004177455076655681,6.927990322103117e-05,0.1066351656556898,0.9957291842878898,,,0,
44,nftonv2,nfbotv2,lgbm,0.01,rethreshold,21000,0.5130118024464667,0.014200518552562933,0.1066351656556898,0.5056989955657332,0.9856972586412396,0.9597562464697365,0.9727888080180214,0.1066351656556898,6.689274184648828e-06,0.18426313348761653,6.689274184648828e-06,0,
44,nftonv2,nfbotv2,lgbm,0.05,calibrate,105000,0.49894904562319464,0.9937119087536106,0.0,0.5056989955657332,1.0,0.004177449203954017,6.857432623763593e-05,0.1066351656556898,0.995730680409996,,,0,
44,nftonv2,nfbotv2,lgbm,0.05,rethreshold,105000,0.5130118024464667,0.014200518552562933,0.1066351656556898,0.5056989955657332,0.9856972586412396,0.9597562464697365,0.9727888080180214,0.1066351656556898,6.689274184648828e-06,0.13456228032823794,6.689274184648828e-06,0,
44,nftonv2,nfbotv2,lgbm,0.1,calibrate,210001,0.49894904562319464,0.9937119087536106,0.0,0.5056989955657332,1.0,0.004177457227332662,7.398470253228151e-05,0.1066351656556898,0.9957242771359724,,,0,
44,nftonv2,nfbotv2,lgbm,0.1,rethreshold,210001,0.5130118024464667,0.014200518552562933,0.1066351656556898,0.5056989955657332,0.9856972586412396,0.9597562464697365,0.9727888080180214,0.1066351656556898,6.689274184648828e-06,0.11876998125780372,6.689274184648828e-06,0,
44,nftonv2,nf2018v2,mlp,0,zero_shot,250001,0.47228637385289135,0.699989913507067,0.0023853582308987127,0.5189522443081456,0.3158369346990166,0.30509194011177754,0.28926700717362386,0.29049623549345516,0.9986903331081254,,,,75
44,nftonv2,nf2018v2,mlp,0.0001,calibrate,217,0.46853899442765923,0.8261331950887618,0.0,0.5314984861385708,0.0,0.10523766979468974,0.029261534159777614,0.2724606239328424,0.1492121354534131,,,0,
44,nftonv2,nf2018v2,mlp,0.0001,rethreshold,217,0.5656285316034174,0.699989913507067,0.2548649498421679,0.5189522443081456,0.00538786991980581,0.30509194011177754,0.28926700717362386,0.29049623549345516,0.9986903331081254,0.36542582836471216,0.9992495177812885,0,
44,nftonv2,nf2018v2,mlp,0.001,calibrate,2102,0.46853899442765923,0.8261331950887618,0.0,0.5298236107919125,0.0,0.10437811565222946,0.000990977517030256,0.29049623549345516,0.11963980152582175,,,0,
44,nftonv2,nf2018v2,mlp,0.001,rethreshold,2102,0.6108896866205852,0.699989913507067,0.28971962894693626,0.5189522443081456,0.016464196186522385,0.30509194011177754,0.28926700717362386,0.29049623549345516,0.9986903331081254,0.30090131736048614,0.9987230580482452,0,
44,nftonv2,nf2018v2,mlp,0.01,calibrate,21001,0.46853899442765923,0.8261331950887618,0.0,0.5298196760744239,0.0,0.104377365974762,5.0936305093784995e-06,0.29049623549345516,0.11973151631098916,,,0,
44,nftonv2,nf2018v2,mlp,0.01,rethreshold,21001,0.6134728687084678,0.699989913507067,0.29017601808551824,0.5189522443081456,0.01788772813375529,0.30509194011177754,0.28926700717362386,0.29049623549345516,0.9986903331081254,0.2893084258996815,0.998582687840416,0,
44,nftonv2,nf2018v2,mlp,0.05,calibrate,105000,0.46853899442765923,0.8261331950887618,0.0,0.5314196003436965,0.0,0.10437721731711043,2.9645247265119856e-05,0.2721688931310466,0.11843909069979418,,,0,
44,nftonv2,nf2018v2,mlp,0.05,rethreshold,105000,0.6149800656300527,0.699989913507067,0.28882484707407524,0.5189522443081456,0.01935663161715498,0.30509194011177754,0.28926700717362386,0.29049623549345516,0.9986903331081254,0.2882176176347658,0.9983665579207117,0,
44,nftonv2,nf2018v2,mlp,0.1,calibrate,210000,0.46853899442765923,0.8261331950887618,0.0,0.5298223568465297,0.0,0.10437714180963442,2.903532317011237e-05,0.29049623549345516,0.11898806370801088,,,0,
44,nftonv2,nf2018v2,mlp,0.1,rethreshold,210000,0.6148972837063231,0.699989913507067,0.2887486288835795,0.5189522443081456,0.019328274407050736,0.30509194011177754,0.28926700717362386,0.29049623549345516,0.9986903331081254,0.2897767083379493,0.9983704483815699,0,
44,nftonv2,nfunswv2,mlp,0,zero_shot,250001,0.4025718131482922,0.7343977011033144,-0.05405043883098125,0.49778187499860954,0.3665208218580144,0.3429059380095497,0.32402565924418536,0.05220340427990548,1.2823757071617405e-05,,,,75
44,nftonv2,nfunswv2,mlp,0.0001,calibrate,144,0.49037055157195203,0.943678896856096,0.0,0.5034495222998822,0.0,0.03714290309335641,0.030112036120643115,0.07315479137772524,0.07668896491570885,,,0,
44,nftonv2,nfunswv2,mlp,0.0001,rethreshold,144,0.0515599857161442,0.7343977011033144,0.007281947452045459,0.49778187499860954,0.984764240654327,0.3429059380095497,0.32402565924418536,0.05220340427990548,1.2823757071617405e-05,0.04617570965396101,8.725473592355426e-53,0,
44,nftonv2,nfunswv2,mlp,0.001,calibrate,1392,0.49037055157195203,0.943678896856096,0.0,0.5035996010937301,0.0,0.03623143515748029,0.0020178757803047745,0.07315479137772524,0.04867825855514537,,,0,
44,nftonv2,nfunswv2,mlp,0.001,rethreshold,1392,0.498452364150558,0.7343977011033144,-0.002153166651112622,0.49778187499860954,0.026828862722274763,0.3429059380095497,0.32402565924418536,0.05220340427990548,1.2823757071617405e-05,0.04531609297961015,0.9999999999999987,0,
44,nftonv2,nfunswv2,mlp,0.01,calibrate,13907,0.49037055157195203,0.943678896856096,0.0,0.5035668484610136,0.0,0.03622975605604516,0.0006120127678135737,0.07315479137772524,0.046906988835925215,,,0,
44,nftonv2,nfunswv2,mlp,0.01,rethreshold,13907,0.2643406433562502,0.7343977011033144,0.051132144253117004,0.49778187499860954,0.7117521123247524,0.3429059380095497,0.32402565924418536,0.05220340427990548,1.2823757071617405e-05,0.05757650420964511,1.748460569532056e-05,0,
44,nftonv2,nfunswv2,mlp,0.05,calibrate,69537,0.49037055157195203,0.943678896856096,0.0,0.5035698568094472,0.0,0.03623181099029334,0.00011040525391982036,0.07315479137772524,0.04611267639320546,,,0,
44,nftonv2,nfunswv2,mlp,0.05,rethreshold,69537,0.2597908030209285,0.7343977011033144,0.05197285010151811,0.49778187499860954,0.7193907774810072,0.3429059380095497,0.32402565924418536,0.05220340427990548,1.2823757071617405e-05,0.05549156750133544,1.1011437612519359e-05,0,
44,nftonv2,nfunswv2,mlp,0.1,calibrate,139072,0.49037055157195203,0.943678896856096,0.0,0.5035724840874707,0.0,0.03623233855942604,0.00028604853616292136,0.07315479137772524,0.04592565582554843,,,0,
44,nftonv2,nfunswv2,mlp,0.1,rethreshold,139072,0.2587467933792912,0.7343977011033144,0.052073747227366136,0.49778187499860954,0.7211107762338783,0.3429059380095497,0.32402565924418536,0.05220340427990548,1.2823757071617405e-05,0.05296441914224119,1.0081672838218237e-05,0,
44,nftonv2,nftonv2,mlp,0,in_domain,250001,0.9778897739299424,0.9824455511544439,0.9558268518075568,0.9959243610961626,0.039086164738513195,0.014022939728248906,0.001784826385734827,0.9558959183023071,0.4921540845890508,,,,75
44,nftonv2,nfbotv2,mlp,0,zero_shot,250001,0.038374775130454244,0.07062884705625676,-0.09793203309771928,0.515810258910118,0.3265792610250298,0.9470218657257773,0.9448482190905749,0.1921379697124148,1.1051374750982293e-17,,,,75
44,nftonv2,nfbotv2,mlp,0.0001,calibrate,211,0.49894904562319464,0.9937119087536106,0.0,0.5061258627556939,1.0,0.004178113302418963,0.0005990373901557655,0.13559128088799552,0.9951995285126459,,,0,
44,nftonv2,nfbotv2,mlp,0.0001,rethreshold,211,0.12543247184853915,0.07062884705625676,-0.08823018046226537,0.515810258910118,0.6197854588796186,0.9470218657257773,0.9448482190905749,0.1921379697124148,1.1051374750982293e-17,0.03234142111837325,0.0014589735864879696,0,
44,nftonv2,nfbotv2,mlp,0.001,calibrate,2101,0.49894904562319464,0.9937119087536106,0.0,0.5120719829763948,1.0,0.004166523452175445,3.8792378479923784e-05,0.10172327607997887,0.9946181058270891,,,0,
44,nftonv2,nfbotv2,mlp,0.001,rethreshold,2101,0.5410458600878415,0.07062884705625676,0.1631983187879176,0.515810258910118,0.9547079856972587,0.9470218657257773,0.9448482190905749,0.1921379697124148,1.1051374750982293e-17,0.33269780685756056,1.1236436650870291e-14,0,
44,nftonv2,nfbotv2,mlp,0.01,calibrate,21000,0.49894904562319464,0.9937119087536106,0.0,0.5120688362439336,1.0,0.0041430235549840605,0.0001788767533729006,0.10172327607997887,0.9929046289121969,,,0,
44,nftonv2,nfbotv2,mlp,0.01,rethreshold,21000,0.5411417825755733,0.07062884705625676,0.16584569772632826,0.515810258910118,0.9547079856972587,0.9470218657257773,0.9448482190905749,0.1921379697124148,1.1051374750982293e-17,0.21277380626875764,7.686756544109825e-15,0,
44,nftonv2,nfbotv2,mlp,0.05,calibrate,105000,0.49894904562319464,0.9937119087536106,0.0,0.5120687969908574,1.0,0.004141788728432621,0.000265938992970152,0.10172327607997887,0.9925582894463624,,,0,
44,nftonv2,nfbotv2,mlp,0.05,rethreshold,105000,0.5376191257129321,0.07062884705625676,0.18279354096012485,0.515810258910118,0.9594755661501788,0.9470218657257773,0.9448482190905749,0.1921379697124148,1.1051374750982293e-17,0.23308646730962632,1.2826342520667432e-16,0,
44,nftonv2,nfbotv2,mlp,0.1,calibrate,210001,0.49894904562319464,0.9937119087536106,0.0,0.5120733054638578,1.0,0.00414249697840494,0.00030506006687528576,0.10172327607997887,0.9925116230243974,,,0,
44,nftonv2,nfbotv2,mlp,0.1,rethreshold,210001,0.5376191257129321,0.07062884705625676,0.18279354096012485,0.515810258910118,0.9594755661501788,0.9470218657257773,0.9448482190905749,0.1921379697124148,1.1051374750982293e-17,0.22052128820529893,1.2826342520667432e-16,0,
44,nfbotv2,nf2018v2,rf,0,zero_shot,250000,0.5770578500227442,0.716388032805748,0.3660614004371804,0.7411164943490579,0.38323068023275597,0.16278363369294266,0.14122647720094736,0.6409748709235347,0.6466666666666666,,,,48
44,nfbotv2,nf2018v2,rf,0.0001,calibrate,217,0.4687186710978129,0.8260642505724697,-0.0012722991790382588,0.7411164943490579,0.0003232721951883486,0.08476794002815581,0.12252181364796064,0.6409748709235347,0.24744059012034647,,,0,
44,nfbotv2,nf2018v2,rf,0.0001,rethreshold,217,0.8173959093828929,0.716388032805748,0.6405787022061478,0.7411164943490579,0.06428012386429374,0.16278363369294266,0.14122647720094736,0.6409748709235347,0.6466666666666666,0.5838706827942327,0.65,0,
44,nfbotv2,nf2018v2,rf,0.001,calibrate,2102,0.6016678129402797,0.8578130090760887,0.2607702935876309,0.7411164943490579,0.020541962999512255,0.07787403022008096,0.07842344894892067,0.6409748709235347,0.27251460595658206,,,0,
44,nfbotv2,nf2018v2,rf,0.001,rethreshold,2102,0.8173959093828929,0.716388032805748,0.6405787022061478,0.7411164943490579,0.06428012386429374,0.16278363369294266,0.14122647720094736,0.6409748709235347,0.6466666666666666,0.6662921899961028,0.65,0,
44,nfbotv2,nf2018v2,rf,0.01,calibrate,21001,0.632839701665523,0.8669714544560467,0.3153353388824497,0.7411164943490579,0.021852066106328196,0.07707804308311329,0.08867912571587402,0.6409748709235347,0.27613381169378537,,,0,
44,nfbotv2,nf2018v2,rf,0.01,rethreshold,21001,0.8169831087523454,0.716388032805748,0.6409748709235347,0.7411164943490579,0.06670750104921677,0.16278363369294266,0.14122647720094736,0.6409748709235347,0.6466666666666666,0.6405577137130544,0.6466666666666666,0,
44,nfbotv2,nf2018v2,rf,0.05,calibrate,105000,0.6432581298452138,0.8701240992890673,0.33362264693020044,0.7411164943490579,0.022135638207370606,0.07687386000530819,0.0907046875791967,0.6409748709235347,0.2776527040259031,,,0,
44,nfbotv2,nf2018v2,rf,0.05,rethreshold,105000,0.8173959093828929,0.716388032805748,0.6405787022061478,0.7411164943490579,0.06428012386429374,0.16278363369294266,0.14122647720094736,0.6409748709235347,0.6466666666666666,0.6444163517369464,0.65,0,
44,nfbotv2,nf2018v2,rf,0.1,calibrate,210000,0.6395654612934938,0.8690286947591024,0.32734284464889185,0.7411164943490579,0.02195415206270346,0.0769571113278818,0.08922315642091327,0.6409748709235347,0.27565728169965564,,,0,
44,nfbotv2,nf2018v2,rf,0.1,rethreshold,210000,0.8169831087523454,0.716388032805748,0.6409748709235347,0.7411164943490579,0.06670750104921677,0.16278363369294266,0.14122647720094736,0.6409748709235347,0.6466666666666666,0.6401277850798044,0.6466666666666666,0,
44,nfbotv2,nfunswv2,rf,0,zero_shot,250000,0.12552376286892358,0.18306852972584078,-0.07214479105582211,0.4856283068062939,0.8954801966306731,0.4106521172777779,0.5465067166666667,0.05061685618154646,0.83,,,,48
44,nfbotv2,nfunswv2,rf,0.0001,calibrate,144,0.49037055157195203,0.943678896856096,0.0,0.5378225368887047,0.0,0.037244345494745264,0.03166527429949873,0.19617258751895872,0.06919190985765739,,,0,
44,nfbotv2,nfunswv2,rf,0.0001,rethreshold,144,0.49905649420959947,0.18306852972584078,0.05061685618154646,0.4856283068062939,0.0006703318402427745,0.4106521172777779,0.5465067166666667,0.05061685618154646,0.83,0.30611483744878115,0.83,0,
44,nfbotv2,nfunswv2,rf,0.001,calibrate,1392,0.49037055157195203,0.943678896856096,0.0,0.5378225368887047,0.0,0.03620176324069379,0.013890459157484663,0.19617258751895872,0.03730665861871457,,,0,
44,nfbotv2,nfunswv2,rf,0.001,rethreshold,1392,0.49905649420959947,0.18306852972584078,0.05061685618154646,0.4856283068062939,0.0006703318402427745,0.4106521172777779,0.5465067166666667,0.05061685618154646,0.83,0.18881599195234083,0.83,0,
44,nfbotv2,nfunswv2,rf,0.01,calibrate,13907,0.49037055157195203,0.943678896856096,0.0,0.5378225368887047,0.0,0.03626261651701146,0.020753217280253766,0.19617258751895872,0.035059650556911945,,,0,
44,nfbotv2,nfunswv2,rf,0.01,rethreshold,13907,0.49905649420959947,0.18306852972584078,0.05061685618154646,0.4856283068062939,0.0006703318402427745,0.4106521172777779,0.5465067166666667,0.05061685618154646,0.83,0.08836713506469346,0.83,0,
44,nfbotv2,nfunswv2,rf,0.05,calibrate,69537,0.49037055157195203,0.943678896856096,0.0,0.5378225368887047,0.0,0.03624484661147546,0.018255113483611498,0.19617258751895872,0.03531834493246781,,,0,
44,nfbotv2,nfunswv2,rf,0.05,rethreshold,69537,0.49905649420959947,0.18306852972584078,0.05061685618154646,0.4856283068062939,0.0006703318402427745,0.4106521172777779,0.5465067166666667,0.05061685618154646,0.83,0.05779706338763592,0.83,0,
44,nfbotv2,nfunswv2,rf,0.1,calibrate,139072,0.49037055157195203,0.943678896856096,0.0,0.5378225368887047,0.0,0.036243454020237695,0.01824603852527246,0.19617258751895872,0.035287317076733375,,,0,
44,nfbotv2,nfunswv2,rf,0.1,rethreshold,139072,0.49905649420959947,0.18306852972584078,0.05061685618154646,0.4856283068062939,0.0006703318402427745,0.4106521172777779,0.5465067166666667,0.05061685618154646,0.83,0.06735633973083897,0.83,0,
44,nfbotv2,nftonv2,rf,0,zero_shot,250000,0.45386012342597265,0.583255768747756,-0.08618107817938633,0.40603476413237843,0.8545126090288676,0.3631224592234072,0.39711596891317785,0.10692789197846449,0.013333333333333334,,,,48
44,nfbotv2,nftonv2,rf,0.0001,calibrate,213,0.42062190755396933,0.6107334447783608,0.0,0.7793806511684916,1.0,0.18446994727854646,0.2406008295419349,0.695064290805308,0.6461632447033105,,,0,
44,nfbotv2,nftonv2,rf,0.0001,rethreshold,213,0.44236280131694256,0.583255768747756,0.10692789197846449,0.40603476413237843,0.9788146418013941,0.3631224592234072,0.39711596891317785,0.10692789197846449,0.013333333333333334,0.1122752218397595,0.013333333333333334,0,
44,nfbotv2,nftonv2,rf,0.001,calibrate,2100,0.42062190755396933,0.6107334447783608,0.0,0.7793806511684916,1.0,0.1790681177504869,0.263814253082073,0.695064290805308,0.59109290861969,,,0,
44,nfbotv2,nftonv2,rf,0.001,rethreshold,2100,0.44236280131694256,0.583255768747756,0.10692789197846449,0.40603476413237843,0.9788146418013941,0.3631224592234072,0.39711596891317785,0.10692789197846449,0.013333333333333334,0.08095739619812842,0.013333333333333334,0,
44,nfbotv2,nftonv2,rf,0.01,calibrate,21000,0.42062190755396933,0.6107334447783608,0.0,0.7793806511684916,1.0,0.18017215102732576,0.26239128041396725,0.695064290805308,0.597854341313197,,,0,
44,nfbotv2,nftonv2,rf,0.01,rethreshold,21000,0.44236280131694256,0.583255768747756,0.10692789197846449,0.40603476413237843,0.9788146418013941,0.3631224592234072,0.39711596891317785,0.10692789197846449,0.013333333333333334,0.1069372800379753,0.013333333333333334,0,
44,nfbotv2,nftonv2,rf,0.05,calibrate,105000,0.42062190755396933,0.6107334447783608,0.0,0.7793806511684916,1.0,0.17991049617584756,0.2623627741848811,0.695064290805308,0.5947991050407883,,,0,
44,nfbotv2,nftonv2,rf,0.05,rethreshold,105000,0.44236280131694256,0.583255768747756,0.10692789197846449,0.40603476413237843,0.9788146418013941,0.3631224592234072,0.39711596891317785,0.10692789197846449,0.013333333333333334,0.10975963507389812,0.013333333333333334,0,
44,nfbotv2,nftonv2,rf,0.1,calibrate,210000,0.42062190755396933,0.6107334447783608,0.0,0.7793806511684916,1.0,0.1800167810136368,0.26193945911339,0.695064290805308,0.5956649899645324,,,0,
44,nfbotv2,nftonv2,rf,0.1,rethreshold,210000,0.44236280131694256,0.583255768747756,0.10692789197846449,0.40603476413237843,0.9788146418013941,0.3631224592234072,0.39711596891317785,0.10692789197846449,0.013333333333333334,0.10958859626649392,0.013333333333333334,0,
44,nfbotv2,nfbotv2,rf,0,in_domain,250000,0.9884601760624132,0.9998060869813105,0.9769821243010045,0.9933540528689206,0.011918951132300357,0.0001747491111111111,0.00011453333333334893,0.9783299764980702,0.5533333333333333,,,,48
44,nfbotv2,nf2018v2,lgbm,0,zero_shot,250000,0.545715743977893,0.6827419583640577,0.3291065515503764,0.5808244943845101,0.4261124533523894,0.3833215112449897,0.38332462208315715,0.32921172171169444,1.0,,,,6
44,nfbotv2,nf2018v2,lgbm,0.0001,calibrate,217,0.46853899442765923,0.8261331950887618,0.0,0.5808221907618768,0.0,0.09372815775842405,0.024379343165561417,0.32921172171169444,0.26016025105287743,,,0,
44,nfbotv2,nf2018v2,lgbm,0.0001,rethreshold,217,0.5458220852590907,0.6827419583640577,0.32921172171169444,0.5808244943845101,0.4259536529758056,0.3833215112449897,0.38332462208315715,0.32921172171169444,1.0,0.38419337809138693,1.0,0,
44,nfbotv2,nf2018v2,lgbm,0.001,calibrate,2102,0.46853899442765923,0.8261331950887618,0.0,0.5808221907618768,0.0,0.09307839420010712,0.002368141579625527,0.32921172171169444,0.22401256794793123,,,0,
44,nfbotv2,nf2018v2,lgbm,0.001,rethreshold,2102,0.5458220852590907,0.6827419583640577,0.32921172171169444,0.5808244943845101,0.4259536529758056,0.3833215112449897,0.38332462208315715,0.32921172171169444,1.0,0.3292710654412868,1.0,0,
44,nfbotv2,nf2018v2,lgbm,0.01,calibrate,21001,0.46853899442765923,0.8261331950887618,0.0,0.5808222324511625,0.0,0.09307161964235681,0.0006093222800544238,0.32921172171169444,0.22836257770701354,,,0,
44,nfbotv2,nf2018v2,lgbm,0.01,rethreshold,21001,0.5458220852590907,0.6827419583640577,0.32921172171169444,0.5808244943845101,0.4259536529758056,0.3833215112449897,0.38332462208315715,0.32921172171169444,1.0,0.33045551519087335,1.0,0,
44,nfbotv2,nf2018v2,lgbm,0.05,calibrate,105000,0.46853899442765923,0.8261331950887618,0.0,0.5808221907618768,0.0,0.09307140214604867,0.00038615810748342797,0.32921172171169444,0.22817586207318433,,,0,
44,nfbotv2,nf2018v2,lgbm,0.05,rethreshold,105000,0.5458220852590907,0.6827419583640577,0.32921172171169444,0.5808244943845101,0.4259536529758056,0.3833215112449897,0.38332462208315715,0.32921172171169444,1.0,0.32997532432262855,1.0,0,
44,nfbotv2,nf2018v2,lgbm,0.1,calibrate,210000,0.46853899442765923,0.8261331950887618,0.0,0.5808222324511625,0.0,0.09307130886444184,0.000198791143140527,0.32921172171169444,0.22765613356466308,,,0,
44,nfbotv2,nf2018v2,lgbm,0.1,rethreshold,210000,0.5458220852590907,0.6827419583640577,0.32921172171169444,0.5808244943845101,0.4259536529758056,0.3833215112449897,0.38332462208315715,0.32921172171169444,1.0,0.3289331897903666,1.0,0,
44,nfbotv2,nfunswv2,lgbm,0,zero_shot,250000,0.15898492755293284,0.24288745601399503,-0.027551787259457183,0.4982133787942164,0.8562164184533522,0.83122,0.83122,0.0,inf,,,,6
44,nfbotv2,nfunswv2,lgbm,0.0001,calibrate,144,0.49037055157195203,0.943678896856096,0.0,0.5021650538655275,0.0,0.03805008139506844,0.03490154547073677,0.027551787259457183,0.1394285314457147,,,0,
44,nfbotv2,nfunswv2,lgbm,0.0001,rethreshold,144,0.49037055157195203,0.24288745601399503,0.0,0.4982133787942164,0.0,0.83122,0.83122,0.0,inf,0.0,inf,0,
44,nfbotv2,nfunswv2,lgbm,0.001,calibrate,1392,0.49037055157195203,0.943678896856096,0.0,0.5021650538655275,0.0,0.036402833864836094,0.005323459587962343,0.027551787259457183,0.07118335525391656,,,0,
44,nfbotv2,nfunswv2,lgbm,0.001,rethreshold,1392,0.49037055157195203,0.24288745601399503,0.0,0.4982133787942164,0.0,0.83122,0.83122,0.0,inf,0.0,inf,0,
44,nfbotv2,nfunswv2,lgbm,0.01,calibrate,13907,0.49037055157195203,0.943678896856096,0.0,0.5021650538655275,0.0,0.036347888622939965,4.444782711976458e-05,0.027551787259457183,0.05947641243966695,,,0,
44,nfbotv2,nfunswv2,lgbm,0.01,rethreshold,13907,0.49037055157195203,0.24288745601399503,0.0,0.4982133787942164,0.0,0.83122,0.83122,0.0,inf,0.0,inf,0,
44,nfbotv2,nfunswv2,lgbm,0.05,calibrate,69537,0.49037055157195203,0.943678896856096,0.0,0.5021650538655275,0.0,0.036336077729934586,8.353586557674486e-05,0.027551787259457183,0.05380457218472924,,,0,
44,nfbotv2,nfunswv2,lgbm,0.05,rethreshold,69537,0.49037055157195203,0.24288745601399503,0.0,0.4982133787942164,0.0,0.83122,0.83122,0.0,inf,0.0,inf,0,
44,nfbotv2,nfunswv2,lgbm,0.1,calibrate,139072,0.49037055157195203,0.943678896856096,0.0,0.5021650538655275,0.0,0.03633502233622116,8.626026038227597e-05,0.027551787259457183,0.052625367559803744,,,0,
44,nfbotv2,nfunswv2,lgbm,0.1,rethreshold,139072,0.49037055157195203,0.24288745601399503,0.0,0.4982133787942164,0.0,0.83122,0.83122,0.0,inf,0.0,inf,0,
44,nfbotv2,nftonv2,lgbm,0,zero_shot,250000,0.573999399700379,0.6057835256803128,0.2555704138772417,0.5720611122242212,0.23263749498193498,0.4143920483103557,0.4143919604232409,0.256206282579514,1.6483437509061082e-301,,,,6
44,nfbotv2,nftonv2,lgbm,0.0001,calibrate,213,0.42062190755396933,0.6107334447783608,0.0,0.5720056223043832,1.0,0.1859549647395754,0.004337832769409681,0.25561152966018114,0.6212908384324756,,,0,
44,nfbotv2,nftonv2,lgbm,0.0001,rethreshold,213,0.5739080828537331,0.6057835256803128,0.2554579130261907,0.5720611122242212,0.23261924747271998,0.4143920483103557,0.4143919604232409,0.256206282579514,1.6483437509061082e-301,0.29425770184947536,1.0,0,
44,nfbotv2,nftonv2,lgbm,0.001,calibrate,2100,0.42062190755396933,0.6107334447783608,0.0,0.5720056223043832,1.0,0.18601217773671117,0.007473257713137119,0.25561152966018114,0.6216676814448967,,,0,
44,nfbotv2,nftonv2,lgbm,0.001,rethreshold,2100,0.5744014720015895,0.6057835256803128,0.25605169429866764,0.5720611122242212,0.2327469800372249,0.4143920483103557,0.4143919604232409,0.256206282579514,1.6483437509061082e-301,0.27709116400465417,4.609806989698555e-147,0,
44,nfbotv2,nftonv2,lgbm,0.01,calibrate,21000,0.42062190755396933,0.6107334447783608,0.0,0.5720056223043832,1.0,0.18593741271191272,0.0012202036342153126,0.25561152966018114,0.6241752433071958,,,0,
44,nfbotv2,nftonv2,lgbm,0.01,rethreshold,21000,0.5744014720015895,0.6057835256803128,0.25605169429866764,0.5720611122242212,0.2327469800372249,0.4143920483103557,0.4143919604232409,0.256206282579514,1.6483437509061082e-301,0.2594140168563037,4.609806989698555e-147,0,
44,nfbotv2,nftonv2,lgbm,0.05,calibrate,105000,0.42062190755396933,0.6107334447783608,0.0,0.5720056223043832,1.0,0.18593900724083604,0.001724417005321475,0.25561152966018114,0.6238030631712572,,,0,
44,nfbotv2,nftonv2,lgbm,0.05,rethreshold,105000,0.5744574340321019,0.6057835256803128,0.256117235683551,0.5720611122242212,0.2327652275464399,0.4143920483103557,0.4143919604232409,0.256206282579514,1.6483437509061082e-301,0.2601046140739134,8.448800893370331e-197,0,
44,nfbotv2,nftonv2,lgbm,0.1,calibrate,210000,0.42062190755396933,0.6107334447783608,0.0,0.5720056223043832,1.0,0.18594279735311997,0.002551573804426974,0.25561152966018114,0.6231772455384438,,,0,
44,nfbotv2,nftonv2,lgbm,0.1,rethreshold,210000,0.5745222261841265,0.6057835256803128,0.2561945315635616,0.5720611122242212,0.23278347505565491,0.4143920483103557,0.4143919604232409,0.256206282579514,1.6483437509061082e-301,0.2619186405945648,2.6650526594168265e-284,0,
44,nfbotv2,nfbotv2,lgbm,0,in_domain,250000,0.8077142361138957,0.9967459856961509,0.6156233621537756,0.6905090467757513,0.367103694874851,0.00329500014818455,0.0032949593855092774,0.6213385058952836,1.404468880864804e-283,,,,6
44,nfbotv2,nf2018v2,mlp,0,zero_shot,250000,0.5276589000950861,0.6605460773763694,0.3150501733512726,0.6277486476140587,0.4552750082235909,0.39297363810254504,0.3938753440107085,0.404738940083747,0.9999999924476074,,,,31
44,nfbotv2,nf2018v2,mlp,0.0001,calibrate,217,0.46853899442765923,0.8261331950887618,0.0,0.6277157823545751,0.0,0.09422316419888736,0.029836627301547198,0.404738940083747,0.25329363823654893,,,0,
44,nfbotv2,nf2018v2,mlp,0.0001,rethreshold,217,0.6781497130352259,0.6605460773763694,0.39588261889062965,0.6277486476140587,0.16331484443234537,0.39297363810254504,0.3938753440107085,0.404738940083747,0.9999999924476074,0.44381931140954883,0.9999997067100582,0,
44,nfbotv2,nf2018v2,mlp,0.001,calibrate,2102,0.46853899442765923,0.8261331950887618,0.0,0.627701991191363,0.0,0.09327251879453329,0.0077198907768597615,0.404738940083747,0.2242954544594341,,,0,
44,nfbotv2,nf2018v2,mlp,0.001,rethreshold,2102,0.696488397026853,0.6605460773763694,0.403475253751478,0.6277486476140587,0.11100146323204138,0.39297363810254504,0.3938753440107085,0.404738940083747,0.9999999924476074,0.40232422765134085,0.9999999945185964,0,
44,nfbotv2,nf2018v2,mlp,0.01,calibrate,21001,0.46853899442765923,0.8261331950887618,0.0,0.6276997307198886,0.0,0.0932315192676337,0.004581139751503557,0.404738940083747,0.22776543865107954,,,0,
44,nfbotv2,nf2018v2,mlp,0.01,rethreshold,21001,0.6962576405132147,0.6605460773763694,0.4036290022087877,0.6277486476140587,0.11233425210694072,0.39297363810254504,0.3938753440107085,0.404738940083747,0.9999999924476074,0.4068613421649998,0.9999999937044606,0,
44,nfbotv2,nf2018v2,mlp,0.05,calibrate,105000,0.46853899442765923,0.8261331950887618,0.0,0.627689775216539,0.0,0.09322018882743571,0.004165616301069712,0.404738940083747,0.2292588329386047,,,0,
44,nfbotv2,nf2018v2,mlp,0.05,rethreshold,105000,0.6962437563442709,0.6605460773763694,0.403627027011974,0.6277486476140587,0.1123909665271492,0.39297363810254504,0.3938753440107085,0.404738940083747,0.9999999924476074,0.40412381171133976,0.9999999936673662,0,
44,nfbotv2,nf2018v2,mlp,0.1,calibrate,210000,0.46853899442765923,0.8261331950887618,0.0,0.6277071726555206,0.0,0.09321929354080187,0.004451446480093648,0.404738940083747,0.22871778726990852,,,0,
44,nfbotv2,nf2018v2,mlp,0.1,rethreshold,210000,0.6962707097073147,0.6605460773763694,0.4044881443502507,0.6277486476140587,0.11398464173500754,0.39297363810254504,0.3938753440107085,0.404738940083747,0.9999999924476074,0.4063482749007177,0.9999999907300047,0,
44,nfbotv2,nfunswv2,mlp,0,zero_shot,250000,0.28756134564676733,0.5192212718932928,-0.1192546898866992,0.4924325300318511,0.6219848058116212,0.606232653203417,0.6024825608316875,0.04770471910578218,3.867926886079405e-08,,,,31
44,nfbotv2,nfunswv2,mlp,0.0001,calibrate,144,0.49037055157195203,0.943678896856096,0.0,0.5187477348523092,0.0,0.037476385960634656,0.03635358425463095,0.12384735123535286,0.06076319597171768,,,0,
44,nfbotv2,nfunswv2,mlp,0.0001,rethreshold,144,0.1928147220783222,0.5192212718932928,0.02385975176183007,0.4924325300318511,0.816095239085023,0.606232653203417,0.6024825608316875,0.04770471910578218,3.867926886079405e-08,0.1252114729416888,9.914214789982817e-06,0,
44,nfbotv2,nfunswv2,mlp,0.001,calibrate,1392,0.49037055157195203,0.943678896856096,0.0,0.5187640374775948,0.0,0.035968478810337705,0.01590210350063574,0.12384735123535286,0.03275575312506653,,,0,
44,nfbotv2,nfunswv2,mlp,0.001,rethreshold,1392,0.11733618540843266,0.5192212718932928,0.032351353065360126,0.4924325300318511,0.9138026002639756,0.606232653203417,0.6024825608316875,0.04770471910578218,3.867926886079405e-08,0.05826371721296721,1.0216217152490592e-09,0,
44,nfbotv2,nfunswv2,mlp,0.01,calibrate,13907,0.49037055157195203,0.943678896856096,0.0,0.518742457222653,0.0,0.03597215615536097,0.0024260198863453276,0.12384735123535286,0.029546418682119806,,,0,
44,nfbotv2,nfunswv2,mlp,0.01,rethreshold,13907,0.15844711838709374,0.5192212718932928,0.04751892180691683,0.4924325300318511,0.8648527868136893,0.606232653203417,0.6024825608316875,0.04770471910578218,3.867926886079405e-08,0.0496034789557042,2.4706683731568697e-08,0,
44,nfbotv2,nfunswv2,mlp,0.05,calibrate,69537,0.49037055157195203,0.943678896856096,0.0,0.5187500160721117,0.0,0.03597192914476833,0.0024563118373482984,0.12384735123535286,0.029545029814556405,,,0,
44,nfbotv2,nfunswv2,mlp,0.05,rethreshold,69537,0.1615200369739791,0.5192212718932928,0.047078549917507366,0.4924325300318511,0.860877563109924,0.606232653203417,0.6024825608316875,0.04770471910578218,3.867926886079405e-08,0.04692176015873105,6.610903155676978e-08,0,
44,nfbotv2,nfunswv2,mlp,0.1,calibrate,139072,0.49037055157195203,0.943678896856096,0.0,0.5187398992060918,0.0,0.035971078191507994,0.002614396953528792,0.12384735123535286,0.02956050326482583,,,0,
44,nfbotv2,nfunswv2,mlp,0.1,rethreshold,139072,0.15716491389796222,0.5192212718932928,0.04751828754924704,0.4924325300318511,0.8664844472620322,0.606232653203417,0.6024825608316875,0.04770471910578218,3.867926886079405e-08,0.04796125242602555,1.5437484879536364e-08,0,
44,nfbotv2,nftonv2,mlp,0,zero_shot,250000,0.46540945568620234,0.5224979528501187,-0.02106878952059283,0.4809232440022382,0.5274260063501333,0.43765230771272795,0.41955034541906366,0.1512452997174782,9.59721373053346e-24,,,,31
44,nfbotv2,nftonv2,mlp,0.0001,calibrate,213,0.42062190755396933,0.6107334447783608,0.0,0.5281885615798294,1.0,0.1986511102570851,0.005873455294154285,0.1484658982157382,0.7187286960054232,,,0,
44,nfbotv2,nftonv2,mlp,0.0001,rethreshold,213,0.45448613444214214,0.5224979528501187,0.11956560787268097,0.4809232440022382,0.9658771577679647,0.43765230771272795,0.41955034541906366,0.1512452997174782,9.59721373053346e-24,0.15915695532247667,8.307432968223246e-23,0,
44,nfbotv2,nftonv2,mlp,0.001,calibrate,2100,0.42062190755396933,0.6107334447783608,0.0,0.5279841017834201,1.0,0.19865162320532778,0.031622003790865334,0.1484658982157382,0.6929128554025079,,,0,
44,nfbotv2,nftonv2,mlp,0.001,rethreshold,2100,0.45371358404617446,0.5224979528501187,0.14685673727497958,0.4809232440022382,0.9678661362723988,0.43765230771272795,0.41955034541906366,0.1512452997174782,9.59721373053346e-24,0.10929248486747335,1.474817954144339e-23,0,
44,nfbotv2,nftonv2,mlp,0.01,calibrate,21000,0.42062190755396933,0.6107334447783608,0.0,0.5281438333398137,1.0,0.19852715996909615,0.005280064433798432,0.1484658982157382,0.703515513851427,,,0,
44,nfbotv2,nftonv2,mlp,0.01,rethreshold,21000,0.4534290497071677,0.5224979528501187,0.15091157520251136,0.4809232440022382,0.9683040764935587,0.43765230771272795,0.41955034541906366,0.1512452997174782,9.59721373053346e-24,0.1490358831108936,1.0285375068784563e-23,0,
44,nfbotv2,nftonv2,mlp,0.05,calibrate,105000,0.42062190755396933,0.6107334447783608,0.0,0.5280732651457583,1.0,0.19852700487636604,0.005058610195751264,0.1484658982157382,0.7034741398581061,,,0,
44,nfbotv2,nftonv2,mlp,0.05,rethreshold,105000,0.4532954096903368,0.5224979528501187,0.15100908016607473,0.4809232440022382,0.9684500565672786,0.43765230771272795,0.41955034541906366,0.1512452997174782,9.59721373053346e-24,0.14363378545461888,8.740394513216512e-24,0,
44,nfbotv2,nftonv2,mlp,0.1,calibrate,210000,0.42062190755396933,0.6107334447783608,0.0,0.5281521655228603,1.0,0.1985274232302535,0.0032521474297692978,0.1484658982157382,0.7048192767366651,,,0,
44,nfbotv2,nftonv2,mlp,0.1,rethreshold,210000,0.4532954096903368,0.5224979528501187,0.15100908016607473,0.4809232440022382,0.9684500565672786,0.43765230771272795,0.41955034541906366,0.1512452997174782,9.59721373053346e-24,0.1465361178793954,8.707448941266014e-24,0,
44,nfbotv2,nfbotv2,mlp,0,in_domain,250000,0.9690876847345282,0.9994842336566563,0.9381795969716809,0.9693522599001099,0.06436233611442194,0.0004254420871052399,0.0002331715624929851,0.946651505543951,0.7509378963761778,,,,31
