seed,source,target,model,budget,strategy,n_train,macro_f1,weighted_f1,mcc,auprc_macro,fp_rate,brier,ece,mcc_best_thr,thr_best,buffer_est,thr_applied,single_class_buffer,fit_s
42,nf2018v2,nf2018v2,rf,0.0,in_domain,249999,0.9884052180472928,0.9951994302480828,0.9770527113321592,0.9846149472177048,0.0001134288404169,0.0050264320900617,0.0052312071772973,0.9771272585968024,0.54,,,,179.0
42,nf2018v2,nfunswv2,rf,0.0,zero_shot,249999,0.4930049408600871,0.9436911708691016,0.0177451641062689,0.482504028346021,0.0005092443437503,0.0702414220555555,0.1724326833333333,0.0351508798697585,0.02,,,,179.0
42,nf2018v2,nfunswv2,rf,0.0001,calibrate,144,0.490370551571952,0.943678896856096,0.0,0.5342698227202077,0.0,0.0371270278407234,0.0316453841730024,0.2130184955724854,0.0754917330297467,,,0.0,
42,nf2018v2,nfunswv2,rf,0.0001,rethreshold,144,0.0915040307229324,0.9436911708691016,0.0108368648633105,0.482504028346021,0.9420552686004094,0.0702414220555555,0.1724326833333333,0.0351508798697585,0.02,0.0705345615858598,0.0266666666666666,0.0,
42,nf2018v2,nfunswv2,rf,0.001,calibrate,1392,0.490370551571952,0.943678896856096,0.0,0.5342698227202077,0.0,0.0358429305217394,0.0034896743497448,0.2130184955724854,0.0530354347935204,,,0.0,
42,nf2018v2,nfunswv2,rf,0.001,rethreshold,1392,0.0755049489447608,0.9436911708691016,0.0351508798697585,0.482504028346021,0.9606426871472964,0.0702414220555555,0.1724326833333333,0.0351508798697585,0.02,0.0415112315516991,0.02,0.0,
42,nf2018v2,nfunswv2,rf,0.01,calibrate,13907,0.490370551571952,0.943678896856096,0.0,0.5342698227202077,0.0,0.035383609316608,0.0181777664559709,0.2130184955724854,0.0719512323808691,,,0.0,
42,nf2018v2,nfunswv2,rf,0.01,rethreshold,13907,0.0755049489447608,0.9436911708691016,0.0351508798697585,0.482504028346021,0.9606426871472964,0.0702414220555555,0.1724326833333333,0.0351508798697585,0.02,0.0333375755646723,0.02,0.0,
42,nf2018v2,nfunswv2,rf,0.05,calibrate,69537,0.490370551571952,0.943678896856096,0.0,0.5342698227202077,0.0,0.0353490523797876,0.0122861947791113,0.2130184955724854,0.0782831182149471,,,0.0,
42,nf2018v2,nfunswv2,rf,0.05,rethreshold,69537,0.0679791003814279,0.9436911708691016,0.0326472400298112,0.482504028346021,0.968489207137735,0.0702414220555555,0.1724326833333333,0.0351508798697585,0.02,0.0331026192873822,0.0166666666666666,0.0,
42,nf2018v2,nfunswv2,rf,0.1,calibrate,139072,0.490370551571952,0.943678896856096,0.0,0.5342698227202077,0.0,0.035349363861413,0.0120035801319755,0.2130184955724854,0.0787613924865022,,,0.0,
42,nf2018v2,nfunswv2,rf,0.1,rethreshold,139072,0.0755049489447608,0.9436911708691016,0.0351508798697585,0.482504028346021,0.9606426871472964,0.0702414220555555,0.1724326833333333,0.0351508798697585,0.02,0.0332879966285533,0.02,0.0,
42,nf2018v2,nftonv2,rf,0.0,zero_shot,249999,0.2772332725386562,0.2247675123618267,-0.1039117740655916,0.5745387800434103,0.1670376993540381,0.5436683319527708,0.5687160269134679,0.289746575725313,0.0033333333333333,,,,179.0
42,nf2018v2,nftonv2,rf,0.0001,calibrate,213,0.4206219075539693,0.6107334447783608,0.0,0.5002462167402513,1.0,0.198946979600486,0.1441443864305999,0.3231021574532543,0.6805995773851158,,,0.0,
42,nf2018v2,nftonv2,rf,0.0001,rethreshold,213,0.6448723582311443,0.2247675123618267,0.289746575725313,0.5745387800434103,0.5143790372614138,0.5436683319527708,0.5687160269134679,0.289746575725313,0.0033333333333333,0.249986149805007,0.0033333333333333,0.0,
42,nf2018v2,nftonv2,rf,0.001,calibrate,2100,0.4206219075539693,0.6107334447783608,0.0,0.5002462167402513,1.0,0.1989059280933146,0.1521393492429953,0.3231021574532543,0.6962914499717513,,,0.0,
42,nf2018v2,nftonv2,rf,0.001,rethreshold,2100,0.6448723582311443,0.2247675123618267,0.289746575725313,0.5745387800434103,0.5143790372614138,0.5436683319527708,0.5687160269134679,0.289746575725313,0.0033333333333333,0.2679923020640675,0.0033333333333333,0.0,
42,nf2018v2,nftonv2,rf,0.01,calibrate,21000,0.4206219075539693,0.6107334447783608,0.0,0.5002462167402513,1.0,0.1989015074801545,4.112555585344957e-05,0.3231021574532543,0.702458801011598,,,0.0,
42,nf2018v2,nftonv2,rf,0.01,rethreshold,21000,0.6448723582311443,0.2247675123618267,0.289746575725313,0.5745387800434103,0.5143790372614138,0.5436683319527708,0.5687160269134679,0.289746575725313,0.0033333333333333,0.2932679662871668,0.0033333333333333,0.0,
42,nf2018v2,nftonv2,rf,0.05,calibrate,105000,0.4206219075539693,0.6107334447783608,0.0,0.5002462167402513,1.0,0.1989094495980655,5.568285609491852e-06,0.3231021574532543,0.7161246033020325,,,0.0,
42,nf2018v2,nftonv2,rf,0.05,rethreshold,105000,0.6448723582311443,0.2247675123618267,0.289746575725313,0.5745387800434103,0.5143790372614138,0.5436683319527708,0.5687160269134679,0.289746575725313,0.0033333333333333,0.2943710809848381,0.0033333333333333,0.0,
42,nf2018v2,nftonv2,rf,0.1,calibrate,210000,0.4206219075539693,0.6107334447783608,0.0,0.5002462167402513,1.0,0.1989094924445314,5.738457507065142e-06,0.3231021574532543,0.7161546266875317,,,0.0,
42,nf2018v2,nftonv2,rf,0.1,rethreshold,210000,0.6448723582311443,0.2247675123618267,0.289746575725313,0.5745387800434103,0.5143790372614138,0.5436683319527708,0.5687160269134679,0.289746575725313,0.0033333333333333,0.2949454266290624,0.0033333333333333,0.0,
42,nf2018v2,nfbotv2,rf,0.0,zero_shot,249999,0.0494295205662273,0.0897631688794609,0.0140458956731383,0.5141361806847943,0.00119189511323,0.6092299578888889,0.7367188000000001,0.1770706314836578,0.0133333333333333,,,,179.0
42,nf2018v2,nfbotv2,rf,0.0001,calibrate,211,0.4989490456231946,0.9937119087536106,0.0,0.5141361806847943,1.0,0.0041778132831845,0.0005956636815108,0.1770706314836578,0.9951774245439738,,,0.0,
42,nf2018v2,nfbotv2,rf,0.0001,rethreshold,211,0.3348741980466145,0.0897631688794609,-0.0360057051808092,0.5141361806847943,0.7794994040524433,0.6092299578888889,0.7367188000000001,0.1770706314836578,0.0133333333333333,0.0693343798979097,0.19,0.0,
42,nf2018v2,nfbotv2,rf,0.001,calibrate,2101,0.4989490456231946,0.9937119087536106,0.0,0.5034378693890359,1.0,0.0041771839240754,7.645106263487467e-05,0.0697757322812633,0.9956443694900772,,,0.0,
42,nf2018v2,nfbotv2,rf,0.001,rethreshold,2101,0.5564274622858929,0.0897631688794609,0.1345313151405791,0.5141361806847943,0.9249106078665076,0.6092299578888889,0.7367188000000001,0.1770706314836578,0.0133333333333333,0.3326978068575605,0.0166666666666666,0.0,
42,nf2018v2,nfbotv2,rf,0.01,calibrate,21000,0.4989490456231946,0.9937119087536106,0.0,0.5034378693890359,1.0,0.0041759977350172,2.845720238231486e-06,0.0697757322812633,0.9949930466861864,,,0.0,
42,nf2018v2,nfbotv2,rf,0.01,rethreshold,21000,0.56199583263255,0.0897631688794609,0.1770706314836578,0.5141361806847943,0.9261025029797376,0.6092299578888889,0.7367188000000001,0.1770706314836578,0.0133333333333333,0.0840031489073643,0.0133333333333333,0.0,
42,nf2018v2,nfbotv2,rf,0.05,calibrate,105000,0.4989490456231946,0.9937119087536106,0.0,0.5034378693890359,1.0,0.0041769214560217,2.9984424086526573e-05,0.0697757322812633,0.9944472506044338,,,0.0,
42,nf2018v2,nfbotv2,rf,0.05,rethreshold,105000,0.56199583263255,0.0897631688794609,0.1770706314836578,0.5141361806847943,0.9261025029797376,0.6092299578888889,0.7367188000000001,0.1770706314836578,0.0133333333333333,0.1191521258888382,0.0133333333333333,0.0,
42,nf2018v2,nfbotv2,rf,0.1,calibrate,210001,0.4989490456231946,0.9937119087536106,0.0,0.5034378693890359,1.0,0.0041762017019648,1.8044885039980585e-05,0.0697757322812633,0.9947344987724652,,,0.0,
42,nf2018v2,nfbotv2,rf,0.1,rethreshold,210001,0.56199583263255,0.0897631688794609,0.1770706314836578,0.5141361806847943,0.9261025029797376,0.6092299578888889,0.7367188000000001,0.1770706314836578,0.0133333333333333,0.1506511291514737,0.0133333333333333,0.0,
42,nf2018v2,nf2018v2,lgbm,0.0,in_domain,249999,0.988430442315862,0.9952096972137982,0.9771010127012018,0.9876854383019344,0.0001191002824378,0.0047079173367594,0.0014841957225579,0.9771980359431484,0.4879350140426531,,,,9.0
42,nf2018v2,nfunswv2,lgbm,0.0,zero_shot,249999,0.5229656159971565,0.946361658762326,0.1398249324591947,0.4971670698700526,0.000821026595026,0.0383795855459134,0.0391774171795201,0.1403819935356973,0.6269026400140946,,,,9.0
42,nf2018v2,nfunswv2,lgbm,0.0001,calibrate,144,0.490370551571952,0.943678896856096,0.0,0.5594734817208111,0.0,0.0373769568652945,0.0339960071703313,0.2438856798046484,0.0695693666186216,,,0.0,
42,nf2018v2,nfunswv2,lgbm,0.0001,rethreshold,144,0.490370551571952,0.946361658762326,0.0,0.4971670698700526,0.0,0.0383795855459134,0.0391774171795201,0.1403819935356973,0.6269026400140946,0.0,inf,0.0,
42,nf2018v2,nfunswv2,lgbm,0.001,calibrate,1392,0.490370551571952,0.943678896856096,0.0,0.5594734817208111,0.0,0.0363857143409231,0.0034844528219929,0.2438856798046484,0.0389851996162175,,,0.0,
42,nf2018v2,nfunswv2,lgbm,0.001,rethreshold,1392,0.5132535884610294,0.946361658762326,0.0265344270026992,0.4971670698700526,0.0385103044034046,0.0383795855459134,0.0391774171795201,0.1403819935356973,0.6269026400140946,0.0221886279344434,0.1211463630479152,0.0,
42,nf2018v2,nfunswv2,lgbm,0.01,calibrate,13907,0.490370551571952,0.943678896856096,0.0,0.4971670698700526,0.0,0.0360052889750974,0.0016861411680971,0.1403819935356973,0.1434864634815927,,,0.0,
42,nf2018v2,nfunswv2,lgbm,0.01,rethreshold,13907,0.517087329866619,0.946361658762326,0.132694566198526,0.4971670698700526,0.0004988516020411,0.0383795855459134,0.0391774171795201,0.1403819935356973,0.6269026400140946,0.1356701028620237,0.7578504142916874,0.0,
42,nf2018v2,nfunswv2,lgbm,0.05,calibrate,69537,0.490370551571952,0.943678896856096,0.0,0.4971670698700526,0.0,0.0359215581396095,0.0015074269190864,0.1403819935356973,0.1754434286882719,,,0.0,
42,nf2018v2,nfunswv2,lgbm,0.05,rethreshold,69537,0.5221860197042538,0.946361658762326,0.1400149369137676,0.4971670698700526,0.0007430810322071,0.0383795855459134,0.0391774171795201,0.1403819935356973,0.6269026400140946,0.1232116888600604,0.5585746254043137,0.0,
42,nf2018v2,nfunswv2,lgbm,0.1,calibrate,139072,0.490370551571952,0.943678896856096,0.0,0.4971670698700526,0.0,0.0359117851124478,0.0014286243374534,0.1403819935356973,0.179608800379589,,,0.0,
42,nf2018v2,nfunswv2,lgbm,0.1,rethreshold,139072,0.5225069862776242,0.946361658762326,0.1394212161374203,0.4971670698700526,0.0007898483698984,0.0383795855459134,0.0391774171795201,0.1403819935356973,0.6269026400140946,0.123241545178833,0.5231411182060306,0.0,
42,nf2018v2,nftonv2,lgbm,0.0,zero_shot,249999,0.3905185747133565,0.374144452346535,0.0592008553977918,0.6894333094193617,0.1750118608809897,0.5689354021866492,0.5671041344722694,0.4771420726765807,0.00023519386112,,,,9.0
42,nf2018v2,nftonv2,lgbm,0.0001,calibrate,213,0.4206219075539693,0.6107334447783608,0.0,0.6894333094193617,1.0,0.198525493293326,0.0174255220526385,0.4771420726765807,0.7239566972794589,,,0.0,
42,nf2018v2,nftonv2,lgbm,0.0001,rethreshold,213,0.7133265509979083,0.374144452346535,0.4761583795939519,0.6894333094193617,0.5816028612094449,0.5689354021866492,0.5671041344722694,0.4771420726765807,0.00023519386112,0.4055092844041108,0.0002360023675661,0.0,
42,nf2018v2,nftonv2,lgbm,0.001,calibrate,2100,0.4206219075539693,0.6107334447783608,0.0,0.6894333094193617,1.0,0.1977747616068894,0.0224472914653997,0.4771420726765807,0.70831990961866,,,0.0,
42,nf2018v2,nftonv2,lgbm,0.001,rethreshold,2100,0.7135733713053023,0.374144452346535,0.4771420726765807,0.6894333094193617,0.5818765738476698,0.5689354021866492,0.5671041344722694,0.4771420726765807,0.00023519386112,0.4707003324178225,0.00023519386112,0.0,
42,nf2018v2,nftonv2,lgbm,0.01,calibrate,21000,0.4206219075539693,0.6107334447783608,0.0,0.6894333094193617,1.0,0.1977516859328715,0.0194551848739705,0.4771420726765807,0.7070149425976455,,,0.0,
42,nf2018v2,nftonv2,lgbm,0.01,rethreshold,21000,0.7135733713053023,0.374144452346535,0.4771420726765807,0.6894333094193617,0.5818765738476698,0.5689354021866492,0.5671041344722694,0.4771420726765807,0.00023519386112,0.4756206462568688,0.00023519386112,0.0,
42,nf2018v2,nftonv2,lgbm,0.05,calibrate,105000,0.4206219075539693,0.6107334447783608,0.0,0.6894333094193617,1.0,0.1977328882891628,0.0165637605323256,0.4771420726765807,0.705811287507333,,,0.0,
42,nf2018v2,nftonv2,lgbm,0.05,rethreshold,105000,0.7135733713053023,0.374144452346535,0.4771420726765807,0.6894333094193617,0.5818765738476698,0.5689354021866492,0.5671041344722694,0.4771420726765807,0.00023519386112,0.4798189796909683,0.00023519386112,0.0,
42,nf2018v2,nftonv2,lgbm,0.1,calibrate,210000,0.4206219075539693,0.6107334447783608,0.0,0.6894333094193617,1.0,0.1977350167266837,0.0168355836812536,0.4771420726765807,0.7059564900723252,,,0.0,
42,nf2018v2,nftonv2,lgbm,0.1,rethreshold,210000,0.7135733713053023,0.374144452346535,0.4771420726765807,0.6894333094193617,0.5818765738476698,0.5689354021866492,0.5671041344722694,0.4771420726765807,0.00023519386112,0.4782371525362169,0.00023519386112,0.0,
42,nf2018v2,nfbotv2,lgbm,0.0,zero_shot,249999,0.1698045812760354,0.3300092708311367,-0.0015907870976558,0.5376571789251455,0.2085816448152562,0.4880526504794962,0.569039099394422,0.2516226242911011,0.0343198390054951,,,,9.0
42,nf2018v2,nfbotv2,lgbm,0.0001,calibrate,211,0.4989490456231946,0.9937119087536106,0.0,0.5376571789251455,1.0,0.0041766369556548,0.0005537068237266,0.2516226242911011,0.9948378721704956,,,0.0,
42,nf2018v2,nfbotv2,lgbm,0.0001,rethreshold,211,0.6047065359011328,0.3300092708311367,0.2467440767991976,0.5376571789251455,0.5554231227651967,0.4880526504794962,0.569039099394422,0.2516226242911011,0.0343198390054951,0.7054211845550483,0.0398111258325787,0.0,
42,nf2018v2,nfbotv2,lgbm,0.001,calibrate,2101,0.4989490456231946,0.9937119087536106,0.0,0.5376571789251455,1.0,0.0041721864955595,0.000163261028775,0.2516226242911011,0.9936152235180586,,,0.0,
42,nf2018v2,nfbotv2,lgbm,0.001,rethreshold,2101,0.6047065359011328,0.3300092708311367,0.2467440767991976,0.5376571789251455,0.5554231227651967,0.4880526504794962,0.569039099394422,0.2516226242911011,0.0343198390054951,0.3960681773913044,0.0398111258325787,0.0,
42,nf2018v2,nfbotv2,lgbm,0.01,calibrate,21000,0.4989490456231946,0.9937119087536106,0.0,0.5376571789251455,1.0,0.0041719930922169,3.818525755694413e-05,0.2516226242911011,0.993692801848228,,,0.0,
42,nf2018v2,nfbotv2,lgbm,0.01,rethreshold,21000,0.6047065359011328,0.3300092708311367,0.2467440767991976,0.5376571789251455,0.5554231227651967,0.4880526504794962,0.569039099394422,0.2516226242911011,0.0343198390054951,0.2588780276428083,0.0398111258325787,0.0,
42,nf2018v2,nfbotv2,lgbm,0.05,calibrate,105000,0.4989490456231946,0.9937119087536106,0.0,0.5376571789251455,1.0,0.0041667058017647,5.508291696998402e-05,0.2516226242911011,0.9918917020804564,,,0.0,
42,nf2018v2,nfbotv2,lgbm,0.05,rethreshold,105000,0.6047065359011328,0.3300092708311367,0.2467440767991976,0.5376571789251455,0.5554231227651967,0.4880526504794962,0.569039099394422,0.2516226242911011,0.0343198390054951,0.2504142473100907,0.0398111258325787,0.0,
42,nf2018v2,nfbotv2,lgbm,0.1,calibrate,210001,0.4989490456231946,0.9937119087536106,0.0,0.5376571789251455,1.0,0.0041656245662044,5.015469597358102e-05,0.2516226242911011,0.9915073744280212,,,0.0,
42,nf2018v2,nfbotv2,lgbm,0.1,rethreshold,210001,0.6047065359011328,0.3300092708311367,0.2467440767991976,0.5376571789251455,0.5554231227651967,0.4880526504794962,0.569039099394422,0.2516226242911011,0.0343198390054951,0.2511121356944135,0.0398111258325787,0.0,
42,nf2018v2,nf2018v2,mlp,0.0,in_domain,249999,0.984572775838492,0.9936267602249542,0.9695325588164552,0.9844199243166252,0.0003119293111466,0.0060143031861383,0.0007311196166006,0.9695569280417096,0.498687092694657,,,,30.0
42,nf2018v2,nfunswv2,mlp,0.0,zero_shot,249999,0.4846787157015053,0.9181498377878126,-0.029812324021384,0.4805020824809766,0.0535849762525851,0.0745540447896058,0.0603919966406769,0.0656626466914192,0.999999993950387,,,,30.0
42,nf2018v2,nfunswv2,mlp,0.0001,calibrate,144,0.490370551571952,0.943678896856096,0.0,0.4803357841083887,0.0,0.0373714026997057,0.0316071283874695,0.0656626466914192,0.0716060372214356,,,0.0,
42,nf2018v2,nfunswv2,mlp,0.0001,rethreshold,144,0.5022462739225094,0.9181498377878126,0.0501368552431221,0.4805020824809766,0.0014186092433044,0.0745540447896058,0.0603919966406769,0.0656626466914192,0.999999993950387,0.3061148374487811,0.9999997839671212,0.0,
42,nf2018v2,nfunswv2,mlp,0.001,calibrate,1392,0.490370551571952,0.943678896856096,0.0,0.5376367077485785,0.0,0.0362426723197501,0.0016174291252079,0.208569732006218,0.0416256149191737,,,0.0,
42,nf2018v2,nfunswv2,mlp,0.001,rethreshold,1392,0.5022462739225094,0.9181498377878126,0.0501368552431221,0.4805020824809766,0.0014186092433044,0.0745540447896058,0.0603919966406769,0.0656626466914192,0.999999993950387,0.1282169241049143,0.9999997839671212,0.0,
42,nf2018v2,nfunswv2,mlp,0.01,calibrate,13907,0.490370551571952,0.943678896856096,0.0,0.5376063798337258,0.0,0.036130881134486,0.0051160417284934,0.208569732006218,0.0432084652583988,,,0.0,
42,nf2018v2,nfunswv2,mlp,0.01,rethreshold,13907,0.501815695045965,0.9181498377878126,0.0605259052790904,0.4805020824809766,0.0008054374824622,0.0745540447896058,0.0603919966406769,0.0656626466914192,0.999999993950387,0.0902469183052376,0.999999954370329,0.0,
42,nf2018v2,nfunswv2,mlp,0.05,calibrate,69537,0.490370551571952,0.943678896856096,0.0,0.5375894320303406,0.0,0.0359976214690019,0.0069159954433617,0.208569732006218,0.0471655566028406,,,0.0,
42,nf2018v2,nfunswv2,mlp,0.05,rethreshold,69537,0.501297394754605,0.9181498377878126,0.0652215386580944,0.4805020824809766,0.0005716007940054,0.0745540447896058,0.0603919966406769,0.0656626466914192,0.999999993950387,0.0778245461541727,0.999999999717098,0.0,
42,nf2018v2,nfunswv2,mlp,0.1,calibrate,139072,0.490370551571952,0.943678896856096,0.0,0.5375892560744289,0.0,0.0359704932670796,0.007030254372716,0.208569732006218,0.0478682592756126,,,0.0,
42,nf2018v2,nfunswv2,mlp,0.1,rethreshold,139072,0.5014234670680395,0.9181498377878126,0.0656626466914192,0.4805020824809766,0.00057679716486,0.0745540447896058,0.0603919966406769,0.0656626466914192,0.999999993950387,0.0721718509723116,0.9999999926519112,0.0,
42,nf2018v2,nftonv2,mlp,0.0,zero_shot,249999,0.3959680623350248,0.3911398793333783,0.0161554474949153,0.5592644535724319,0.2448450786467647,0.5420710725131835,0.5243761150203138,0.2140257084880553,1.5290449705437788e-42,,,,30.0
42,nf2018v2,nftonv2,mlp,0.0001,calibrate,213,0.4206219075539693,0.6107334447783608,0.0,0.5584424770241849,1.0,0.1988019564346668,0.0017943489375922,0.2081968981961131,0.7230605622934407,,,0.0,
42,nf2018v2,nftonv2,mlp,0.0001,rethreshold,213,0.6034752338535363,0.3911398793333783,0.2074377733811745,0.5592644535724319,0.5551439728477063,0.5420710725131835,0.5243761150203138,0.2140257084880553,1.5290449705437788e-42,0.249986149805007,0.0056542582768288,0.0,
42,nf2018v2,nftonv2,mlp,0.001,calibrate,2100,0.4206219075539693,0.6107334447783608,0.0,0.5585634169340948,1.0,0.198843644043728,0.0163774571474541,0.2081968981961131,0.7234930185697022,,,0.0,
42,nf2018v2,nftonv2,mlp,0.001,rethreshold,2100,0.6019753125398282,0.3911398793333783,0.203966766535336,0.5592644535724319,0.5815663661910149,0.5420710725131835,0.5243761150203138,0.2140257084880553,1.5290449705437788e-42,0.2192729864575908,0.0042492776279092,0.0,
42,nf2018v2,nftonv2,mlp,0.01,calibrate,21000,0.4206219075539693,0.6107334447783608,0.0,0.5588925548395572,1.0,0.1987641570476551,0.0025422393601776,0.2081968981961131,0.7187150553011862,,,0.0,
42,nf2018v2,nftonv2,mlp,0.01,rethreshold,21000,0.6023688152333945,0.3911398793333783,0.2076706225783736,0.5592644535724319,0.5251268201890442,0.5420710725131835,0.5243761150203138,0.2140257084880553,1.5290449705437788e-42,0.2106606254834373,0.0072976335638091,0.0,
42,nf2018v2,nftonv2,mlp,0.05,calibrate,105000,0.4206219075539693,0.6107334447783608,0.0,0.5586667087611032,1.0,0.1987544315854922,0.0035704369103765,0.2081968981961131,0.7170189842226432,,,0.0,
42,nf2018v2,nftonv2,mlp,0.05,rethreshold,105000,0.4875958406897807,0.3911398793333783,0.2133471575291604,0.5592644535724319,0.9328126710703988,0.5420710725131835,0.5243761150203138,0.2140257084880553,1.5290449705437788e-42,0.2096268960577723,2.2097727802736658e-42,0.0,
42,nf2018v2,nftonv2,mlp,0.1,calibrate,210000,0.4206219075539693,0.6107334447783608,0.0,0.5586666996472681,1.0,0.1987548892899256,0.0034560237771759,0.2081968981961131,0.7172087237030403,,,0.0,
42,nf2018v2,nftonv2,mlp,0.1,rethreshold,210000,0.4875669100408426,0.3911398793333783,0.2133817210757615,0.5592644535724319,0.9328491660888288,0.5420710725131835,0.5243761150203138,0.2140257084880553,1.5290449705437788e-42,0.2121324349700386,2.1428606063673848e-42,0.0,
42,nf2018v2,nfbotv2,mlp,0.0,zero_shot,249999,0.1593721999445393,0.3123790467370286,-0.0529870448311523,0.533666844168806,0.5065554231227652,0.7274575423066602,0.7115381529285754,0.2660564941514639,8.317870326778077e-06,,,,30.0
42,nf2018v2,nfbotv2,mlp,0.0001,calibrate,211,0.4989490456231946,0.9937119087536106,0.0,0.6447285525020594,1.0,0.0041677540252946,0.0005281957620044,0.4098813500212029,0.992120019145505,,,0.0,
42,nf2018v2,nfbotv2,mlp,0.0001,rethreshold,211,0.0041774754903181,0.3123790467370286,0.0,0.533666844168806,0.0,0.7274575423066602,0.7115381529285754,0.2660564941514639,8.317870326778077e-06,0.0,inf,0.0,
42,nf2018v2,nfbotv2,mlp,0.001,calibrate,2101,0.4989490456231946,0.9937119087536106,0.0,0.6447285525019355,1.0,0.0041564625951773,6.550071902078347e-05,0.4098813500212029,0.9884400201114708,,,0.0,
42,nf2018v2,nfbotv2,mlp,0.001,rethreshold,2101,0.0038724816405735,0.3123790467370286,-0.2897333402629172,0.533666844168806,0.1144219308700834,0.7274575423066602,0.7115381529285754,0.2660564941514639,8.317870326778077e-06,0.0014313003163088,0.9992513751787004,0.0,
42,nf2018v2,nfbotv2,mlp,0.01,calibrate,21000,0.4989490456231946,0.9937119087536106,0.0,0.6447285525019355,1.0,0.0041469235031143,8.020963209154353e-05,0.4098813500212029,0.9844354293327828,,,0.0,
42,nf2018v2,nfbotv2,mlp,0.01,rethreshold,21000,0.5711501535171541,0.3123790467370286,0.2607045136690821,0.533666844168806,0.9213349225268176,0.7274575423066602,0.7115381529285754,0.2660564941514639,8.317870326778077e-06,0.2814933996682814,8.487021805891494e-06,0.0,
42,nf2018v2,nfbotv2,mlp,0.05,calibrate,105000,0.4989490456231946,0.9937119087536106,0.0,0.6447285525019355,1.0,0.0041416272943468,0.0001141366246397,0.4098813500212029,0.981918155257747,,,0.0,
42,nf2018v2,nfbotv2,mlp,0.05,rethreshold,105000,0.5713911929726092,0.3123790467370286,0.2660564941514639,0.533666844168806,0.9213349225268176,0.7274575423066602,0.7115381529285754,0.2660564941514639,8.317870326778077e-06,0.2755875403047458,8.30462675748181e-06,0.0,
42,nf2018v2,nfbotv2,mlp,0.1,calibrate,210001,0.4989490456231946,0.9937119087536106,0.0,0.6447285525019355,1.0,0.0041408963770797,2.1508643506473742e-05,0.4098813500212029,0.9813489860316116,,,0.0,
42,nf2018v2,nfbotv2,mlp,0.1,rethreshold,210001,0.5713911929726092,0.3123790467370286,0.2660564941514639,0.533666844168806,0.9213349225268176,0.7274575423066602,0.7115381529285754,0.2660564941514639,8.317870326778077e-06,0.2981677461198002,8.30398126936407e-06,0.0,
42,nfunswv2,nf2018v2,rf,0.0,zero_shot,250002,0.3522285257198477,0.6087742512241946,-0.2515364848700282,0.5095274836806666,0.4070053651841517,0.2195938841972456,0.2005044808109293,0.2496680356179555,0.31,,,,50.0
42,nfunswv2,nf2018v2,rf,0.0001,calibrate,217,0.4685389944276592,0.8261331950887618,0.0,0.5095274836806666,0.0,0.1052195259041798,0.0289771028907344,0.2496680356179555,0.1470831457940175,,,0.0,
42,nfunswv2,nf2018v2,rf,0.0001,rethreshold,217,0.4490981263709472,0.6087742512241946,0.2357336799330387,0.5095274836806666,0.5690951781399939,0.2195938841972456,0.2005044808109293,0.2496680356179555,0.31,0.3053418726462291,0.3266666666666666,0.0,
42,nfunswv2,nf2018v2,rf,0.001,calibrate,2102,0.4685389944276592,0.8261331950887618,0.0,0.5095274836806666,0.0,0.1043791052683135,0.0010093848343318,0.2496680356179555,0.1192778971472107,,,0.0,
42,nfunswv2,nf2018v2,rf,0.001,rethreshold,2102,0.4439746098013066,0.6087742512241946,0.2496680356179555,0.5095274836806666,0.5848447726318894,0.2195938841972456,0.2005044808109293,0.2496680356179555,0.31,0.2611264398876696,0.31,0.0,
42,nfunswv2,nf2018v2,rf,0.01,calibrate,21001,0.4685389944276592,0.8261331950887618,0.0,0.5227066836578621,0.0,0.1043767662907639,1.9041763565819103e-05,0.2797040700738926,0.1182141623978081,,,0.0,
42,nfunswv2,nf2018v2,rf,0.01,rethreshold,21001,0.4439746098013066,0.6087742512241946,0.2496680356179555,0.5095274836806666,0.5848447726318894,0.2195938841972456,0.2005044808109293,0.2496680356179555,0.31,0.253738885546637,0.31,0.0,
42,nfunswv2,nf2018v2,rf,0.05,calibrate,105000,0.4685389944276592,0.8261331950887618,0.0,0.5227066836578621,0.0,0.1043767167737807,5.53417057115313e-05,0.2797040700738926,0.1180946898102699,,,0.0,
42,nfunswv2,nf2018v2,rf,0.05,rethreshold,105000,0.4439746098013066,0.6087742512241946,0.2496680356179555,0.5095274836806666,0.5848447726318894,0.2195938841972456,0.2005044808109293,0.2496680356179555,0.31,0.2520825429013567,0.31,0.0,
42,nfunswv2,nf2018v2,rf,0.1,calibrate,210000,0.4685389944276592,0.8261331950887618,0.0,0.5227066836578621,0.0,0.1043767412409721,5.55885177547788e-05,0.2797040700738926,0.1180387202671492,,,0.0,
42,nfunswv2,nf2018v2,rf,0.1,rethreshold,210000,0.4439746098013066,0.6087742512241946,0.2496680356179555,0.5095274836806666,0.5848447726318894,0.2195938841972456,0.2005044808109293,0.2496680356179555,0.31,0.2511665669414032,0.31,0.0,
42,nfunswv2,nfunswv2,rf,0.0,in_domain,250002,0.9772486117707236,0.9966654152140436,0.9546258462155924,0.9918375852102628,0.0023747414805499,0.0026331852222222,0.0007102,0.9552873264725892,0.4666666666666667,,,,50.0
42,nfunswv2,nftonv2,rf,0.0,zero_shot,250002,0.2207841294758099,0.1320517169328191,-0.1048418353553063,0.7143160311015387,0.0471333163023247,0.4521943065826441,0.5264735823679119,0.5648249566571932,0.0866666666666666,,,,50.0
42,nfunswv2,nftonv2,rf,0.0001,calibrate,213,0.4206219075539693,0.6107334447783608,0.0,0.7143160311015387,1.0,0.1949709708577641,0.1179237404968332,0.5648249566571932,0.7037871958150876,,,0.0,
42,nfunswv2,nftonv2,rf,0.0001,rethreshold,213,0.7258769792394311,0.1320517169328191,0.544699207411913,0.7143160311015387,0.6057078208824496,0.4521943065826441,0.5264735823679119,0.5648249566571932,0.0866666666666666,0.5406433747126563,0.0833333333333333,0.0,
42,nfunswv2,nftonv2,rf,0.001,calibrate,2100,0.4206219075539693,0.6107334447783608,0.0,0.7143160311015387,1.0,0.1888298391079183,0.1601698813566957,0.5648249566571932,0.6570268643166257,,,0.0,
42,nfunswv2,nftonv2,rf,0.001,rethreshold,2100,0.7433966465262104,0.1320517169328191,0.5648249566571932,0.7143160311015387,0.5711470384292544,0.4521943065826441,0.5264735823679119,0.5648249566571932,0.0866666666666666,0.554186742688193,0.0866666666666666,0.0,
42,nfunswv2,nftonv2,rf,0.01,calibrate,21000,0.4206219075539693,0.6107334447783608,0.0,0.7143160311015387,1.0,0.1871168782817952,0.1859597431420797,0.5648249566571932,0.6379098316112016,,,0.0,
42,nfunswv2,nftonv2,rf,0.01,rethreshold,21000,0.7433966465262104,0.1320517169328191,0.5648249566571932,0.7143160311015387,0.5711470384292544,0.4521943065826441,0.5264735823679119,0.5648249566571932,0.0866666666666666,0.564337124283169,0.0866666666666666,0.0,
42,nfunswv2,nftonv2,rf,0.05,calibrate,105000,0.4206219075539693,0.6107334447783608,0.0,0.7143160311015387,1.0,0.1869445833335349,0.1873723105234305,0.5648249566571932,0.6364161491945642,,,0.0,
42,nfunswv2,nftonv2,rf,0.05,rethreshold,105000,0.7433966465262104,0.1320517169328191,0.5648249566571932,0.7143160311015387,0.5711470384292544,0.4521943065826441,0.5264735823679119,0.5648249566571932,0.0866666666666666,0.5668817503752015,0.0866666666666666,0.0,
42,nfunswv2,nftonv2,rf,0.1,calibrate,210000,0.4206219075539693,0.6107334447783608,0.0,0.7143160311015387,1.0,0.1871259371574067,0.1858965034693918,0.5648249566571932,0.638200034155444,,,0.0,
42,nfunswv2,nftonv2,rf,0.1,rethreshold,210000,0.7433966465262104,0.1320517169328191,0.5648249566571932,0.7143160311015387,0.5711470384292544,0.4521943065826441,0.5264735823679119,0.5648249566571932,0.0866666666666666,0.5654829029131992,0.0866666666666666,0.0,
42,nfunswv2,nfbotv2,rf,0.0,zero_shot,250002,0.3272703957441046,0.6373250201469283,0.0520054168908804,0.5238575899936123,0.069129916567342,0.2998808777222222,0.3510820166666666,0.1978673650392327,0.1333333333333333,,,,50.0
42,nfunswv2,nfbotv2,rf,0.0001,calibrate,211,0.4989490456231946,0.9937119087536106,0.0,0.5238575899936123,1.0,0.0041777239572393,0.0005710915082899,0.1978673650392327,0.9952330566244092,,,0.0,
42,nfunswv2,nfbotv2,rf,0.0001,rethreshold,211,0.3255874712221445,0.6373250201469283,0.0553686154952026,0.5238575899936123,0.0393325387365911,0.2998808777222222,0.3510820166666666,0.1978673650392327,0.1333333333333333,0.063048832499128,0.57,0.0,
42,nfunswv2,nfbotv2,rf,0.001,calibrate,2101,0.4989490456231946,0.9937119087536106,0.0,0.5238575899936123,1.0,0.0041684221147604,3.719661642842542e-05,0.1978673650392327,0.9935523854869618,,,0.0,
42,nfunswv2,nfbotv2,rf,0.001,rethreshold,2101,0.5969469471548505,0.6373250201469283,0.1978673650392327,0.5238575899936123,0.8355184743742551,0.2998808777222222,0.3510820166666666,0.1978673650392327,0.1333333333333333,0.3315033792969687,0.1333333333333333,0.0,
42,nfunswv2,nfbotv2,rf,0.01,calibrate,21000,0.4989490456231946,0.9937119087536106,0.0,0.5238575899936123,1.0,0.0041430072444089,6.773678867433297e-05,0.1978673650392327,0.9815967218534148,,,0.0,
42,nfunswv2,nfbotv2,rf,0.01,rethreshold,21000,0.5969469471548505,0.6373250201469283,0.1978673650392327,0.5238575899936123,0.8355184743742551,0.2998808777222222,0.3510820166666666,0.1978673650392327,0.1333333333333333,0.3115382732696669,0.1333333333333333,0.0,
42,nfunswv2,nfbotv2,rf,0.05,calibrate,105000,0.4989490456231946,0.9937119087536106,0.0,0.5238575899936123,1.0,0.0041321143948668,0.000168814824684,0.1978673650392327,0.9730408647900086,,,0.0,
42,nfunswv2,nfbotv2,rf,0.05,rethreshold,105000,0.5969469471548505,0.6373250201469283,0.1978673650392327,0.5238575899936123,0.8355184743742551,0.2998808777222222,0.3510820166666666,0.1978673650392327,0.1333333333333333,0.2174990549372731,0.1333333333333333,0.0,
42,nfunswv2,nfbotv2,rf,0.1,calibrate,210001,0.4989490456231946,0.9937119087536106,0.0,0.5238575899936123,1.0,0.0041313646697842,0.0002585139318353,0.1978673650392327,0.9722507341631368,,,0.0,
42,nfunswv2,nfbotv2,rf,0.1,rethreshold,210001,0.5969469471548505,0.6373250201469283,0.1978673650392327,0.5238575899936123,0.8355184743742551,0.2998808777222222,0.3510820166666666,0.1978673650392327,0.1333333333333333,0.2043060417911222,0.1333333333333333,0.0,
42,nfunswv2,nf2018v2,lgbm,0.0,zero_shot,250002,0.4478949192315544,0.7751735151265695,-0.1039445121663993,0.432650893939876,0.116582162180556,0.203895942036951,0.1853042197412745,0.0627495282336206,1.7338269011061927e-05,,,,9.0
42,nfunswv2,nf2018v2,lgbm,0.0001,calibrate,217,0.4685389944276592,0.8261331950887618,0.0,0.6361959464770002,0.0,0.1038139607991552,0.0333119326163675,0.5640293467573478,0.1643797654066174,,,0.0,
42,nfunswv2,nf2018v2,lgbm,0.0001,rethreshold,217,0.4684510143637986,0.7751735151265695,-0.0086137066893435,0.432650893939876,0.0008734020712106,0.203895942036951,0.1853042197412745,0.0627495282336206,1.7338269011061927e-05,0.1636002637415242,0.9873619712918082,0.0,
42,nfunswv2,nf2018v2,lgbm,0.001,calibrate,2102,0.4685389944276592,0.8261331950887618,0.0,0.6361959464770002,0.0,0.1020023118926368,0.0676110937421196,0.5640293467573478,0.1391208635163232,,,0.0,
42,nfunswv2,nf2018v2,lgbm,0.001,rethreshold,2102,0.1429628378005135,0.7751735151265695,0.0623281902801818,0.432650893939876,0.9645478159276778,0.203895942036951,0.1853042197412745,0.0627495282336206,1.7338269011061927e-05,0.0683472145049225,1.828857199687714e-05,0.0,
42,nfunswv2,nf2018v2,lgbm,0.01,calibrate,21001,0.4685389944276592,0.8261331950887618,0.0,0.6361959464770002,0.0,0.1011114848841668,0.0536766170198822,0.5640293467573478,0.1464442496931112,,,0.0,
42,nfunswv2,nf2018v2,lgbm,0.01,rethreshold,21001,0.1464423418781781,0.7751735151265695,0.0615764187911354,0.432650893939876,0.9608954072662516,0.203895942036951,0.1853042197412745,0.0627495282336206,1.7338269011061927e-05,0.0637932822355512,2.2132413316256628e-05,0.0,
42,nfunswv2,nf2018v2,lgbm,0.05,calibrate,105000,0.4685389944276592,0.8261331950887618,0.0,0.6361959464770002,0.0,0.1010559165786618,0.0537331819215268,0.5640293467573478,0.1467930077728308,,,0.0,
42,nfunswv2,nf2018v2,lgbm,0.05,rethreshold,105000,0.1429628378005135,0.7751735151265695,0.0623281902801818,0.432650893939876,0.9645478159276778,0.203895942036951,0.1853042197412745,0.0627495282336206,1.7338269011061927e-05,0.0617644840388677,1.828857199687714e-05,0.0,
42,nfunswv2,nf2018v2,lgbm,0.1,calibrate,210000,0.4685389944276592,0.8261331950887618,0.0,0.6361959464770002,0.0,0.1011251864907469,0.0541691028562795,0.5640293467573478,0.1462561075256286,,,0.0,
42,nfunswv2,nf2018v2,lgbm,0.1,rethreshold,210000,0.1429628378005135,0.7751735151265695,0.0623281902801818,0.432650893939876,0.9645478159276778,0.203895942036951,0.1853042197412745,0.0627495282336206,1.7338269011061927e-05,0.0612330729332129,1.828857199687714e-05,0.0,
42,nfunswv2,nfunswv2,lgbm,0.0,in_domain,250002,0.9766625408226024,0.9965777911262108,0.9534708212430656,0.9925277115707886,0.0024630797850781,0.002680231649142,0.0011671352442288,0.9537094763554866,0.513784525761431,,,,9.0
42,nfunswv2,nftonv2,lgbm,0.0,zero_shot,250002,0.2199469869764634,0.1304810976300706,-0.1033717107243355,0.484017273881803,0.043958249698916,0.7144102926537544,0.7160251424294343,0.1480584002089921,1.216706398281859e-05,,,,9.0
42,nfunswv2,nftonv2,lgbm,0.0001,calibrate,213,0.4206219075539693,0.6107334447783608,0.0,0.5451249028091464,1.0,0.1967629843067894,0.065404760181173,0.2499391482754746,0.7337497441429657,,,0.0,
42,nfunswv2,nftonv2,lgbm,0.0001,rethreshold,213,0.4378578719161747,0.1304810976300706,0.0971757035834912,0.484017273881803,0.9833400240867122,0.7144102926537544,0.7160251424294343,0.1480584002089921,1.216706398281859e-05,0.1953902246825,4.439426191428573e-06,0.0,
42,nfunswv2,nftonv2,lgbm,0.001,calibrate,2100,0.462036261011179,0.6335131585789642,0.1021470927544035,0.5451249028091464,0.9555490675522792,0.1960294001038148,0.0250231225031819,0.2499391482754746,0.7385590323141124,,,0.0,
42,nfunswv2,nftonv2,lgbm,0.001,rethreshold,2100,0.4697145317016422,0.1304810976300706,0.1463636705097646,0.484017273881803,0.9495821320389768,0.7144102926537544,0.7160251424294343,0.1480584002089921,1.216706398281859e-05,0.1751366588487291,1.2333440495531934e-05,0.0,
42,nfunswv2,nftonv2,lgbm,0.01,calibrate,21000,0.461738356798442,0.6334318534828104,0.1034060162976828,0.5451249028091464,0.9560417503010838,0.1959577802364061,0.0273804399766164,0.2499391482754746,0.7383648302146795,,,0.0,
42,nfunswv2,nftonv2,lgbm,0.01,rethreshold,21000,0.4695010279216296,0.1304810976300706,0.1478965172900823,0.484017273881803,0.9499470822232764,0.7144102926537544,0.7160251424294343,0.1480584002089921,1.216706398281859e-05,0.1499960750139524,1.2125200110074754e-05,0.0,
42,nfunswv2,nftonv2,lgbm,0.05,calibrate,105000,0.4616672680287207,0.6335196970570913,0.1059408083054563,0.5451249028091464,0.9563519579577388,0.1959364961353957,0.0169444351926153,0.2499391482754746,0.7374878649840606,,,0.0,
42,nfunswv2,nftonv2,lgbm,0.05,rethreshold,105000,0.4681190836692151,0.1304810976300706,0.147744976027644,0.484017273881803,0.9515893580526258,0.7144102926537544,0.7160251424294343,0.1480584002089921,1.216706398281859e-05,0.1538278343639651,1.1596367374011072e-05,0.0,
42,nfunswv2,nftonv2,lgbm,0.1,calibrate,210000,0.461683346983597,0.6334880641952283,0.1051137557611963,0.5451249028091464,0.9562607204116638,0.1959421686800855,0.0212931594422492,0.2499391482754746,0.7380355388601537,,,0.0,
42,nfunswv2,nftonv2,lgbm,0.1,rethreshold,210000,0.4681289712185221,0.1304810976300706,0.1479242354932299,0.484017273881803,0.9515893580526258,0.7144102926537544,0.7160251424294343,0.1480584002089921,1.216706398281859e-05,0.1498050806413363,1.1576170099206592e-05,0.0,
42,nfunswv2,nfbotv2,lgbm,0.0,zero_shot,250002,0.2721542097583699,0.5335825697647274,0.0018339056770599,0.5142310278609822,0.3528009535160906,0.4288777495803398,0.4511340838511868,0.1548953955278207,0.0505162193100193,,,,9.0
42,nfunswv2,nfbotv2,lgbm,0.0001,calibrate,211,0.4989490456231946,0.9937119087536106,0.0,0.5142310278609822,1.0,0.0041765090040561,0.0005596192979459,0.1548953955278207,0.9947610807242964,,,0.0,
42,nfunswv2,nfbotv2,lgbm,0.0001,rethreshold,211,0.5340700450030909,0.5335825697647274,0.1375325142510242,0.5142310278609822,0.5554231227651967,0.4288777495803398,0.4511340838511868,0.1548953955278207,0.0505162193100193,0.2810129071203918,0.0551884295590862,0.0,
42,nfunswv2,nfbotv2,lgbm,0.001,calibrate,2101,0.4989490456231946,0.9937119087536106,0.0,0.5142310278609822,1.0,0.0041735934483261,6.0102987217591775e-05,0.1548953955278207,0.9941023323134146,,,0.0,
42,nfunswv2,nfbotv2,lgbm,0.001,rethreshold,2101,0.5340700450030909,0.5335825697647274,0.1375325142510242,0.5142310278609822,0.5554231227651967,0.4288777495803398,0.4511340838511868,0.1548953955278207,0.0505162193100193,0.1798505064426742,0.0551884295590862,0.0,
42,nfunswv2,nfbotv2,lgbm,0.01,calibrate,21000,0.4989490456231946,0.9937119087536106,0.0,0.5142310278609822,1.0,0.0041689855616587,9.03162127590118e-05,0.1548953955278207,0.9921077898100624,,,0.0,
42,nfunswv2,nfbotv2,lgbm,0.01,rethreshold,21000,0.5503546995366052,0.5335825697647274,0.1448203911634018,0.5142310278609822,0.6531585220500596,0.4288777495803398,0.4511340838511868,0.1548953955278207,0.0505162193100193,0.1741718558569926,0.0323447971483977,0.0,
42,nfunswv2,nfbotv2,lgbm,0.05,calibrate,105000,0.4989490456231946,0.9937119087536106,0.0,0.5142310278609822,1.0,0.0041677448113555,3.778185414571311e-05,0.1548953955278207,0.99145817879181,,,0.0,
42,nfunswv2,nfbotv2,lgbm,0.05,rethreshold,105000,0.5456286612918173,0.5335825697647274,0.154809540394039,0.5142310278609822,0.5613825983313468,0.4288777495803398,0.4511340838511868,0.1548953955278207,0.0505162193100193,0.1703294376447471,0.0509397768925645,0.0,
42,nfunswv2,nfbotv2,lgbm,0.1,calibrate,210001,0.4989490456231946,0.9937119087536106,0.0,0.5142310278609822,1.0,0.0041686320658518,3.278431987441266e-05,0.1548953955278207,0.9918621318768146,,,0.0,
42,nfunswv2,nfbotv2,lgbm,0.1,rethreshold,210001,0.5456286612918173,0.5335825697647274,0.154809540394039,0.5142310278609822,0.5613825983313468,0.4288777495803398,0.4511340838511868,0.1548953955278207,0.0505162193100193,0.1681574888137533,0.0509397768925645,0.0,
42,nfunswv2,nf2018v2,mlp,0.0,zero_shot,250002,0.4538518860868005,0.7786351006268407,-0.0918913923335356,0.458987844498419,0.1126348385340456,0.1918096234284856,0.1843807629186342,0.1197313318414545,3.502293249504615e-36,,,,44.0
42,nfunswv2,nf2018v2,mlp,0.0001,calibrate,217,0.4685389944276592,0.8261331950887618,0.0,0.5637310976546954,0.0,0.1046431797405926,0.0300046071106858,0.2810519926342105,0.1570945679276473,,,0.0,
42,nfunswv2,nf2018v2,mlp,0.0001,rethreshold,217,0.4920314526420747,0.7786351006268407,0.0074769015974172,0.458987844498419,0.2327389662095484,0.1918096234284856,0.1843807629186342,0.1197313318414545,3.502293249504615e-36,0.0001332330377241,0.0667204882523935,0.0,
42,nfunswv2,nf2018v2,mlp,0.001,calibrate,2102,0.4685389944276592,0.8261331950887618,0.0,0.5637500509588004,0.0,0.1038025894606824,0.0340305072788407,0.2810519926342105,0.1344885703591409,,,0.0,
42,nfunswv2,nf2018v2,mlp,0.001,rethreshold,2102,0.2329132071738449,0.7786351006268407,0.1194366714979292,0.458987844498419,0.8684168736743004,0.1918096234284856,0.1843807629186342,0.1197313318414545,3.502293249504615e-36,0.1038431577125999,3.5171244102918555e-36,0.0,
42,nfunswv2,nf2018v2,mlp,0.01,calibrate,21001,0.4685389944276592,0.8261331950887618,0.0,0.5637478639289828,0.0,0.1037885102358686,0.006176589388786,0.2810519926342105,0.1325123307972367,,,0.0,
42,nfunswv2,nf2018v2,mlp,0.01,rethreshold,21001,0.2329231357945419,0.7786351006268407,0.1196902239093678,0.458987844498419,0.8684395594423838,0.1918096234284856,0.1843807629186342,0.1197313318414545,3.502293249504615e-36,0.1170566652204781,3.5037965768797563e-36,0.0,
42,nfunswv2,nf2018v2,mlp,0.05,calibrate,105000,0.4685389944276592,0.8261331950887618,0.0,0.5637651613735719,0.0,0.10379848400875,0.0049928489440184,0.2810519926342105,0.1327402437691445,,,0.0,
42,nfunswv2,nf2018v2,mlp,0.05,rethreshold,105000,0.2327879077384712,0.7786351006268407,0.1196373033112782,0.458987844498419,0.8685983598189676,0.1918096234284856,0.1843807629186342,0.1197313318414545,3.502293249504615e-36,0.1204376538543622,3.366829265090818e-36,0.0,
42,nfunswv2,nf2018v2,mlp,0.1,calibrate,210000,0.4685389944276592,0.8261331950887618,0.0,0.5637651602424895,0.0,0.1037962416342146,0.0052400186764553,0.2810519926342105,0.1326310438807058,,,0.0,
42,nfunswv2,nf2018v2,mlp,0.1,rethreshold,210000,0.2327879077384712,0.7786351006268407,0.1196373033112782,0.458987844498419,0.8685983598189676,0.1918096234284856,0.1843807629186342,0.1197313318414545,3.502293249504615e-36,0.1221355730033701,3.366829265090818e-36,0.0,
42,nfunswv2,nfunswv2,mlp,0.0,in_domain,250002,0.9666234605398102,0.9950249756783888,0.93447716946368,0.9816826149047893,0.0046767337691356,0.00392514683235,0.0011920655225523,0.9351797887207144,0.5450024734268977,,,,44.0
42,nfunswv2,nftonv2,mlp,0.0,zero_shot,250002,0.2576534756592277,0.1799709515007095,0.0235262957310435,0.5192587468283111,0.03476150505456,0.6788302784781951,0.6818437561947841,0.1949686809121795,0.0014573646670817,,,,44.0
42,nfunswv2,nftonv2,mlp,0.0001,calibrate,213,0.4206219075539693,0.6107334447783608,0.0,0.4952411734942268,1.0,0.1988137966996476,0.0075402761182045,0.1157049881204247,0.730376865032539,,,0.0,
42,nfunswv2,nftonv2,mlp,0.0001,rethreshold,213,0.5015281732181059,0.1799709515007095,0.184808380214487,0.5192587468283111,0.1933141126236268,0.6788302784781951,0.6818437561947841,0.1949686809121795,0.0014573646670817,0.1583787086055924,0.0034391866607055,0.0,
42,nfunswv2,nftonv2,mlp,0.001,calibrate,2100,0.4206219075539693,0.6107334447783608,0.0,0.4952433691442054,1.0,0.1988222724405175,0.0027974585590738,0.1157049881204247,0.7283965005339024,,,0.0,
42,nfunswv2,nftonv2,mlp,0.001,rethreshold,2100,0.5140508543606869,0.1799709515007095,0.1941841006248856,0.5192587468283111,0.2035144702748074,0.6788302784781951,0.6818437561947841,0.1949686809121795,0.0014573646670817,0.2211270311003602,0.0021543443751803,0.0,
42,nfunswv2,nftonv2,mlp,0.01,calibrate,21000,0.4206219075539693,0.6107334447783608,0.0,0.4952428362996947,1.0,0.1988117381042858,0.0075914817151331,0.1157049881204247,0.7290174651212314,,,0.0,
42,nfunswv2,nftonv2,mlp,0.01,rethreshold,21000,0.5151008096617714,0.1799709515007095,0.1942253114986512,0.5192587468283111,0.2056676763621765,0.6788302784781951,0.6818437561947841,0.1949686809121795,0.0014573646670817,0.2015967203787504,0.0020507304363331,0.0,
42,nfunswv2,nftonv2,mlp,0.05,calibrate,105000,0.4206219075539693,0.6107334447783608,0.0,0.4952431900380519,1.0,0.198816481393958,0.0038748933271753,0.1157049881204247,0.7287119114093632,,,0.0,
42,nfunswv2,nftonv2,mlp,0.05,rethreshold,105000,0.5137395846608247,0.1799709515007095,0.1940440243018505,0.5192587468283111,0.2030947775628626,0.6788302784781951,0.6818437561947841,0.1949686809121795,0.0014573646670817,0.2006439289754019,0.0021809009081861,0.0,
42,nfunswv2,nftonv2,mlp,0.1,calibrate,210000,0.4206219075539693,0.6107334447783608,0.0,0.4952431791265209,1.0,0.1988104363416626,0.0082976459564493,0.1157049881204247,0.729175510504202,,,0.0,
42,nfunswv2,nftonv2,mlp,0.1,rethreshold,210000,0.51376664042758,0.1799709515007095,0.1940670181190229,0.5192587468283111,0.2031130250720776,0.6788302784781951,0.6818437561947841,0.1949686809121795,0.0014573646670817,0.198577620811928,0.0021790005977965,0.0,
42,nfunswv2,nfbotv2,mlp,0.0,zero_shot,250002,0.0122537800257133,0.016793572626003,-0.0558927353393794,0.4985054228446691,0.0893921334922526,0.9836026981075952,0.9840663229512052,0.5233620881409071,9.399671530704867e-31,,,,44.0
42,nfunswv2,nfbotv2,mlp,0.0001,calibrate,211,0.4989490456231946,0.9937119087536106,0.0,0.5348814648722325,1.0,0.0041722812147811,0.0006217469126641,0.241218090046097,0.9878098580051752,,,0.0,
42,nfunswv2,nfbotv2,mlp,0.0001,rethreshold,211,0.0041774754903181,0.016793572626003,0.0,0.4985054228446691,0.0,0.9836026981075952,0.9840663229512052,0.5233620881409071,9.399671530704867e-31,0.0,inf,0.0,
42,nfunswv2,nfbotv2,mlp,0.001,calibrate,2101,0.4989490456231946,0.9937119087536106,0.0,0.5349557250449174,1.0,0.0041730762731136,7.184042387597955e-05,0.241218090046097,0.9900397712060232,,,0.0,
42,nfunswv2,nfbotv2,mlp,0.001,rethreshold,2101,0.7127711069851517,0.016793572626003,0.4674058837407877,0.4985054228446691,0.6972586412395709,0.9836026981075952,0.9840663229512052,0.5233620881409071,9.399671530704867e-31,0.3835226484096976,2.7004731848056267e-28,0.0,
42,nfunswv2,nfbotv2,mlp,0.01,calibrate,21000,0.4989490456231946,0.9937119087536106,0.0,0.5348774426327545,1.0,0.0041548911955706,0.0002441351040542,0.241218090046097,0.9538819310799184,,,0.0,
42,nfunswv2,nfbotv2,mlp,0.01,rethreshold,21000,0.7237358919073265,0.016793572626003,0.5178175701749936,0.4985054228446691,0.700834326579261,0.9836026981075952,0.9840663229512052,0.5233620881409071,9.399671530704867e-31,0.4589014325213641,2.1684772645150064e-29,0.0,
42,nfunswv2,nfbotv2,mlp,0.05,calibrate,105000,0.4989490456231946,0.9937119087536106,0.0,0.5349558621263514,1.0,0.0041473509533261,0.0005887088122343,0.241218090046097,0.9234560777084634,,,0.0,
42,nfunswv2,nfbotv2,mlp,0.05,rethreshold,105000,0.7243437157309183,0.016793572626003,0.5206465058372604,0.4985054228446691,0.700834326579261,0.9836026981075952,0.9840663229512052,0.5233620881409071,9.399671530704867e-31,0.5159168027515898,1.4407957603671066e-29,0.0,
42,nfunswv2,nfbotv2,mlp,0.1,calibrate,210001,0.4989490456231946,0.9937119087536106,0.0,0.5348836815793913,1.0,0.004145912254579,0.0003636302642968,0.241218090046097,0.9087575442500996,,,0.0,
42,nfunswv2,nfbotv2,mlp,0.1,rethreshold,210001,0.7243437157309183,0.016793572626003,0.5206465058372604,0.4985054228446691,0.700834326579261,0.9836026981075952,0.9840663229512052,0.5233620881409071,9.399671530704867e-31,0.5332384182818545,1.4407957603671066e-29,0.0,
42,nftonv2,nf2018v2,rf,0.0,zero_shot,250001,0.5526769256971206,0.8048317482675872,0.1071753283232489,0.5454033503384739,0.1292691779811935,0.1604513987430062,0.1037813144267611,0.1963547445948619,0.19,,,,137.0
42,nftonv2,nf2018v2,rf,0.0001,calibrate,217,0.4685389944276592,0.8261331950887618,0.0,0.5454033503384739,0.0,0.1037700985940922,0.0592872550560628,0.1963547445948619,0.1336028144911893,,,0.0,
42,nftonv2,nf2018v2,rf,0.0001,rethreshold,217,0.3498841865195684,0.8048317482675872,0.1820527477317436,0.5454033503384739,0.7195188348589512,0.1604513987430062,0.1037813144267611,0.1963547445948619,0.19,0.2498261127145374,0.17,0.0,
42,nftonv2,nf2018v2,rf,0.001,calibrate,2102,0.4685389944276592,0.8261331950887618,0.0,0.5454033503384739,0.0,0.1027871915771126,0.0515639805610583,0.1963547445948619,0.1010426015007617,,,0.0,
42,nftonv2,nf2018v2,rf,0.001,rethreshold,2102,0.3766034663132352,0.8048317482675872,0.1963547445948619,0.5454033503384739,0.6812989870804551,0.1604513987430062,0.1037813144267611,0.1963547445948619,0.19,0.1948964615049223,0.19,0.0,
42,nftonv2,nf2018v2,rf,0.01,calibrate,21001,0.4685389944276592,0.8261331950887618,0.0,0.5454033503384739,0.0,0.1028746275766937,0.0444178910056313,0.1963547445948619,0.0972758903337402,,,0.0,
42,nftonv2,nf2018v2,rf,0.01,rethreshold,21001,0.3733499818314017,0.8048317482675872,0.1962707667999285,0.5454033503384739,0.6865734281598439,0.1604513987430062,0.1037813144267611,0.1963547445948619,0.19,0.1966709388213602,0.1866666666666666,0.0,
42,nftonv2,nf2018v2,rf,0.05,calibrate,105000,0.4685389944276592,0.8261331950887618,0.0,0.5454033503384739,0.0,0.1028793958148311,0.0423313451675137,0.1963547445948619,0.0968950308998603,,,0.0,
42,nftonv2,nf2018v2,rf,0.05,rethreshold,105000,0.3733499818314017,0.8048317482675872,0.1962707667999285,0.5454033503384739,0.6865734281598439,0.1604513987430062,0.1037813144267611,0.1963547445948619,0.19,0.1990235798471627,0.1866666666666666,0.0,
42,nftonv2,nf2018v2,rf,0.1,calibrate,210000,0.4685389944276592,0.8261331950887618,0.0,0.5454033503384739,0.0,0.1028768276788481,0.0423992140532048,0.1963547445948619,0.0969146963855913,,,0.0,
42,nftonv2,nf2018v2,rf,0.1,rethreshold,210000,0.3766034663132352,0.8048317482675872,0.1963547445948619,0.5454033503384739,0.6812989870804551,0.1604513987430062,0.1037813144267611,0.1963547445948619,0.19,0.1979298330269652,0.19,0.0,
42,nftonv2,nfunswv2,rf,0.0,zero_shot,250001,0.51773304991163,0.9065168677252128,0.0514306369379436,0.4987104671390125,0.0872210847943796,0.1160664882777777,0.1692382166666666,0.0994954722906384,0.7066666666666667,,,,137.0
42,nftonv2,nfunswv2,rf,0.0001,calibrate,144,0.490370551571952,0.943678896856096,0.0,0.4987104671390125,0.0,0.0373652286583238,0.0316511445250519,0.0994954722906384,0.0711136361153705,,,0.0,
42,nftonv2,nfunswv2,rf,0.0001,rethreshold,144,0.5219906578702829,0.9065168677252128,0.0614670042355973,0.4987104671390125,0.0879485767140229,0.1160664882777777,0.1692382166666666,0.0994954722906384,0.7066666666666667,0.1751282566650533,0.4766666666666667,0.0,
42,nftonv2,nfunswv2,rf,0.001,calibrate,1392,0.490370551571952,0.943678896856096,0.0,0.5378312551277582,0.0,0.0363573951172646,0.0046034477828043,0.2569718295639525,0.0428461570637529,,,0.0,
42,nftonv2,nfunswv2,rf,0.001,rethreshold,1392,0.5134644136682618,0.9065168677252128,0.0338369559223766,0.4987104671390125,0.0690701613992787,0.1160664882777777,0.1692382166666666,0.0994954722906384,0.7066666666666667,0.0561099058453296,0.5733333333333334,0.0,
42,nftonv2,nfunswv2,rf,0.01,calibrate,13907,0.490370551571952,0.943678896856096,0.0,0.5378312551277582,0.0,0.0363578653739635,0.002006298131848,0.2569718295639525,0.0405727474911372,,,0.0,
42,nftonv2,nfunswv2,rf,0.01,rethreshold,13907,0.509675639266188,0.9065168677252128,0.0994954722906384,0.4987104671390125,0.0006443499859697,0.1160664882777777,0.1692382166666666,0.0994954722906384,0.7066666666666667,0.099175208799914,0.7066666666666667,0.0,
42,nftonv2,nfunswv2,rf,0.05,calibrate,69537,0.490370551571952,0.943678896856096,0.0,0.5378312551277582,0.0,0.0363567685698089,0.0040236441211554,0.2569718295639525,0.0415261238901948,,,0.0,
42,nftonv2,nfunswv2,rf,0.05,rethreshold,69537,0.509675639266188,0.9065168677252128,0.0994954722906384,0.4987104671390125,0.0006443499859697,0.1160664882777777,0.1692382166666666,0.0994954722906384,0.7066666666666667,0.0985733534218021,0.7066666666666667,0.0,
42,nftonv2,nfunswv2,rf,0.1,calibrate,139072,0.490370551571952,0.943678896856096,0.0,0.5378312551277582,0.0,0.0363580734874054,0.001640818608278,0.2569718295639525,0.0404408461616147,,,0.0,
42,nftonv2,nfunswv2,rf,0.1,rethreshold,139072,0.509675639266188,0.9065168677252128,0.0994954722906384,0.4987104671390125,0.0006443499859697,0.1160664882777777,0.1692382166666666,0.0994954722906384,0.7066666666666667,0.1018259932549076,0.7066666666666667,0.0,
42,nftonv2,nftonv2,rf,0.0,in_domain,250001,0.991598637633271,0.9933249026044774,0.9832191162361312,0.9983797427237378,0.0169701835699427,0.0055366966279275,0.0030572986198262,0.9833489417821016,0.54,,,,137.0
42,nftonv2,nfbotv2,rf,0.0,zero_shot,250001,0.0300524496561553,0.0516162229148439,-0.0022445515595424,0.5129576164835208,0.0321811680572109,0.5077937100000001,0.6805636666666666,0.1445885766926021,0.0166666666666666,,,,137.0
42,nftonv2,nfbotv2,rf,0.0001,calibrate,211,0.4989490456231946,0.9937119087536106,0.0,0.5129576164835208,1.0,0.004177749145914,0.0005933893436635,0.1445885766926021,0.9950447975079184,,,0.0,
42,nftonv2,nfbotv2,rf,0.0001,rethreshold,211,0.5009768914774885,0.0516162229148439,0.0344741111504941,0.5129576164835208,0.8450536352800954,0.5077937100000001,0.6805636666666666,0.1445885766926021,0.0166666666666666,0.3476108935769035,0.1866666666666666,0.0,
42,nftonv2,nfbotv2,rf,0.001,calibrate,2101,0.4989490456231946,0.9937119087536106,0.0,0.5129576164835208,1.0,0.0041774034281806,7.537685337888345e-05,0.1445885766926021,0.9956050551649156,,,0.0,
42,nftonv2,nfbotv2,rf,0.001,rethreshold,2101,0.5009768914774885,0.0516162229148439,0.0344741111504941,0.5129576164835208,0.8450536352800954,0.5077937100000001,0.6805636666666666,0.1445885766926021,0.0166666666666666,0.0550271442301184,0.1866666666666666,0.0,
42,nftonv2,nfbotv2,rf,0.01,calibrate,21000,0.4989490456231946,0.9937119087536106,0.0,0.5129576164835208,1.0,0.0041775399005085,8.331402880323857e-05,0.1445885766926021,0.993869195304565,,,0.0,
42,nftonv2,nfbotv2,rf,0.01,rethreshold,21000,0.5187813057142769,0.0516162229148439,0.1343023550726566,0.5129576164835208,0.9797377830750894,0.5077937100000001,0.6805636666666666,0.1445885766926021,0.0166666666666666,0.1504466359517657,0.0066666666666666,0.0,
42,nftonv2,nfbotv2,rf,0.05,calibrate,105000,0.4989490456231946,0.9937119087536106,0.0,0.5129576164835208,1.0,0.0041775529032209,8.158282158265973e-05,0.1445885766926021,0.9937884130672766,,,0.0,
42,nftonv2,nfbotv2,rf,0.05,rethreshold,105000,0.5243438711654339,0.0516162229148439,0.1430806769970848,0.5129576164835208,0.9737783075089392,0.5077937100000001,0.6805636666666666,0.1445885766926021,0.0166666666666666,0.1397078181743519,0.02,0.0,
42,nftonv2,nfbotv2,rf,0.1,calibrate,210001,0.4989490456231946,0.9937119087536106,0.0,0.5129576164835208,1.0,0.0041775570954081,8.176582910912611e-05,0.1445885766926021,0.993763193517272,,,0.0,
42,nftonv2,nfbotv2,rf,0.1,rethreshold,210001,0.5243438711654339,0.0516162229148439,0.1430806769970848,0.5129576164835208,0.9737783075089392,0.5077937100000001,0.6805636666666666,0.1445885766926021,0.0166666666666666,0.1603548361224898,0.02,0.0,
42,nftonv2,nf2018v2,lgbm,0.0,zero_shot,250001,0.512194194492717,0.7580293395427917,0.045375710899376,0.5180626835605044,0.2143861798300836,0.231606770312999,0.198490509718318,0.2576354351809594,0.9741304587164452,,,,10.0
42,nftonv2,nf2018v2,lgbm,0.0001,calibrate,217,0.4685389944276592,0.8261331950887618,0.0,0.5180626835605044,0.0,0.1050467231485245,0.0297196695174918,0.2576354351809594,0.192470684736893,,,0.0,
42,nftonv2,nf2018v2,lgbm,0.0001,rethreshold,217,0.6090230414823876,0.7580293395427917,0.2262685407957174,0.5180626835605044,0.0579054230328603,0.231606770312999,0.198490509718318,0.2576354351809594,0.9741304587164452,0.3302517346396324,0.95336252863367,0.0,
42,nftonv2,nf2018v2,lgbm,0.001,calibrate,2102,0.4685389944276592,0.8261331950887618,0.0,0.5180626835605044,0.0,0.1041804359213128,0.014056846882214,0.2576354351809594,0.1413151249489443,,,0.0,
42,nftonv2,nf2018v2,lgbm,0.001,rethreshold,2102,0.6151125822648525,0.7580293395427917,0.2568006666896023,0.5180626835605044,0.0363029003754494,0.231606770312999,0.198490509718318,0.2576354351809594,0.9741304587164452,0.2753473556171111,0.9759625421043192,0.0,
42,nftonv2,nf2018v2,lgbm,0.01,calibrate,21001,0.4685389944276592,0.8261331950887618,0.0,0.5180626835605044,0.0,0.1041577205837153,0.0094992138755954,0.2576354351809594,0.144864764723463,,,0.0,
42,nftonv2,nf2018v2,lgbm,0.01,rethreshold,21001,0.6153734603954674,0.7580293395427917,0.2568454278497824,0.5180626835605044,0.0366488583387212,0.231606770312999,0.198490509718318,0.2576354351809594,0.9741304587164452,0.2636232925124969,0.9755722592788209,0.0,
42,nftonv2,nf2018v2,lgbm,0.05,calibrate,105000,0.4685389944276592,0.8261331950887618,0.0,0.5180626835605044,0.0,0.1041553018959609,0.0089289010972769,0.2576354351809594,0.1454436340492659,,,0.0,
42,nftonv2,nf2018v2,lgbm,0.05,rethreshold,105000,0.615387374370256,0.7580293395427917,0.2568571325834409,0.5180626835605044,0.0366602012227629,0.231606770312999,0.198490509718318,0.2576354351809594,0.9741304587164452,0.258787894850624,0.9755616640393628,0.0,
42,nftonv2,nf2018v2,lgbm,0.1,calibrate,210000,0.4685389944276592,0.8261331950887618,0.0,0.5180626835605044,0.0,0.1041534323382769,0.0084458969212331,0.2576354351809594,0.1459587436386558,,,0.0,
42,nftonv2,nf2018v2,lgbm,0.1,rethreshold,210000,0.6154404660942562,0.7580293395427917,0.2569282947379727,0.5180626835605044,0.0366828869908462,0.231606770312999,0.198490509718318,0.2576354351809594,0.9741304587164452,0.2572456594824517,0.9755365672422844,0.0,
42,nftonv2,nfunswv2,lgbm,0.0,zero_shot,250001,0.3719503745794426,0.6746162894893755,-0.0633893816993777,0.4845886081454846,0.4471321229253489,0.3192447618603181,0.2683889959421322,0.0609116931730256,0.9133923514739994,,,,10.0
42,nftonv2,nfunswv2,lgbm,0.0001,calibrate,144,0.490370551571952,0.943678896856096,0.0,0.5481298082702514,0.0,0.0371020770214072,0.0310931724568381,0.2194033999564328,0.0833873828830883,,,0.0,
42,nftonv2,nfunswv2,lgbm,0.0001,rethreshold,144,0.5002602823533876,0.6746162894893755,0.0411440424961503,0.4845886081454846,0.1387275127051267,0.3192447618603181,0.2683889959421322,0.0609116931730256,0.9133923514739994,0.1193269038386487,0.851633438763858,0.0,
42,nftonv2,nfunswv2,lgbm,0.001,calibrate,1392,0.490370551571952,0.943678896856096,0.0,0.5481298082702514,0.0,0.0360687904030131,0.0014661290956235,0.2194033999564328,0.0584057130804693,,,0.0,
42,nftonv2,nfunswv2,lgbm,0.001,rethreshold,1392,0.5203786299839186,0.6746162894893755,0.0561475982021272,0.4845886081454846,0.0848723251681026,0.3192447618603181,0.2683889959421322,0.0609116931730256,0.9133923514739994,0.0397071503555989,0.9267502694003988,0.0,
42,nftonv2,nfunswv2,lgbm,0.01,calibrate,13907,0.490370551571952,0.943678896856096,0.0,0.5481298082702514,0.0,0.0360409306206262,0.0002207547966169,0.2194033999564328,0.0593768442366044,,,0.0,
42,nftonv2,nfunswv2,lgbm,0.01,rethreshold,13907,0.5193272573721441,0.6746162894893755,0.0602836346033524,0.4845886081454846,0.0964602321738497,0.3192447618603181,0.2683889959421322,0.0609116931730256,0.9133923514739994,0.0556225045910428,0.8995475559266469,0.0,
42,nftonv2,nfunswv2,lgbm,0.05,calibrate,69537,0.490370551571952,0.943678896856096,0.0,0.5481298082702514,0.0,0.0360382401827319,0.0004357419776734,0.2194033999564328,0.0598663721251212,,,0.0,
42,nftonv2,nfunswv2,lgbm,0.05,rethreshold,69537,0.5193272573721441,0.6746162894893755,0.0602836346033524,0.4845886081454846,0.0964602321738497,0.3192447618603181,0.2683889959421322,0.0609116931730256,0.9133923514739994,0.0564655086624411,0.8995475559266469,0.0,
42,nftonv2,nfunswv2,lgbm,0.1,calibrate,139072,0.490370551571952,0.943678896856096,0.0,0.5481298082702514,0.0,0.0360414823234205,0.0002312757071161,0.2194033999564328,0.0593712046723222,,,0.0,
42,nftonv2,nfunswv2,lgbm,0.1,rethreshold,139072,0.5212491424260522,0.6746162894893755,0.0608598374559417,0.4845886081454846,0.0898608411885139,0.3192447618603181,0.2683889959421322,0.0609116931730256,0.9133923514739994,0.0601536274645552,0.9142377860831116,0.0,
42,nftonv2,nftonv2,lgbm,0.0,in_domain,250001,0.9910580487997496,0.9928948251212668,0.9821356601710864,0.9989337582265768,0.0174993613371774,0.0059969437638857,0.0029437742197483,0.9823632653121024,0.5104900483193666,,,,10.0
42,nftonv2,nfbotv2,lgbm,0.0,zero_shot,250001,0.0366509028491206,0.0647596225019143,-0.0020570041511483,0.5602470681504367,0.0393325387365911,0.8895908293475704,0.9194187440002074,0.2763598423212492,0.0001755094060591,,,,10.0
42,nftonv2,nfbotv2,lgbm,0.0001,calibrate,211,0.4989490456231946,0.9937119087536106,0.0,0.5602470681504367,1.0,0.0041777189911124,0.0006003460932006,0.2763598423212492,0.9951831412186828,,,0.0,
42,nftonv2,nfbotv2,lgbm,0.0001,rethreshold,211,0.5977104816540311,0.0647596225019143,0.2144354858338644,0.5602470681504367,0.8593563766388558,0.8895908293475704,0.9194187440002074,0.2763598423212492,0.0001755094060591,1.0,0.0002905898118438,0.0,
42,nftonv2,nfbotv2,lgbm,0.001,calibrate,2101,0.4989490456231946,0.9937119087536106,0.0,0.5602470681504367,1.0,0.0041772542772956,0.0001546731176862,0.2763598423212492,0.9955573284086066,,,0.0,
42,nftonv2,nfbotv2,lgbm,0.001,rethreshold,2101,0.5977104816540311,0.0647596225019143,0.2144354858338644,0.5602470681504367,0.8593563766388558,0.8895908293475704,0.9194187440002074,0.2763598423212492,0.0001755094060591,0.3326978068575605,0.0002905898118438,0.0,
42,nftonv2,nfbotv2,lgbm,0.01,calibrate,21000,0.4989490456231946,0.9937119087536106,0.0,0.5602470681504367,1.0,0.0041772306737916,6.690297130762524e-05,0.2763598423212492,0.9956429082059084,,,0.0,
42,nftonv2,nfbotv2,lgbm,0.01,rethreshold,21000,0.5945945295075183,0.0647596225019143,0.2763598423212492,0.5602470681504367,0.8891537544696066,0.8895908293475704,0.9194187440002074,0.2763598423212492,0.0001755094060591,0.2760661722784356,0.0001755094060591,0.0,
42,nftonv2,nfbotv2,lgbm,0.05,calibrate,105000,0.4989490456231946,0.9937119087536106,0.0,0.5602470681504367,1.0,0.0041772025856705,6.046472001808301e-05,0.2763598423212492,0.9956328751166708,,,0.0,
42,nftonv2,nfbotv2,lgbm,0.05,rethreshold,105000,0.5945945295075183,0.0647596225019143,0.2763598423212492,0.5602470681504367,0.8891537544696066,0.8895908293475704,0.9194187440002074,0.2763598423212492,0.0001755094060591,0.2997619923174723,0.0001745307303385,0.0,
42,nftonv2,nfbotv2,lgbm,0.1,calibrate,210001,0.4989490456231946,0.9937119087536106,0.0,0.5602470681504367,1.0,0.0041772033529931,6.54854112386305e-05,0.2763598423212492,0.9956279104829064,,,0.0,
42,nftonv2,nfbotv2,lgbm,0.1,rethreshold,210001,0.5945945295075183,0.0647596225019143,0.2763598423212492,0.5602470681504367,0.8891537544696066,0.8895908293475704,0.9194187440002074,0.2763598423212492,0.0001755094060591,0.2920288314987602,0.0001722249855936,0.0,
42,nftonv2,nf2018v2,mlp,0.0,zero_shot,250001,0.4657946317296745,0.6926401054341292,-0.0073620796081139,0.5483400920337267,0.3264822313721486,0.3116810930688473,0.2868718135650597,0.3994594313432955,0.9970384703583932,,,,80.0
42,nftonv2,nf2018v2,mlp,0.0001,calibrate,217,0.4685389944276592,0.8261331950887618,0.0,0.5555503923338907,0.0,0.1052748951383435,0.0292750836855941,0.3994594313432955,0.1526648180305215,,,0.0,
42,nftonv2,nf2018v2,mlp,0.0001,rethreshold,217,0.6161855987784607,0.6926401054341292,0.3663644917679008,0.5483400920337267,0.0025237916992774,0.3116810930688473,0.2868718135650597,0.3994594313432955,0.9970384703583932,0.3692563281096975,0.9986870069090912,0.0,
42,nftonv2,nf2018v2,mlp,0.001,calibrate,2102,0.4685389944276592,0.8261331950887618,0.0,0.5307075348082845,0.0,0.1043486855584663,0.0011883067497884,0.2762946007920989,0.1280858848555927,,,0.0,
42,nftonv2,nf2018v2,mlp,0.001,rethreshold,2102,0.6430094328023136,0.6926401054341292,0.3985305636495242,0.5483400920337267,0.0043216388198863,0.3116810930688473,0.2868718135650597,0.3994594313432955,0.9970384703583932,0.404050553502564,0.9972126381011124,0.0,
42,nftonv2,nf2018v2,mlp,0.01,calibrate,21001,0.4685389944276592,0.8261331950887618,0.0,0.5306442139934345,0.0,0.1043377640894768,1.0187035520359268e-05,0.2760974318687181,0.1241648329776993,,,0.0,
42,nftonv2,nf2018v2,mlp,0.01,rethreshold,21001,0.6440207737587776,0.6926401054341292,0.3983542202487165,0.5483400920337267,0.0046392395730538,0.3116810930688473,0.2868718135650597,0.3994594313432955,0.9970384703583932,0.4132097331301164,0.997127082039784,0.0,
42,nftonv2,nf2018v2,mlp,0.05,calibrate,105000,0.4685389944276592,0.8261331950887618,0.0,0.5307013355852023,0.0,0.1043383973691832,4.990662269854784e-05,0.2760168571599189,0.1233111243894033,,,0.0,
42,nftonv2,nf2018v2,mlp,0.05,rethreshold,105000,0.6450582785484541,0.6926401054341292,0.399184885032759,0.5483400920337267,0.0047923685076167,0.3116810930688473,0.2868718135650597,0.3994594313432955,0.9970384703583932,0.4020657963066186,0.9970772274228058,0.0,
42,nftonv2,nf2018v2,mlp,0.1,calibrate,210000,0.4685389944276592,0.8261331950887618,0.0,0.5306679317661409,0.0,0.10433932488216,6.474671489786754e-05,0.2759165258488937,0.1228835767599928,,,0.0,
42,nftonv2,nf2018v2,mlp,0.1,rethreshold,210000,0.6416187754803382,0.6926401054341292,0.3973662811438815,0.5483400920337267,0.0041344812331983,0.3116810930688473,0.2868718135650597,0.3994594313432955,0.9970384703583932,0.3991590952742856,0.997292384149847,0.0,
42,nftonv2,nfunswv2,mlp,0.0,zero_shot,250001,0.3567426021167688,0.6364463938812472,-0.0444916318250684,0.5004129421061153,0.4962430238721277,0.4902070122517151,0.4807217815204417,0.0884389125200008,2.6001062842880063e-05,,,,80.0
42,nftonv2,nfunswv2,mlp,0.0001,calibrate,144,0.490370551571952,0.943678896856096,0.0,0.501962339838146,0.0,0.0372468167504821,0.0312039835012852,0.0670849222439059,0.0608449167255167,,,0.0,
42,nftonv2,nfunswv2,mlp,0.0001,rethreshold,144,0.1468040905783453,0.6364463938812472,0.0466305233335493,0.5004129421061153,0.879413017948265,0.4902070122517151,0.4807217815204417,0.0884389125200008,2.6001062842880063e-05,0.0931533280133262,2.445358352776483e-12,0.0,
42,nftonv2,nfunswv2,mlp,0.001,calibrate,1392,0.490370551571952,0.943678896856096,0.0,0.5019612556844008,0.0,0.036273639847756,0.0010532009799163,0.0670849222439059,0.0307610342998024,,,0.0,
42,nftonv2,nfunswv2,mlp,0.001,rethreshold,1392,0.2925065934204414,0.6364463938812472,0.0630802761478275,0.5004129421061153,0.6665177040355016,0.4902070122517151,0.4807217815204417,0.0884389125200008,2.6001062842880063e-05,0.0803052589042764,0.0004579089096904,0.0,
42,nftonv2,nfunswv2,mlp,0.01,calibrate,13907,0.490370551571952,0.943678896856096,0.0,0.5019711502264109,0.0,0.0362701659147415,0.0026686525490856,0.0670849222439059,0.0263772531999145,,,0.0,
42,nftonv2,nfunswv2,mlp,0.01,rethreshold,13907,0.2641088762749061,0.6364463938812472,0.0857155528339251,0.5004129421061153,0.7192608682096424,0.4902070122517151,0.4807217815204417,0.0884389125200008,2.6001062842880063e-05,0.0921954865603946,7.838882031385723e-06,0.0,
42,nftonv2,nfunswv2,mlp,0.05,calibrate,69537,0.490370551571952,0.943678896856096,0.0,0.5019693645522518,0.0,0.0362693449582489,0.0022497202658323,0.0670849222439059,0.026993073102758,,,0.0,
42,nftonv2,nfunswv2,mlp,0.05,rethreshold,69537,0.2703502886765375,0.6364463938812472,0.0871078691591745,0.5004129421061153,0.7094709055195851,0.4902070122517151,0.4807217815204417,0.0884389125200008,2.6001062842880063e-05,0.086678669720056,1.417671491441728e-05,0.0,
42,nftonv2,nfunswv2,mlp,0.1,calibrate,139072,0.490370551571952,0.943678896856096,0.0,0.5019659533726338,0.0,0.0362688306194497,0.0016683837614245,0.0670849222439059,0.0275111208121161,,,0.0,
42,nftonv2,nfunswv2,mlp,0.1,rethreshold,139072,0.2708406241316595,0.6364463938812472,0.0871455665619929,0.5004129421061153,0.7086810571496867,0.4902070122517151,0.4807217815204417,0.0884389125200008,2.6001062842880063e-05,0.0861248954141011,1.4932647761697072e-05,0.0,
42,nftonv2,nftonv2,mlp,0.0,in_domain,250001,0.977214717757819,0.9819267877054926,0.954526141960754,0.9962474552451196,0.0430458742381664,0.0139780224254824,0.0026679893328123,0.9547416854386612,0.524664659683032,,,,80.0
42,nftonv2,nfbotv2,mlp,0.0,zero_shot,250001,0.0508685705538655,0.0969105197174262,-0.1284730141433505,0.5056537600892336,0.4970202622169249,0.92465819708887,0.9239630270292578,0.1580180645625661,2.2022049797512126e-13,,,,80.0
42,nftonv2,nfbotv2,mlp,0.0001,calibrate,211,0.4989490456231946,0.9937119087536106,0.0,0.4981877555036895,1.0,0.0041785037202775,0.0005977166696758,0.0947553928876849,0.9951967548543108,,,0.0,
42,nftonv2,nfbotv2,mlp,0.0001,rethreshold,211,0.2217289493166315,0.0969105197174262,-0.0705936029846497,0.5056537600892336,0.7771156138259833,0.92465819708887,0.9239630270292578,0.1580180645625661,2.2022049797512126e-13,0.0440057716272301,0.0070731147620484,0.0,
42,nftonv2,nfbotv2,mlp,0.001,calibrate,2101,0.4989490456231946,0.9937119087536106,0.0,0.6529344379703285,1.0,0.0040960442649547,1.5087141460146114e-05,0.469502902718425,0.9704818010141366,,,0.0,
42,nftonv2,nfbotv2,mlp,0.001,rethreshold,2101,0.005344811786372,0.0969105197174262,-0.3259119472047445,0.5056537600892336,0.3110846245530393,0.92465819708887,0.9239630270292578,0.1580180645625661,2.2022049797512126e-13,0.0035101366680767,0.9999676761825116,0.0,
42,nftonv2,nfbotv2,mlp,0.01,calibrate,21000,0.4989490456231946,0.9937119087536106,0.0,0.6529312680301272,1.0,0.0040370714664177,0.001586990525682,0.469502902718425,0.92954222413349,,,0.0,
42,nftonv2,nfbotv2,mlp,0.01,rethreshold,21000,0.5241318528123539,0.0969105197174262,0.1278057501678331,0.5056537600892336,0.9737783075089392,0.92465819708887,0.9239630270292578,0.1580180645625661,2.2022049797512126e-13,0.1225836224693822,2.731607708461509e-13,0.0,
42,nftonv2,nfbotv2,mlp,0.05,calibrate,105000,0.4989490456231946,0.9937119087536106,0.0,0.652931830131023,1.0,0.0040342362439752,0.0010398097430438,0.469502902718425,0.923100487281353,,,0.0,
42,nftonv2,nfbotv2,mlp,0.05,rethreshold,105000,0.5244973335170704,0.0969105197174262,0.1580180645625661,0.5056537600892336,0.9737783075089392,0.92465819708887,0.9239630270292578,0.1580180645625661,2.2022049797512126e-13,0.1504466359517657,2.1645716852971452e-13,0.0,
42,nftonv2,nfbotv2,mlp,0.1,calibrate,210001,0.4989490456231946,0.9937119087536106,0.0,0.6529328662205334,1.0,0.0040347025707284,0.0011287986870093,0.469502902718425,0.9245495930643194,,,0.0,
42,nftonv2,nfbotv2,mlp,0.1,rethreshold,210001,0.5244973335170704,0.0969105197174262,0.1580180645625661,0.5056537600892336,0.9737783075089392,0.92465819708887,0.9239630270292578,0.1580180645625661,2.2022049797512126e-13,0.1577005615397275,2.1645716852971452e-13,0.0,
42,nfbotv2,nf2018v2,rf,0.0,zero_shot,250000,0.802884210656406,0.90585527772638,0.6383104878336704,0.788646158101048,0.1040823039666065,0.1263437358368764,0.181318993405033,0.759382343103206,0.5966666666666667,,,,52.0
42,nfbotv2,nf2018v2,rf,0.0001,calibrate,217,0.4776032450162873,0.8261103189525387,0.0155261769315856,0.788646158101048,0.0070042308957475,0.0797403803239961,0.1418463435785007,0.759382343103206,0.268827961586937,,,0.0,
42,nfbotv2,nf2018v2,rf,0.0001,rethreshold,217,0.8663264836275477,0.90585527772638,0.7361487333562381,0.788646158101048,0.0459897233470582,0.1263437358368764,0.181318993405033,0.759382343103206,0.5966666666666667,0.7434121621621622,0.5666666666666667,0.0,
42,nfbotv2,nf2018v2,rf,0.001,calibrate,2102,0.6148608897781228,0.8613363026244523,0.2815147968331979,0.788646158101048,0.0221413096493914,0.0690503704947412,0.0810369878142654,0.759382343103206,0.3251371537211245,,,0.0,
42,nfbotv2,nf2018v2,rf,0.001,rethreshold,2102,0.8786606439373283,0.90585527772638,0.7579883908454679,0.788646158101048,0.0346014677691949,0.1263437358368764,0.181318993405033,0.759382343103206,0.5966666666666667,0.7531270178259537,0.6033333333333334,0.0,
42,nfbotv2,nf2018v2,rf,0.01,calibrate,21001,0.6229142905048713,0.8612312360985241,0.2800776870333208,0.788646158101048,0.0304272864418507,0.063498414173932,0.0753215199003023,0.759382343103206,0.3880389064675119,,,0.0,
42,nfbotv2,nf2018v2,rf,0.01,rethreshold,21001,0.8792312621596814,0.90585527772638,0.759382343103206,0.788646158101048,0.0355145699345515,0.1263437358368764,0.181318993405033,0.759382343103206,0.5966666666666667,0.7677719023990078,0.5966666666666667,0.0,
42,nfbotv2,nf2018v2,rf,0.05,calibrate,105000,0.6200685116501333,0.8604623481024963,0.2753882655301258,0.788646158101048,0.0300472998264538,0.0639343096529918,0.0718019776796541,0.759382343103206,0.3784348995990338,,,0.0,
42,nfbotv2,nf2018v2,rf,0.05,rethreshold,105000,0.8792312621596814,0.90585527772638,0.759382343103206,0.788646158101048,0.0355145699345515,0.1263437358368764,0.181318993405033,0.759382343103206,0.5966666666666667,0.761388079961831,0.5966666666666667,0.0,
42,nfbotv2,nf2018v2,rf,0.1,calibrate,210000,0.6172412535524859,0.8597248674515017,0.2708628108126004,0.788646158101048,0.029593584464786,0.0640345383366419,0.0732892801326767,0.759382343103206,0.3766269048744129,,,0.0,
42,nfbotv2,nf2018v2,rf,0.1,rethreshold,210000,0.8792312621596814,0.90585527772638,0.759382343103206,0.788646158101048,0.0355145699345515,0.1263437358368764,0.181318993405033,0.759382343103206,0.5966666666666667,0.7606838383439731,0.5966666666666667,0.0,
42,nfbotv2,nfunswv2,rf,0.0,zero_shot,250000,0.1561645768884621,0.2488394081899041,-0.1044346611347354,0.4879410851941501,0.8509265129233743,0.3220534193333333,0.4590613666666666,0.0466151716333405,0.7566666666666667,,,,52.0
42,nfbotv2,nfunswv2,rf,0.0001,calibrate,144,0.490370551571952,0.943678896856096,0.0,0.4879410851941501,0.0,0.0373954975091663,0.0316947175388262,0.0466151716333405,0.0710782141980458,,,0.0,
42,nfbotv2,nfunswv2,rf,0.0001,rethreshold,144,0.3511849354270163,0.2488394081899041,-0.068977258981859,0.4879410851941501,0.4975836875526132,0.3220534193333333,0.4590613666666666,0.0466151716333405,0.7566666666666667,0.0855186110494136,0.5866666666666667,0.0,
42,nfbotv2,nfunswv2,rf,0.001,calibrate,1392,0.490370551571952,0.943678896856096,0.0,0.5302020623945242,0.0,0.0362264380042055,0.0015468551541921,0.1484905458943646,0.0635298481272763,,,0.0,
42,nfbotv2,nfunswv2,rf,0.001,rethreshold,1392,0.5030802155657071,0.2488394081899041,0.0466151716333405,0.4879410851941501,0.0019434426996185,0.3220534193333333,0.4590613666666666,0.0466151716333405,0.7566666666666667,0.0501238806930448,0.7566666666666667,0.0,
42,nfbotv2,nfunswv2,rf,0.01,calibrate,13907,0.490370551571952,0.943678896856096,0.0,0.5302020623945242,0.0,0.0362376479145255,0.0162643205045113,0.1484905458943646,0.0902174556750083,,,0.0,
42,nfbotv2,nfunswv2,rf,0.01,rethreshold,13907,0.0975715359077835,0.2488394081899041,0.0271552698531398,0.4879410851941501,0.9361417985678802,0.3220534193333333,0.4590613666666666,0.0466151716333405,0.7566666666666667,0.0287497063757085,0.18,0.0,
42,nfbotv2,nfunswv2,rf,0.05,calibrate,69537,0.490370551571952,0.943678896856096,0.0,0.5302020623945242,0.0,0.036244589676563,0.0162176090028465,0.1484905458943646,0.0925485189842177,,,0.0,
42,nfbotv2,nfunswv2,rf,0.05,rethreshold,69537,0.5030802155657071,0.2488394081899041,0.0466151716333405,0.4879410851941501,0.0019434426996185,0.3220534193333333,0.4590613666666666,0.0466151716333405,0.7566666666666667,0.0335643674222752,0.7566666666666667,0.0,
42,nfbotv2,nfunswv2,rf,0.1,calibrate,139072,0.490370551571952,0.943678896856096,0.0,0.5302020623945242,0.0,0.036247969290151,0.0121795966736977,0.1484905458943646,0.0935357137187058,,,0.0,
42,nfbotv2,nfunswv2,rf,0.1,rethreshold,139072,0.5030802155657071,0.2488394081899041,0.0466151716333405,0.4879410851941501,0.0019434426996185,0.3220534193333333,0.4590613666666666,0.0466151716333405,0.7566666666666667,0.0410341474918198,0.7566666666666667,0.0,
42,nfbotv2,nftonv2,rf,0.0,zero_shot,250000,0.4564150912654485,0.5843086282767956,-0.0816409311174254,0.4077864882718271,0.8482537133681253,0.3376160765803829,0.3671142522379277,0.0581003921985164,0.0633333333333333,,,,52.0
42,nfbotv2,nftonv2,rf,0.0001,calibrate,213,0.4206219075539693,0.6107334447783608,0.0,0.7494727283348929,1.0,0.1858327693658777,0.2378681641179552,0.6275547794198014,0.6336393031959057,,,0.0,
42,nfbotv2,nftonv2,rf,0.0001,rethreshold,213,0.2150776488318334,0.5843086282767956,0.0,0.4077864882718271,0.0,0.3376160765803829,0.3671142522379277,0.0581003921985164,0.0633333333333333,0.0,inf,0.0,
42,nfbotv2,nftonv2,rf,0.001,calibrate,2100,0.4206219075539693,0.6107334447783608,0.0,0.7494727283348929,1.0,0.185370976294541,0.2390315449322226,0.6275547794198014,0.6317486353085722,,,0.0,
42,nfbotv2,nftonv2,rf,0.001,rethreshold,2100,0.4512041330255951,0.5843086282767956,0.0580430913004421,0.4077864882718271,0.96534798000073,0.3376160765803829,0.3671142522379277,0.0581003921985164,0.0633333333333333,0.0754387041927397,0.0666666666666666,0.0,
42,nfbotv2,nftonv2,rf,0.01,calibrate,21000,0.4206219075539693,0.6107334447783608,0.0,0.7494727283348929,1.0,0.1847797974708047,0.2371575733254708,0.6275547794198014,0.6248546283873389,,,0.0,
42,nfbotv2,nftonv2,rf,0.01,rethreshold,21000,0.4507301774987712,0.5843086282767956,0.0581003921985164,0.4077864882718271,0.9659866428232546,0.3376160765803829,0.3671142522379277,0.0581003921985164,0.0633333333333333,0.0445323172294784,0.0633333333333333,0.0,
42,nfbotv2,nftonv2,rf,0.05,calibrate,105000,0.4206219075539693,0.6107334447783608,0.0,0.7494727283348929,1.0,0.1846142551628666,0.2337326367086264,0.6275547794198014,0.6230191671198094,,,0.0,
42,nfbotv2,nftonv2,rf,0.05,rethreshold,105000,0.4507301774987712,0.5843086282767956,0.0581003921985164,0.4077864882718271,0.9659866428232546,0.3376160765803829,0.3671142522379277,0.0581003921985164,0.0633333333333333,0.0488214694062726,0.0633333333333333,0.0,
42,nfbotv2,nftonv2,rf,0.1,calibrate,210000,0.4206219075539693,0.6107334447783608,0.0,0.7494727283348929,1.0,0.1847087425076922,0.2317290178497216,0.6275547794198014,0.6239984303341205,,,0.0,
42,nfbotv2,nftonv2,rf,0.1,rethreshold,210000,0.4507301774987712,0.5843086282767956,0.0581003921985164,0.4077864882718271,0.9659866428232546,0.3376160765803829,0.3671142522379277,0.0581003921985164,0.0633333333333333,0.0506828875456756,0.0633333333333333,0.0,
42,nfbotv2,nfbotv2,rf,0.0,in_domain,250000,0.9854328656452284,0.99975579442632,0.9708865021269418,0.9961492930882024,0.0226460071513706,0.0002050136666666,0.0001375,0.9731558393226892,0.6166666666666667,,,,52.0
42,nfbotv2,nf2018v2,lgbm,0.0,zero_shot,250000,0.5147521479986517,0.6418044648231326,0.3144175354523602,0.5738996217887473,0.4811027551865337,0.4281378593107035,0.4281378593107035,0.3144175354523602,1.0,,,,6.0
42,nfbotv2,nf2018v2,lgbm,0.0001,calibrate,217,0.4685389944276592,0.8261331950887618,0.0,0.5738996217887473,0.0,0.0949380666179662,0.0279048379968712,0.3144175354523602,0.249621473741541,,,0.0,
42,nfbotv2,nf2018v2,lgbm,0.0001,rethreshold,217,0.5147521479986517,0.6418044648231326,0.3144175354523602,0.5738996217887473,0.4811027551865337,0.4281378593107035,0.4281378593107035,0.3144175354523602,1.0,0.3809480182111723,1.0,0.0,
42,nfbotv2,nf2018v2,lgbm,0.001,calibrate,2102,0.4685389944276592,0.8261331950887618,0.0,0.5738996217887473,0.0,0.0940780626009471,0.003894405337245,0.3144175354523602,0.2182343050375624,,,0.0,
42,nfbotv2,nf2018v2,lgbm,0.001,rethreshold,2102,0.5147521479986517,0.6418044648231326,0.3144175354523602,0.5738996217887473,0.4811027551865337,0.4281378593107035,0.4281378593107035,0.3144175354523602,1.0,0.3298874818654073,1.0,0.0,
42,nfbotv2,nf2018v2,lgbm,0.01,calibrate,21001,0.4685389944276592,0.8261331950887618,0.0,0.5738996217887473,0.0,0.0940601494818815,0.0010031708776614,0.3144175354523602,0.2141011544076696,,,0.0,
42,nfbotv2,nf2018v2,lgbm,0.01,rethreshold,21001,0.5147521479986517,0.6418044648231326,0.3144175354523602,0.5738996217887473,0.4811027551865337,0.4281378593107035,0.4281378593107035,0.3144175354523602,1.0,0.3177798382953041,1.0,0.0,
42,nfbotv2,nf2018v2,lgbm,0.05,calibrate,105000,0.4685389944276592,0.8261331950887618,0.0,0.5738996217887473,0.0,0.0940586573397647,0.0001876957794495,0.3144175354523602,0.212698617750642,,,0.0,
42,nfbotv2,nf2018v2,lgbm,0.05,rethreshold,105000,0.5147521479986517,0.6418044648231326,0.3144175354523602,0.5738996217887473,0.4811027551865337,0.4281378593107035,0.4281378593107035,0.3144175354523602,1.0,0.3151383309824485,1.0,0.0,
42,nfbotv2,nf2018v2,lgbm,0.1,calibrate,210000,0.4685389944276592,0.8261331950887618,0.0,0.5738996217887473,0.0,0.0940586187427382,7.348968581624891e-05,0.3144175354523602,0.2124998748965408,,,0.0,
42,nfbotv2,nf2018v2,lgbm,0.1,rethreshold,210000,0.5147521479986517,0.6418044648231326,0.3144175354523602,0.5738996217887473,0.4811027551865337,0.4281378593107035,0.4281378593107035,0.3144175354523602,1.0,0.3147586511609025,1.0,0.0,
42,nfbotv2,nfunswv2,lgbm,0.0,zero_shot,250000,0.1508529947732277,0.2489151814591014,-0.171217937867866,0.4907029380976886,0.8498092931896364,0.8358949999034266,0.8358949999517131,0.0,inf,,,,6.0
42,nfbotv2,nfunswv2,lgbm,0.0001,calibrate,144,0.490370551571952,0.943678896856096,0.0,0.5239434626916878,0.0,0.0361935498164708,0.0279115717909581,0.171217937867866,0.1644602879941947,,,0.0,
42,nfbotv2,nfunswv2,lgbm,0.0001,rethreshold,144,0.490370551571952,0.2489151814591014,0.0,0.4907029380976886,0.0,0.8358949999034266,0.8358949999517131,0.0,inf,0.0,inf,0.0,
42,nfbotv2,nfunswv2,lgbm,0.001,calibrate,1392,0.490370551571952,0.943678896856096,0.0,0.5239434626916878,0.0,0.0353309547936404,0.0034224095337699,0.171217937867866,0.1262213484170761,,,0.0,
42,nfbotv2,nfunswv2,lgbm,0.001,rethreshold,1392,0.490370551571952,0.2489151814591014,0.0,0.4907029380976886,0.0,0.8358949999034266,0.8358949999517131,0.0,inf,0.0,inf,0.0,
42,nfbotv2,nfunswv2,lgbm,0.01,calibrate,13907,0.490370551571952,0.943678896856096,0.0,0.5239434626916878,0.0,0.0352960318355602,0.0002353662198932,0.171217937867866,0.1124868405051066,,,0.0,
42,nfbotv2,nfunswv2,lgbm,0.01,rethreshold,13907,0.490370551571952,0.2489151814591014,0.0,0.4907029380976886,0.0,0.8358949999034266,0.8358949999517131,0.0,inf,0.0,inf,0.0,
42,nfbotv2,nfunswv2,lgbm,0.05,calibrate,69537,0.490370551571952,0.943678896856096,0.0,0.5239434626916878,0.0,0.0352975053597045,0.0008249220777734,0.171217937867866,0.1148028472233349,,,0.0,
42,nfbotv2,nfunswv2,lgbm,0.05,rethreshold,69537,0.490370551571952,0.2489151814591014,0.0,0.4907029380976886,0.0,0.8358949999034266,0.8358949999517131,0.0,inf,0.0,inf,0.0,
42,nfbotv2,nfunswv2,lgbm,0.1,calibrate,139072,0.490370551571952,0.943678896856096,0.0,0.5239434626916878,0.0,0.0352974261882875,0.0008058871511954,0.171217937867866,0.1147247938839212,,,0.0,
42,nfbotv2,nfunswv2,lgbm,0.1,rethreshold,139072,0.490370551571952,0.2489151814591014,0.0,0.4907029380976886,0.0,0.8358949999034266,0.8358949999517131,0.0,inf,0.0,inf,0.0,
42,nfbotv2,nftonv2,lgbm,0.0,zero_shot,250000,0.476588565426033,0.5731202806622735,-0.0446522966509435,0.4912969339937278,0.7159045290317871,0.4362621777819054,0.4362621795460946,0.0,inf,,,,6.0
42,nfbotv2,nftonv2,lgbm,0.0001,calibrate,213,0.4206219075539693,0.6107334447783608,0.0,0.5096900092583911,1.0,0.1986761092480933,0.0104769640065652,0.0446522966509435,0.7741326280618857,,,0.0,
42,nfbotv2,nftonv2,lgbm,0.0001,rethreshold,213,0.2150776488318334,0.5731202806622735,0.0,0.4912969339937278,0.0,0.4362621777819054,0.4362621795460946,0.0,inf,0.0,inf,0.0,
42,nfbotv2,nftonv2,lgbm,0.001,calibrate,2100,0.4206219075539693,0.6107334447783608,0.0,0.5096900092583911,1.0,0.1985327593048242,0.0004597538136921,0.0446522966509435,0.7553139175150559,,,0.0,
42,nfbotv2,nftonv2,lgbm,0.001,rethreshold,2100,0.2150776488318334,0.5731202806622735,0.0,0.4912969339937278,0.0,0.4362621777819054,0.4362621795460946,0.0,inf,0.0,inf,0.0,
42,nfbotv2,nftonv2,lgbm,0.01,calibrate,21000,0.4206219075539693,0.6107334447783608,0.0,0.5096900092583911,1.0,0.1985416369465221,0.0028782132927307,0.0446522966509435,0.7509221060501813,,,0.0,
42,nfbotv2,nftonv2,lgbm,0.01,rethreshold,21000,0.2150776488318334,0.5731202806622735,0.0,0.4912969339937278,0.0,0.4362621777819054,0.4362621795460946,0.0,inf,0.0,inf,0.0,
42,nfbotv2,nftonv2,lgbm,0.05,calibrate,105000,0.4206219075539693,0.6107334447783608,0.0,0.5096900092583911,1.0,0.1985325920974983,0.0002185913928783,0.0446522966509435,0.7556384631064664,,,0.0,
42,nfbotv2,nftonv2,lgbm,0.05,rethreshold,105000,0.2150776488318334,0.5731202806622735,0.0,0.4912969339937278,0.0,0.4362621777819054,0.4362621795460946,0.0,inf,0.0,inf,0.0,
42,nfbotv2,nftonv2,lgbm,0.1,calibrate,210000,0.4206219075539693,0.6107334447783608,0.0,0.5096900092583911,1.0,0.1985327391833995,0.0004655135998442,0.0446522966509435,0.7545071631608037,,,0.0,
42,nfbotv2,nftonv2,lgbm,0.1,rethreshold,210000,0.2150776488318334,0.5731202806622735,0.0,0.4912969339937278,0.0,0.4362621777819054,0.4362621795460946,0.0,inf,0.0,inf,0.0,
42,nfbotv2,nfbotv2,lgbm,0.0,in_domain,250000,0.5176879044611324,0.9921703214367056,0.0354557727801814,0.5007629972317177,0.9630512514898688,0.0076,0.0076,0.0361706309614453,5.980646563656617e-295,,,,6.0
42,nfbotv2,nf2018v2,mlp,0.0,zero_shot,250000,0.621492185705228,0.7845851405899086,0.3409010870101897,0.7097363608774543,0.2589069996937421,0.2075884464991993,0.1974204501074793,0.561227118132872,0.9981380012450496,,,,40.0
42,nfbotv2,nf2018v2,mlp,0.0001,calibrate,217,0.4685389944276592,0.8261331950887618,0.0,0.7097172409836227,0.0,0.0902063101339269,0.0982809817510513,0.561227118132872,0.4363967218692641,,,0.0,
42,nfbotv2,nf2018v2,mlp,0.0001,rethreshold,217,0.7720858805827655,0.7845851405899086,0.5442323022916508,0.7097363608774543,0.0517916085343859,0.2075884464991993,0.1974204501074793,0.561227118132872,0.9981380012450496,0.727030129095126,0.9951156947297204,0.0,
42,nfbotv2,nf2018v2,mlp,0.001,calibrate,2102,0.4685389944276592,0.8261331950887618,0.0,0.7097188479701956,0.0,0.087745937665989,0.1001713083205448,0.561227118132872,0.3669536729544752,,,0.0,
42,nfbotv2,nf2018v2,mlp,0.001,rethreshold,2102,0.7796995119099364,0.7845851405899086,0.5608485111161038,0.7097363608774543,0.0420820997946938,0.2075884464991993,0.1974204501074793,0.561227118132872,0.9981380012450496,0.6002879001660243,0.9981558466192472,0.0,
42,nfbotv2,nf2018v2,mlp,0.01,calibrate,21001,0.4685389944276592,0.8261331950887618,0.0,0.7097186704850801,0.0,0.0877105088403439,0.0726236678724366,0.561227118132872,0.3620640234451273,,,0.0,
42,nfbotv2,nf2018v2,mlp,0.01,rethreshold,21001,0.7797993955449689,0.7845851405899086,0.5609695129536018,0.7097363608774543,0.0423259718015902,0.2075884464991993,0.1974204501074793,0.561227118132872,0.9981380012450496,0.5734020209893675,0.9981090079002378,0.0,
42,nfbotv2,nf2018v2,mlp,0.05,calibrate,105000,0.4685389944276592,0.8261331950887618,0.0,0.7097184786722808,0.0,0.0877003978785988,0.0783937794310504,0.561227118132872,0.3570000501073578,,,0.0,
42,nfbotv2,nf2018v2,mlp,0.05,rethreshold,105000,0.7798872881809269,0.7845851405899086,0.5611916548526216,0.7097363608774543,0.0421501570989439,0.2075884464991993,0.1974204501074793,0.561227118132872,0.9981380012450496,0.5657617037546759,0.9981364778261658,0.0,
42,nfbotv2,nf2018v2,mlp,0.1,calibrate,210000,0.4685389944276592,0.8261331950887618,0.0,0.7097181500391505,0.0,0.0877008518909842,0.0805575457189017,0.561227118132872,0.3544290327938021,,,0.0,
42,nfbotv2,nf2018v2,mlp,0.1,rethreshold,210000,0.7798872881809269,0.7845851405899086,0.5611916548526216,0.7097363608774543,0.0421501570989439,0.2075884464991993,0.1974204501074793,0.561227118132872,0.9981380012450496,0.5604555839526817,0.9981364778261658,0.0,
42,nfbotv2,nfunswv2,mlp,0.0,zero_shot,250000,0.3392449503822177,0.5742041727384767,0.0461785453627047,0.501142850152098,0.5730245996196257,0.537989000158095,0.5259057400960839,0.0597260715390425,0.959130899186668,,,,40.0
42,nfbotv2,nfunswv2,mlp,0.0001,calibrate,144,0.490370551571952,0.943678896856096,0.0,0.5013257473862516,0.0,0.0374650130208823,0.0310955007911199,0.0597260715390425,0.0888014608906078,,,0.0,
42,nfbotv2,nfunswv2,mlp,0.0001,rethreshold,144,0.3799748735019707,0.5742041727384767,0.0506044920883677,0.501142850152098,0.4869363236715477,0.537989000158095,0.5259057400960839,0.0597260715390425,0.959130899186668,0.1715620218579132,0.9936899120676966,0.0,
42,nfbotv2,nfunswv2,mlp,0.001,calibrate,1392,0.490370551571952,0.943678896856096,0.0,0.5011512143630508,0.0,0.0362839209322917,0.0018265714380732,0.0597260715390425,0.0436333661490793,,,0.0,
42,nfbotv2,nfunswv2,mlp,0.001,rethreshold,1392,0.199501244293245,0.5742041727384767,0.0499525945587918,0.501142850152098,0.8102337327610397,0.537989000158095,0.5259057400960839,0.0597260715390425,0.959130899186668,0.0676422802694404,1.7686773129039558e-07,0.0,
42,nfbotv2,nfunswv2,mlp,0.01,calibrate,13907,0.490370551571952,0.943678896856096,0.0,0.5013418864246947,0.0,0.0362739995237007,0.0009655602409215,0.0597260715390425,0.0436584781326932,,,0.0,
42,nfbotv2,nfunswv2,mlp,0.01,rethreshold,13907,0.2172830744252252,0.5742041727384767,0.0537098141376951,0.501142850152098,0.7853119381424013,0.537989000158095,0.5259057400960839,0.0597260715390425,0.959130899186668,0.0545358943148427,4.863924250208822e-07,0.0,
42,nfbotv2,nfunswv2,mlp,0.05,calibrate,69537,0.490370551571952,0.943678896856096,0.0,0.5013423466033607,0.0,0.0362680184903156,0.0005772205014836,0.0597260715390425,0.045286151612595,,,0.0,
42,nfbotv2,nfunswv2,mlp,0.05,rethreshold,69537,0.3763781308597342,0.5742041727384767,0.0596748498392397,0.501142850152098,0.4991322060672826,0.537989000158095,0.5259057400960839,0.0597260715390425,0.959130899186668,0.0590313288473779,0.9580401234784977,0.0,
42,nfbotv2,nfunswv2,mlp,0.1,calibrate,139072,0.490370551571952,0.943678896856096,0.0,0.5011574175021422,0.0,0.0362681189519323,0.0004959153781671,0.0597260715390425,0.0451803389736649,,,0.0,
42,nfbotv2,nfunswv2,mlp,0.1,rethreshold,139072,0.3720313756030128,0.5742041727384767,0.0592221860870537,0.501142850152098,0.5085792082809366,0.537989000158095,0.5259057400960839,0.0597260715390425,0.959130899186668,0.0589362647413205,0.9302184676521704,0.0,
42,nfbotv2,nftonv2,mlp,0.0,zero_shot,250000,0.2619149287455506,0.2648305869427609,-0.3481019809274829,0.4356673872454617,0.5379183241487537,0.5743896445349268,0.5937231444764832,0.1071803065704133,9.346588589838707e-29,,,,40.0
42,nfbotv2,nftonv2,mlp,0.0001,calibrate,213,0.4206219075539693,0.6107334447783608,0.0,0.5978610169863796,1.0,0.1811865995651891,0.0987563561922627,0.3647975824644616,0.6578954921264412,,,0.0,
42,nfbotv2,nftonv2,mlp,0.0001,rethreshold,213,0.2644116992967739,0.2648305869427609,-0.0269924098470361,0.4356673872454617,0.0744680851063829,0.5743896445349268,0.5937231444764832,0.1071803065704133,9.346588589838707e-29,0.1271473458944576,0.9709848243876664,0.0,
42,nfbotv2,nftonv2,mlp,0.001,calibrate,2100,0.5547660391002243,0.6784833018053414,0.1687373259852227,0.5978277993677821,0.8024524652384949,0.1795460252551621,0.1076340305083258,0.3647975824644616,0.6327885958905813,,,0.0,
42,nfbotv2,nftonv2,mlp,0.001,rethreshold,2100,0.4375581176774528,0.2648305869427609,0.1065064835960257,0.4356673872454617,0.983850954344732,0.5743896445349268,0.5937231444764832,0.1071803065704133,9.346588589838707e-29,0.0941814571259446,8.324758132313276e-29,0.0,
42,nfbotv2,nftonv2,mlp,0.01,calibrate,21000,0.5533007833159148,0.6776038775057033,0.1663763740700287,0.5978248859473131,0.8048428889456589,0.1795324566208984,0.1130669390579186,0.3647975824644616,0.6340862179055703,,,0.0,
42,nfbotv2,nftonv2,mlp,0.01,rethreshold,21000,0.4382201696682413,0.2648305869427609,0.10604989278729,0.4356673872454617,0.9831575489945622,0.5743896445349268,0.5937231444764832,0.1071803065704133,9.346588589838707e-29,0.1134897704619927,1.120513333910698e-28,0.0,
42,nfbotv2,nftonv2,mlp,0.05,calibrate,105000,0.5555368222036694,0.6789555341647309,0.1700251769249088,0.5978160439290829,0.8012298821210905,0.1795111656500433,0.1130009091366808,0.3647975824644616,0.6339364381160727,,,0.0,
42,nfbotv2,nftonv2,mlp,0.05,rethreshold,105000,0.4381177652402643,0.2648305869427609,0.107108837903791,0.4356673872454617,0.9832852815590672,0.5743896445349268,0.5937231444764832,0.1071803065704133,9.346588589838707e-29,0.105712223579141,1.0012888126606839e-28,0.0,
42,nfbotv2,nftonv2,mlp,0.1,calibrate,210000,0.5566886001434428,0.6796542414451994,0.1719122018667733,0.5978175457602977,0.7993686361811613,0.1795011925499288,0.1120485956906256,0.3647975824644616,0.6338550809235486,,,0.0,
42,nfbotv2,nftonv2,mlp,0.1,rethreshold,210000,0.4374884399976071,0.2648305869427609,0.1065700877686623,0.4356673872454617,0.983923944381592,0.5743896445349268,0.5937231444764832,0.1071803065704133,9.346588589838707e-29,0.1054567123694137,8.005339269141833e-29,0.0,
42,nfbotv2,nfbotv2,mlp,0.0,in_domain,250000,0.9617893838119612,0.999360757785298,0.9235814031950504,0.973617637828358,0.0738974970202622,0.0005105397631285,0.0002834546348286,0.9286237768925866,0.6204728645835784,,,,40.0
43,nf2018v2,nf2018v2,rf,0.0,in_domain,249999,0.9883441030942752,0.9951741713973444,0.9769309981982272,0.9845420202856426,0.0001247717244586,0.0050584014857703,0.0052842735786319,0.9771037123608012,0.5433333333333333,,,,174.0
43,nf2018v2,nfunswv2,rf,0.0,zero_shot,249999,0.4906029280850481,0.9436386521172078,0.0020874139685968,0.4784828443465095,0.0001351056422194,0.0586085813333333,0.1479437333333333,0.040521272573147,0.2333333333333333,,,,174.0
43,nf2018v2,nfunswv2,rf,0.0001,calibrate,144,0.490370551571952,0.943678896856096,0.0,0.5679837139144472,0.0,0.037320685618199,0.031661378839212,0.3289851435636112,0.0704637070044286,,,0.0,
43,nf2018v2,nfunswv2,rf,0.0001,rethreshold,144,0.4974361148166417,0.9436386521172078,0.0278842017808626,0.4784828443465095,0.1296026854844576,0.0586085813333333,0.1479437333333333,0.040521272573147,0.2333333333333333,0.1710372220988273,0.21,0.0,
43,nf2018v2,nfunswv2,rf,0.001,calibrate,1392,0.490370551571952,0.943678896856096,0.0,0.5679837139144472,0.0,0.0361249684861145,0.0065076834267507,0.3289851435636112,0.0441300678935663,,,0.0,
43,nf2018v2,nfunswv2,rf,0.001,rethreshold,1392,0.5090122328630946,0.9436386521172078,0.0218200521651798,0.4784828443465095,0.0611456958460211,0.0586085813333333,0.1479437333333333,0.040521272573147,0.2333333333333333,0.0793571188248696,0.2566666666666666,0.0,
43,nf2018v2,nfunswv2,rf,0.01,calibrate,13907,0.490370551571952,0.943678896856096,0.0,0.5679837139144472,0.0,0.0350990856862199,0.0247119958432181,0.3289851435636112,0.0636502401688089,,,0.0,
43,nf2018v2,nfunswv2,rf,0.01,rethreshold,13907,0.492823756129915,0.9436386521172078,0.0235960703700014,0.4784828443465095,0.0002494258010205,0.0586085813333333,0.1479437333333333,0.040521272573147,0.2333333333333333,0.032219938000065,0.4666666666666667,0.0,
43,nf2018v2,nfunswv2,rf,0.05,calibrate,69537,0.490370551571952,0.943678896856096,0.0,0.5679837139144472,0.0,0.0346079674960836,0.0243500651076199,0.3289851435636112,0.0717422108040679,,,0.0,
43,nf2018v2,nfunswv2,rf,0.05,rethreshold,69537,0.5131108599598456,0.9436386521172078,0.040521272573147,0.4784828443465095,0.0862389707028611,0.0586085813333333,0.1479437333333333,0.040521272573147,0.2333333333333333,0.0354600038005531,0.2333333333333333,0.0,
43,nf2018v2,nfunswv2,rf,0.1,calibrate,139072,0.490370551571952,0.943678896856096,0.0,0.5679837139144472,0.0,0.0346514385578539,0.0245479369722913,0.3289851435636112,0.0712056510622138,,,0.0,
43,nf2018v2,nfunswv2,rf,0.1,rethreshold,139072,0.5131108599598456,0.9436386521172078,0.040521272573147,0.4784828443465095,0.0862389707028611,0.0586085813333333,0.1479437333333333,0.040521272573147,0.2333333333333333,0.0399915787867411,0.2333333333333333,0.0,
43,nf2018v2,nftonv2,rf,0.0,zero_shot,249999,0.2825510692632926,0.231667893362399,-0.0931580898880932,0.6312298562225218,0.1658516112550636,0.5541289036445182,0.5770145850729254,0.4642220285648107,0.0033333333333333,,,,174.0
43,nf2018v2,nftonv2,rf,0.0001,calibrate,213,0.4206219075539693,0.6107334447783608,0.0,0.4932128612987142,1.0,0.1986835003266618,0.1434546313627114,0.3279986793095505,0.6773891740636407,,,0.0,
43,nf2018v2,nftonv2,rf,0.0001,rethreshold,213,0.7235076836413197,0.231667893362399,0.4642220285648107,0.6312298562225218,0.5100361300682457,0.5541289036445182,0.5770145850729254,0.4642220285648107,0.0033333333333333,0.4276859367827457,0.0033333333333333,0.0,
43,nf2018v2,nftonv2,rf,0.001,calibrate,2100,0.4206219075539693,0.6107334447783608,0.0,0.4932128612987142,1.0,0.1987564503854577,0.0568023466700377,0.3279986793095505,0.7002196610721897,,,0.0,
43,nf2018v2,nftonv2,rf,0.001,rethreshold,2100,0.7235076836413197,0.231667893362399,0.4642220285648107,0.6312298562225218,0.5100361300682457,0.5541289036445182,0.5770145850729254,0.4642220285648107,0.0033333333333333,0.4668663679837519,0.0033333333333333,0.0,
43,nf2018v2,nftonv2,rf,0.01,calibrate,21000,0.4206219075539693,0.6107334447783608,0.0,0.4932128612987142,1.0,0.1987106748261688,0.1442233700942141,0.3279986793095505,0.6884975854396427,,,0.0,
43,nf2018v2,nftonv2,rf,0.01,rethreshold,21000,0.7235076836413197,0.231667893362399,0.4642220285648107,0.6312298562225218,0.5100361300682457,0.5541289036445182,0.5770145850729254,0.4642220285648107,0.0033333333333333,0.4676187423762284,0.0033333333333333,0.0,
43,nf2018v2,nftonv2,rf,0.05,calibrate,105000,0.4206219075539693,0.6107334447783608,0.0,0.4932128612987142,1.0,0.1987265259293179,0.1385081777523377,0.3279986793095505,0.6931454358578454,,,0.0,
43,nf2018v2,nftonv2,rf,0.05,rethreshold,105000,0.7235076836413197,0.231667893362399,0.4642220285648107,0.6312298562225218,0.5100361300682457,0.5541289036445182,0.5770145850729254,0.4642220285648107,0.0033333333333333,0.4598065473834019,0.0033333333333333,0.0,
43,nf2018v2,nftonv2,rf,0.1,calibrate,210000,0.4206219075539693,0.6107334447783608,0.0,0.4932128612987142,1.0,0.1987206791160702,0.1412455829865185,0.3279986793095505,0.6915748614673484,,,0.0,
43,nf2018v2,nftonv2,rf,0.1,rethreshold,210000,0.7235076836413197,0.231667893362399,0.4642220285648107,0.6312298562225218,0.5100361300682457,0.5541289036445182,0.5770145850729254,0.4642220285648107,0.0033333333333333,0.4584790511183112,0.0033333333333333,0.0,
43,nf2018v2,nfbotv2,rf,0.0,zero_shot,249999,0.0495777088078554,0.0904469770897059,0.0003281617253705,0.5180895044302475,0.0464839094159713,0.6151191379444443,0.7473723166666665,0.1958495139640368,0.0333333333333333,,,,174.0
43,nf2018v2,nfbotv2,rf,0.0001,calibrate,211,0.4989490456231946,0.9937119087536106,0.0,0.5013565373482214,1.0,0.0041776238616155,0.0005974788127096,0.0451741974579135,0.9951927065420154,,,0.0,
43,nf2018v2,nfbotv2,rf,0.0001,rethreshold,211,0.0903450827145146,0.0904469770897059,-0.0125046563052814,0.5180895044302475,0.1513706793802145,0.6151191379444443,0.7473723166666665,0.1958495139640368,0.0333333333333333,0.0229415733870561,0.3533333333333333,0.0,
43,nf2018v2,nfbotv2,rf,0.001,calibrate,2101,0.4989490456231946,0.9937119087536106,0.0,0.5013565373482214,1.0,0.0041769832914181,3.873130598630592e-05,0.0451741974579135,0.9957138858167452,,,0.0,
43,nf2018v2,nfbotv2,rf,0.001,rethreshold,2101,0.0495593224861734,0.0904469770897059,0.00032212693488,0.5180895044302475,0.0464839094159713,0.6151191379444443,0.7473723166666665,0.1958495139640368,0.0333333333333333,0.0154908541797286,0.5066666666666667,0.0,
43,nf2018v2,nfbotv2,rf,0.01,calibrate,21000,0.4989490456231946,0.9937119087536106,0.0,0.5013565373482214,1.0,0.0041770303487224,9.05086564578772e-05,0.0451741974579135,0.9958327961202788,,,0.0,
43,nf2018v2,nfbotv2,rf,0.01,rethreshold,21000,0.5732737064922993,0.0904469770897059,0.1924906016633329,0.5180895044302475,0.9094159713945172,0.6151191379444443,0.7473723166666665,0.1958495139640368,0.0333333333333333,0.2573457609260973,0.0266666666666666,0.0,
43,nf2018v2,nfbotv2,rf,0.05,calibrate,105000,0.4989490456231946,0.9937119087536106,0.0,0.5013565373482214,1.0,0.0041770976839094,1.1584104427919684e-06,0.0451741974579135,0.995738829571022,,,0.0,
43,nf2018v2,nfbotv2,rf,0.05,rethreshold,105000,0.5732737064922993,0.0904469770897059,0.1924906016633329,0.5180895044302475,0.9094159713945172,0.6151191379444443,0.7473723166666665,0.1958495139640368,0.0333333333333333,0.1929228479342395,0.0266666666666666,0.0,
43,nf2018v2,nfbotv2,rf,0.1,calibrate,210001,0.4989490456231946,0.9937119087536106,0.0,0.5013565373482214,1.0,0.0041772452386614,6.597605379210503e-05,0.0451741974579135,0.9958083378181914,,,0.0,
43,nf2018v2,nfbotv2,rf,0.1,rethreshold,210001,0.5732737064922993,0.0904469770897059,0.1924906016633329,0.5180895044302475,0.9094159713945172,0.6151191379444443,0.7473723166666665,0.1958495139640368,0.0333333333333333,0.1963671111002016,0.0266666666666666,0.0,
43,nf2018v2,nf2018v2,lgbm,0.0,in_domain,249999,0.9881000655638226,0.9950732246661034,0.9764439101206248,0.9875421873656954,0.0001758147026462,0.0047868770893518,0.0014985647521516,0.9767879123005015,0.6799224107631597,,,,12.0
43,nf2018v2,nfunswv2,lgbm,0.0,zero_shot,249999,0.5224075930808418,0.946493172197516,0.154358911958214,0.5255079273805201,0.0004053169266584,0.0371476922505593,0.0355934810852137,0.1582531984254941,0.3878683485175327,,,,12.0
43,nf2018v2,nfunswv2,lgbm,0.0001,calibrate,144,0.490370551571952,0.943678896856096,0.0,0.5255079273805201,0.0,0.0372183161543876,0.0334089331591316,0.1582531984254941,0.0894235885555888,,,0.0,
43,nf2018v2,nfunswv2,lgbm,0.0001,rethreshold,144,0.5124075383107074,0.946493172197516,0.1305293659355892,0.5255079273805201,0.0002182475758929,0.0371476922505593,0.0355934810852137,0.1582531984254941,0.3878683485175327,0.3061148374487811,0.8381848450812117,0.0,
43,nf2018v2,nfunswv2,lgbm,0.001,calibrate,1392,0.490370551571952,0.943678896856096,0.0,0.5255079273805201,0.0,0.0358150909979309,0.0023805715699878,0.1582531984254941,0.1043705166279615,,,0.0,
43,nf2018v2,nfunswv2,lgbm,0.001,rethreshold,1392,0.5199715762414974,0.946493172197516,0.1491016761218808,0.5255079273805201,0.0003533532181124,0.0371476922505593,0.0355934810852137,0.1582531984254941,0.3878683485175327,0.2988669891590643,0.5570677988854014,0.0,
43,nf2018v2,nfunswv2,lgbm,0.01,calibrate,13907,0.5122844864571734,0.9456272930962968,0.1304003780105642,0.5255079273805201,0.0002130512050384,0.0355981222307137,0.0013380827506943,0.1582531984254941,0.1444153721732979,,,0.0,
43,nf2018v2,nfunswv2,lgbm,0.01,rethreshold,13907,0.5253159777347302,0.946493172197516,0.1561761637403722,0.5255079273805201,0.0005716007940054,0.0371476922505593,0.0355934810852137,0.1582531984254941,0.3878683485175327,0.1735571475376458,0.3531881281160992,0.0,
43,nf2018v2,nfunswv2,lgbm,0.05,calibrate,69537,0.5151521166311479,0.9458707948107692,0.1372962446631673,0.5255079273805201,0.0002702112844389,0.0355465002795743,0.0015062349151158,0.1582531984254941,0.169649813194939,,,0.0,
43,nf2018v2,nfunswv2,lgbm,0.05,rethreshold,69537,0.5248527799395042,0.946493172197516,0.1558133525249471,0.5255079273805201,0.0005456189397324,0.0371476922505593,0.0355934810852137,0.1582531984254941,0.3878683485175327,0.1550756718159346,0.36558187694058,0.0,
43,nf2018v2,nfunswv2,lgbm,0.1,calibrate,139072,0.5160352140366542,0.945953726703986,0.1403590365908862,0.5255079273805201,0.0002702112844389,0.0355368210400145,0.0018841778152092,0.1582531984254941,0.1805905680167493,,,0.0,
43,nf2018v2,nfunswv2,lgbm,0.1,rethreshold,139072,0.5248527799395042,0.946493172197516,0.1558133525249471,0.5255079273805201,0.0005456189397324,0.0371476922505593,0.0355934810852137,0.1582531984254941,0.3878683485175327,0.1654316618983779,0.36558187694058,0.0,
43,nf2018v2,nftonv2,lgbm,0.0,zero_shot,249999,0.3814320046438191,0.3619620488827629,0.0501788804377253,0.5796916559342133,0.1714353490748512,0.5516529737502128,0.5581856235978632,0.3093936407446748,0.0007447928422364,,,,12.0
43,nf2018v2,nftonv2,lgbm,0.0001,calibrate,213,0.4206219075539693,0.6107334447783608,0.0,0.5796916559342133,1.0,0.1971318084266745,0.042271462948351,0.3093936407446748,0.7068980396699927,,,0.0,
43,nf2018v2,nftonv2,lgbm,0.0001,rethreshold,213,0.5687806698078679,0.3619620488827629,0.2373730689917267,0.5796916559342133,0.2559760592679099,0.5516529737502128,0.5581856235978632,0.3093936407446748,0.0007447928422364,0.2566016377844968,0.0069004538054569,0.0,
43,nf2018v2,nftonv2,lgbm,0.001,calibrate,2100,0.4206219075539693,0.6107334447783608,0.0,0.5796916559342133,1.0,0.1970045173810881,0.0454600177430813,0.3093936407446748,0.7013971741211417,,,0.0,
43,nf2018v2,nftonv2,lgbm,0.001,rethreshold,2100,0.6470760147832388,0.3619620488827629,0.3012226653738714,0.5796916559342133,0.4284697638772307,0.5516529737502128,0.5581856235978632,0.3093936407446748,0.0007447928422364,0.2803199113119268,0.0009441099544638,0.0,
43,nf2018v2,nftonv2,lgbm,0.01,calibrate,21000,0.4206219075539693,0.6107334447783608,0.0,0.5796916559342133,1.0,0.1970362077626093,0.0488199669423694,0.3093936407446748,0.7022166248857705,,,0.0,
43,nf2018v2,nftonv2,lgbm,0.01,rethreshold,21000,0.6527568667815871,0.3619620488827629,0.308659822048429,0.5796916559342133,0.4495091420021167,0.5516529737502128,0.5581856235978632,0.3093936407446748,0.0007447928422364,0.3025029150020081,0.0007317721739402,0.0,
43,nf2018v2,nftonv2,lgbm,0.05,calibrate,105000,0.4206219075539693,0.6107334447783608,0.0,0.5796916559342133,1.0,0.1969985251265119,0.0449267488758619,0.3093936407446748,0.7007183230486199,,,0.0,
43,nf2018v2,nftonv2,lgbm,0.05,rethreshold,105000,0.6530672879521449,0.3619620488827629,0.3093936407446748,0.5796916559342133,0.4480310937557023,0.5516529737502128,0.5581856235978632,0.3093936407446748,0.0007447928422364,0.3036210201901548,0.0007447928422364,0.0,
43,nf2018v2,nftonv2,lgbm,0.1,calibrate,210000,0.4206219075539693,0.6107334447783608,0.0,0.5796916559342133,1.0,0.1969949786108929,0.0449130848476119,0.3093936407446748,0.700511414262979,,,0.0,
43,nf2018v2,nftonv2,lgbm,0.1,rethreshold,210000,0.6530672879521449,0.3619620488827629,0.3093936407446748,0.5796916559342133,0.4480310937557023,0.5516529737502128,0.5581856235978632,0.3093936407446748,0.0007447928422364,0.3006904076850155,0.0007447928422364,0.0,
43,nf2018v2,nfbotv2,lgbm,0.0,zero_shot,249999,0.1238954087078456,0.2387186346381868,-0.0048668527887154,0.5712553255260672,0.1620977353992848,0.6093249703431464,0.6796202623390274,0.3224626479987653,0.0337045761705268,,,,12.0
43,nf2018v2,nfbotv2,lgbm,0.0001,calibrate,211,0.4989490456231946,0.9937119087536106,0.0,0.5712553255260672,1.0,0.0041769318641736,0.0005902463534298,0.3224626479987653,0.9949797859561316,,,0.0,
43,nf2018v2,nfbotv2,lgbm,0.0001,rethreshold,211,0.62945138336338,0.2387186346381868,0.264688694352809,0.5712553255260672,0.6698450536352801,0.6093249703431464,0.6796202623390274,0.3224626479987653,0.0337045761705268,0.496415724396973,0.0094114250948324,0.0,
43,nf2018v2,nfbotv2,lgbm,0.001,calibrate,2101,0.4989490456231946,0.9937119087536106,0.0,0.5712553255260672,1.0,0.0041755040256846,7.846621816676169e-05,0.3224626479987653,0.995178945011106,,,0.0,
43,nf2018v2,nfbotv2,lgbm,0.001,rethreshold,2101,0.6155808225545,0.2387186346381868,0.2942479751191748,0.5712553255260672,0.399284862932062,0.6093249703431464,0.6796202623390274,0.3224626479987653,0.0337045761705268,0.429488600458997,0.0181381311343601,0.0,
43,nf2018v2,nfbotv2,lgbm,0.01,calibrate,21000,0.4989490456231946,0.9937119087536106,0.0,0.5712553255260672,1.0,0.004173783893318,6.604458013170778e-05,0.3224626479987653,0.9947045105654496,,,0.0,
43,nf2018v2,nfbotv2,lgbm,0.01,rethreshold,21000,0.6218511218897753,0.2387186346381868,0.3221972505653795,0.5712553255260672,0.3051251489868891,0.6093249703431464,0.6796202623390274,0.3224626479987653,0.0337045761705268,0.3144784272342543,0.0345663287689485,0.0,
43,nf2018v2,nfbotv2,lgbm,0.05,calibrate,105000,0.4989490456231946,0.9937119087536106,0.0,0.5712553255260672,1.0,0.0041735488440144,5.074120217796185e-05,0.3224626479987653,0.9947662049557804,,,0.0,
43,nf2018v2,nfbotv2,lgbm,0.05,rethreshold,105000,0.6213203474328081,0.2387186346381868,0.3218362713056108,0.5712553255260672,0.302741358760429,0.6093249703431464,0.6796202623390274,0.3224626479987653,0.0337045761705268,0.3207443707376476,0.0466282610791213,0.0,
43,nf2018v2,nfbotv2,lgbm,0.1,calibrate,210001,0.4989490456231946,0.9937119087536106,0.0,0.5712553255260672,1.0,0.0041701785695253,3.654303606304144e-05,0.3224626479987653,0.993912432319916,,,0.0,
43,nf2018v2,nfbotv2,lgbm,0.1,rethreshold,210001,0.6537231679016919,0.2387186346381868,0.3106102431515619,0.5712553255260672,0.7282479141835518,0.6093249703431464,0.6796202623390274,0.3224626479987653,0.0337045761705268,0.3258339057272542,0.0015939772435166,0.0,
43,nf2018v2,nf2018v2,mlp,0.0,in_domain,249999,0.9858342672933316,0.9941426595467188,0.9719925254885768,0.9847656137726468,0.0003005864271049,0.0056958850939094,0.0009300747220926,0.972114007781216,0.4947764683014921,,,,42.0
43,nf2018v2,nfunswv2,mlp,0.0,zero_shot,249999,0.4610931813002077,0.8717597840884529,-0.0567383470233172,0.4867177488137362,0.1417466041716465,0.1382570172222902,0.0963303938867777,0.0882481406682338,0.9999999994108162,,,,42.0
43,nf2018v2,nfunswv2,mlp,0.0001,calibrate,144,0.490370551571952,0.943678896856096,0.0,0.5268224611001731,0.0,0.037057302165295,0.0316353468652202,0.1514960851038429,0.0778224387135012,,,0.0,
43,nf2018v2,nfunswv2,mlp,0.0001,rethreshold,144,0.0860023309025092,0.8717597840884529,-0.0143938714452067,0.4867177488137362,0.9468982862368922,0.1382570172222902,0.0963303938867777,0.0882481406682338,0.9999999994108162,0.0662556837391603,2.6514349073897375e-08,0.0,
43,nf2018v2,nfunswv2,mlp,0.001,calibrate,1392,0.490370551571952,0.943678896856096,0.0,0.5268217758499387,0.0,0.0360617753974233,0.0079091071140235,0.1514960851038429,0.0454229045738574,,,0.0,
43,nf2018v2,nfunswv2,mlp,0.001,rethreshold,1392,0.5026328802522927,0.8717597840884529,0.0752061670630151,0.4867177488137362,0.0004832624894773,0.1382570172222902,0.0963303938867777,0.0882481406682338,0.9999999994108162,0.1334650679203379,1.0,0.0,
43,nf2018v2,nfunswv2,mlp,0.01,calibrate,13907,0.490370551571952,0.943678896856096,0.0,0.526813961563843,0.0,0.0358977944613816,0.0038612567967539,0.1514960851038429,0.0526918074947873,,,0.0,
43,nf2018v2,nfunswv2,mlp,0.01,rethreshold,13907,0.5054415972739941,0.8717597840884529,0.0871173624654912,0.4867177488137362,0.0005092443437503,0.1382570172222902,0.0963303938867777,0.0882481406682338,0.9999999994108162,0.0854422246365724,0.9999999996164284,0.0,
43,nf2018v2,nfunswv2,mlp,0.05,calibrate,69537,0.490370551571952,0.943678896856096,0.0,0.5268138746616164,0.0,0.0359039782093061,0.0039252389071744,0.1514960851038429,0.0524752808884879,,,0.0,
43,nf2018v2,nfunswv2,mlp,0.05,rethreshold,69537,0.5054415972739941,0.8717597840884529,0.0871173624654912,0.4867177488137362,0.0005092443437503,0.1382570172222902,0.0963303938867777,0.0882481406682338,0.9999999994108162,0.0815389587609008,0.9999999996164284,0.0,
43,nf2018v2,nfunswv2,mlp,0.1,calibrate,139072,0.490370551571952,0.943678896856096,0.0,0.5268168444874498,0.0,0.0359156406768516,0.0042507217794601,0.1514960851038429,0.0517666469015849,,,0.0,
43,nf2018v2,nfunswv2,mlp,0.1,rethreshold,139072,0.5054415972739941,0.8717597840884529,0.0871173624654912,0.4867177488137362,0.0005092443437503,0.1382570172222902,0.0963303938867777,0.0882481406682338,0.9999999994108162,0.0837963559630071,0.9999999996164284,0.0,
43,nf2018v2,nftonv2,mlp,0.0,zero_shot,249999,0.447831297903511,0.4563341118532991,0.0855044007743895,0.5713792261322126,0.2438232181307251,0.492175359545939,0.4560473426426179,0.2444013656038078,0.0008426401961994,,,,42.0
43,nf2018v2,nftonv2,mlp,0.0001,calibrate,213,0.4206219075539693,0.6107334447783608,0.0,0.5708069834577834,1.0,0.1976628796625915,0.0357228726877846,0.2444013656038078,0.7124473635452464,,,0.0,
43,nf2018v2,nftonv2,mlp,0.0001,rethreshold,213,0.601498710352731,0.4563341118532991,0.2346499935269741,0.5713792261322126,0.7085325353089303,0.492175359545939,0.4560473426426179,0.2444013656038078,0.0008426401961994,0.2614268104470287,0.0007184694583165,0.0,
43,nf2018v2,nftonv2,mlp,0.001,calibrate,2100,0.4206219075539693,0.6107334447783608,0.0,0.5709137923876892,1.0,0.1971756686001271,0.0432536037855341,0.2444013656038078,0.694553728390491,,,0.0,
43,nf2018v2,nftonv2,mlp,0.001,rethreshold,2100,0.4884074762011815,0.4563341118532991,0.2135450442233088,0.5713792261322126,0.9318638005912192,0.492175359545939,0.4560473426426179,0.2444013656038078,0.0008426401961994,0.232649947830162,1.760602365715696e-49,0.0,
43,nf2018v2,nftonv2,mlp,0.01,calibrate,21000,0.4206219075539693,0.6107334447783608,0.0,0.5708768258245166,1.0,0.197192926193934,0.0418776585174672,0.2444013656038078,0.6960774306022253,,,0.0,
43,nf2018v2,nftonv2,mlp,0.01,rethreshold,21000,0.6086372916235756,0.4563341118532991,0.2442323419435935,0.5713792261322126,0.6909236889164629,0.492175359545939,0.4560473426426179,0.2444013656038078,0.0008426401961994,0.2405151424693841,0.0007950209503936,0.0,
43,nf2018v2,nftonv2,mlp,0.05,calibrate,105000,0.4206219075539693,0.6107334447783608,0.0,0.5711286667118791,1.0,0.1971779236669933,0.043664752391892,0.2444013656038078,0.6945744685229643,,,0.0,
43,nf2018v2,nftonv2,mlp,0.05,rethreshold,105000,0.6096130049266887,0.4563341118532991,0.2442583592694333,0.5713792261322126,0.68605160395606,0.492175359545939,0.4560473426426179,0.2444013656038078,0.0008426401961994,0.2446682757377287,0.0008370531914372,0.0,
43,nf2018v2,nftonv2,mlp,0.1,calibrate,210000,0.4206219075539693,0.6107334447783608,0.0,0.5709138148654118,1.0,0.1971778398412976,0.0434359771958689,0.2444013656038078,0.6946688788901301,,,0.0,
43,nf2018v2,nftonv2,mlp,0.1,rethreshold,210000,0.6096130049266887,0.4563341118532991,0.2442583592694333,0.5713792261322126,0.68605160395606,0.492175359545939,0.4560473426426179,0.2444013656038078,0.0008426401961994,0.2437954100952095,0.0008370531914372,0.0,
43,nf2018v2,nfbotv2,mlp,0.0,zero_shot,249999,0.2867351355636101,0.5629458810312974,-0.0013974970868958,0.5226013042305283,0.4052443384982122,0.5670429370355667,0.5298318869278612,0.1925889632372742,2.5314032457995135e-07,,,,42.0
43,nf2018v2,nfbotv2,mlp,0.0001,calibrate,211,0.4989490456231946,0.9937119087536106,0.0,0.5782107769371856,1.0,0.0041775042520056,0.000576528218113,0.3099009801542529,0.9935975987678578,,,0.0,
43,nf2018v2,nfbotv2,mlp,0.0001,rethreshold,211,0.0041774754903181,0.5629458810312974,0.0,0.5226013042305283,0.0,0.5670429370355667,0.5298318869278612,0.1925889632372742,2.5314032457995135e-07,0.0,inf,0.0,
43,nf2018v2,nfbotv2,mlp,0.001,calibrate,2101,0.4989490456231946,0.9937119087536106,0.0,0.5781929913470594,1.0,0.0041770059983452,6.828284199356105e-05,0.3099009801542529,0.9948204668807052,,,0.0,
43,nf2018v2,nfbotv2,mlp,0.001,rethreshold,2101,0.5491246225457993,0.5629458810312974,0.1268654676824112,0.5226013042305283,0.9380214541120382,0.5670429370355667,0.5298318869278612,0.1925889632372742,2.5314032457995135e-07,0.3326978068575605,1.4440469969579456e-06,0.0,
43,nf2018v2,nfbotv2,mlp,0.01,calibrate,21000,0.4989490456231946,0.9937119087536106,0.0,0.5781949468578192,1.0,0.0041770236420847,1.4474510916850925e-05,0.3099009801542529,0.9950533050805068,,,0.0,
43,nf2018v2,nfbotv2,mlp,0.01,rethreshold,21000,0.5447391442545588,0.5629458810312974,0.1868099228512133,0.5226013042305283,0.9511323003575686,0.5670429370355667,0.5298318869278612,0.1925889632372742,2.5314032457995135e-07,0.2606060404654015,1.5489217635853652e-09,0.0,
43,nf2018v2,nfbotv2,mlp,0.05,calibrate,105000,0.4989490456231946,0.9937119087536106,0.0,0.5781910379587782,1.0,0.0041770129299006,1.9264041757671716e-05,0.3099009801542529,0.9946551263941708,,,0.0,
43,nf2018v2,nfbotv2,mlp,0.05,rethreshold,105000,0.5447391442545588,0.5629458810312974,0.1868099228512133,0.5226013042305283,0.9511323003575686,0.5670429370355667,0.5298318869278612,0.1925889632372742,2.5314032457995135e-07,0.2246784109726784,3.2204989851507344e-09,0.0,
43,nf2018v2,nfbotv2,mlp,0.1,calibrate,210001,0.4989490456231946,0.9937119087536106,0.0,0.5781907424248434,1.0,0.0041770291180316,7.550976720860358e-05,0.3099009801542529,0.994501456488244,,,0.0,
43,nf2018v2,nfbotv2,mlp,0.1,rethreshold,210001,0.5448440239326393,0.5629458810312974,0.1902143316856771,0.5226013042305283,0.9511323003575686,0.5670429370355667,0.5298318869278612,0.1925889632372742,2.5314032457995135e-07,0.2237381253186011,5.702456124132612e-10,0.0,
43,nfunswv2,nf2018v2,rf,0.0,zero_shot,250002,0.3380042815010819,0.561509830872376,-0.2458077207722861,0.5072553964737352,0.4839384761969578,0.2185978567884938,0.2797881010594947,0.2459441641209746,0.3233333333333333,,,,50.0
43,nfunswv2,nf2018v2,rf,0.0001,calibrate,217,0.4685389944276592,0.8261331950887618,0.0,0.5072553964737352,0.0,0.105212732020311,0.0289953007499823,0.2459441641209746,0.1471329170931312,,,0.0,
43,nfunswv2,nf2018v2,rf,0.0001,rethreshold,217,0.4369185138632754,0.561509830872376,0.2434298980536776,0.5072553964737352,0.5950023252912285,0.2185978567884938,0.2797881010594947,0.2459441641209746,0.3233333333333333,0.2717663480416474,0.3,0.0,
43,nfunswv2,nf2018v2,rf,0.001,calibrate,2102,0.4685389944276592,0.8261331950887618,0.0,0.5072553964737352,0.0,0.1043688735352239,0.0010038279765132,0.2459441641209746,0.1180527688559774,,,0.0,
43,nfunswv2,nf2018v2,rf,0.001,rethreshold,2102,0.4440461584369419,0.561509830872376,0.2459441641209746,0.5072553964737352,0.5830979684894682,0.2185978567884938,0.2797881010594947,0.2459441641209746,0.3233333333333333,0.2457687825587,0.3233333333333333,0.0,
43,nfunswv2,nf2018v2,rf,0.01,calibrate,21001,0.4685389944276592,0.8261331950887618,0.0,0.5072553964737352,0.0,0.104366611223972,1.797846865148056e-05,0.2459441641209746,0.1172892397443169,,,0.0,
43,nfunswv2,nf2018v2,rf,0.01,rethreshold,21001,0.4430337664404602,0.561509830872376,0.2453531504419621,0.5072553964737352,0.5846973151393473,0.2185978567884938,0.2797881010594947,0.2459441641209746,0.3233333333333333,0.2428569198903173,0.32,0.0,
43,nfunswv2,nf2018v2,rf,0.05,calibrate,105000,0.4685389944276592,0.8261331950887618,0.0,0.5072553964737352,0.0,0.1043687675681101,2.211141876795608e-05,0.2459441641209746,0.1169398960551547,,,0.0,
43,nfunswv2,nf2018v2,rf,0.05,rethreshold,105000,0.4440461584369419,0.561509830872376,0.2459441641209746,0.5072553964737352,0.5830979684894682,0.2185978567884938,0.2797881010594947,0.2459441641209746,0.3233333333333333,0.2449661574299516,0.3233333333333333,0.0,
43,nfunswv2,nf2018v2,rf,0.1,calibrate,210000,0.4685389944276592,0.8261331950887618,0.0,0.5072553964737352,0.0,0.1043733577404314,8.064880094971194e-06,0.2459441641209746,0.1166210233943675,,,0.0,
43,nfunswv2,nf2018v2,rf,0.1,rethreshold,210000,0.4440461584369419,0.561509830872376,0.2459441641209746,0.5072553964737352,0.5830979684894682,0.2185978567884938,0.2797881010594947,0.2459441641209746,0.3233333333333333,0.2460744596132127,0.3233333333333333,0.0,
43,nfunswv2,nfunswv2,rf,0.0,in_domain,250002,0.9764448476182396,0.9965544696260324,0.9529605067492104,0.9922060579537948,0.0022656176926034,0.0026037124444444,0.0006718333333334,0.9535099893253048,0.51,,,,50.0
43,nfunswv2,nftonv2,rf,0.0,zero_shot,250002,0.2373219244708094,0.1543611202034678,-0.0473689825427605,0.5835293745209601,0.0471880588299697,0.4038412727063635,0.4626658966628165,0.2890846786622975,0.3833333333333333,,,,50.0
43,nfunswv2,nftonv2,rf,0.0001,calibrate,213,0.4206219075539693,0.6107334447783608,0.0,0.5835293745209601,1.0,0.1903495368548105,0.0925924442217913,0.2890846786622975,0.769277555789817,,,0.0,
43,nfunswv2,nftonv2,rf,0.0001,rethreshold,213,0.5994581476753625,0.1543611202034678,0.2678118265927099,0.5835293745209601,0.283767015802343,0.4038412727063635,0.4626658966628165,0.2890846786622975,0.3833333333333333,0.3097548511915272,0.2233333333333333,0.0,
43,nfunswv2,nftonv2,rf,0.001,calibrate,2100,0.4206219075539693,0.6107334447783608,0.0,0.5835293745209601,1.0,0.1875201120761939,0.0873346629365958,0.2890846786622975,0.7937664359781129,,,0.0,
43,nfunswv2,nftonv2,rf,0.001,rethreshold,2100,0.5580806535700394,0.1543611202034678,0.2890846786622975,0.5835293745209601,0.1357614685595416,0.4038412727063635,0.4626658966628165,0.2890846786622975,0.3833333333333333,0.2634196866246891,0.3833333333333333,0.0,
43,nfunswv2,nftonv2,rf,0.01,calibrate,21000,0.4206219075539693,0.6107334447783608,0.0,0.5835293745209601,1.0,0.1864611194029277,0.0926617371367527,0.2890846786622975,0.8133819983459357,,,0.0,
43,nfunswv2,nftonv2,rf,0.01,rethreshold,21000,0.5529436910413881,0.1543611202034678,0.2888469433495536,0.5835293745209601,0.1265282288967555,0.4038412727063635,0.4626658966628165,0.2890846786622975,0.3833333333333333,0.2848624971719353,0.39,0.0,
43,nfunswv2,nftonv2,rf,0.05,calibrate,105000,0.4206219075539693,0.6107334447783608,0.0,0.5835293745209601,1.0,0.1865408159000759,0.0953462233990917,0.2890846786622975,0.8104924614641517,,,0.0,
43,nfunswv2,nftonv2,rf,0.05,rethreshold,105000,0.5580806535700394,0.1543611202034678,0.2890846786622975,0.5835293745209601,0.1357614685595416,0.4038412727063635,0.4626658966628165,0.2890846786622975,0.3833333333333333,0.2832810327264838,0.3833333333333333,0.0,
43,nfunswv2,nftonv2,rf,0.1,calibrate,210000,0.4206219075539693,0.6107334447783608,0.0,0.5835293745209601,1.0,0.1864902065420727,0.0929779216197745,0.2890846786622975,0.8115900001584937,,,0.0,
43,nfunswv2,nftonv2,rf,0.1,rethreshold,210000,0.5580806535700394,0.1543611202034678,0.2890846786622975,0.5835293745209601,0.1357614685595416,0.4038412727063635,0.4626658966628165,0.2890846786622975,0.3833333333333333,0.2859889282550031,0.3833333333333333,0.0,
43,nfunswv2,nfbotv2,rf,0.0,zero_shot,250002,0.2963965225671325,0.5772766869001984,0.0452420005086657,0.5460189692489088,0.0643623361144219,0.3108742271666666,0.38312705,0.2411583469768678,0.1366666666666666,,,,50.0
43,nfunswv2,nfbotv2,rf,0.0001,calibrate,211,0.4989490456231946,0.9937119087536106,0.0,0.5460189692489088,1.0,0.0041768415194307,0.0005537437710517,0.2411583469768678,0.9950389126749046,,,0.0,
43,nfunswv2,nfbotv2,rf,0.0001,rethreshold,211,0.5340677550537289,0.5772766869001984,0.1809228612698704,0.5460189692489088,0.2979737783075089,0.3108742271666666,0.38312705,0.2411583469768678,0.1366666666666666,0.3093772546815388,0.3366666666666666,0.0,
43,nfunswv2,nfbotv2,rf,0.001,calibrate,2101,0.4989490456231946,0.9937119087536106,0.0,0.5460189692489088,1.0,0.0041675817534544,8.806064468547259e-05,0.2411583469768678,0.9930738831499076,,,0.0,
43,nfunswv2,nfbotv2,rf,0.001,rethreshold,2101,0.6093913450665106,0.5772766869001984,0.2411583469768678,0.5460189692489088,0.8438617401668653,0.3108742271666666,0.38312705,0.2411583469768678,0.1366666666666666,0.3315033792969687,0.1366666666666666,0.0,
43,nfunswv2,nfbotv2,rf,0.01,calibrate,21000,0.4989490456231946,0.9937119087536106,0.0,0.5460189692489088,1.0,0.0041109227381236,0.0004385736215155,0.2411583469768678,0.969841347335142,,,0.0,
43,nfunswv2,nfbotv2,rf,0.01,rethreshold,21000,0.6093913450665106,0.5772766869001984,0.2411583469768678,0.5460189692489088,0.8438617401668653,0.3108742271666666,0.38312705,0.2411583469768678,0.1366666666666666,0.2777170168526696,0.1366666666666666,0.0,
43,nfunswv2,nfbotv2,rf,0.05,calibrate,105000,0.4989490456231946,0.9937119087536106,0.0,0.5460189692489088,1.0,0.0040778954145213,0.0015378519812612,0.2411583469768678,0.9310017994147202,,,0.0,
43,nfunswv2,nfbotv2,rf,0.05,rethreshold,105000,0.6093913450665106,0.5772766869001984,0.2411583469768678,0.5460189692489088,0.8438617401668653,0.3108742271666666,0.38312705,0.2411583469768678,0.1366666666666666,0.2376414420294171,0.1366666666666666,0.0,
43,nfunswv2,nfbotv2,rf,0.1,calibrate,210001,0.4989490456231946,0.9937119087536106,0.0,0.5460189692489088,1.0,0.004088683021383,0.0018302907346311,0.2411583469768678,0.9105116416525884,,,0.0,
43,nfunswv2,nfbotv2,rf,0.1,rethreshold,210001,0.6093913450665106,0.5772766869001984,0.2411583469768678,0.5460189692489088,0.8438617401668653,0.3108742271666666,0.38312705,0.2411583469768678,0.1366666666666666,0.2590271069689192,0.1366666666666666,0.0,
43,nfunswv2,nf2018v2,lgbm,0.0,zero_shot,250002,0.4469437448100279,0.774674325285531,-0.1058606237455043,0.4170821471304142,0.1170755776363698,0.1917991219638041,0.1422602078176409,0.0566844895116496,0.9898604296804469,,,,12.0
43,nfunswv2,nf2018v2,lgbm,0.0001,calibrate,217,0.4685389944276592,0.8261331950887618,0.0,0.7078656891176495,0.0,0.1009000778941087,0.0491442421304653,0.5975678736425873,0.1747068089837502,,,0.0,
43,nfunswv2,nf2018v2,lgbm,0.0001,rethreshold,217,0.4715552307690266,0.774674325285531,-0.0264176610773608,0.4170821471304142,0.020213019362303,0.1917991219638041,0.1422602078176409,0.0566844895116496,0.9898604296804469,0.0620664638716135,0.8963917309952478,0.0,
43,nfunswv2,nf2018v2,lgbm,0.001,calibrate,2102,0.4685389944276592,0.8261331950887618,0.0,0.7078656891176495,0.0,0.0972435805419934,0.0386392100813385,0.5975678736425873,0.1760552833168252,,,0.0,
43,nfunswv2,nf2018v2,lgbm,0.001,rethreshold,2102,0.1245636701779254,0.774674325285531,0.0141010187663647,0.4170821471304142,0.9812672270051384,0.1917991219638041,0.1422602078176409,0.0566844895116496,0.9898604296804469,0.0397589488028269,4.2795234758557706e-05,0.0,
43,nfunswv2,nf2018v2,lgbm,0.01,calibrate,21001,0.4685389944276592,0.8261331950887618,0.0,0.7078656891176495,0.0,0.0964745088339029,0.0184217046818696,0.5975678736425873,0.1881218160470186,,,0.0,
43,nfunswv2,nf2018v2,lgbm,0.01,rethreshold,21001,0.4736275992518038,0.774674325285531,0.0557296117085314,0.4170821471304142,0.0002098433547713,0.1917991219638041,0.1422602078176409,0.0566844895116496,0.9898604296804469,0.0651281629511096,0.9907218554651944,0.0,
43,nfunswv2,nf2018v2,lgbm,0.05,calibrate,105000,0.4685389944276592,0.8261331950887618,0.0,0.7078656891176495,0.0,0.0964011797821025,0.0172301578031066,0.5975678736425873,0.1891162187266478,,,0.0,
43,nfunswv2,nf2018v2,lgbm,0.05,rethreshold,105000,0.4743991230253048,0.774674325285531,0.0555841401043968,0.4170821471304142,0.0003629722893342,0.1917991219638041,0.1422602078176409,0.0566844895116496,0.9898604296804469,0.0627324960575428,0.9869259921462076,0.0,
43,nfunswv2,nf2018v2,lgbm,0.1,calibrate,210000,0.4685389944276592,0.8261331950887618,0.0,0.7078656891176495,0.0,0.0963692582215589,0.0169167251332356,0.5975678736425873,0.1892550728265062,,,0.0,
43,nfunswv2,nf2018v2,lgbm,0.1,rethreshold,210000,0.4743991230253048,0.774674325285531,0.0555841401043968,0.4170821471304142,0.0003629722893342,0.1917991219638041,0.1422602078176409,0.0566844895116496,0.9898604296804469,0.0580148136117764,0.9869259921462076,0.0,
43,nfunswv2,nfunswv2,lgbm,0.0,in_domain,250002,0.9754604737036944,0.9964053762259848,0.9510310109420284,0.9931849148311656,0.0024630797850781,0.0027094501075798,0.0011753822155854,0.9518261013046448,0.6142296546097672,,,,12.0
43,nfunswv2,nftonv2,lgbm,0.0,zero_shot,250002,0.2221301375558457,0.1336547167780216,-0.0964929691601701,0.4815608806441333,0.0455822780190504,0.7084267177765857,0.7108664826419847,0.1497600543443316,0.0001263333550361,,,,12.0
43,nfunswv2,nftonv2,lgbm,0.0001,calibrate,213,0.4206219075539693,0.6107334447783608,0.0,0.5428806093261951,1.0,0.1984864604738783,0.0048604740272764,0.1699809183981519,0.7292111170206869,,,0.0,
43,nfunswv2,nftonv2,lgbm,0.0001,rethreshold,213,0.4647266764377859,0.1336547167780216,0.1485320026058619,0.4815608806441333,0.9556220575891392,0.7084267177765857,0.7108664826419847,0.1497600543443316,0.0001263333550361,0.2261563075974108,0.0001111220034516,0.0,
43,nfunswv2,nftonv2,lgbm,0.001,calibrate,2100,0.4403013149195712,0.621344766705631,0.0626113181252885,0.5428806093261951,0.9793803145870588,0.1971433671615424,0.0374300878671905,0.1699809183981519,0.7341274532800001,,,0.0,
43,nfunswv2,nftonv2,lgbm,0.001,rethreshold,2100,0.4724918485206386,0.1336547167780216,0.1438188682890216,0.4815608806441333,0.9459873727236232,0.7084267177765857,0.7108664826419847,0.1497600543443316,0.0001263333550361,0.1776202029316413,0.0001567109834572,0.0,
43,nfunswv2,nftonv2,lgbm,0.01,calibrate,21000,0.4507594198498605,0.6266996898004616,0.0728118419156096,0.5428806093261951,0.967318710995949,0.1970528902250128,0.007090618608818,0.1699809183981519,0.7353147568333558,,,0.0,
43,nfunswv2,nftonv2,lgbm,0.01,rethreshold,21000,0.4682909863652029,0.1336547167780216,0.1497600543443316,0.4815608806441333,0.951516368015766,0.7084267177765857,0.7108664826419847,0.1497600543443316,0.0001263333550361,0.1488907012181183,0.0001263085038771,0.0,
43,nfunswv2,nftonv2,lgbm,0.05,calibrate,105000,0.4512726915061651,0.6269319768979232,0.0727272731878484,0.5428806093261951,0.9666618006642094,0.1970564245526026,0.0116216235676483,0.1699809183981519,0.7357320455063482,,,0.0,
43,nfunswv2,nftonv2,lgbm,0.05,rethreshold,105000,0.4672894722287408,0.1336547167780216,0.1492125286966559,0.4815608806441333,0.9526659610963104,0.7084267177765857,0.7108664826419847,0.1497600543443316,0.0001263333550361,0.1506585288868928,0.0001217252147152,0.0,
43,nfunswv2,nftonv2,lgbm,0.1,calibrate,210000,0.4501197068499398,0.6263456721909347,0.0716539104669306,0.5428806093261951,0.9680303638553336,0.1970517270408592,0.0090125918044438,0.1699809183981519,0.7353933159040287,,,0.0,
43,nfunswv2,nftonv2,lgbm,0.1,rethreshold,210000,0.4665757707154511,0.1336547167780216,0.1492132632679485,0.4815608806441333,0.9535053465202,0.7084267177765857,0.7108664826419847,0.1497600543443316,0.0001263333550361,0.1528457691175946,0.0001186635639473,0.0,
43,nfunswv2,nfbotv2,lgbm,0.0,zero_shot,250002,0.2503827516185633,0.4911987107120486,-0.0090071012787662,0.5214165341653092,0.3933253873659118,0.4665897891461423,0.4531346859520757,0.2051470360033439,0.016140191731277,,,,12.0
43,nfunswv2,nfbotv2,lgbm,0.0001,calibrate,211,0.4989490456231946,0.9937119087536106,0.0,0.503366732263492,1.0,0.0041779438377658,0.0006036584334169,0.1033563579719376,0.9950451709090584,,,0.0,
43,nfunswv2,nfbotv2,lgbm,0.0001,rethreshold,211,0.2961042952728671,0.4911987107120486,0.0008514334466402,0.5214165341653092,0.4064362336114422,0.4665897891461423,0.4531346859520757,0.2051470360033439,0.016140191731277,0.0566780034011337,0.4277082284449693,0.0,
43,nfunswv2,nfbotv2,lgbm,0.001,calibrate,2101,0.4989490456231946,0.9937119087536106,0.0,0.503366732263492,1.0,0.0041776376671639,2.980870417879089e-05,0.1033563579719376,0.9955680747309552,,,0.0,
43,nfunswv2,nfbotv2,lgbm,0.001,rethreshold,2101,0.5818181818181818,0.4911987107120486,0.2051470360033439,0.5214165341653092,0.5899880810488677,0.4665897891461423,0.4531346859520757,0.2051470360033439,0.016140191731277,0.2131974592406644,0.016140191731277,0.0,
43,nfunswv2,nfbotv2,lgbm,0.01,calibrate,21000,0.4989490456231946,0.9937119087536106,0.0,0.5214165341653092,1.0,0.004174417616695,8.698433333231836e-05,0.2051470360033439,0.9934600956038792,,,0.0,
43,nfunswv2,nfbotv2,lgbm,0.01,rethreshold,21000,0.5817704876286385,0.4911987107120486,0.2048373248548665,0.5214165341653092,0.5911799761620977,0.4665897891461423,0.4531346859520757,0.2051470360033439,0.016140191731277,0.1944369445011637,0.015861002840144,0.0,
43,nfunswv2,nfbotv2,lgbm,0.05,calibrate,105000,0.4989490456231946,0.9937119087536106,0.0,0.5214165341653092,1.0,0.0041744037450701,8.408289862338325e-05,0.2051470360033439,0.99345096385215,,,0.0,
43,nfunswv2,nfbotv2,lgbm,0.05,rethreshold,105000,0.5817704876286385,0.4911987107120486,0.2048373248548665,0.5214165341653092,0.5911799761620977,0.4665897891461423,0.4531346859520757,0.2051470360033439,0.016140191731277,0.1919996911605798,0.0156781461422365,0.0,
43,nfunswv2,nfbotv2,lgbm,0.1,calibrate,210001,0.4989490456231946,0.9937119087536106,0.0,0.5214165341653092,1.0,0.0041743917130574,8.968844047241298e-05,0.2051470360033439,0.9934307517187312,,,0.0,
43,nfunswv2,nfbotv2,lgbm,0.1,rethreshold,210001,0.5817704876286385,0.4911987107120486,0.2048373248548665,0.5214165341653092,0.5911799761620977,0.4665897891461423,0.4531346859520757,0.2051470360033439,0.016140191731277,0.2017617096427372,0.0156781461422365,0.0,
43,nfunswv2,nf2018v2,mlp,0.0,zero_shot,250002,0.4101287744472506,0.7169833004339771,-0.173289670038414,0.4559595448174381,0.2254057916765917,0.2693976700065117,0.2838477305229133,0.1396777590726822,7.33005172522825e-47,,,,32.0
43,nfunswv2,nf2018v2,mlp,0.0001,calibrate,217,0.4685389944276592,0.8261331950887618,0.0,0.5701082840270957,0.0,0.1028139189875328,0.0267602063120479,0.2805841851468882,0.1640739840440863,,,0.0,
43,nfunswv2,nf2018v2,mlp,0.0001,rethreshold,217,0.2670117960227957,0.7169833004339771,0.1374137504487855,0.4559595448174381,0.8278717346672565,0.2693976700065117,0.2838477305229133,0.1396777590726822,7.33005172522825e-47,0.1399378593058909,1.8137195533908574e-47,0.0,
43,nfunswv2,nf2018v2,mlp,0.001,calibrate,2102,0.4685389944276592,0.8261331950887618,0.0,0.5700910516073391,0.0,0.1022232627758073,0.0338915532189514,0.2805841851468882,0.1450923446363423,,,0.0,
43,nfunswv2,nf2018v2,mlp,0.001,rethreshold,2102,0.276939634770789,0.7169833004339771,0.1351484289841842,0.4559595448174381,0.8142205737230749,0.2693976700065117,0.2838477305229133,0.1396777590726822,7.33005172522825e-47,0.1458108290714646,8.641839622917048e-47,0.0,
43,nfunswv2,nf2018v2,mlp,0.01,calibrate,21001,0.4685389944276592,0.8261331950887618,0.0,0.5700912184803988,0.0,0.1022889698443015,0.0340833508893932,0.2805841851468882,0.1464393869155844,,,0.0,
43,nfunswv2,nf2018v2,mlp,0.01,rethreshold,21001,0.2769851008560149,0.7169833004339771,0.139492978835539,0.4559595448174381,0.8149805469538685,0.2693976700065117,0.2838477305229133,0.1396777590726822,7.33005172522825e-47,0.1412382651610381,7.443937102682899e-47,0.0,
43,nfunswv2,nf2018v2,mlp,0.05,calibrate,105000,0.4685389944276592,0.8261331950887618,0.0,0.5700917223052613,0.0,0.1022890429916275,0.0339167335976047,0.2805841851468882,0.1469278633495845,,,0.0,
43,nfunswv2,nf2018v2,mlp,0.05,rethreshold,105000,0.2769512140754874,0.7169833004339771,0.1396426350701272,0.4559595448174381,0.8150542757001396,0.2693976700065117,0.2838477305229133,0.1396777590726822,7.33005172522825e-47,0.1377115804357027,7.345208751159121e-47,0.0,
43,nfunswv2,nf2018v2,mlp,0.1,calibrate,210000,0.4685389944276592,0.8261331950887618,0.0,0.5700917199732746,0.0,0.1022819437259339,0.033914845311657,0.2805841851468882,0.1465990989289106,,,0.0,
43,nfunswv2,nf2018v2,mlp,0.1,rethreshold,210000,0.2769519026635116,0.7169833004339771,0.1396777590726822,0.4559595448174381,0.8150599471421603,0.2693976700065117,0.2838477305229133,0.1396777590726822,7.33005172522825e-47,0.1378780835055834,7.322209936735727e-47,0.0,
43,nfunswv2,nfunswv2,mlp,0.0,in_domain,250002,0.968005482035556,0.995278150694058,0.9364592041748752,0.9839309632288836,0.0036894233067625,0.0037887218446126,0.0015728804217831,0.9378675736558844,0.4596305223832666,,,,32.0
43,nfunswv2,nftonv2,mlp,0.0,zero_shot,250002,0.2170584093103514,0.1225299334791031,-0.0568977366015999,0.5321413284401393,0.0145432648443487,0.7034427996625858,0.7092331414941396,0.2328836053005492,0.0030026489510483,,,,32.0
43,nfunswv2,nftonv2,mlp,0.0001,calibrate,213,0.4206219075539693,0.6107334447783608,0.0,0.5321500621479289,1.0,0.1990475199485446,0.007504090177301,0.2328836053005492,0.7265176678051746,,,0.0,
43,nfunswv2,nftonv2,mlp,0.0001,rethreshold,213,0.5227607479205928,0.1225299334791031,0.2253953473259354,0.5321413284401393,0.1699025583007919,0.7034427996625858,0.7092331414941396,0.2328836053005492,0.0030026489510483,0.2354543910679902,0.0026604984715563,0.0,
43,nfunswv2,nftonv2,mlp,0.001,calibrate,2100,0.4206219075539693,0.6107334447783608,0.0,0.4852703090594706,1.0,0.1987363785743142,0.0098959268263782,0.1080422153762085,0.7031466350794093,,,0.0,
43,nfunswv2,nftonv2,mlp,0.001,rethreshold,2100,0.5039244448897093,0.1225299334791031,0.2242616194979167,0.5321413284401393,0.1376592095179008,0.7034427996625858,0.7092331414941396,0.2328836053005492,0.0030026489510483,0.2295396626041215,0.0051915760388906,0.0,
43,nfunswv2,nftonv2,mlp,0.01,calibrate,21000,0.4206219075539693,0.6107334447783608,0.0,0.4852703090684627,1.0,0.1986855967340381,0.0088773878377349,0.1080422153762085,0.691881366823946,,,0.0,
43,nfunswv2,nftonv2,mlp,0.01,rethreshold,21000,0.5167704437358671,0.1225299334791031,0.2314031221909025,0.5321413284401393,0.1493741104339257,0.7034427996625858,0.7092331414941396,0.2328836053005492,0.0030026489510483,0.2312222421875615,0.0036676823999613,0.0,
43,nfunswv2,nftonv2,mlp,0.05,calibrate,105000,0.4206219075539693,0.6107334447783608,0.0,0.485270311260668,1.0,0.1986773452571384,0.0076453099038575,0.1080422153762085,0.6889479696738567,,,0.0,
43,nfunswv2,nftonv2,mlp,0.05,rethreshold,105000,0.5205835475128088,0.1225299334791031,0.2322592304272881,0.5321413284401393,0.1549943432721433,0.7034427996625858,0.7092331414941396,0.2328836053005492,0.0030026489510483,0.229684733142339,0.0031526564182722,0.0,
43,nfunswv2,nftonv2,mlp,0.1,calibrate,210000,0.4206219075539693,0.6107334447783608,0.0,0.4852703135157076,1.0,0.1986825055536241,0.008387494139186,0.1080422153762085,0.6909902104350971,,,0.0,
43,nfunswv2,nftonv2,mlp,0.1,rethreshold,210000,0.5207096163235103,0.1225299334791031,0.2323741681454537,0.5321413284401393,0.1550490857997883,0.7034427996625858,0.7092331414941396,0.2328836053005492,0.0030026489510483,0.2303247214144692,0.0031446882326237,0.0,
43,nfunswv2,nfbotv2,mlp,0.0,zero_shot,250002,0.0111713947190625,0.0140639651022463,-0.0091897756412218,0.4976804217791745,0.0190703218116805,0.9867165405452718,0.9868441970735198,0.2844053624907331,1.8915230568023546e-52,,,,32.0
43,nfunswv2,nfbotv2,mlp,0.0001,calibrate,211,0.4989490456231946,0.9937119087536106,0.0,0.4979031377832849,1.0,0.0041777620999942,0.000599454393648,0.0001276660925509,0.9952113771536923,,,0.0,
43,nfunswv2,nfbotv2,mlp,0.0001,rethreshold,211,0.5705552331831163,0.0140639651022463,0.1441185903819411,0.4976804217791745,0.8188319427890346,0.9867165405452718,0.9868441970735198,0.2844053624907331,1.8915230568023546e-52,0.5745944049142231,9.177823344556771e-48,0.0,
43,nfunswv2,nfbotv2,mlp,0.001,calibrate,2101,0.4989490456231946,0.9937119087536106,0.0,0.4978177106439297,1.0,0.0041774408231089,0.0001594368654038,0.0001276660925509,0.995745108146822,,,0.0,
43,nfunswv2,nfbotv2,mlp,0.001,rethreshold,2101,0.591791809740886,0.0140639651022463,0.2502609582781475,0.4976804217791745,0.8891537544696066,0.9867165405452718,0.9868441970735198,0.2844053624907331,1.8915230568023546e-52,0.5765241057291646,1.3512162272001597e-51,0.0,
43,nfunswv2,nfbotv2,mlp,0.01,calibrate,21000,0.4989490456231946,0.9937119087536106,0.0,0.5061261110734222,1.0,0.0041770330595266,1.191762798558038e-05,0.0827465492088964,0.9958909196492304,,,0.0,
43,nfunswv2,nfbotv2,mlp,0.01,rethreshold,21000,0.5931218529481682,0.0140639651022463,0.276717789832711,0.4976804217791745,0.8915375446960667,0.9867165405452718,0.9868441970735198,0.2844053624907331,1.8915230568023546e-52,0.3377589064742295,3.204170109051368e-52,0.0,
43,nfunswv2,nfbotv2,mlp,0.05,calibrate,105000,0.4989490456231946,0.9937119087536106,0.0,0.506225980898552,1.0,0.0041774065596506,6.90095654595213e-05,0.0827363658133465,0.9957360019156836,,,0.0,
43,nfunswv2,nfbotv2,mlp,0.05,rethreshold,105000,0.5931218529481682,0.0140639651022463,0.276717789832711,0.4976804217791745,0.8915375446960667,0.9867165405452718,0.9868441970735198,0.2844053624907331,1.8915230568023546e-52,0.3007432659567531,3.204170109051368e-52,0.0,
43,nfunswv2,nfbotv2,mlp,0.1,calibrate,210001,0.4989490456231946,0.9937119087536106,0.0,0.4978717476323259,1.0,0.004177410131508,7.405952350236777e-05,0.0001276660925509,0.9957509013083832,,,0.0,
43,nfunswv2,nfbotv2,mlp,0.1,rethreshold,210001,0.5922201428685856,0.0140639651022463,0.2844053624907331,0.4976804217791745,0.8939213349225268,0.9867165405452718,0.9868441970735198,0.2844053624907331,1.8915230568023546e-52,0.2939450185819081,1.5727709739817232e-52,0.0,
43,nftonv2,nf2018v2,rf,0.0,zero_shot,250001,0.5694796449920014,0.8152908660039256,0.1397341009977658,0.5368823741580714,0.1160830752827213,0.1625995502244711,0.133708398124676,0.2084563334484817,0.1766666666666666,,,,139.0
43,nftonv2,nf2018v2,rf,0.0001,calibrate,217,0.4685389944276592,0.8261331950887618,0.0,0.5368823741580714,0.0,0.1038438299081233,0.0627697952897554,0.2084563334484817,0.1320130082620049,,,0.0,
43,nftonv2,nf2018v2,rf,0.0001,rethreshold,217,0.5840567152484933,0.8152908660039256,0.1682599308937495,0.5368823741580714,0.0929095631855355,0.1625995502244711,0.133708398124676,0.2084563334484817,0.1766666666666666,0.259507906010305,0.5733333333333334,0.0,
43,nftonv2,nf2018v2,rf,0.001,calibrate,2102,0.4685389944276592,0.8261331950887618,0.0,0.5368823741580714,0.0,0.1030975939609677,0.0671049883708457,0.2084563334484817,0.1003489695015194,,,0.0,
43,nftonv2,nf2018v2,rf,0.001,rethreshold,2102,0.3855036457711792,0.8152908660039256,0.2084563334484817,0.5368823741580714,0.6706707047333855,0.1625995502244711,0.133708398124676,0.2084563334484817,0.1766666666666666,0.2065485760385854,0.1766666666666666,0.0,
43,nftonv2,nf2018v2,rf,0.01,calibrate,21001,0.4685389944276592,0.8261331950887618,0.0,0.5368823741580714,0.0,0.1030560092711183,0.0482768240664201,0.2084563334484817,0.0989456999742831,,,0.0,
43,nftonv2,nf2018v2,rf,0.01,rethreshold,21001,0.3855036457711792,0.8152908660039256,0.2084563334484817,0.5368823741580714,0.6706707047333855,0.1625995502244711,0.133708398124676,0.2084563334484817,0.1766666666666666,0.2059199233927984,0.1766666666666666,0.0,
43,nftonv2,nf2018v2,rf,0.05,calibrate,105000,0.4685389944276592,0.8261331950887618,0.0,0.5368823741580714,0.0,0.1030667463624457,0.0342312162248923,0.2084563334484817,0.0984491239036904,,,0.0,
43,nftonv2,nf2018v2,rf,0.05,rethreshold,105000,0.3855036457711792,0.8152908660039256,0.2084563334484817,0.5368823741580714,0.6706707047333855,0.1625995502244711,0.133708398124676,0.2084563334484817,0.1766666666666666,0.2078383468778106,0.1766666666666666,0.0,
43,nftonv2,nf2018v2,rf,0.1,calibrate,210000,0.4685389944276592,0.8261331950887618,0.0,0.5368823741580714,0.0,0.1030541051059254,0.0337456900195573,0.2084563334484817,0.098605326161359,,,0.0,
43,nftonv2,nf2018v2,rf,0.1,rethreshold,210000,0.3855036457711792,0.8152908660039256,0.2084563334484817,0.5368823741580714,0.6706707047333855,0.1625995502244711,0.133708398124676,0.2084563334484817,0.1766666666666666,0.2082772400575166,0.1766666666666666,0.0,
43,nftonv2,nfunswv2,rf,0.0,zero_shot,250001,0.5111653726654848,0.9078602167187194,0.0343887390455592,0.4948076309127814,0.0824560127207158,0.1142668453333333,0.1716244333333333,0.0971419522595389,0.36,,,,139.0
43,nftonv2,nfunswv2,rf,0.0001,calibrate,144,0.490370551571952,0.943678896856096,0.0,0.4948076309127814,0.0,0.0373711312278211,0.0317233637345135,0.0971419522595389,0.0702502953604694,,,0.0,
43,nftonv2,nfunswv2,rf,0.0001,rethreshold,144,0.5290893903071325,0.9078602167187194,0.0784294816229412,0.4948076309127814,0.08926845491109,0.1142668453333333,0.1716244333333333,0.0971419522595389,0.36,0.199915846310606,0.4166666666666667,0.0,
43,nftonv2,nfunswv2,rf,0.001,calibrate,1392,0.490370551571952,0.943678896856096,0.0,0.5235033972038754,0.0,0.0363619273435139,0.0009329757013835,0.1568366149699453,0.0402494836354131,,,0.0,
43,nftonv2,nfunswv2,rf,0.001,rethreshold,1392,0.5327163271054466,0.9078602167187194,0.0901619753718187,0.4948076309127814,0.0944492366531214,0.1142668453333333,0.1716244333333333,0.0971419522595389,0.36,0.0967832151209643,0.3933333333333333,0.0,
43,nftonv2,nfunswv2,rf,0.01,calibrate,13907,0.490370551571952,0.943678896856096,0.0,0.5235033972038754,0.0,0.0363604681570553,0.0029548635487367,0.1568366149699453,0.0417274269772948,,,0.0,
43,nftonv2,nfunswv2,rf,0.01,rethreshold,13907,0.5297180058421307,0.9078602167187194,0.0960472347241237,0.4948076309127814,0.1125533927105309,0.1142668453333333,0.1716244333333333,0.0971419522595389,0.36,0.0873161570786454,0.35,0.0,
43,nftonv2,nfunswv2,rf,0.05,calibrate,69537,0.490370551571952,0.943678896856096,0.0,0.5235033972038754,0.0,0.0363607043733039,0.000794806084977,0.1568366149699453,0.0403536650705438,,,0.0,
43,nftonv2,nfunswv2,rf,0.05,rethreshold,69537,0.5326961653999012,0.9078602167187194,0.0970177837221769,0.4948076309127814,0.1042184138597603,0.1142668453333333,0.1716244333333333,0.0971419522595389,0.36,0.0947202341642903,0.3633333333333333,0.0,
43,nftonv2,nfunswv2,rf,0.1,calibrate,139072,0.490370551571952,0.943678896856096,0.0,0.5235033972038754,0.0,0.036361400477535,3.461200231891226e-05,0.1568366149699453,0.0385465764987616,,,0.0,
43,nftonv2,nfunswv2,rf,0.1,rethreshold,139072,0.5326961653999012,0.9078602167187194,0.0970177837221769,0.4948076309127814,0.1042184138597603,0.1142668453333333,0.1716244333333333,0.0971419522595389,0.36,0.0998730442880665,0.3633333333333333,0.0,
43,nftonv2,nftonv2,rf,0.0,in_domain,250001,0.9912179648337214,0.9930234406486332,0.9824621145227678,0.9983242434631774,0.0179737965767672,0.0055420847659793,0.0027138969028177,0.9830595470728988,0.5566666666666666,,,,139.0
43,nftonv2,nfbotv2,rf,0.0,zero_shot,250001,0.0377348352229797,0.0667565776047344,0.0046713972421666,0.5144694704850781,0.0214541120381406,0.5648071915555556,0.7264417666666669,0.1437175002842556,0.03,,,,139.0
43,nftonv2,nfbotv2,rf,0.0001,calibrate,211,0.4989490456231946,0.9937119087536106,0.0,0.5069332722658647,1.0,0.0041777841552793,0.0005939081338555,0.1146111809216681,0.9951711746210312,,,0.0,
43,nftonv2,nfbotv2,rf,0.0001,rethreshold,211,0.227622605465806,0.0667565776047344,0.0173170798640609,0.5144694704850781,0.1656734207389749,0.5648071915555556,0.7264417666666669,0.1437175002842556,0.03,0.0465562851259533,0.3033333333333333,0.0,
43,nftonv2,nfbotv2,rf,0.001,calibrate,2101,0.4989490456231946,0.9937119087536106,0.0,0.5144694704850781,1.0,0.0041770953245448,6.24073495703037e-05,0.1437175002842556,0.9955268889145148,,,0.0,
43,nftonv2,nfbotv2,rf,0.001,rethreshold,2101,0.5049409243048849,0.0667565776047344,0.0811311933911732,0.5144694704850781,0.6221692491060786,0.5648071915555556,0.7264417666666669,0.1437175002842556,0.03,0.0654417308419256,0.1766666666666666,0.0,
43,nftonv2,nfbotv2,rf,0.01,calibrate,21000,0.4989490456231946,0.9937119087536106,0.0,0.5144694704850781,1.0,0.0041755882279656,5.508937361586863e-05,0.1437175002842556,0.9944117948601394,,,0.0,
43,nftonv2,nfbotv2,rf,0.01,rethreshold,21000,0.5264906854741502,0.0667565776047344,0.1437175002842556,0.5144694704850781,0.9713945172824792,0.5648071915555556,0.7264417666666669,0.1437175002842556,0.03,0.2127738062687576,0.03,0.0,
43,nftonv2,nfbotv2,rf,0.05,calibrate,105000,0.4989490456231946,0.9937119087536106,0.0,0.5144694704850781,1.0,0.00417563092103,4.369786176905421e-05,0.1437175002842556,0.9943532300184824,,,0.0,
43,nftonv2,nfbotv2,rf,0.05,rethreshold,105000,0.5264906854741502,0.0667565776047344,0.1437175002842556,0.5144694704850781,0.9713945172824792,0.5648071915555556,0.7264417666666669,0.1437175002842556,0.03,0.1317857328030366,0.03,0.0,
43,nftonv2,nfbotv2,rf,0.1,calibrate,210001,0.4989490456231946,0.9937119087536106,0.0,0.5144694704850781,1.0,0.0041756063710881,4.713191920191484e-05,0.1437175002842556,0.9944214072842494,,,0.0,
43,nftonv2,nfbotv2,rf,0.1,rethreshold,210001,0.5264906854741502,0.0667565776047344,0.1437175002842556,0.5144694704850781,0.9713945172824792,0.5648071915555556,0.7264417666666669,0.1437175002842556,0.03,0.1317104154783166,0.03,0.0,
43,nftonv2,nf2018v2,lgbm,0.0,zero_shot,250001,0.4844497104824213,0.7281936737209402,0.0026328013567258,0.4521665845389976,0.261714363494062,0.2708357995763933,0.2300746730228794,0.0799351113074324,0.9971360512476242,,,,10.0
43,nftonv2,nf2018v2,lgbm,0.0001,calibrate,217,0.4685389944276592,0.8261331950887618,0.0,0.6517710188380246,0.0,0.1051843728385852,0.0349758020963091,0.4527024075831021,0.1582883074892844,,,0.0,
43,nftonv2,nf2018v2,lgbm,0.0001,rethreshold,217,0.5172985653399526,0.7281936737209402,0.034622578306844,0.4521665845389976,0.1112963782171254,0.2708357995763933,0.2300746730228794,0.0799351113074324,0.9971360512476242,0.1313214739406727,0.947687397468095,0.0,
43,nftonv2,nf2018v2,lgbm,0.001,calibrate,2102,0.4685389944276592,0.8261331950887618,0.0,0.6517710188380246,0.0,0.1043033084433615,0.0008488635902089,0.4527024075831021,0.1262613107394985,,,0.0,
43,nftonv2,nf2018v2,lgbm,0.001,rethreshold,2102,0.532942365167231,0.7281936737209402,0.0667160773781579,0.4521665845389976,0.12730685904198,0.2708357995763933,0.2300746730228794,0.0799351113074324,0.9971360512476242,0.079821046557153,0.9191198990806224,0.0,
43,nftonv2,nf2018v2,lgbm,0.01,calibrate,21001,0.4685389944276592,0.8261331950887618,0.0,0.6517710188380246,0.0,0.1043076741166507,1.2445227466684194e-05,0.4527024075831021,0.1239219253631882,,,0.0,
43,nftonv2,nf2018v2,lgbm,0.01,rethreshold,21001,0.47741873999953,0.7281936737209402,0.0724301027812013,0.4521665845389976,0.0004140152675219,0.2708357995763933,0.2300746730228794,0.0799351113074324,0.9971360512476242,0.0876944213351039,0.9983859478156312,0.0,
43,nftonv2,nf2018v2,lgbm,0.05,calibrate,105000,0.4685389944276592,0.8261331950887618,0.0,0.6517710188380246,0.0,0.1043071530043758,2.485065601731673e-05,0.4527024075831021,0.1240081861960778,,,0.0,
43,nftonv2,nf2018v2,lgbm,0.05,rethreshold,105000,0.4807121108018762,0.7281936737209402,0.0785849350148583,0.4521665845389976,0.0008507163031272,0.2708357995763933,0.2300746730228794,0.0799351113074324,0.9971360512476242,0.079003573052772,0.997360788730092,0.0,
43,nftonv2,nf2018v2,lgbm,0.1,calibrate,210000,0.4685389944276592,0.8261331950887618,0.0,0.6517710188380246,0.0,0.1043062705904124,9.39262152732656e-06,0.4527024075831021,0.1242032193351469,,,0.0,
43,nftonv2,nf2018v2,lgbm,0.1,rethreshold,210000,0.481311945207493,0.7281936737209402,0.0794562479293316,0.4521665845389976,0.0009471308174816,0.2708357995763933,0.2300746730228794,0.0799351113074324,0.9971360512476242,0.0773241548672612,0.9972387931499088,0.0,
43,nftonv2,nfunswv2,lgbm,0.0,zero_shot,250001,0.4125575775232773,0.7318535936565007,-0.0033305717269156,0.5029026615208403,0.3745544111992184,0.3113358560142567,0.2580575594564006,0.0562437134007836,0.9998198771169146,,,,10.0
43,nftonv2,nfunswv2,lgbm,0.0001,calibrate,144,0.490370551571952,0.943678896856096,0.0,0.4996487982788407,0.0,0.0373507156658731,0.0314782368624683,0.0344774474683265,0.071406273281118,,,0.0,
43,nftonv2,nfunswv2,lgbm,0.0001,rethreshold,144,0.1358380129698709,0.7318535936565007,0.0110180184497811,0.5029026615208403,0.8898733124785649,0.3113358560142567,0.2580575594564006,0.0562437134007836,0.9998198771169146,0.0965834261607819,0.0081536313274097,0.0,
43,nftonv2,nfunswv2,lgbm,0.001,calibrate,1392,0.490370551571952,0.943678896856096,0.0,0.4996487982788407,0.0,0.0363608012205365,0.0009199036635478,0.0344774474683265,0.0409998945286266,,,0.0,
43,nftonv2,nfunswv2,lgbm,0.001,rethreshold,1392,0.0790737548610357,0.7318535936565007,0.0324691599361876,0.5029026615208403,0.956719427152077,0.3113358560142567,0.2580575594564006,0.0562437134007836,0.9998198771169146,0.0458789475202918,0.0020153059490463,0.0,
43,nftonv2,nfunswv2,lgbm,0.01,calibrate,13907,0.490370551571952,0.943678896856096,0.0,0.4996487982788407,0.0,0.036359239420982,8.381735722906569e-05,0.0344774474683265,0.0396587561505819,,,0.0,
43,nftonv2,nfunswv2,lgbm,0.01,rethreshold,13907,0.4944372714917338,0.7318535936565007,0.0426839036864714,0.5029026615208403,0.0001610874964924,0.3113358560142567,0.2580575594564006,0.0562437134007836,0.9998198771169146,0.0633871186911687,0.9998178017210486,0.0,
43,nftonv2,nfunswv2,lgbm,0.05,calibrate,69537,0.490370551571952,0.943678896856096,0.0,0.4996487982788407,0.0,0.0363593965905537,1.98122859194072e-05,0.0344774474683265,0.0398173856673603,,,0.0,
43,nftonv2,nfunswv2,lgbm,0.05,rethreshold,69537,0.4944812951074125,0.7318535936565007,0.0562437134007836,0.5029026615208403,3.637459598216606e-05,0.3113358560142567,0.2580575594564006,0.0562437134007836,0.9998198771169146,0.0689839457835783,0.9998198771169146,0.0,
43,nftonv2,nfunswv2,lgbm,0.1,calibrate,139072,0.490370551571952,0.943678896856096,0.0,0.4996487982788407,0.0,0.036359006178956,3.930810739938284e-05,0.0344774474683265,0.0388362743418959,,,0.0,
43,nftonv2,nfunswv2,lgbm,0.1,rethreshold,139072,0.4944812951074125,0.7318535936565007,0.0562437134007836,0.5029026615208403,3.637459598216606e-05,0.3113358560142567,0.2580575594564006,0.0562437134007836,0.9998198771169146,0.0592255701595045,0.9998198771169146,0.0,
43,nftonv2,nftonv2,lgbm,0.0,in_domain,250001,0.9917772773382392,0.9934659816260406,0.9835727435644376,0.9989395574497624,0.0162950257289879,0.0057591517567801,0.0030889226707797,0.983687928227991,0.5340950368071335,,,,10.0
43,nftonv2,nfbotv2,lgbm,0.0,zero_shot,250001,0.01414439079681,0.0200196723234682,-0.0103436195060769,0.501476266695385,0.0262216924910607,0.9368944321540232,0.9568019393062464,0.0468724766862903,0.000708277402592,,,,10.0
43,nftonv2,nfbotv2,lgbm,0.0001,calibrate,211,0.4989490456231946,0.9937119087536106,0.0,0.501476266695385,1.0,0.0041777677946562,0.0006006349832342,0.0468724766862903,0.9951977667588904,,,0.0,
43,nftonv2,nfbotv2,lgbm,0.0001,rethreshold,211,0.4413809827274516,0.0200196723234682,0.0055919846526581,0.501476266695385,0.7413587604290822,0.9368944321540232,0.9568019393062464,0.0468724766862903,0.000708277402592,0.1206666464290756,0.0003637383912491,0.0,
43,nftonv2,nfbotv2,lgbm,0.001,calibrate,2101,0.4989490456231946,0.9937119087536106,0.0,0.501476266695385,1.0,0.0041774513988696,0.0001605828488042,0.0468724766862903,0.9956149096763122,,,0.0,
43,nftonv2,nfbotv2,lgbm,0.001,rethreshold,2101,0.4358424872038651,0.0200196723234682,0.046856813486936,0.501476266695385,0.4290822407628128,0.9368944321540232,0.9568019393062464,0.0468724766862903,0.000708277402592,0.0641623991044832,0.0007110155554846,0.0,
43,nftonv2,nfbotv2,lgbm,0.01,calibrate,21000,0.4989490456231946,0.9937119087536106,0.0,0.501476266695385,1.0,0.0041774350657999,6.584497423334223e-05,0.0468724766862903,0.9957033899844072,,,0.0,
43,nftonv2,nfbotv2,lgbm,0.01,rethreshold,21000,0.4342002733787397,0.0200196723234682,0.0465824751948344,0.501476266695385,0.4243146603098927,0.9368944321540232,0.9568019393062464,0.0468724766862903,0.000708277402592,0.0445962252814555,0.0007856019802377,0.0,
43,nftonv2,nfbotv2,lgbm,0.05,calibrate,105000,0.4989490456231946,0.9937119087536106,0.0,0.501476266695385,1.0,0.0041774262014654,7.110320050429664e-05,0.0468724766862903,0.9957096208254896,,,0.0,
43,nftonv2,nfbotv2,lgbm,0.05,rethreshold,105000,0.4358662082177549,0.0200196723234682,0.0468703879805729,0.501476266695385,0.4290822407628128,0.9368944321540232,0.9568019393062464,0.0468724766862903,0.000708277402592,0.0487213669897557,0.0007108493083774,0.0,
43,nftonv2,nfbotv2,lgbm,0.1,calibrate,210001,0.4989490456231946,0.9937119087536106,0.0,0.501476266695385,1.0,0.0041774247761005,7.492523935803685e-05,0.0468724766862903,0.9957082189352194,,,0.0,
43,nftonv2,nfbotv2,lgbm,0.1,rethreshold,210001,0.4358662082177549,0.0200196723234682,0.0468703879805729,0.501476266695385,0.4290822407628128,0.9368944321540232,0.9568019393062464,0.0468724766862903,0.000708277402592,0.0439867561577711,0.0007108493083774,0.0,
43,nftonv2,nf2018v2,mlp,0.0,zero_shot,250001,0.4378675490692176,0.6540654260734621,-0.0406705165610787,0.5109162520050872,0.3849037556289062,0.3546544776995205,0.3441152453021451,0.2277249825553153,0.9954473248355876,,,,69.0
43,nftonv2,nf2018v2,mlp,0.0001,calibrate,217,0.4685389944276592,0.8261331950887618,0.0,0.5317832776049446,0.0,0.1050619602512256,0.0294228365308875,0.2694645097624099,0.1681764262344586,,,0.0,
43,nftonv2,nf2018v2,mlp,0.0001,rethreshold,217,0.5695643308523559,0.6540654260734621,0.223587340290752,0.5109162520050872,0.0128061160830752,0.3546544776995205,0.3441152453021451,0.2277249825553153,0.9954473248355876,0.2918660836938934,0.9948500233650304,0.0,
43,nftonv2,nf2018v2,mlp,0.001,calibrate,2102,0.4685389944276592,0.8261331950887618,0.0,0.5317862276972687,0.0,0.1041443837409118,0.0222574592244249,0.2694645097624099,0.1328718404450618,,,0.0,
43,nftonv2,nf2018v2,mlp,0.001,rethreshold,2102,0.5654066307358657,0.6540654260734621,0.2243430512541928,0.5109162520050872,0.0106906682092988,0.3546544776995205,0.3441152453021451,0.2277249825553153,0.9954473248355876,0.2577063394648653,0.995178885288328,0.0,
43,nftonv2,nf2018v2,mlp,0.01,calibrate,21001,0.4685389944276592,0.8261331950887618,0.0,0.5317845974644736,0.0,0.104157855364634,0.0300893065612107,0.2694645097624099,0.129427167447895,,,0.0,
43,nftonv2,nf2018v2,mlp,0.01,rethreshold,21001,0.559666847254035,0.6540654260734621,0.2264087230025723,0.5109162520050872,0.0080024046914168,0.3546544776995205,0.3441152453021451,0.2277249825553153,0.9954473248355876,0.2379371834567658,0.9955855059345424,0.0,
43,nftonv2,nf2018v2,mlp,0.05,calibrate,105000,0.4685389944276592,0.8261331950887618,0.0,0.5317806387554155,0.0,0.1041545183788838,0.0297311540557612,0.2694645097624099,0.1299225196717626,,,0.0,
43,nftonv2,nf2018v2,mlp,0.05,rethreshold,105000,0.5613975231482929,0.6540654260734621,0.2273624878455133,0.5109162520050872,0.0084674629371263,0.3546544776995205,0.3441152453021451,0.2277249825553153,0.9954473248355876,0.2297731142665362,0.9954926526051924,0.0,
43,nftonv2,nf2018v2,mlp,0.1,calibrate,210000,0.4685389944276592,0.8261331950887618,0.0,0.5317817799939113,0.0,0.104151924150535,0.0293690391403569,0.2694645097624099,0.1303445279696191,,,0.0,
43,nftonv2,nf2018v2,mlp,0.1,rethreshold,210000,0.5613975231482929,0.6540654260734621,0.2273624878455133,0.5109162520050872,0.0084674629371263,0.3546544776995205,0.3441152453021451,0.2277249825553153,0.9954473248355876,0.2254123300716503,0.9954926526051924,0.0,
43,nftonv2,nfunswv2,mlp,0.0,zero_shot,250001,0.3636101105568322,0.6488314986703012,-0.040475973921961,0.5058482143722458,0.4813865995988401,0.4232117087295377,0.4271924036283996,0.1070485091900322,0.0004840047903781,,,,69.0
43,nftonv2,nfunswv2,mlp,0.0001,calibrate,144,0.490370551571952,0.943678896856096,0.0,0.5058684725406103,0.0,0.037828245102484,0.0322839353578832,0.1070485091900322,0.0548435429306084,,,0.0,
43,nftonv2,nfunswv2,mlp,0.0001,rethreshold,144,0.4484906435756146,0.6488314986703012,-0.0215816447077979,0.5058482143722458,0.2468795793018156,0.4232117087295377,0.4271924036283996,0.1070485091900322,0.0004840047903781,0.176032861423659,0.9842103197172684,0.0,
43,nftonv2,nfunswv2,mlp,0.001,calibrate,1392,0.490370551571952,0.943678896856096,0.0,0.5059094293582724,0.0,0.0364826098986736,0.0047826829587646,0.1070485091900322,0.0327966709037042,,,0.0,
43,nftonv2,nfunswv2,mlp,0.001,rethreshold,1392,0.3266127137988902,0.6488314986703012,0.1032248013512507,0.5058482143722458,0.6157699462695254,0.4232117087295377,0.4271924036283996,0.1070485091900322,0.0004840047903781,0.1536781031199906,0.0010577119064328,0.0,
43,nftonv2,nfunswv2,mlp,0.01,calibrate,13907,0.490370551571952,0.943678896856096,0.0,0.4967099623869874,0.0,0.0363377523948532,6.214624000952365e-05,0.0424070644707765,0.0343287968859039,,,0.0,
43,nftonv2,nfunswv2,mlp,0.01,rethreshold,13907,0.3162197890337217,0.6488314986703012,0.1054709782264328,0.5058482143722458,0.6353654607622037,0.4232117087295377,0.4271924036283996,0.1070485091900322,0.0004840047903781,0.107033611715428,0.0002902922591587,0.0,
43,nftonv2,nfunswv2,mlp,0.05,calibrate,69537,0.490370551571952,0.943678896856096,0.0,0.4966939875121734,0.0,0.0363320356370525,0.0007712538704627,0.0424070644707765,0.0350364543275016,,,0.0,
43,nftonv2,nfunswv2,mlp,0.05,rethreshold,69537,0.3215339986082741,0.6488314986703012,0.1068707421034006,0.5058482143722458,0.6261315097535881,0.4232117087295377,0.4271924036283996,0.1070485091900322,0.0004840047903781,0.1058286423121305,0.0005268836624885,0.0,
43,nftonv2,nfunswv2,mlp,0.1,calibrate,139072,0.490370551571952,0.943678896856096,0.0,0.496700025803613,0.0,0.0363304925277821,0.0014522112651094,0.0424070644707765,0.0355488081897805,,,0.0,
43,nftonv2,nfunswv2,mlp,0.1,rethreshold,139072,0.3215339986082741,0.6488314986703012,0.1068707421034006,0.5058482143722458,0.6261315097535881,0.4232117087295377,0.4271924036283996,0.1070485091900322,0.0004840047903781,0.1081242190688824,0.0005268836624885,0.0,
43,nftonv2,nftonv2,mlp,0.0,in_domain,250001,0.9770515304907946,0.9817869758540374,0.9541680223854012,0.9958543950719638,0.0414948359548921,0.0142914328361824,0.0040920026869487,0.9549256628384546,0.4688462565611296,,,,69.0
43,nftonv2,nfbotv2,mlp,0.0,zero_shot,250001,0.0868653891578444,0.1684032698595644,-0.0894761092074464,0.5160781271650309,0.4970202622169249,0.8684965680673603,0.8640105372292334,0.1708462744337285,4.136512011143334e-09,,,,69.0
43,nftonv2,nfbotv2,mlp,0.0001,calibrate,211,0.4989490456231946,0.9937119087536106,0.0,0.5653016564000816,1.0,0.0041639265955469,0.0005704574445409,0.2731814583783197,0.9902643772014896,,,0.0,
43,nftonv2,nfbotv2,mlp,0.0001,rethreshold,211,0.0041774754903181,0.1684032698595644,0.0,0.5160781271650309,0.0,0.8684965680673603,0.8640105372292334,0.1708462744337285,4.136512011143334e-09,0.0,inf,0.0,
43,nftonv2,nfbotv2,mlp,0.001,calibrate,2101,0.4989490456231946,0.9937119087536106,0.0,0.5653016563984714,1.0,0.0041480548906946,1.128795691696105e-06,0.2731814583783197,0.982121660951322,,,0.0,
43,nftonv2,nfbotv2,mlp,0.001,rethreshold,2101,0.5350456265856346,0.1684032698595644,0.1588078320993868,0.5160781271650309,0.9618593563766388,0.8684965680673603,0.8640105372292334,0.1708462744337285,4.136512011143334e-09,0.3326978068575605,6.982601203194215e-09,0.0,
43,nftonv2,nfbotv2,mlp,0.01,calibrate,21000,0.4989490456231946,0.9937119087536106,0.0,0.5653016560188869,1.0,0.0041393614039366,0.0001270392411149,0.2731814583783197,0.9724497861724904,,,0.0,
43,nftonv2,nfbotv2,mlp,0.01,rethreshold,21000,0.5342852732590861,0.1684032698595644,0.1708462744337285,0.5160781271650309,0.9630512514898688,0.8684965680673603,0.8640105372292334,0.1708462744337285,4.136512011143334e-09,0.1504466359517657,3.4269184961964113e-09,0.0,
43,nftonv2,nfbotv2,mlp,0.05,calibrate,105000,0.4989490456231946,0.9937119087536106,0.0,0.5653016563990936,1.0,0.0041376529201279,0.0009910151241372,0.2731814583783197,0.966018069026158,,,0.0,
43,nftonv2,nfbotv2,mlp,0.05,rethreshold,105000,0.5410458600878415,0.1684032698595644,0.1631983187879176,0.5160781271650309,0.9547079856972588,0.8684965680673603,0.8640105372292334,0.1708462744337285,4.136512011143334e-09,0.1790990274818504,6.791437278989583e-08,0.0,
43,nftonv2,nfbotv2,mlp,0.1,calibrate,210001,0.4989490456231946,0.9937119087536106,0.0,0.565301656019531,1.0,0.0041378113973522,9.026499718434168e-05,0.2731814583783197,0.9676447480517336,,,0.0,
43,nftonv2,nfbotv2,mlp,0.1,rethreshold,210001,0.5410458600878415,0.1684032698595644,0.1631983187879176,0.5160781271650309,0.9547079856972588,0.8684965680673603,0.8640105372292334,0.1708462744337285,4.136512011143334e-09,0.1923369162415318,6.791437278989583e-08,0.0,
43,nfbotv2,nf2018v2,rf,0.0,zero_shot,250000,0.5167959761752681,0.6466525050170927,0.307623031246126,0.7563464807253744,0.4732194507775547,0.200726149535919,0.2469922150389248,0.664899835690022,0.73,,,,50.0
43,nfbotv2,nf2018v2,rf,0.0001,calibrate,217,0.4685389944276592,0.8261331950887618,0.0,0.7563464807253744,0.0,0.0861194723556076,0.1264741568462699,0.664899835690022,0.27281565734223,,,0.0,
43,nfbotv2,nf2018v2,rf,0.0001,rethreshold,217,0.819963422900268,0.6466525050170927,0.6412179337047603,0.7563464807253744,0.0520808520774492,0.200726149535919,0.2469922150389248,0.664899835690022,0.73,0.701039657103363,0.7333333333333333,0.0,
43,nfbotv2,nf2018v2,rf,0.001,calibrate,2102,0.4888282541074128,0.8295483269267329,0.0583789858653825,0.7563464807253744,0.0063236578532457,0.0800737458043845,0.0989835092476584,0.664899835690022,0.2760418665975154,,,0.0,
43,nfbotv2,nf2018v2,rf,0.001,rethreshold,2102,0.8308429503312373,0.6466525050170927,0.664899835690022,0.7563464807253744,0.0549335874139358,0.200726149535919,0.2469922150389248,0.664899835690022,0.73,0.695311078733762,0.73,0.0,
43,nfbotv2,nf2018v2,rf,0.01,calibrate,21001,0.5918470431600497,0.8580486073642927,0.2761630115883568,0.7563464807253744,0.0106282823470695,0.0778670875426397,0.087416792662578,0.664899835690022,0.2891774627437295,,,0.0,
43,nfbotv2,nf2018v2,rf,0.01,rethreshold,21001,0.8308429503312373,0.6466525050170927,0.664899835690022,0.7563464807253744,0.0549335874139358,0.200726149535919,0.2469922150389248,0.664899835690022,0.73,0.6722837744908643,0.73,0.0,
43,nfbotv2,nf2018v2,rf,0.05,calibrate,105000,0.6016795917122995,0.860512183066302,0.2881743684230537,0.7563464807253744,0.0121198715985526,0.0776131222792375,0.0809084648503959,0.664899835690022,0.2922787053574747,,,0.0,
43,nfbotv2,nf2018v2,rf,0.05,rethreshold,105000,0.8308429503312373,0.6466525050170927,0.664899835690022,0.7563464807253744,0.0549335874139358,0.200726149535919,0.2469922150389248,0.664899835690022,0.73,0.6630321875487541,0.73,0.0,
43,nfbotv2,nf2018v2,rf,0.1,calibrate,210000,0.6016795917122995,0.860512183066302,0.2881743684230537,0.7563464807253744,0.0121198715985526,0.0776100805343826,0.080825048908263,0.664899835690022,0.29191218853632,,,0.0,
43,nfbotv2,nf2018v2,rf,0.1,rethreshold,210000,0.8308429503312373,0.6466525050170927,0.664899835690022,0.7563464807253744,0.0549335874139358,0.200726149535919,0.2469922150389248,0.664899835690022,0.73,0.6591435001077366,0.73,0.0,
43,nfbotv2,nfunswv2,rf,0.0,zero_shot,250000,0.1314163719090797,0.1876058386111167,-0.0147533565127068,0.512222249259273,0.8931366333752507,0.3467490595555556,0.5135061999999999,0.1502134397024702,0.68,,,,50.0
43,nfbotv2,nfunswv2,rf,0.0001,calibrate,144,0.490370551571952,0.943678896856096,0.0,0.512222249259273,0.0,0.037361138835699,0.0316503194328982,0.1502134397024702,0.0712578235362723,,,0.0,
43,nfbotv2,nfunswv2,rf,0.0001,rethreshold,144,0.5641240042740988,0.1876058386111167,0.1301057778694272,0.512222249259273,0.0434624458278338,0.3467490595555556,0.5135061999999999,0.1502134397024702,0.68,0.1402985074626865,0.69,0.0,
43,nfbotv2,nfunswv2,rf,0.001,calibrate,1392,0.490370551571952,0.943678896856096,0.0,0.512222249259273,0.0,0.0363600155823371,0.0021421860630584,0.1502134397024702,0.0400449660054553,,,0.0,
43,nfbotv2,nfunswv2,rf,0.001,rethreshold,1392,0.5681699923595984,0.1876058386111167,0.143746892098304,0.512222249259273,0.0551490838798183,0.3467490595555556,0.5135061999999999,0.1502134397024702,0.68,0.1386707213057623,0.6766666666666666,0.0,
43,nfbotv2,nfunswv2,rf,0.01,calibrate,13907,0.490370551571952,0.943678896856096,0.0,0.512222249259273,0.0,0.0363590963744195,0.0017422937021186,0.1502134397024702,0.0392331064129367,,,0.0,
43,nfbotv2,nfunswv2,rf,0.01,rethreshold,13907,0.5726802473932548,0.1876058386111167,0.1502134397024702,0.512222249259273,0.0494382723106182,0.3467490595555556,0.5135061999999999,0.1502134397024702,0.68,0.1555918981532873,0.68,0.0,
43,nfbotv2,nfunswv2,rf,0.05,calibrate,69537,0.490370551571952,0.943678896856096,0.0,0.512222249259273,0.0,0.0363590809580474,0.0021235178916377,0.1502134397024702,0.039091952578843,,,0.0,
43,nfbotv2,nfunswv2,rf,0.05,rethreshold,69537,0.5726802473932548,0.1876058386111167,0.1502134397024702,0.512222249259273,0.0494382723106182,0.3467490595555556,0.5135061999999999,0.1502134397024702,0.68,0.1487585352133685,0.68,0.0,
43,nfbotv2,nfunswv2,rf,0.1,calibrate,139072,0.490370551571952,0.943678896856096,0.0,0.512222249259273,0.0,0.0363590775962677,0.0021372759402481,0.1502134397024702,0.0390781516863621,,,0.0,
43,nfbotv2,nfunswv2,rf,0.1,rethreshold,139072,0.5726802473932548,0.1876058386111167,0.1502134397024702,0.512222249259273,0.0494382723106182,0.3467490595555556,0.5135061999999999,0.1502134397024702,0.68,0.1488565431256085,0.68,0.0,
43,nfbotv2,nftonv2,rf,0.0,zero_shot,250000,0.449405116428503,0.5808380194281861,-0.0944987113616947,0.4019734887574593,0.8634356410349987,0.3656742520379267,0.3888761443807218,0.0122654234512445,0.0166666666666666,,,,50.0
43,nfbotv2,nftonv2,rf,0.0001,calibrate,213,0.4206219075539693,0.6107334447783608,0.0,0.7332722125304882,1.0,0.1876772814328729,0.162333609580952,0.655539486909981,0.6584763780088402,,,0.0,
43,nfbotv2,nftonv2,rf,0.0001,rethreshold,213,0.4352463138384398,0.5808380194281861,0.0122654234512445,0.4019734887574593,0.9820444509324476,0.3656742520379267,0.3888761443807218,0.0122654234512445,0.0166666666666666,0.1484606728905584,0.0166666666666666,0.0,
43,nfbotv2,nftonv2,rf,0.001,calibrate,2100,0.4206219075539693,0.6107334447783608,0.0,0.7332722125304882,1.0,0.185571163475618,0.2447791765813178,0.655539486909981,0.6343069727796073,,,0.0,
43,nfbotv2,nftonv2,rf,0.001,rethreshold,2100,0.4352463138384398,0.5808380194281861,0.0122654234512445,0.4019734887574593,0.9820444509324476,0.3656742520379267,0.3888761443807218,0.0122654234512445,0.0166666666666666,0.0291279771365389,0.0166666666666666,0.0,
43,nfbotv2,nftonv2,rf,0.01,calibrate,21000,0.4206219075539693,0.6107334447783608,0.0,0.7332722125304882,1.0,0.184997065976822,0.2214633957516463,0.655539486909981,0.6281113686348803,,,0.0,
43,nfbotv2,nftonv2,rf,0.01,rethreshold,21000,0.4352463138384398,0.5808380194281861,0.0122654234512445,0.4019734887574593,0.9820444509324476,0.3656742520379267,0.3888761443807218,0.0122654234512445,0.0166666666666666,0.0137814943794928,0.0166666666666666,0.0,
43,nfbotv2,nftonv2,rf,0.05,calibrate,105000,0.4206219075539693,0.6107334447783608,0.0,0.7332722125304882,1.0,0.1850588963325161,0.2374905985912146,0.655539486909981,0.6294837495442273,,,0.0,
43,nfbotv2,nftonv2,rf,0.05,rethreshold,105000,0.4352463138384398,0.5808380194281861,0.0122654234512445,0.4019734887574593,0.9820444509324476,0.3656742520379267,0.3888761443807218,0.0122654234512445,0.0166666666666666,0.0153911471838557,0.0166666666666666,0.0,
43,nfbotv2,nftonv2,rf,0.1,calibrate,210000,0.4206219075539693,0.6107334447783608,0.0,0.7332722125304882,1.0,0.1850797001579184,0.2374497548754269,0.655539486909981,0.6298423527020971,,,0.0,
43,nfbotv2,nftonv2,rf,0.1,rethreshold,210000,0.4352463138384398,0.5808380194281861,0.0122654234512445,0.4019734887574593,0.9820444509324476,0.3656742520379267,0.3888761443807218,0.0122654234512445,0.0166666666666666,0.0140063226136648,0.0166666666666666,0.0,
43,nfbotv2,nfbotv2,rf,0.0,in_domain,250000,0.985838686029738,0.9997616848961426,0.9717748420751572,0.9952712268426488,0.0143027413587604,0.0002076691666666,0.0001589166666668,0.9734311866674256,0.4533333333333333,,,,50.0
43,nfbotv2,nf2018v2,lgbm,0.0,zero_shot,250000,0.1083328828024111,0.0291671869473006,0.0146244927042815,0.5002273127653517,0.9976917230975147,0.87960060199699,0.87960060199699,0.0146244927042815,1.0,,,,9.0
43,nfbotv2,nf2018v2,lgbm,0.0001,calibrate,217,0.4685389944276592,0.8261331950887618,0.0,0.5002273127653517,0.0,0.1052182825688141,0.029111752624888,0.0146244927042815,0.1475394727364767,,,0.0,
43,nfbotv2,nf2018v2,lgbm,0.0001,rethreshold,217,0.1083328828024111,0.0291671869473006,0.0146244927042815,0.5002273127653517,0.9976917230975147,0.87960060199699,0.87960060199699,0.0146244927042815,1.0,0.0282984239985339,1.0,0.0,
43,nfbotv2,nf2018v2,lgbm,0.001,calibrate,2102,0.4685389944276592,0.8261331950887618,0.0,0.4998796251280771,0.0,0.1044100434105263,0.0010521753345109,0.0,inf,,,0.0,
43,nfbotv2,nf2018v2,lgbm,0.001,rethreshold,2102,0.4685389944276592,0.0291671869473006,0.0,0.5002273127653517,0.0,0.87960060199699,0.87960060199699,0.0146244927042815,1.0,0.0,inf,0.0,
43,nfbotv2,nf2018v2,lgbm,0.01,calibrate,21001,0.4685389944276592,0.8261331950887618,0.0,0.5002273127653517,0.0,0.1043580333103857,0.0001392668564758,0.0146244927042815,0.1185510018582233,,,0.0,
43,nfbotv2,nf2018v2,lgbm,0.01,rethreshold,21001,0.1083328828024111,0.0291671869473006,0.0146244927042815,0.5002273127653517,0.9976917230975147,0.87960060199699,0.87960060199699,0.0146244927042815,1.0,0.0123296949436013,1.0,0.0,
43,nfbotv2,nf2018v2,lgbm,0.05,calibrate,105000,0.4685389944276592,0.8261331950887618,0.0,0.5002273127653517,0.0,0.1043556558255807,0.0001192255656204,0.0146244927042815,0.1185306227261954,,,0.0,
43,nfbotv2,nf2018v2,lgbm,0.05,rethreshold,105000,0.1083328828024111,0.0291671869473006,0.0146244927042815,0.5002273127653517,0.9976917230975147,0.87960060199699,0.87960060199699,0.0146244927042815,1.0,0.0141492361117685,8.178109418414719e-52,0.0,
43,nfbotv2,nf2018v2,lgbm,0.1,calibrate,210000,0.4685389944276592,0.8261331950887618,0.0,0.5002273127653517,0.0,0.1043553663722277,8.3579633949225e-05,0.0146244927042815,0.1185582719337927,,,0.0,
43,nfbotv2,nf2018v2,lgbm,0.1,rethreshold,210000,0.1083328828024111,0.0291671869473006,0.0146244927042815,0.5002273127653517,0.9976917230975147,0.87960060199699,0.87960060199699,0.0146244927042815,1.0,0.0140908822309446,8.178109418414719e-52,0.0,
43,nfbotv2,nfunswv2,lgbm,0.0,zero_shot,250000,0.0366663604729998,0.0100797400894958,-0.2246116462524164,0.4973251342143679,0.9960143835545257,0.9624749952213348,0.9624749976100464,0.0,inf,,,,9.0
43,nfbotv2,nfunswv2,lgbm,0.0001,calibrate,144,0.490370551571952,0.943678896856096,0.0,0.5280577621854264,0.0,0.0369382296786003,0.0372217903161925,0.2255996482150679,0.0683175148004409,,,0.0,
43,nfbotv2,nfunswv2,lgbm,0.0001,rethreshold,144,0.490370551571952,0.0100797400894958,0.0,0.4973251342143679,0.0,0.9624749952213348,0.9624749976100464,0.0,inf,0.0,inf,0.0,
43,nfbotv2,nfunswv2,lgbm,0.001,calibrate,1392,0.490370551571952,0.943678896856096,0.0,0.5280577621854264,0.0,0.0347823417027595,0.004035469808894,0.2255996482150679,0.0366134376025223,,,0.0,
43,nfbotv2,nfunswv2,lgbm,0.001,rethreshold,1392,0.490370551571952,0.0100797400894958,0.0,0.4973251342143679,0.0,0.9624749952213348,0.9624749976100464,0.0,inf,0.0,inf,0.0,
43,nfbotv2,nfunswv2,lgbm,0.01,calibrate,13907,0.5800657373375954,0.950511123196368,0.2246116462524164,0.5280577621854264,0.0039856164454744,0.0345388767028466,0.0005905742176319,0.2255996482150679,0.033666656172488,,,0.0,
43,nfbotv2,nfunswv2,lgbm,0.01,rethreshold,13907,0.490370551571952,0.0100797400894958,0.0,0.4973251342143679,0.0,0.9624749952213348,0.9624749976100464,0.0,inf,0.0,inf,0.0,
43,nfbotv2,nfunswv2,lgbm,0.05,calibrate,69537,0.5800657373375954,0.950511123196368,0.2246116462524164,0.5280577621854264,0.0039856164454744,0.034530833912694,0.0002450225121757,0.2255996482150679,0.0340412678590949,,,0.0,
43,nfbotv2,nfunswv2,lgbm,0.05,rethreshold,69537,0.490370551571952,0.0100797400894958,0.0,0.4973251342143679,0.0,0.9624749952213348,0.9624749976100464,0.0,inf,0.0,inf,0.0,
43,nfbotv2,nfunswv2,lgbm,0.1,calibrate,139072,0.490370551571952,0.943678896856096,0.0,0.5280577621854264,0.0,0.0345303874834046,0.0003977012590879,0.2255996482150679,0.0342078842723267,,,0.0,
43,nfbotv2,nfunswv2,lgbm,0.1,rethreshold,139072,0.490370551571952,0.0100797400894958,0.0,0.4973251342143679,0.0,0.9624749952213348,0.9624749976100464,0.0,inf,0.0,inf,0.0,
43,nfbotv2,nftonv2,lgbm,0.0,zero_shot,250000,0.4307663849188352,0.6161328741603609,0.0417128063550186,0.5020153560201916,0.9894711871829496,0.2737463658466105,0.2737463672890188,0.0440087694163234,5.8745415175686505e-266,,,,9.0
43,nfbotv2,nftonv2,lgbm,0.0001,calibrate,213,0.4206219075539693,0.6107334447783608,0.0,0.4988604492745144,1.0,0.1990614202707439,0.0017652685043593,0.0,inf,,,0.0,
43,nfbotv2,nftonv2,lgbm,0.0001,rethreshold,213,0.2150776488318334,0.6161328741603609,0.0,0.5020153560201916,0.0,0.2737463658466105,0.2737463672890188,0.0440087694163234,5.8745415175686505e-266,0.0,inf,0.0,
43,nfbotv2,nftonv2,lgbm,0.001,calibrate,2100,0.4206219075539693,0.6107334447783608,0.0,0.5020151422330236,1.0,0.1989119264446524,0.000274274553852,0.0418336405772857,0.7199381646302294,,,0.0,
43,nfbotv2,nftonv2,lgbm,0.001,rethreshold,2100,0.4307813361719083,0.6161328741603609,0.0421976712182108,0.5020153560201916,0.9894711871829496,0.2737463658466105,0.2737463672890188,0.0440087694163234,5.8745415175686505e-266,0.0071454314201358,1.4753387119738375e-42,0.0,
43,nfbotv2,nftonv2,lgbm,0.01,calibrate,21000,0.4206219075539693,0.6107334447783608,0.0,0.5020151422330236,1.0,0.1986240245436925,0.0011298788904258,0.0418336405772857,0.5617878219211074,,,0.0,
43,nfbotv2,nftonv2,lgbm,0.01,rethreshold,21000,0.4307848306774055,0.6161328741603609,0.0428414186269635,0.5020153560201916,0.9894894346921644,0.2737463658466105,0.2737463672890188,0.0440087694163234,5.8745415175686505e-266,0.0291497940772995,3.0019544517181065e-87,0.0,
43,nfbotv2,nftonv2,lgbm,0.05,calibrate,105000,0.4307663849188352,0.6161328741603609,0.0417128063550186,0.5020151422330236,0.9894711871829496,0.1985830973372775,4.009416759914505e-05,0.0418336405772857,0.4798994486992998,,,0.0,
43,nfbotv2,nftonv2,lgbm,0.05,rethreshold,105000,0.4307597796031669,0.6161328741603609,0.043624459349275,0.5020153560201916,0.9895441772198096,0.2737463658466105,0.2737463672890188,0.0440087694163234,5.8745415175686505e-266,0.0429659002856414,5.024267035150202e-215,0.0,
43,nfbotv2,nftonv2,lgbm,0.1,calibrate,210000,0.4307663849188352,0.6161328741603609,0.0417128063550186,0.5020151422330236,0.9894711871829496,0.1985838946327813,0.0001031730767425,0.0418336405772857,0.4885971909899271,,,0.0,
43,nfbotv2,nftonv2,lgbm,0.1,rethreshold,210000,0.4307637758797406,0.6161328741603609,0.0432160033637604,0.5020153560201916,0.9895259297105944,0.2737463658466105,0.2737463672890188,0.0440087694163234,5.8745415175686505e-266,0.0412078186694539,5.265193024324528e-167,0.0,
43,nfbotv2,nfbotv2,lgbm,0.0,in_domain,250000,0.827113889020779,0.9973254353698164,0.6646018391021653,0.7228256341539622,0.4421930870083432,0.0024600533837452,0.0024616564928202,0.6731046285747344,2.8436699781531957e-303,,,,9.0
43,nfbotv2,nf2018v2,mlp,0.0,zero_shot,250000,0.5509119768799591,0.6972462177910305,0.3051184153347129,0.6025614655677562,0.3989859461666723,0.3434448718472336,0.3426894560461523,0.3733014703493246,0.9999999981228578,,,,47.0
43,nfbotv2,nf2018v2,mlp,0.0001,calibrate,217,0.4685389944276592,0.8261331950887618,0.0,0.6027502122102141,0.0,0.0940421002265804,0.0310614181043379,0.3733014703493246,0.2750471109691199,,,0.0,
43,nfbotv2,nf2018v2,mlp,0.0001,rethreshold,217,0.6821904944623689,0.6972462177910305,0.3702355502278167,0.6025614655677562,0.1047572055670875,0.3434448718472336,0.3426894560461523,0.3733014703493246,0.9999999981228578,0.4616180414760847,0.9999999990526892,0.0,
43,nfbotv2,nf2018v2,mlp,0.001,calibrate,2102,0.4685389944276592,0.8261331950887618,0.0,0.6028952568488011,0.0,0.0928702379767996,0.0156148330224425,0.3733014703493246,0.2500007930680942,,,0.0,
43,nfbotv2,nf2018v2,mlp,0.001,rethreshold,2102,0.6828356918654093,0.6972462177910305,0.3722707161675377,0.6025614655677562,0.1065323669196129,0.3434448718472336,0.3426894560461523,0.3733014703493246,0.9999999981228578,0.3961117902260289,0.999999998826706,0.0,
43,nfbotv2,nf2018v2,mlp,0.01,calibrate,21001,0.4685389944276592,0.8261331950887618,0.0,0.6028876887716241,0.0,0.0928625944038396,0.018211729917671,0.3733014703493246,0.2417286227712209,,,0.0,
43,nfbotv2,nf2018v2,mlp,0.01,rethreshold,21001,0.6828484036409719,0.6972462177910305,0.3723283940102201,0.6025614655677562,0.1066117671079048,0.3434448718472336,0.3426894560461523,0.3733014703493246,0.9999999981228578,0.3733772590277761,0.9999999988074886,0.0,
43,nfbotv2,nf2018v2,mlp,0.05,calibrate,105000,0.4685389944276592,0.8261331950887618,0.0,0.6028867161534845,0.0,0.0928520959710919,0.0177463343729283,0.3733014703493246,0.2431646518489116,,,0.0,
43,nfbotv2,nf2018v2,mlp,0.05,rethreshold,105000,0.6828356918654093,0.6972462177910305,0.3722707161675377,0.6025614655677562,0.1065323669196129,0.3434448718472336,0.3426894560461523,0.3733014703493246,0.9999999981228578,0.3764347092244926,0.999999998826706,0.0,
43,nfbotv2,nf2018v2,mlp,0.1,calibrate,210000,0.4685389944276592,0.8261331950887618,0.0,0.602862690019029,0.0,0.092843884770217,0.0181874503940128,0.3733014703493246,0.2439686438273415,,,0.0,
43,nfbotv2,nf2018v2,mlp,0.1,rethreshold,210000,0.6826669993585306,0.6972462177910305,0.3731299047701056,0.6025614655677562,0.1095779312848084,0.3434448718472336,0.3426894560461523,0.3733014703493246,0.9999999981228578,0.3750812484127075,0.9999999978565526,0.0,
43,nfbotv2,nfunswv2,mlp,0.0,zero_shot,250000,0.4862149971238184,0.8505467954249302,0.0443494659380301,0.5231553068796795,0.1916369607466145,0.1964728547712498,0.1991159544727609,0.1585230218140786,5.776363460737384e-25,,,,47.0
43,nfbotv2,nfunswv2,mlp,0.0001,calibrate,144,0.490370551571952,0.943678896856096,0.0,0.5204548308530429,0.0,0.0372449842831129,0.0320873779859045,0.1548538618295543,0.0657820692155895,,,0.0,
43,nfbotv2,nfunswv2,mlp,0.0001,rethreshold,144,0.3975823906107428,0.8505467954249302,0.1372094208279642,0.5231553068796795,0.4860841188513942,0.1964728547712498,0.1991159544727609,0.1585230218140786,5.776363460737384e-25,0.2694110131553738,6.0632493250818075e-34,0.0,
43,nfbotv2,nfunswv2,mlp,0.001,calibrate,1392,0.490370551571952,0.943678896856096,0.0,0.5204699386269935,0.0,0.0362889007432496,0.0170245820254048,0.1554674829433282,0.0321211151118515,,,0.0,
43,nfbotv2,nfunswv2,mlp,0.001,rethreshold,1392,0.4368029787306297,0.8505467954249302,0.1565875441064732,0.5231553068796795,0.4080969850656302,0.1964728547712498,0.1991159544727609,0.1585230218140786,5.776363460737384e-25,0.1967304717059342,1.3970969235142544e-23,0.0,
43,nfbotv2,nfunswv2,mlp,0.01,calibrate,13907,0.490370551571952,0.943678896856096,0.0,0.5205604979101172,0.0,0.0362632215884579,0.0150410405231354,0.1552506803758694,0.0329935476150359,,,0.0,
43,nfbotv2,nfunswv2,mlp,0.01,rethreshold,13907,0.4562578248504731,0.8505467954249302,0.1553995083705996,0.5231553068796795,0.3619012481682793,0.1964728547712498,0.1991159544727609,0.1585230218140786,5.776363460737384e-25,0.1650892025049165,1.607975157977404e-16,0.0,
43,nfbotv2,nfunswv2,mlp,0.05,calibrate,69537,0.490370551571952,0.943678896856096,0.0,0.5204403200788037,0.0,0.0362657700947681,0.0116143863225567,0.1554107211086637,0.0324400782144453,,,0.0,
43,nfbotv2,nfunswv2,mlp,0.05,rethreshold,69537,0.435396470727969,0.8505467954249302,0.1584075045870352,0.5231553068796795,0.4122332962658879,0.1964728547712498,0.1991159544727609,0.1585230218140786,5.776363460737384e-25,0.161275866272321,3.9626822639192417e-25,0.0,
43,nfbotv2,nfunswv2,mlp,0.1,calibrate,139072,0.490370551571952,0.943678896856096,0.0,0.5204289673102439,0.0,0.0362682538732835,0.010488844710317,0.1553812360455526,0.0321704393805217,,,0.0,
43,nfbotv2,nfunswv2,mlp,0.1,rethreshold,139072,0.435396470727969,0.8505467954249302,0.1584075045870352,0.5231553068796795,0.4122332962658879,0.1964728547712498,0.1991159544727609,0.1585230218140786,5.776363460737384e-25,0.1604613787115457,3.9626822639192417e-25,0.0,
43,nfbotv2,nftonv2,mlp,0.0,zero_shot,250000,0.3936995062458393,0.4418804113308244,-0.1462111774945756,0.4931098320447996,0.5682274369548557,0.5006727564660257,0.5035891990875558,0.1738944701260078,0.999981887840621,,,,47.0
43,nfbotv2,nftonv2,mlp,0.0001,calibrate,213,0.4206219075539693,0.6107334447783608,0.0,0.5202368819469403,1.0,0.1961884601825789,0.0547471203158348,0.1526714295615285,0.712347098163347,,,0.0,
43,nfbotv2,nftonv2,mlp,0.0001,rethreshold,213,0.4490881054619391,0.4418804113308244,0.0201875852910105,0.4931098320447996,0.9630487938396408,0.5006727564660257,0.5035891990875558,0.1738944701260078,0.999981887840621,0.1141376460323548,2.046734233502153e-44,0.0,
43,nfbotv2,nftonv2,mlp,0.001,calibrate,2100,0.4206219075539693,0.6107334447783608,0.0,0.5201272026439137,1.0,0.1959975697391799,0.0479859292289199,0.1526714295615285,0.705516480510028,,,0.0,
43,nfbotv2,nftonv2,mlp,0.001,rethreshold,2100,0.3820324769560665,0.4418804113308244,0.1736364665507282,0.4931098320447996,0.0438487646436261,0.5006727564660257,0.5035891990875558,0.1738944701260078,0.999981887840621,0.1568046916805623,0.999984467795788,0.0,
43,nfbotv2,nftonv2,mlp,0.01,calibrate,21000,0.4206219075539693,0.6107334447783608,0.0,0.5201183290735607,1.0,0.1960017695837246,0.0541050207661239,0.1526714295615285,0.7058970343635176,,,0.0,
43,nfbotv2,nftonv2,mlp,0.01,rethreshold,21000,0.3827876594389316,0.4418804113308244,0.1738390720855877,0.4931098320447996,0.0443596949016459,0.5006727564660257,0.5035891990875558,0.1738944701260078,0.999981887840621,0.1722162413838746,0.999979315390898,0.0,
43,nfbotv2,nftonv2,mlp,0.05,calibrate,105000,0.4206219075539693,0.6107334447783608,0.0,0.5202672205234322,1.0,0.1960020655747336,0.0539793828104911,0.1526714295615285,0.7057809851220839,,,0.0,
43,nfbotv2,nftonv2,mlp,0.05,rethreshold,105000,0.3826554342483458,0.4418804113308244,0.1738054797475099,0.4931098320447996,0.0442684573555709,0.5006727564660257,0.5035891990875558,0.1738944701260078,0.999981887840621,0.16822985098088,0.9999805926631278,0.0,
43,nfbotv2,nftonv2,mlp,0.1,calibrate,210000,0.4206219075539693,0.6107334447783608,0.0,0.5201720102960141,1.0,0.1960113111524237,0.0600951842492539,0.1526714295615285,0.7062672242071184,,,0.0,
43,nfbotv2,nftonv2,mlp,0.1,rethreshold,210000,0.382793564905047,0.4418804113308244,0.1738453125290466,0.4931098320447996,0.0443596949016459,0.5006727564660257,0.5035891990875558,0.1738944701260078,0.999981887840621,0.1713973529216536,0.9999792695747172,0.0,
43,nfbotv2,nfbotv2,mlp,0.0,in_domain,250000,0.9746707485996928,0.999575879054836,0.9493497624377714,0.9778961553190624,0.0464839094159713,0.0004098721313843,0.0002919299294156,0.9504791587968212,0.4731666675857906,,,,47.0
44,nf2018v2,nf2018v2,rf,0.0,in_domain,249999,0.9885035132064988,0.9952399517577112,0.9772471828944128,0.9851944548296424,0.0001020859563752,0.0049898095509522,0.0050961911857106,0.9773700091103606,0.53,,,,169.0
44,nf2018v2,nfunswv2,rf,0.0,zero_shot,249999,0.4906172816769453,0.9429786488259496,-0.0044576571869705,0.4824825535872173,0.0015796967397969,0.0696797066111111,0.1729029166666666,0.0366926149017229,0.0033333333333333,,,,169.0
44,nf2018v2,nfunswv2,rf,0.0001,calibrate,144,0.490370551571952,0.943678896856096,0.0,0.5369020807445422,0.0,0.0372101006170427,0.0316239969361119,0.2661200613757283,0.072958931438301,,,0.0,
44,nf2018v2,nfunswv2,rf,0.0001,rethreshold,144,0.0974997798930768,0.9429786488259496,-0.0332401523642761,0.4824825535872173,0.9326498373535924,0.0696797066111111,0.1729029166666666,0.0366926149017229,0.0033333333333333,0.0662556837391603,0.0233333333333333,0.0,
44,nf2018v2,nfunswv2,rf,0.001,calibrate,1392,0.490370551571952,0.943678896856096,0.0,0.5369020807445422,0.0,0.036061782079057,0.0029036910957375,0.2661200613757283,0.0458551846098325,,,0.0,
44,nf2018v2,nfunswv2,rf,0.001,rethreshold,1392,0.0859327442129406,0.9429786488259496,0.0319607573839516,0.4824825535872173,0.9492730277174422,0.0696797066111111,0.1729029166666666,0.0366926149017229,0.0033333333333333,0.0441021510797506,0.0066666666666666,0.0,
44,nf2018v2,nfunswv2,rf,0.01,calibrate,13907,0.490370551571952,0.943678896856096,0.0,0.5369020807445422,0.0,0.0354166433680404,0.0195829020771082,0.2661200613757283,0.063113729235846,,,0.0,
44,nf2018v2,nfunswv2,rf,0.01,rethreshold,13907,0.0718977704897319,0.9429786488259496,0.0366926149017229,0.4824825535872173,0.9645191798048244,0.0696797066111111,0.1729029166666666,0.0366926149017229,0.0033333333333333,0.0345244777482679,0.0033333333333333,0.0,
44,nf2018v2,nfunswv2,rf,0.05,calibrate,69537,0.490370551571952,0.943678896856096,0.0,0.5369020807445422,0.0,0.0352969192290787,0.0277618536233899,0.2661200613757283,0.068490979153237,,,0.0,
44,nf2018v2,nfunswv2,rf,0.05,rethreshold,69537,0.0718977704897319,0.9429786488259496,0.0366926149017229,0.4824825535872173,0.9645191798048244,0.0696797066111111,0.1729029166666666,0.0366926149017229,0.0033333333333333,0.036729052836943,0.0033333333333333,0.0,
44,nf2018v2,nfunswv2,rf,0.1,calibrate,139072,0.490370551571952,0.943678896856096,0.0,0.5369020807445422,0.0,0.035299360041324,0.0276395269331139,0.2661200613757283,0.0683317171328022,,,0.0,
44,nf2018v2,nfunswv2,rf,0.1,rethreshold,139072,0.0718977704897319,0.9429786488259496,0.0366926149017229,0.4824825535872173,0.9645191798048244,0.0696797066111111,0.1729029166666666,0.0366926149017229,0.0033333333333333,0.0373546094236528,0.0033333333333333,0.0,
44,nf2018v2,nftonv2,rf,0.0,zero_shot,249999,0.2416797254868497,0.1772384804071796,-0.1775102725114772,0.5562717218606633,0.1670012043356082,0.5553798455103385,0.6017486920767936,0.2317882940818026,0.0033333333333333,,,,169.0
44,nf2018v2,nftonv2,rf,0.0001,calibrate,213,0.4206219075539693,0.6107334447783608,0.0,0.5087157647649376,1.0,0.1986560812236857,0.1389417539996858,0.3252944963737498,0.6865093109899864,,,0.0,
44,nf2018v2,nftonv2,rf,0.0001,rethreshold,213,0.5635151453728111,0.1772384804071796,0.2208508518550419,0.5562717218606633,0.2761395569504762,0.5553798455103385,0.6017486920767936,0.2317882940818026,0.0033333333333333,0.2429497968618125,0.1433333333333333,0.0,
44,nf2018v2,nftonv2,rf,0.001,calibrate,2100,0.4206219075539693,0.6107334447783608,0.0,0.5087157647649376,1.0,0.1985758295974112,0.1568580356292475,0.3252944963737498,0.6568714018208354,,,0.0,
44,nf2018v2,nftonv2,rf,0.001,rethreshold,2100,0.5657683268219661,0.1772384804071796,0.2210572919822577,0.5562717218606633,0.2825444326849385,0.5553798455103385,0.6017486920767936,0.2317882940818026,0.0033333333333333,0.22919926737776,0.14,0.0,
44,nf2018v2,nftonv2,rf,0.01,calibrate,21000,0.4206219075539693,0.6107334447783608,0.0,0.5087157647649376,1.0,0.198646364237869,0.1304392818704138,0.3252944963737498,0.6829177268779094,,,0.0,
44,nf2018v2,nftonv2,rf,0.01,rethreshold,21000,0.6148765935917866,0.1772384804071796,0.2317882940818026,0.5562717218606633,0.5159848180723331,0.5553798455103385,0.6017486920767936,0.2317882940818026,0.0033333333333333,0.234715834084798,0.0033333333333333,0.0,
44,nf2018v2,nftonv2,rf,0.05,calibrate,105000,0.4206219075539693,0.6107334447783608,0.0,0.5087157647649376,1.0,0.1986285451167873,0.1331587949653287,0.3252944963737498,0.6784682925786757,,,0.0,
44,nf2018v2,nftonv2,rf,0.05,rethreshold,105000,0.6148765935917866,0.1772384804071796,0.2317882940818026,0.5562717218606633,0.5159848180723331,0.5553798455103385,0.6017486920767936,0.2317882940818026,0.0033333333333333,0.233946086034295,0.0033333333333333,0.0,
44,nf2018v2,nftonv2,rf,0.1,calibrate,210000,0.4206219075539693,0.6107334447783608,0.0,0.5087157647649376,1.0,0.198629437750246,0.1332178013305319,0.3252944963737498,0.6786867874444243,,,0.0,
44,nf2018v2,nftonv2,rf,0.1,rethreshold,210000,0.6148765935917866,0.1772384804071796,0.2317882940818026,0.5562717218606633,0.5159848180723331,0.5553798455103385,0.6017486920767936,0.2317882940818026,0.0033333333333333,0.2352340471499838,0.0033333333333333,0.0,
44,nf2018v2,nfbotv2,rf,0.0,zero_shot,249999,0.0503168315502609,0.0915215856685512,0.0142040289138937,0.5093979465376237,0.00119189511323,0.6059687658333335,0.7510819499999999,0.1323465603150709,0.03,,,,169.0
44,nf2018v2,nfbotv2,rf,0.0001,calibrate,211,0.4989490456231946,0.9937119087536106,0.0,0.5052236912770545,1.0,0.0041776907593428,0.000598669156547,0.0893361022465892,0.9951981990918276,,,0.0,
44,nf2018v2,nfbotv2,rf,0.0001,rethreshold,211,0.1349357936906871,0.0915215856685512,-0.0796967434885881,0.5093979465376237,0.600715137067938,0.6059687658333335,0.7510819499999999,0.1323465603150709,0.03,0.0291768784616363,0.28,0.0,
44,nf2018v2,nfbotv2,rf,0.001,calibrate,2101,0.4989490456231946,0.9937119087536106,0.0,0.5052236912770545,1.0,0.004176897198094,4.194170398030828e-05,0.0893361022465892,0.995689169796566,,,0.0,
44,nf2018v2,nfbotv2,rf,0.001,rethreshold,2101,0.0508847621217875,0.0915215856685512,0.002173205776667,0.5093979465376237,0.0417163289630512,0.6059687658333335,0.7510819499999999,0.1323465603150709,0.03,0.0154170445435352,0.3966666666666666,0.0,
44,nf2018v2,nfbotv2,rf,0.01,calibrate,21000,0.4989490456231946,0.9937119087536106,0.0,0.5052236912770545,1.0,0.0041770428167695,8.958345168874615e-05,0.0893361022465892,0.9958015612277028,,,0.0,
44,nf2018v2,nfbotv2,rf,0.01,rethreshold,21000,0.5421887768560408,0.0915215856685512,0.1253336826604055,0.5093979465376237,0.9499404052443384,0.6059687658333335,0.7510819499999999,0.1323465603150709,0.03,0.1492373124721232,0.02,0.0,
44,nf2018v2,nfbotv2,rf,0.05,calibrate,105000,0.4989490456231946,0.9937119087536106,0.0,0.5052236912770545,1.0,0.0041769593515984,1.1787199716284393e-05,0.0893361022465892,0.995701537554168,,,0.0,
44,nf2018v2,nfbotv2,rf,0.05,rethreshold,105000,0.5458260493310652,0.0915215856685512,0.1323465603150709,0.5093979465376237,0.9451728247914184,0.6059687658333335,0.7510819499999999,0.1323465603150709,0.03,0.1533198622090424,0.03,0.0,
44,nf2018v2,nfbotv2,rf,0.1,calibrate,210001,0.4989490456231946,0.9937119087536106,0.0,0.5052236912770545,1.0,0.0041770864478573,2.0404696480347265e-05,0.0893361022465892,0.9956879979216464,,,0.0,
44,nf2018v2,nfbotv2,rf,0.1,rethreshold,210001,0.5458260493310652,0.0915215856685512,0.1323465603150709,0.5093979465376237,0.9451728247914184,0.6059687658333335,0.7510819499999999,0.1323465603150709,0.03,0.1525385318164357,0.03,0.0,
44,nf2018v2,nf2018v2,lgbm,0.0,in_domain,249999,0.9883308322460964,0.9951688995889808,0.9769071643268518,0.987897817936764,0.0001134288404169,0.0047503155248887,0.0015705421910824,0.9769561152119306,0.5320012212937534,,,,11.0
44,nf2018v2,nfunswv2,lgbm,0.0,zero_shot,249999,0.5134703768202962,0.9454851492525296,0.1091451526347379,0.5163683574916107,0.0007794556281892,0.0377240771264496,0.0364361532344075,0.1156700360050832,0.4701607136373796,,,,11.0
44,nf2018v2,nfunswv2,lgbm,0.0001,calibrate,144,0.490370551571952,0.943678896856096,0.0,0.5163683574916107,0.0,0.037291346162528,0.0324595295345052,0.1156700360050832,0.0897259875747477,,,0.0,
44,nf2018v2,nfunswv2,lgbm,0.0001,rethreshold,144,0.5041885913418662,0.9454851492525296,0.0950448049604198,0.5163683574916107,0.0002442294301659,0.0377240771264496,0.0364361532344075,0.1156700360050832,0.4701607136373796,0.3061148374487811,0.7037601011404553,0.0,
44,nf2018v2,nfunswv2,lgbm,0.001,calibrate,1392,0.490370551571952,0.943678896856096,0.0,0.5163683574916107,0.0,0.0362810518595748,0.0024337041365231,0.1156700360050832,0.0636383024650252,,,0.0,
44,nf2018v2,nfunswv2,lgbm,0.001,rethreshold,1392,0.5041885913418662,0.9454851492525296,0.0950448049604198,0.5163683574916107,0.0002442294301659,0.0377240771264496,0.0364361532344075,0.1156700360050832,0.4701607136373796,0.1888159919523408,0.7037601011404553,0.0,
44,nf2018v2,nfunswv2,lgbm,0.01,calibrate,13907,0.49090177326216,0.9437234855831332,0.0180638053249727,0.5163683574916107,1.0392741709190302e-05,0.0360261188819546,0.0012344908331842,0.1156700360050832,0.1521311185867779,,,0.0,
44,nf2018v2,nfunswv2,lgbm,0.01,rethreshold,13907,0.5144482138109935,0.9454851492525296,0.1118170680410471,0.5163683574916107,0.0008054374824622,0.0377240771264496,0.0364361532344075,0.1156700360050832,0.4701607136373796,0.1250194930571905,0.4858270145527183,0.0,
44,nf2018v2,nfunswv2,lgbm,0.05,calibrate,69537,0.4961435597061791,0.9441352418675129,0.0545176799858204,0.5163683574916107,0.0001766766090562,0.0359698169236084,0.0013778967299595,0.1156700360050832,0.1973112157296802,,,0.0,
44,nf2018v2,nfunswv2,lgbm,0.05,rethreshold,69537,0.5158435476684425,0.9454851492525296,0.1131530645481209,0.5163683574916107,0.0009197576412633,0.0377240771264496,0.0364361532344075,0.1156700360050832,0.4701607136373796,0.1221207625031338,0.4607303778724902,0.0,
44,nf2018v2,nfunswv2,lgbm,0.1,calibrate,139072,0.4970585585145204,0.944215769960032,0.0599965884237085,0.5163683574916107,0.0001870693507654,0.0359661450268156,0.0014690375443247,0.1156700360050832,0.2029474523972282,,,0.0,
44,nf2018v2,nfunswv2,lgbm,0.1,rethreshold,139072,0.5105187439206007,0.9454851492525296,0.1073340440249643,0.5163683574916107,0.0005300298271687,0.0377240771264496,0.0364361532344075,0.1156700360050832,0.4701607136373796,0.1208500943170616,0.550827879914544,0.0,
44,nf2018v2,nftonv2,lgbm,0.0,zero_shot,249999,0.3402404111814355,0.3085926763190931,-0.00665242379555,0.5680697388292362,0.171928031823656,0.6293769492692606,0.6287556301434071,0.3140881755472023,0.0001879947161985,,,,11.0
44,nf2018v2,nftonv2,lgbm,0.0001,calibrate,213,0.4206219075539693,0.6107334447783608,0.0,0.4716382718052913,1.0,0.1990393796646576,0.1134566933093199,0.1818248704072705,0.6998162956256933,,,0.0,
44,nf2018v2,nftonv2,lgbm,0.0001,rethreshold,213,0.6216833538661235,0.3085926763190931,0.2737319461256022,0.5680697388292362,0.362669245647969,0.6293769492692606,0.6287556301434071,0.3140881755472023,0.0001879947161985,0.2426677454516344,0.0011698658972777,0.0,
44,nf2018v2,nftonv2,lgbm,0.001,calibrate,2100,0.4206219075539693,0.6107334447783608,0.0,0.4716382718052913,1.0,0.1989431701945002,0.0002140874408426,0.1818248704072705,0.7142054073969564,,,0.0,
44,nf2018v2,nftonv2,lgbm,0.001,rethreshold,2100,0.6549715221535981,0.3085926763190931,0.3118455841868327,0.5680697388292362,0.539487609941243,0.6293769492692606,0.6287556301434071,0.3140881755472023,0.0001879947161985,0.2844454623629797,0.0001872894302618,0.0,
44,nf2018v2,nftonv2,lgbm,0.01,calibrate,21000,0.4206219075539693,0.6107334447783608,0.0,0.4716382718052913,1.0,0.1989283408476128,5.466115853725029e-06,0.1818248704072705,0.722133356148448,,,0.0,
44,nf2018v2,nftonv2,lgbm,0.01,rethreshold,21000,0.6562245374670853,0.3085926763190931,0.3140121524654233,0.5680697388292362,0.5342323272873253,0.6293769492692606,0.6287556301434071,0.3140881755472023,0.0001879947161985,0.3184021643138534,0.0001883368579366,0.0,
44,nf2018v2,nftonv2,lgbm,0.05,calibrate,105000,0.4206219075539693,0.6107334447783608,0.0,0.4716382718052913,1.0,0.198929213674063,2.9017753192528417e-06,0.1818248704072705,0.7208255160653813,,,0.0,
44,nf2018v2,nftonv2,lgbm,0.05,rethreshold,105000,0.6562553720959842,0.3085926763190931,0.3140881755472023,0.5680697388292362,0.5343418123426152,0.6293769492692606,0.6287556301434071,0.3140881755472023,0.0001879947161985,0.3195460999766652,0.0001879947161985,0.0,
44,nf2018v2,nftonv2,lgbm,0.1,calibrate,210000,0.4206219075539693,0.6107334447783608,0.0,0.4716382718052913,1.0,0.1989301927250501,7.350306918674222e-08,0.1818248704072705,0.7198841719546353,,,0.0,
44,nf2018v2,nftonv2,lgbm,0.1,rethreshold,210000,0.6562553720959842,0.3085926763190931,0.3140881755472023,0.5680697388292362,0.5343418123426152,0.6293769492692606,0.6287556301434071,0.3140881755472023,0.0001879947161985,0.3187243497161113,0.0001879947161985,0.0,
44,nf2018v2,nfbotv2,lgbm,0.0,zero_shot,249999,0.067088815493156,0.1249620742660382,0.0108501951550871,0.5461572018148394,0.0250297973778307,0.4831203747762698,0.6500985827977991,0.3466906653506207,0.088638171025756,,,,11.0
44,nf2018v2,nfbotv2,lgbm,0.0001,calibrate,211,0.4989490456231946,0.9937119087536106,0.0,0.5461572018148394,1.0,0.0041746908668437,0.0005642018506306,0.3466906653506207,0.994902040670708,,,0.0,
44,nf2018v2,nfbotv2,lgbm,0.0001,rethreshold,211,0.5806568344331293,0.1249620742660382,0.2715184707884319,0.5461572018148394,0.2240762812872467,0.4831203747762698,0.6500985827977991,0.3466906653506207,0.088638171025756,0.4429339411136566,0.0919215696883832,0.0,
44,nf2018v2,nfbotv2,lgbm,0.001,calibrate,2101,0.4989490456231946,0.9937119087536106,0.0,0.5461572018148394,1.0,0.004161667792524,0.0001360626814495,0.3466906653506207,0.993923195154768,,,0.0,
44,nf2018v2,nfbotv2,lgbm,0.001,rethreshold,2101,0.6277578567083921,0.1249620742660382,0.3466466901523207,0.5461572018148394,0.2252681764004767,0.4831203747762698,0.6500985827977991,0.3466906653506207,0.088638171025756,0.2710019321901559,0.0891887068479918,0.0,
44,nf2018v2,nfbotv2,lgbm,0.01,calibrate,21000,0.4989490456231946,0.9937119087536106,0.0,0.5461572018148394,1.0,0.0040912377569625,4.436598103008116e-05,0.3466906653506207,0.9882231254918566,,,0.0,
44,nf2018v2,nfbotv2,lgbm,0.01,rethreshold,21000,0.6235268167888359,0.1249620742660382,0.3325697899225591,0.5461572018148394,0.2646007151370679,0.4831203747762698,0.6500985827977991,0.3466906653506207,0.088638171025756,0.3293491979855589,0.0435710512493398,0.0,
44,nf2018v2,nfbotv2,lgbm,0.05,calibrate,105000,0.4989490456231946,0.9937119087536106,0.0,0.5461572018148394,1.0,0.0040024017332105,0.0039396394306486,0.3466906653506207,0.9847087599466252,,,0.0,
44,nf2018v2,nfbotv2,lgbm,0.05,rethreshold,105000,0.6280725562219802,0.1249620742660382,0.3464567288281197,0.5461572018148394,0.2288438617401668,0.4831203747762698,0.6500985827977991,0.3466906653506207,0.088638171025756,0.3418556772407337,0.0831378500466237,0.0,
44,nf2018v2,nfbotv2,lgbm,0.1,calibrate,210001,0.4989490456231946,0.9937119087536106,0.0,0.5461572018148394,1.0,0.0039629445973638,0.004065292997653,0.3466906653506207,0.9840375667091628,,,0.0,
44,nf2018v2,nfbotv2,lgbm,0.1,rethreshold,210001,0.6280725562219802,0.1249620742660382,0.3464567288281197,0.5461572018148394,0.2288438617401668,0.4831203747762698,0.6500985827977991,0.3466906653506207,0.088638171025756,0.3430489391635842,0.0831378500466237,0.0,
44,nf2018v2,nf2018v2,mlp,0.0,in_domain,249999,0.985982387915777,0.9942035844868466,0.9722850924581676,0.9852854988399874,0.0002835721010424,0.0056078673651123,0.0015711681970588,0.972727496210174,0.6486904373124883,,,,42.0
44,nf2018v2,nfunswv2,mlp,0.0,zero_shot,249999,0.4818651508938153,0.92022474935617,-0.0359602040475779,0.4889721027701008,0.0485133182985003,0.0751174848432581,0.0533178150524775,0.0271255157190525,8.204339226626392e-66,,,,42.0
44,nf2018v2,nfunswv2,mlp,0.0001,calibrate,144,0.490370551571952,0.943678896856096,0.0,0.5165186833970167,0.0,0.0372309645400823,0.0310667156883784,0.1339120256750991,0.0705762621682846,,,0.0,
44,nf2018v2,nfunswv2,mlp,0.0001,rethreshold,144,0.2272780337205879,0.92022474935617,-0.0194829972441164,0.4889721027701008,0.7576932270502281,0.0751174848432581,0.0533178150524775,0.0271255157190525,8.204339226626392e-66,0.1050160683441546,9.468562681753704e-07,0.0,
44,nf2018v2,nfunswv2,mlp,0.001,calibrate,1392,0.490370551571952,0.943678896856096,0.0,0.516511261164275,0.0,0.0362413672671596,0.0023937820551383,0.1339120256750991,0.0411381502887427,,,0.0,
44,nf2018v2,nfunswv2,mlp,0.001,rethreshold,1392,0.4910835233887854,0.92022474935617,-0.0012024618671,0.4889721027701008,0.001283503601085,0.0751174848432581,0.0533178150524775,0.0271255157190525,8.204339226626392e-66,0.0905978077977599,0.977609312018181,0.0,
44,nf2018v2,nfunswv2,mlp,0.01,calibrate,13907,0.490370551571952,0.943678896856096,0.0,0.5164915066287843,0.0,0.0360659345970033,0.0067717548458048,0.1339120256750991,0.0440836938827693,,,0.0,
44,nf2018v2,nfunswv2,mlp,0.01,rethreshold,13907,0.183309788884187,0.92022474935617,0.018803577500549,0.4889721027701008,0.8286704565531433,0.0751174848432581,0.0533178150524775,0.0271255157190525,8.204339226626392e-66,0.0288855962658196,1.491125939271206e-07,0.0,
44,nf2018v2,nfunswv2,mlp,0.05,calibrate,69537,0.490370551571952,0.943678896856096,0.0,0.5164835115253799,0.0,0.035988232747828,0.0059029940809472,0.1339120256750991,0.04627702155715,,,0.0,
44,nf2018v2,nfunswv2,mlp,0.05,rethreshold,69537,0.0694067983497591,0.92022474935617,0.0267035621137238,0.4889721027701008,0.9667796011265732,0.0751174848432581,0.0533178150524775,0.0271255157190525,8.204339226626392e-66,0.0211855085997192,6.522689766545929e-63,0.0,
44,nf2018v2,nfunswv2,mlp,0.1,calibrate,139072,0.490370551571952,0.943678896856096,0.0,0.5164818455142087,0.0,0.0359592443568236,0.0054441680447457,0.1339120256750991,0.0470539509699945,,,0.0,
44,nf2018v2,nfunswv2,mlp,0.1,rethreshold,139072,0.0693764892087331,0.92022474935617,0.026681912634425,0.4889721027701008,0.9668107793517008,0.0751174848432581,0.0533178150524775,0.0271255157190525,8.204339226626392e-66,0.0240024991013929,2.805413373689206e-63,0.0,
44,nf2018v2,nftonv2,mlp,0.0,zero_shot,249999,0.3362159078049948,0.3144436875237182,-0.0708451440071573,0.5365185831973206,0.2476916900843035,0.5943833215329504,0.5928019985366537,0.2160789545229437,1.0755361302636028e-37,,,,42.0
44,nf2018v2,nftonv2,mlp,0.0001,calibrate,213,0.4206219075539693,0.6107334447783608,0.0,0.4953408532856251,1.0,0.1981485547452479,0.0857962595851352,0.2406096535508605,0.6659323086049347,,,0.0,
44,nf2018v2,nftonv2,mlp,0.0001,rethreshold,213,0.4891099074911219,0.3144436875237182,0.2111588491839341,0.5365185831973206,0.9308601875843948,0.5943833215329504,0.5928019985366537,0.2160789545229437,1.0755361302636028e-37,0.2783186471749914,1.1629728943211978e-36,0.0,
44,nf2018v2,nftonv2,mlp,0.001,calibrate,2100,0.4206219075539693,0.6107334447783608,0.0,0.4953517970819217,1.0,0.1982098516374293,0.0593328973261993,0.2406096535508605,0.680118022172471,,,0.0,
44,nf2018v2,nftonv2,mlp,0.001,rethreshold,2100,0.4879884854247502,0.3144436875237182,0.2154072574853139,0.5365185831973206,0.932484215904529,0.5943833215329504,0.5928019985366537,0.2160789545229437,1.0755361302636028e-37,0.2018641179494701,1.6837996465858237e-37,0.0,
44,nf2018v2,nftonv2,mlp,0.01,calibrate,21000,0.4206219075539693,0.6107334447783608,0.0,0.4954517492820532,1.0,0.1981811407037073,0.0562891368902838,0.2406096535508605,0.6747439955372704,,,0.0,
44,nf2018v2,nftonv2,mlp,0.01,rethreshold,21000,0.4878762284640882,0.3144436875237182,0.215333827890021,0.5365185831973206,0.932611948469034,0.5943833215329504,0.5928019985366537,0.2160789545229437,1.0755361302636028e-37,0.2132404245084768,1.605172191604328e-37,0.0,
44,nf2018v2,nftonv2,mlp,0.05,calibrate,105000,0.4206219075539693,0.6107334447783608,0.0,0.4953855452132433,1.0,0.1981478947263758,0.0869897268271602,0.2406096535508605,0.6648664588226496,,,0.0,
44,nf2018v2,nftonv2,mlp,0.05,rethreshold,105000,0.4888535366173631,0.3144436875237182,0.214634517571163,0.5365185831973206,0.9314076128608444,0.5943833215329504,0.5928019985366537,0.2160789545229437,1.0755361302636028e-37,0.2101334938765588,3.0327501016319634e-37,0.0,
44,nf2018v2,nftonv2,mlp,0.1,calibrate,210000,0.4206219075539693,0.6107334447783608,0.0,0.4953404127541712,1.0,0.1981511064950446,0.0878651706790279,0.2406096535508605,0.6665429017033789,,,0.0,
44,nf2018v2,nftonv2,mlp,0.1,rethreshold,210000,0.4876122607566118,0.3144436875237182,0.2158808440868069,0.5365185831973206,0.9329586511441188,0.5943833215329504,0.5928019985366537,0.2160789545229437,1.0755361302636028e-37,0.2131314921700434,1.3389874849469285e-37,0.0,
44,nf2018v2,nfbotv2,mlp,0.0,zero_shot,249999,0.2097952877343702,0.4095128569030815,0.0005939683406881,0.5265067769578508,0.2550655542312277,0.6808151651197692,0.6506229241527864,0.2286268998746142,1.326627440420229e-07,,,,42.0
44,nf2018v2,nfbotv2,mlp,0.0001,calibrate,211,0.4989490456231946,0.9937119087536106,0.0,0.526667639484599,1.0,0.0041780212167795,0.0006036983635212,0.2286268998746142,0.9949696938874856,,,0.0,
44,nf2018v2,nfbotv2,mlp,0.0001,rethreshold,211,0.3085750243547637,0.4095128569030815,-0.0140557909403314,0.5265067769578508,0.5482717520858165,0.6808151651197692,0.6506229241527864,0.2286268998746142,1.326627440420229e-07,0.0618530825893408,0.0420389998027396,0.0,
44,nf2018v2,nfbotv2,mlp,0.001,calibrate,2101,0.4989490456231946,0.9937119087536106,0.0,0.5266676424548282,1.0,0.0041774838440867,3.307320726186891e-05,0.2286268998746142,0.99567507704194,,,0.0,
44,nf2018v2,nfbotv2,mlp,0.001,rethreshold,2101,0.1919414190797677,0.4095128569030815,-0.0010593194961741,0.5265067769578508,0.2383790226460071,0.6808151651197692,0.6506229241527864,0.2286268998746142,1.326627440420229e-07,0.0186979047437755,0.5905464718903514,0.0,
44,nf2018v2,nfbotv2,mlp,0.01,calibrate,21000,0.4989490456231946,0.9937119087536106,0.0,0.5098676625347801,1.0,0.0041773610348564,1.5385874243989406e-05,0.1308696166050065,0.9955205511685284,,,0.0,
44,nf2018v2,nfbotv2,mlp,0.01,rethreshold,21000,0.554968878503338,0.4095128569030815,0.2067446555184696,0.5265067769578508,0.9392133492252682,0.6808151651197692,0.6506229241527864,0.2286268998746142,1.326627440420229e-07,0.2835829474053434,2.294925761002674e-07,0.0,
44,nf2018v2,nfbotv2,mlp,0.05,calibrate,105000,0.4989490456231946,0.9937119087536106,0.0,0.5098676617953094,1.0,0.0041774148369054,2.496266294715888e-05,0.1308696166050065,0.994806510356942,,,0.0,
44,nf2018v2,nfbotv2,mlp,0.05,rethreshold,105000,0.5552841092358961,0.4095128569030815,0.2144062046204708,0.5265067769578508,0.9392133492252682,0.6808151651197692,0.6506229241527864,0.2286268998746142,1.326627440420229e-07,0.2755875403047458,2.0468807422413518e-07,0.0,
44,nf2018v2,nfbotv2,mlp,0.1,calibrate,210001,0.4989490456231946,0.9937119087536106,0.0,0.5098676057545797,1.0,0.004177484626436,2.2899478436699816e-05,0.1308696166050065,0.9945621825091728,,,0.0,
44,nf2018v2,nfbotv2,mlp,0.1,rethreshold,210001,0.5557312055507713,0.4095128569030815,0.2266954980777381,0.5265067769578508,0.9392133492252682,0.6808151651197692,0.6506229241527864,0.2286268998746142,1.326627440420229e-07,0.265709612206067,1.81190184901033e-07,0.0,
44,nfunswv2,nf2018v2,rf,0.0,zero_shot,250002,0.3767827524748665,0.6380801594129443,-0.207537221514851,0.5105728791946029,0.3680765871530495,0.1981768052270849,0.1922592387038064,0.2599522485566896,0.28,,,,47.0
44,nfunswv2,nf2018v2,rf,0.0001,calibrate,217,0.4685389944276592,0.8261331950887618,0.0,0.5105728791946029,0.0,0.1047318377695472,0.0929506425493507,0.2599522485566896,0.1407011291656229,,,0.0,
44,nfunswv2,nf2018v2,rf,0.0001,rethreshold,217,0.4479530117862419,0.6380801594129443,0.255126727325649,0.5105728791946029,0.5799389752838556,0.1981768052270849,0.1922592387038064,0.2599522485566896,0.28,0.3053418726462291,0.1766666666666666,0.0,
44,nfunswv2,nf2018v2,rf,0.001,calibrate,2102,0.4685389944276592,0.8261331950887618,0.0,0.5105728791946029,0.0,0.1040699214684078,0.1351074582147016,0.2599522485566896,0.1115124519700881,,,0.0,
44,nfunswv2,nf2018v2,rf,0.001,rethreshold,2102,0.4568184532606055,0.6380801594129443,0.2573897665765619,0.5105728791946029,0.5645523530812945,0.1981768052270849,0.1922592387038064,0.2599522485566896,0.28,0.2548147602941112,0.3,0.0,
44,nfunswv2,nf2018v2,rf,0.01,calibrate,21001,0.4685389944276592,0.8261331950887618,0.0,0.5105728791946029,0.0,0.1041565631955622,0.1428332902466897,0.2599522485566896,0.1096033763098108,,,0.0,
44,nfunswv2,nf2018v2,rf,0.01,rethreshold,21001,0.4568538233076593,0.6380801594129443,0.2599522485566896,0.5105728791946029,0.565652612833339,0.1981768052270849,0.1922592387038064,0.2599522485566896,0.28,0.2572009973627297,0.28,0.0,
44,nfunswv2,nf2018v2,rf,0.05,calibrate,105000,0.4685389944276592,0.8261331950887618,0.0,0.5105728791946029,0.0,0.1041895505594169,0.1459950923345487,0.2599522485566896,0.1093033074549652,,,0.0,
44,nfunswv2,nf2018v2,rf,0.05,rethreshold,105000,0.4566701311919533,0.6380801594129443,0.2598235449346582,0.5105728791946029,0.5659361849343815,0.1981768052270849,0.1922592387038064,0.2599522485566896,0.28,0.2603496226429889,0.2766666666666666,0.0,
44,nfunswv2,nf2018v2,rf,0.1,calibrate,210000,0.4685389944276592,0.8261331950887618,0.0,0.5105728791946029,0.0,0.1041842147770354,0.1459190263496564,0.2599522485566896,0.1093400295604697,,,0.0,
44,nfunswv2,nf2018v2,rf,0.1,rethreshold,210000,0.4566701311919533,0.6380801594129443,0.2598235449346582,0.5105728791946029,0.5659361849343815,0.1981768052270849,0.1922592387038064,0.2599522485566896,0.28,0.2597546947032665,0.2766666666666666,0.0,
44,nfunswv2,nfunswv2,rf,0.0,in_domain,250002,0.977607287901137,0.9967215040617976,0.9553100617279005,0.9923808926009444,0.0022552249508942,0.0024709080555555,0.00065475,0.955587171686995,0.51,,,,47.0
44,nfunswv2,nftonv2,rf,0.0,zero_shot,250002,0.2366825708898737,0.153364142309846,-0.0474318792854298,0.5133186226101667,0.0462026933323601,0.4696505859195961,0.5148105407193703,0.2863581087200704,0.2933333333333333,,,,47.0
44,nfunswv2,nftonv2,rf,0.0001,calibrate,213,0.4206219075539693,0.6107334447783608,0.0,0.5133186226101667,1.0,0.1966950804620259,0.1363128458352247,0.2863581087200704,0.753303130436009,,,0.0,
44,nfunswv2,nftonv2,rf,0.0001,rethreshold,213,0.5507781002265657,0.153364142309846,0.2829669526607314,0.5133186226101667,0.1317470165322433,0.4696505859195961,0.5148105407193703,0.2863581087200704,0.2933333333333333,0.397271480735488,0.3066666666666666,0.0,
44,nfunswv2,nftonv2,rf,0.001,calibrate,2100,0.4206219075539693,0.6107334447783608,0.0,0.5133186226101667,1.0,0.1967528040408905,0.1860918495842262,0.2863581087200704,0.7566728583226823,,,0.0,
44,nfunswv2,nftonv2,rf,0.001,rethreshold,2100,0.5554428174015411,0.153364142309846,0.2862240152249504,0.5133186226101667,0.1353235283383818,0.4696505859195961,0.5148105407193703,0.2863581087200704,0.2933333333333333,0.3063731521096146,0.3,0.0,
44,nfunswv2,nftonv2,rf,0.01,calibrate,21000,0.4206219075539693,0.6107334447783608,0.0,0.5133186226101667,1.0,0.1966860548986074,0.1460271492704511,0.2863581087200704,0.7527655129155083,,,0.0,
44,nfunswv2,nftonv2,rf,0.01,rethreshold,21000,0.5554428174015411,0.153364142309846,0.2862240152249504,0.5133186226101667,0.1353235283383818,0.4696505859195961,0.5148105407193703,0.2863581087200704,0.2933333333333333,0.2928049333735627,0.3,0.0,
44,nfunswv2,nftonv2,rf,0.05,calibrate,105000,0.4206219075539693,0.6107334447783608,0.0,0.5133186226101667,1.0,0.1966878670193549,0.146947963779964,0.2863581087200704,0.7532393191365591,,,0.0,
44,nfunswv2,nftonv2,rf,0.05,rethreshold,105000,0.5583951545393362,0.153364142309846,0.2863581087200704,0.5133186226101667,0.1407795335936644,0.4696505859195961,0.5148105407193703,0.2863581087200704,0.2933333333333333,0.2945501567767175,0.2933333333333333,0.0,
44,nfunswv2,nftonv2,rf,0.1,calibrate,210000,0.4206219075539693,0.6107334447783608,0.0,0.5133186226101667,1.0,0.1966831073559328,0.1452844591735153,0.2863581087200704,0.7523004871598636,,,0.0,
44,nfunswv2,nftonv2,rf,0.1,rethreshold,210000,0.5583951545393362,0.153364142309846,0.2863581087200704,0.5133186226101667,0.1407795335936644,0.4696505859195961,0.5148105407193703,0.2863581087200704,0.2933333333333333,0.2927363721167212,0.2933333333333333,0.0,
44,nfunswv2,nfbotv2,rf,0.0,zero_shot,250002,0.2864297913069589,0.5581417994895278,0.0399540697075046,0.5468523809530492,0.0882002383790226,0.3745369995555556,0.5419086,0.3371523939891642,0.24,,,,47.0
44,nfunswv2,nfbotv2,rf,0.0001,calibrate,211,0.4989490456231946,0.9937119087536106,0.0,0.5468523809530492,1.0,0.0041760746541824,0.0005711892339298,0.3371523939891642,0.995026420914334,,,0.0,
44,nfunswv2,nfbotv2,rf,0.0001,rethreshold,211,0.5889035330606021,0.5581417994895278,0.194850412361112,0.5468523809530492,0.6960667461263409,0.3745369995555556,0.5419086,0.3371523939891642,0.24,0.7054211845550483,0.1366666666666666,0.0,
44,nfunswv2,nfbotv2,rf,0.001,calibrate,2101,0.4989490456231946,0.9937119087536106,0.0,0.5468523809530492,1.0,0.0041663405218957,0.0001885900604486,0.3371523939891642,0.9942824882483544,,,0.0,
44,nfunswv2,nfbotv2,rf,0.001,rethreshold,2101,0.6409494878930565,0.5581417994895278,0.3371523939891642,0.5468523809530492,0.3778307508939213,0.3745369995555556,0.5419086,0.3371523939891642,0.24,0.3790703682777278,0.24,0.0,
44,nfunswv2,nfbotv2,rf,0.01,calibrate,21000,0.4989490456231946,0.9937119087536106,0.0,0.5468523809530492,1.0,0.0041198085520262,0.0002134719589912,0.3371523939891642,0.9907031896113474,,,0.0,
44,nfunswv2,nfbotv2,rf,0.01,rethreshold,21000,0.6409494878930565,0.5581417994895278,0.3371523939891642,0.5468523809530492,0.3778307508939213,0.3745369995555556,0.5419086,0.3371523939891642,0.24,0.3454377360354112,0.24,0.0,
44,nfunswv2,nfbotv2,rf,0.05,calibrate,105000,0.4989490456231946,0.9937119087536106,0.0,0.5468523809530492,1.0,0.004091634701082,0.002120904930612,0.3371523939891642,0.9887472854654292,,,0.0,
44,nfunswv2,nfbotv2,rf,0.05,rethreshold,105000,0.6409494878930565,0.5581417994895278,0.3371523939891642,0.5468523809530492,0.3778307508939213,0.3745369995555556,0.5419086,0.3371523939891642,0.24,0.3306128741606289,0.24,0.0,
44,nfunswv2,nfbotv2,rf,0.1,calibrate,210001,0.4989490456231946,0.9937119087536106,0.0,0.5468523809530492,1.0,0.0040879140207388,0.0018015999394372,0.3371523939891642,0.9886096421558952,,,0.0,
44,nfunswv2,nfbotv2,rf,0.1,rethreshold,210001,0.6409494878930565,0.5581417994895278,0.3371523939891642,0.5468523809530492,0.3778307508939213,0.3745369995555556,0.5419086,0.3371523939891642,0.24,0.3273140773638923,0.24,0.0,
44,nfunswv2,nf2018v2,lgbm,0.0,zero_shot,250002,0.4633130599148155,0.7910633860263432,-0.0708143570845243,0.5107005128109744,0.0885425528294824,0.169748716036757,0.1345105145127892,0.224776828364742,0.0001462069267544,,,,12.0
44,nfunswv2,nf2018v2,lgbm,0.0001,calibrate,217,0.4685389944276592,0.8261331950887618,0.0,0.5092723331809473,0.0,0.1044984553862588,0.0353314465820724,0.2462816979181404,0.1584358022534988,,,0.0,
44,nfunswv2,nf2018v2,lgbm,0.0001,rethreshold,217,0.4398250877059407,0.7910633860263432,0.2236243085518633,0.5107005128109744,0.5810052063837752,0.169748716036757,0.1345105145127892,0.224776828364742,0.0001462069267544,0.2202693915923819,0.000142224693091,0.0,
44,nfunswv2,nf2018v2,lgbm,0.001,calibrate,2102,0.4685389944276592,0.8261331950887618,0.0,0.5092723331809473,0.0,0.1034189371330344,0.0720134722316756,0.2462816979181404,0.1328761361150116,,,0.0,
44,nfunswv2,nf2018v2,lgbm,0.001,rethreshold,2102,0.4219947478252477,0.7910633860263432,0.2175350671607757,0.5107005128109744,0.6111432492825626,0.169748716036757,0.1345105145127892,0.224776828364742,0.0001462069267544,0.2206477379841983,0.0001115934831825,0.0,
44,nfunswv2,nf2018v2,lgbm,0.01,calibrate,21001,0.4685389944276592,0.8261331950887618,0.0,0.5092723331809473,0.0,0.1033862951013084,0.0721414136337124,0.2462816979181404,0.1330071259737704,,,0.0,
44,nfunswv2,nf2018v2,lgbm,0.01,rethreshold,21001,0.4421583738317279,0.7910633860263432,0.224776828364742,0.5107005128109744,0.5771429543675775,0.169748716036757,0.1345105145127892,0.224776828364742,0.0001462069267544,0.2259994536818282,0.0001462069267544,0.0,
44,nfunswv2,nf2018v2,lgbm,0.05,calibrate,105000,0.4685389944276592,0.8261331950887618,0.0,0.5092723331809473,0.0,0.1033865732953435,0.0707369345830643,0.2462816979181404,0.132800413978925,,,0.0,
44,nfunswv2,nf2018v2,lgbm,0.05,rethreshold,105000,0.4421583738317279,0.7910633860263432,0.224776828364742,0.5107005128109744,0.5771429543675775,0.169748716036757,0.1345105145127892,0.224776828364742,0.0001462069267544,0.2269082359888379,0.0001462069267544,0.0,
44,nfunswv2,nf2018v2,lgbm,0.1,calibrate,210000,0.4685389944276592,0.8261331950887618,0.0,0.5092723331809473,0.0,0.1033832002830263,0.0718552332947326,0.2462816979181404,0.1329476516723323,,,0.0,
44,nfunswv2,nf2018v2,lgbm,0.1,rethreshold,210000,0.4421583738317279,0.7910633860263432,0.224776828364742,0.5107005128109744,0.5771429543675775,0.169748716036757,0.1345105145127892,0.224776828364742,0.0001462069267544,0.2239168211293425,0.0001462069267544,0.0,
44,nfunswv2,nfunswv2,lgbm,0.0,in_domain,250002,0.9769155661377324,0.9966262048478176,0.9538824113246014,0.9930034584295176,0.0021564939046569,0.0025441650366557,0.0010532579693996,0.9551722453855268,0.3654229513327662,,,,12.0
44,nfunswv2,nftonv2,lgbm,0.0,zero_shot,250002,0.2191053951381176,0.1294829806648987,-0.1089386663682975,0.4312022599639247,0.0449618627057406,0.7189879533959204,0.7183983226846486,0.0536985360749706,4.661246096664882e-06,,,,12.0
44,nfunswv2,nftonv2,lgbm,0.0001,calibrate,213,0.4206219075539693,0.6107334447783608,0.0,0.4312022599639247,1.0,0.1989888886922151,0.0017342674032327,0.0536985360749706,0.7276244221122903,,,0.0,
44,nfunswv2,nftonv2,lgbm,0.0001,rethreshold,213,0.2189135021714642,0.1294829806648987,-0.1097580649446281,0.4312022599639247,0.0449071201780956,0.7189879533959204,0.7183983226846486,0.0536985360749706,4.661246096664882e-06,0.0595555058626041,0.5069575961692661,0.0,
44,nfunswv2,nftonv2,lgbm,0.001,calibrate,2100,0.4615728807676828,0.6341538786723417,0.1218032775607165,0.6099143729498293,0.9576840261304332,0.1956641938573601,0.0943275877764072,0.2597815793857909,0.7327503598351448,,,0.0,
44,nfunswv2,nftonv2,lgbm,0.001,rethreshold,2100,0.479709596610008,0.1294829806648987,0.0480023356176439,0.4312022599639247,0.916243932703186,0.7189879533959204,0.7183983226846486,0.0536985360749706,4.661246096664882e-06,0.065371166873828,4.073854142211638e-05,0.0,
44,nfunswv2,nftonv2,lgbm,0.01,calibrate,21000,0.462543308502112,0.6342059585481029,0.1114321846541979,0.6099143729498293,0.955713295135214,0.1954071286444393,0.0720440519137952,0.2597815793857909,0.7357617481972949,,,0.0,
44,nfunswv2,nftonv2,lgbm,0.01,rethreshold,21000,0.4282596094349126,0.1294829806648987,0.0534789378065609,0.4312022599639247,0.9925185212218532,0.7189879533959204,0.7183983226846486,0.0536985360749706,4.661246096664882e-06,0.0495534366086213,4.583948252730815e-06,0.0,
44,nfunswv2,nftonv2,lgbm,0.05,calibrate,105000,0.4628142995676242,0.6343054166529617,0.1106836514457415,0.6099143729498293,0.9553118499324842,0.1953961542711107,0.0625987624701822,0.2597815793857909,0.7357658870511761,,,0.0,
44,nfunswv2,nftonv2,lgbm,0.05,rethreshold,105000,0.4282596094349126,0.1294829806648987,0.0534789378065609,0.4312022599639247,0.9925185212218532,0.7189879533959204,0.7183983226846486,0.0536985360749706,4.661246096664882e-06,0.0494939371707627,4.577945358065063e-06,0.0,
44,nfunswv2,nftonv2,lgbm,0.1,calibrate,210000,0.4628960980940568,0.6342615702397087,0.1088939310633661,0.6099143729498293,0.9550563848034744,0.1953943911192421,0.0660337108370916,0.2597815793857909,0.7363154297213644,,,0.0,
44,nfunswv2,nftonv2,lgbm,0.1,rethreshold,210000,0.4287990152148033,0.1294829806648987,0.0528289349702194,0.4312022599639247,0.9919346009269736,0.7189879533959204,0.7183983226846486,0.0536985360749706,4.661246096664882e-06,0.0553812783962781,4.953514855290957e-06,0.0,
44,nfunswv2,nfbotv2,lgbm,0.0,zero_shot,250002,0.025558051818243,0.0429846659858085,-0.0190731142814172,0.5919636992060268,0.0655542312276519,0.8615247918443119,0.913443709942827,0.4199338242727973,0.0033402148066169,,,,12.0
44,nfunswv2,nfbotv2,lgbm,0.0001,calibrate,211,0.4989490456231946,0.9937119087536106,0.0,0.5919636992060268,1.0,0.0041777412839388,0.0006022233198482,0.4199338242727973,0.9951750883538736,,,0.0,
44,nfunswv2,nfbotv2,lgbm,0.0001,rethreshold,211,0.6328963051993098,0.0429846659858085,0.2683058255591111,0.5919636992060268,0.6889153754469607,0.8615247918443119,0.913443709942827,0.4199338242727973,0.0033402148066169,1.0,0.0015884783192032,0.0,
44,nfunswv2,nfbotv2,lgbm,0.001,calibrate,2101,0.4989490456231946,0.9937119087536106,0.0,0.5919636992060268,1.0,0.0041772601227462,0.000165459794604,0.4199338242727973,0.9954984789440758,,,0.0,
44,nfunswv2,nfbotv2,lgbm,0.001,rethreshold,2101,0.6965738763131428,0.0429846659858085,0.4195600733443845,0.5919636992060268,0.3945172824791418,0.8615247918443119,0.913443709942827,0.4199338242727973,0.0033402148066169,0.6265084140222761,0.0033624180637465,0.0,
44,nfunswv2,nfbotv2,lgbm,0.01,calibrate,21000,0.4989490456231946,0.9937119087536106,0.0,0.5919636992060268,1.0,0.0041772338581991,6.1355338781377e-05,0.4199338242727973,0.995602433714344,,,0.0,
44,nfunswv2,nfbotv2,lgbm,0.01,rethreshold,21000,0.6965738763131428,0.0429846659858085,0.4195600733443845,0.5919636992060268,0.3945172824791418,0.8615247918443119,0.913443709942827,0.4199338242727973,0.0033402148066169,0.469797102696891,0.0033624180637465,0.0,
44,nfunswv2,nfbotv2,lgbm,0.05,calibrate,105000,0.4989490456231946,0.9937119087536106,0.0,0.5919636992060268,1.0,0.0041772790715355,7.216026967560296e-05,0.4199338242727973,0.995619358695237,,,0.0,
44,nfunswv2,nfbotv2,lgbm,0.05,rethreshold,105000,0.6968106639611783,0.0429846659858085,0.4199338242727973,0.5919636992060268,0.3945172824791418,0.8615247918443119,0.913443709942827,0.4199338242727973,0.0033402148066169,0.404541626909243,0.0033402148066169,0.0,
44,nfunswv2,nfbotv2,lgbm,0.1,calibrate,210001,0.4989490456231946,0.9937119087536106,0.0,0.5919636992060268,1.0,0.00417727757787,7.600688932130062e-05,0.4199338242727973,0.995614084334646,,,0.0,
44,nfunswv2,nfbotv2,lgbm,0.1,rethreshold,210001,0.6904634183356849,0.0429846659858085,0.4117309678001715,0.5919636992060268,0.3849821215733015,0.8615247918443119,0.913443709942827,0.4199338242727973,0.0033402148066169,0.3992331501430573,0.0038421692349907,0.0,
44,nfunswv2,nf2018v2,mlp,0.0,zero_shot,250002,0.4083927392270046,0.7157327059848004,-0.176733098269304,0.4557591351231781,0.2268803666020122,0.2712957695343575,0.2884075549624202,0.1312921080969837,3.7807676188602785e-29,,,,36.0
44,nfunswv2,nf2018v2,mlp,0.0001,calibrate,217,0.4685389944276592,0.8261331950887618,0.0,0.5689138474255235,0.0,0.1034325955044557,0.074238727392154,0.2829447739386951,0.1791034693651386,,,0.0,
44,nfunswv2,nf2018v2,mlp,0.0001,rethreshold,217,0.2566432473125851,0.7157327059848004,0.1311318161765756,0.4557591351231781,0.8403092070189766,0.2712957695343575,0.2884075549624202,0.1312921080969837,3.7807676188602785e-29,0.0780277205054238,3.783173211494226e-29,0.0,
44,nfunswv2,nf2018v2,mlp,0.001,calibrate,2102,0.4685389944276592,0.8261331950887618,0.0,0.5687787714300482,0.0,0.1025291599925437,0.0453617018502905,0.2829447739386951,0.1465981526157906,,,0.0,
44,nfunswv2,nf2018v2,mlp,0.001,rethreshold,2102,0.2566432473125851,0.7157327059848004,0.1311318161765756,0.4557591351231781,0.8403092070189766,0.2712957695343575,0.2884075549624202,0.1312921080969837,3.7807676188602785e-29,0.1244303015919326,3.783173211494226e-29,0.0,
44,nfunswv2,nf2018v2,mlp,0.01,calibrate,21001,0.4685389944276592,0.8261331950887618,0.0,0.5687708226669128,0.0,0.1025298723927282,0.0436647445960464,0.2829447739386951,0.1452110218432837,,,0.0,
44,nfunswv2,nf2018v2,mlp,0.01,rethreshold,21001,0.2566432473125851,0.7157327059848004,0.1311318161765756,0.4557591351231781,0.8403092070189766,0.2712957695343575,0.2884075549624202,0.1312921080969837,3.7807676188602785e-29,0.1272701268262212,3.7824147395491953e-29,0.0,
44,nfunswv2,nf2018v2,mlp,0.05,calibrate,105000,0.4685389944276592,0.8261331950887618,0.0,0.5689735585934876,0.0,0.1025521764855992,0.0433489394736115,0.2829447739386951,0.1452417449819851,,,0.0,
44,nfunswv2,nf2018v2,mlp,0.05,rethreshold,105000,0.2566539812748742,0.7157327059848004,0.1312512022596723,0.4557591351231781,0.8403148784609975,0.2712957695343575,0.2884075549624202,0.1312921080969837,3.7807676188602785e-29,0.1295906576537034,3.780967877437536e-29,0.0,
44,nfunswv2,nf2018v2,mlp,0.1,calibrate,210000,0.4685389944276592,0.8261331950887618,0.0,0.5687706543279062,0.0,0.1025550353037763,0.0433616271997952,0.2829447739386951,0.1452815044592186,,,0.0,
44,nfunswv2,nf2018v2,mlp,0.1,rethreshold,210000,0.2562885561496296,0.7157327059848004,0.131111484500844,0.4557591351231781,0.8407629223806445,0.2712957695343575,0.2884075549624202,0.1312921080969837,3.7807676188602785e-29,0.1299413144416348,3.603543959620678e-29,0.0,
44,nfunswv2,nfunswv2,mlp,0.0,in_domain,250002,0.9672073210875958,0.99514004512845,0.9351476293283972,0.9823114708069678,0.0041207220876939,0.0037941466766929,0.000865054409827,0.9362095671272256,0.4765262700896182,,,,36.0
44,nfunswv2,nftonv2,mlp,0.0,zero_shot,250002,0.2184103513604637,0.1253874998455711,-0.0679767508783605,0.4947290774873116,0.0220612386409255,0.6838852725591901,0.6916327596130389,0.1767779188874804,3.094152869164057e-08,,,,36.0
44,nfunswv2,nftonv2,mlp,0.0001,calibrate,213,0.4206219075539693,0.6107334447783608,0.0,0.523379430319705,1.0,0.1988784721284514,0.0016320396164023,0.2161178499716657,0.728056323042561,,,0.0,
44,nfunswv2,nftonv2,mlp,0.0001,rethreshold,213,0.5429616300895327,0.1253874998455711,0.145289832242323,0.4947290774873116,0.8180905806357432,0.6838852725591901,0.6916327596130389,0.1767779188874804,3.094152869164057e-08,0.215582880380506,3.9299141211329634e-08,0.0,
44,nfunswv2,nftonv2,mlp,0.001,calibrate,2100,0.4206219075539693,0.6107334447783608,0.0,0.5233702757913546,1.0,0.198608924754159,0.015569659763233,0.2161178499716657,0.7309176126100155,,,0.0,
44,nfunswv2,nftonv2,mlp,0.001,rethreshold,2100,0.5494860788019187,0.1253874998455711,0.1757719971867334,0.4947290774873116,0.8218130725156017,0.6838852725591901,0.6916327596130389,0.1767779188874804,3.094152869164057e-08,0.1878194061465659,3.116316834116932e-08,0.0,
44,nfunswv2,nftonv2,mlp,0.01,calibrate,21000,0.4206219075539693,0.6107334447783608,0.0,0.5233697067980212,1.0,0.1986371300496972,0.0152337640357543,0.2161178499716657,0.7293289900912576,,,0.0,
44,nfunswv2,nftonv2,mlp,0.01,rethreshold,21000,0.5495391110005919,0.1253874998455711,0.1765571807984588,0.4947290774873116,0.8221597751906865,0.6838852725591901,0.6916327596130389,0.1767779188874804,3.094152869164057e-08,0.1741923833703407,3.098759229156414e-08,0.0,
44,nfunswv2,nftonv2,mlp,0.05,calibrate,105000,0.4206219075539693,0.6107334447783608,0.0,0.5233670666301877,1.0,0.1986238206712813,0.0189994566831944,0.2161178499716657,0.7297290681249505,,,0.0,
44,nfunswv2,nftonv2,mlp,0.05,rethreshold,105000,0.5495214201500235,0.1253874998455711,0.1765745647794078,0.4947290774873116,0.8222145177183314,0.6838852725591901,0.6916327596130389,0.1767779188874804,3.094152869164057e-08,0.1818346368964496,3.097174404665106e-08,0.0,
44,nfunswv2,nftonv2,mlp,0.1,calibrate,210000,0.4206219075539693,0.6107334447783608,0.0,0.5233701915562938,1.0,0.1986178281334137,0.0184779038975792,0.2161178499716657,0.7299735186184042,,,0.0,
44,nfunswv2,nftonv2,mlp,0.1,rethreshold,210000,0.5495418869716151,0.1253874998455711,0.1767189022975756,0.4947290774873116,0.8222510127367614,0.6838852725591901,0.6916327596130389,0.1767779188874804,3.094152869164057e-08,0.179339937619287,3.0945042427134373e-08,0.0,
44,nfunswv2,nfbotv2,mlp,0.0,zero_shot,250002,0.0086648124145991,0.0090924251947314,-0.0138061610154417,0.4972047857966979,0.0190703218116805,0.9892784533432863,0.989502398951669,0.5236874106796309,1.444042228810145e-61,,,,36.0
44,nfunswv2,nfbotv2,mlp,0.0001,calibrate,211,0.4989490456231946,0.9937119087536106,0.0,0.4975001664029067,1.0,0.0041777661024444,0.0005994967234435,0.0,inf,,,0.0,
44,nfunswv2,nfbotv2,mlp,0.0001,rethreshold,211,0.5880306966025658,0.0090924251947314,0.1939612304704203,0.4972047857966979,0.6936829558998808,0.9892784533432863,0.989502398951669,0.5236874106796309,1.444042228810145e-61,1.0,8.544518466515532e-55,0.0,
44,nfunswv2,nfbotv2,mlp,0.001,calibrate,2101,0.4989490456231946,0.9937119087536106,0.0,0.4974023732886864,1.0,0.0041774552778495,0.0001597984094656,0.0,inf,,,0.0,
44,nfunswv2,nfbotv2,mlp,0.001,rethreshold,2101,0.6919957846726064,0.0090924251947314,0.3996593567665996,0.4972047857966979,0.6972586412395709,0.9892784533432863,0.989502398951669,0.5236874106796309,1.444042228810145e-61,0.5765241057291646,3.3730422688839705e-58,0.0,
44,nfunswv2,nfbotv2,mlp,0.01,calibrate,21000,0.4989490456231946,0.9937119087536106,0.0,0.4974714845204551,1.0,0.0041774158479506,7.036268666416046e-05,0.0,inf,,,0.0,
44,nfunswv2,nfbotv2,mlp,0.01,rethreshold,21000,0.7238242575236372,0.0090924251947314,0.5161736778083702,0.4972047857966979,0.699642431466031,0.9892784533432863,0.989502398951669,0.5236874106796309,1.444042228810145e-61,0.5137008738929048,2.638748487078822e-61,0.0,
44,nfunswv2,nfbotv2,mlp,0.05,calibrate,105000,0.4989490456231946,0.9937119087536106,0.0,0.5083129621038145,1.0,0.0041749667044905,3.960886194081517e-05,0.0963718869421777,0.9958841763062768,,,0.0,
44,nfunswv2,nfbotv2,mlp,0.05,rethreshold,105000,0.7238242575236372,0.0090924251947314,0.5161736778083702,0.4972047857966979,0.699642431466031,0.9892784533432863,0.989502398951669,0.5236874106796309,1.444042228810145e-61,0.5226007455869639,2.638748487078822e-61,0.0,
44,nfunswv2,nfbotv2,mlp,0.1,calibrate,210001,0.4989490456231946,0.9937119087536106,0.0,0.5083028841925183,1.0,0.0041750724697664,7.259699288203033e-05,0.0963718869421777,0.9958657251662602,,,0.0,
44,nfunswv2,nfbotv2,mlp,0.1,rethreshold,210001,0.7254472196989622,0.0090924251947314,0.5236874106796309,0.4972047857966979,0.699642431466031,0.9892784533432863,0.989502398951669,0.5236874106796309,1.444042228810145e-61,0.5299349304173991,5.8909382773933256e-62,0.0,
44,nftonv2,nf2018v2,rf,0.0,zero_shot,250001,0.5687022774581058,0.8176548914878088,0.1375724907789287,0.5762380075452206,0.1086137861412642,0.1473790236604372,0.1166891832207505,0.3369268237270292,0.23,,,,134.0
44,nftonv2,nf2018v2,rf,0.0001,calibrate,217,0.4685389944276592,0.8261331950887618,0.0,0.5762380075452206,0.0,0.1025087101793215,0.0989076288977928,0.3369268237270292,0.1366157073570491,,,0.0,
44,nftonv2,nf2018v2,rf,0.0001,rethreshold,217,0.5531686727172366,0.8176548914878088,0.3369268237270292,0.5762380075452206,0.4152629847665067,0.1473790236604372,0.1166891832207505,0.3369268237270292,0.23,0.3696977751138198,0.23,0.0,
44,nftonv2,nf2018v2,rf,0.001,calibrate,2102,0.4685389944276592,0.8261331950887618,0.0,0.5762380075452206,0.0,0.1016719084050404,0.092100385511232,0.3369268237270292,0.1047265696384462,,,0.0,
44,nftonv2,nf2018v2,rf,0.001,rethreshold,2102,0.5476820556840121,0.8176548914878088,0.3365038066289316,0.5762380075452206,0.4265718401560781,0.1473790236604372,0.1166891832207505,0.3369268237270292,0.23,0.3370404741765994,0.2266666666666666,0.0,
44,nftonv2,nf2018v2,rf,0.01,calibrate,21001,0.4685389944276592,0.8261331950887618,0.0,0.5762380075452206,0.0,0.1018919741029888,0.110113688394299,0.3369268237270292,0.1008135903055619,,,0.0,
44,nftonv2,nf2018v2,rf,0.01,rethreshold,21001,0.5476820556840121,0.8176548914878088,0.3365038066289316,0.5762380075452206,0.4265718401560781,0.1473790236604372,0.1166891832207505,0.3369268237270292,0.23,0.3304253768397786,0.2266666666666666,0.0,
44,nftonv2,nf2018v2,rf,0.05,calibrate,105000,0.4685389944276592,0.8261331950887618,0.0,0.5762380075452206,0.0,0.1018696392943403,0.111334761525414,0.3369268237270292,0.1011392049314023,,,0.0,
44,nftonv2,nf2018v2,rf,0.05,rethreshold,105000,0.5476820556840121,0.8176548914878088,0.3365038066289316,0.5762380075452206,0.4265718401560781,0.1473790236604372,0.1166891832207505,0.3369268237270292,0.23,0.3311777230975178,0.2266666666666666,0.0,
44,nftonv2,nf2018v2,rf,0.1,calibrate,210000,0.4685389944276592,0.8261331950887618,0.0,0.5762380075452206,0.0,0.1019075636836875,0.1082768853905981,0.3369268237270292,0.1009603382177316,,,0.0,
44,nftonv2,nf2018v2,rf,0.1,rethreshold,210000,0.5476820556840121,0.8176548914878088,0.3365038066289316,0.5762380075452206,0.4265718401560781,0.1473790236604372,0.1166891832207505,0.3369268237270292,0.23,0.3350365033555217,0.2266666666666666,0.0,
44,nftonv2,nfunswv2,rf,0.0,zero_shot,250001,0.5139930203370519,0.9069645030964868,0.041978584097223,0.4896871962007552,0.0851789110485237,0.1136739424444444,0.1732612666666666,0.1018300825343971,0.4,,,,134.0
44,nftonv2,nfunswv2,rf,0.0001,calibrate,144,0.490370551571952,0.943678896856096,0.0,0.5527693993886248,0.0,0.037321639054587,0.0353542847309289,0.2893490902509384,0.0742498133139002,,,0.0,
44,nftonv2,nfunswv2,rf,0.0001,rethreshold,144,0.5095636793953742,0.9069645030964868,0.026399682394763,0.4896871962007552,0.071569615780339,0.1136739424444444,0.1732612666666666,0.1018300825343971,0.4,0.1402985074626865,0.5433333333333333,0.0,
44,nftonv2,nfunswv2,rf,0.001,calibrate,1392,0.490370551571952,0.943678896856096,0.0,0.5527693993886248,0.0,0.0363457338137194,0.0028819267548387,0.2893490902509384,0.0423493654016659,,,0.0,
44,nftonv2,nfunswv2,rf,0.001,rethreshold,1392,0.535944843361752,0.9069645030964868,0.0944652136290859,0.4896871962007552,0.0897153428045852,0.1136739424444444,0.1732612666666666,0.1018300825343971,0.4,0.1141742972533689,0.4166666666666667,0.0,
44,nftonv2,nfunswv2,rf,0.01,calibrate,13907,0.490370551571952,0.943678896856096,0.0,0.5527693993886248,0.0,0.0363050893098193,0.01079686260722,0.2893490902509384,0.050070969341669,,,0.0,
44,nftonv2,nfunswv2,rf,0.01,rethreshold,13907,0.5383136850611273,0.9069645030964868,0.1010427789857954,0.4896871962007552,0.0913314141403643,0.1136739424444444,0.1732612666666666,0.1018300825343971,0.4,0.0895873072754961,0.4066666666666667,0.0,
44,nftonv2,nfunswv2,rf,0.05,calibrate,69537,0.490370551571952,0.943678896856096,0.0,0.5527693993886248,0.0,0.0363324500856143,0.0111794096932299,0.2893490902509384,0.0442914511990632,,,0.0,
44,nftonv2,nfunswv2,rf,0.05,rethreshold,69537,0.5383136850611273,0.9069645030964868,0.1010427789857954,0.4896871962007552,0.0913314141403643,0.1136739424444444,0.1732612666666666,0.1018300825343971,0.4,0.0985465857751745,0.4066666666666667,0.0,
44,nftonv2,nfunswv2,rf,0.1,calibrate,139072,0.490370551571952,0.943678896856096,0.0,0.5527693993886248,0.0,0.0363326168117363,0.0111567788660984,0.2893490902509384,0.0442350466907015,,,0.0,
44,nftonv2,nfunswv2,rf,0.1,rethreshold,139072,0.537930182310437,0.9069645030964868,0.1018300825343971,0.4896871962007552,0.0937269411043327,0.1136739424444444,0.1732612666666666,0.1018300825343971,0.4,0.1043216854232309,0.4,0.0,
44,nftonv2,nftonv2,rf,0.0,in_domain,250001,0.9915258598944384,0.9932684385274656,0.98307986269121,0.9981594184157688,0.0177183314477573,0.0056564025042347,0.0027741138705694,0.9835099897755276,0.5366666666666666,,,,134.0
44,nftonv2,nfbotv2,rf,0.0,zero_shot,250001,0.028868740622334,0.0492791752289569,-0.0032938332947156,0.5056393777475788,0.033373063170441,0.5635655138333334,0.7264391166666667,0.1038338074080616,0.02,,,,134.0
44,nftonv2,nfbotv2,rf,0.0001,calibrate,211,0.4989490456231946,0.9937119087536106,0.0,0.5056393777475788,1.0,0.0041777565617934,0.0005940964505419,0.1038338074080616,0.9951968583028324,,,0.0,
44,nftonv2,nfbotv2,rf,0.0001,rethreshold,211,0.3871187065451981,0.0492791752289569,0.0100174672748677,0.5056393777475788,0.5446960667461264,0.5635655138333334,0.7264391166666667,0.1038338074080616,0.02,0.0831947907049652,0.24,0.0,
44,nftonv2,nfbotv2,rf,0.001,calibrate,2101,0.4989490456231946,0.9937119087536106,0.0,0.5056393777475788,1.0,0.004177442894582,5.7875058679712765e-05,0.1038338074080616,0.9954569239418974,,,0.0,
44,nftonv2,nfbotv2,rf,0.001,rethreshold,2101,0.4218326279518629,0.0492791752289569,0.0131610053125151,0.5056393777475788,0.6233611442193087,0.5635655138333334,0.7264391166666667,0.1038338074080616,0.02,0.0554352311913464,0.2233333333333333,0.0,
44,nftonv2,nfbotv2,rf,0.01,calibrate,21000,0.4989490456231946,0.9937119087536106,0.0,0.5056393777475788,1.0,0.0041776472549882,8.097455641031814e-05,0.1038338074080616,0.9943589711754716,,,0.0,
44,nftonv2,nfbotv2,rf,0.01,rethreshold,21000,0.5107249964999152,0.0492791752289569,0.1038338074080616,0.5056393777475788,0.9880810488676997,0.5635655138333334,0.7264391166666667,0.1038338074080616,0.02,0.1504466359517657,0.0133333333333333,0.0,
44,nftonv2,nfbotv2,rf,0.05,calibrate,105000,0.4989490456231946,0.9937119087536106,0.0,0.5056393777475788,1.0,0.0041776510393226,7.723737209841541e-05,0.1038338074080616,0.9943430799249032,,,0.0,
44,nftonv2,nfbotv2,rf,0.05,rethreshold,105000,0.5107249964999152,0.0492791752289569,0.1038338074080616,0.5056393777475788,0.9880810488676997,0.5635655138333334,0.7264391166666667,0.1038338074080616,0.02,0.1345622803282379,0.0133333333333333,0.0,
44,nftonv2,nfbotv2,rf,0.1,calibrate,210001,0.4989490456231946,0.9937119087536106,0.0,0.5056393777475788,1.0,0.0041776515030062,8.199273122555528e-05,0.1038338074080616,0.994340318713293,,,0.0,
44,nftonv2,nfbotv2,rf,0.1,rethreshold,210001,0.5107249964999152,0.0492791752289569,0.1038338074080616,0.5056393777475788,0.9880810488676997,0.5635655138333334,0.7264391166666667,0.1038338074080616,0.02,0.1386248819803065,0.0133333333333333,0.0,
44,nftonv2,nf2018v2,lgbm,0.0,zero_shot,250001,0.5047179266227193,0.7532038211204933,0.0307284221670006,0.5442622878538432,0.2195471920690554,0.2350885445668264,0.2048859154156262,0.3527133646687559,0.9953550841047232,,,,11.0
44,nftonv2,nf2018v2,lgbm,0.0001,calibrate,217,0.4685389944276592,0.8261331950887618,0.0,0.5442622878538432,0.0,0.1052111555703055,0.0290089346882288,0.3527133646687559,0.1481933943268546,,,0.0,
44,nftonv2,nf2018v2,lgbm,0.0001,rethreshold,217,0.6086170897955995,0.7532038211204933,0.3503764876896791,0.5442622878538432,0.0029831785029661,0.2350885445668264,0.2048859154156262,0.3527133646687559,0.9953550841047232,0.3261923358190012,0.9954561161405634,0.0,
44,nftonv2,nf2018v2,lgbm,0.001,calibrate,2102,0.4685389944276592,0.8261331950887618,0.0,0.5442622878538432,0.0,0.1042611550255984,0.0237620863985735,0.3527133646687559,0.1358239296563455,,,0.0,
44,nftonv2,nf2018v2,lgbm,0.001,rethreshold,2102,0.6086170897955995,0.7532038211204933,0.3503764876896791,0.5442622878538432,0.0029831785029661,0.2350885445668264,0.2048859154156262,0.3527133646687559,0.9953550841047232,0.3565059306028649,0.9954561161405634,0.0,
44,nftonv2,nf2018v2,lgbm,0.01,calibrate,21001,0.4685389944276592,0.8261331950887618,0.0,0.5442622878538432,0.0,0.1042396722706034,0.0117150854768952,0.3527133646687559,0.1411236282938558,,,0.0,
44,nftonv2,nf2018v2,lgbm,0.01,rethreshold,21001,0.6112125184580187,0.7532038211204933,0.3527133646687559,0.5442622878538432,0.0032667506040085,0.2350885445668264,0.2048859154156262,0.3527133646687559,0.9953550841047232,0.3518892588225946,0.9953550841047232,0.0,
44,nftonv2,nf2018v2,lgbm,0.05,calibrate,105000,0.4685389944276592,0.8261331950887618,0.0,0.5442622878538432,0.0,0.1042461581565694,0.0163106623546892,0.3527133646687559,0.1387623690827094,,,0.0,
44,nftonv2,nf2018v2,lgbm,0.05,rethreshold,105000,0.6112125184580187,0.7532038211204933,0.3527133646687559,0.5442622878538432,0.0032667506040085,0.2350885445668264,0.2048859154156262,0.3527133646687559,0.9953550841047232,0.3515563527719731,0.9953550841047232,0.0,
44,nftonv2,nf2018v2,lgbm,0.1,calibrate,210000,0.4685389944276592,0.8261331950887618,0.0,0.5442622878538432,0.0,0.1042417214583182,0.0132284990262769,0.3527133646687559,0.1403045370437667,,,0.0,
44,nftonv2,nf2018v2,lgbm,0.1,rethreshold,210000,0.6109701990660783,0.7532038211204933,0.3523850461462882,0.5442622878538432,0.0032554077199668,0.2350885445668264,0.2048859154156262,0.3527133646687559,0.9953550841047232,0.3521626992360685,0.9953574195228888,0.0,
44,nftonv2,nfunswv2,lgbm,0.0,zero_shot,250001,0.3943448710272307,0.70876492039644,-0.0348303956196107,0.4927315667624955,0.4040074412030637,0.3076086917517026,0.2576981850120518,0.0512960362214305,0.9709754345647073,,,,11.0
44,nftonv2,nfunswv2,lgbm,0.0001,calibrate,144,0.490370551571952,0.943678896856096,0.0,0.5170809508187575,0.0,0.0373071196810676,0.0306246280964456,0.1259334538073263,0.0943561112950424,,,0.0,
44,nftonv2,nfunswv2,lgbm,0.0001,rethreshold,144,0.5156574936861771,0.70876492039644,0.0371111166177139,0.4927315667624955,0.0652352397085875,0.3076086917517026,0.2576981850120518,0.0512960362214305,0.9709754345647073,0.0423207369515159,0.9923993854062816,0.0,
44,nftonv2,nfunswv2,lgbm,0.001,calibrate,1392,0.490370551571952,0.943678896856096,0.0,0.5170809508187575,0.0,0.0363121658423738,0.0046987875289022,0.1259334538073263,0.0426902404396814,,,0.0,
44,nftonv2,nfunswv2,lgbm,0.001,rethreshold,1392,0.4910899132591044,0.70876492039644,0.0052504776508978,0.4927315667624955,0.0003013895095665,0.3076086917517026,0.2576981850120518,0.0512960362214305,0.9709754345647073,0.0905978077977599,0.999937743575363,0.0,
44,nftonv2,nfunswv2,lgbm,0.01,calibrate,13907,0.490370551571952,0.943678896856096,0.0,0.5170809508187575,0.0,0.0362562598584991,0.0029650194355475,0.1259334538073263,0.0515134288581547,,,0.0,
44,nftonv2,nfunswv2,lgbm,0.01,rethreshold,13907,0.5174676703339124,0.70876492039644,0.0496896238553554,0.4927315667624955,0.0850230199228858,0.3076086917517026,0.2576981850120518,0.0512960362214305,0.9709754345647073,0.037541970128521,0.9499781576683772,0.0,
44,nftonv2,nfunswv2,lgbm,0.05,calibrate,69537,0.490370551571952,0.943678896856096,0.0,0.5170809508187575,0.0,0.036260888382934,0.0027187258224477,0.1259334538073263,0.0494672424009122,,,0.0,
44,nftonv2,nfunswv2,lgbm,0.05,rethreshold,69537,0.5204358421953373,0.70876492039644,0.0510552919258526,0.4927315667624955,0.0742977104790014,0.3076086917517026,0.2576981850120518,0.0512960362214305,0.9709754345647073,0.0515233208044055,0.9723687926209752,0.0,
44,nftonv2,nfunswv2,lgbm,0.1,calibrate,139072,0.490370551571952,0.943678896856096,0.0,0.5170809508187575,0.0,0.0362616391383051,0.0026238622362841,0.1259334538073263,0.0491814268949472,,,0.0,
44,nftonv2,nfunswv2,lgbm,0.1,rethreshold,139072,0.5202799222322603,0.70876492039644,0.0508503964853526,0.4927315667624955,0.0745939036177133,0.3076086917517026,0.2576981850120518,0.0512960362214305,0.9709754345647073,0.0505117675961034,0.971777598850478,0.0,
44,nftonv2,nftonv2,lgbm,0.0,in_domain,250001,0.9911001713999836,0.992929079665839,0.982223094094117,0.9988624654336224,0.0177913214846173,0.0059947434393562,0.0022954009649485,0.9822867652818604,0.5091254179569895,,,,11.0
44,nftonv2,nfbotv2,lgbm,0.0,zero_shot,250001,0.0111755891355963,0.0142005185525629,-0.0208316202498997,0.5056989955657332,0.034564958283671,0.9597562464697365,0.9727888080180214,0.1066351656556898,6.689274184648828e-06,,,,11.0
44,nftonv2,nfbotv2,lgbm,0.0001,calibrate,211,0.4989490456231946,0.9937119087536106,0.0,0.5056989955657332,1.0,0.004177780177337,0.0005998771104719,0.1066351656556898,0.9952026622546596,,,0.0,
44,nftonv2,nfbotv2,lgbm,0.0001,rethreshold,211,0.4352211232961632,0.0142005185525629,0.0269631037044977,0.5056989955657332,0.5697258641239571,0.9597562464697365,0.9727888080180214,0.1066351656556898,6.689274184648828e-06,0.1191464100426685,0.000545919087258,0.0,
44,nftonv2,nfbotv2,lgbm,0.001,calibrate,2101,0.4989490456231946,0.9937119087536106,0.0,0.5056989955657332,1.0,0.0041775180587312,0.0001622251885224,0.1066351656556898,0.995630495484092,,,0.0,
44,nftonv2,nfbotv2,lgbm,0.001,rethreshold,2101,0.5130118024464667,0.0142005185525629,0.1066351656556898,0.5056989955657332,0.9856972586412396,0.9597562464697365,0.9727888080180214,0.1066351656556898,6.689274184648828e-06,0.3326978068575605,6.689274184648828e-06,0.0,
44,nftonv2,nfbotv2,lgbm,0.01,calibrate,21000,0.4989490456231946,0.9937119087536106,0.0,0.5056989955657332,1.0,0.0041774550766556,6.927990322103117e-05,0.1066351656556898,0.9957291842878898,,,0.0,
44,nftonv2,nfbotv2,lgbm,0.01,rethreshold,21000,0.5130118024464667,0.0142005185525629,0.1066351656556898,0.5056989955657332,0.9856972586412396,0.9597562464697365,0.9727888080180214,0.1066351656556898,6.689274184648828e-06,0.1842631334876165,6.689274184648828e-06,0.0,
44,nftonv2,nfbotv2,lgbm,0.05,calibrate,105000,0.4989490456231946,0.9937119087536106,0.0,0.5056989955657332,1.0,0.004177449203954,6.857432623763593e-05,0.1066351656556898,0.995730680409996,,,0.0,
44,nftonv2,nfbotv2,lgbm,0.05,rethreshold,105000,0.5130118024464667,0.0142005185525629,0.1066351656556898,0.5056989955657332,0.9856972586412396,0.9597562464697365,0.9727888080180214,0.1066351656556898,6.689274184648828e-06,0.1345622803282379,6.689274184648828e-06,0.0,
44,nftonv2,nfbotv2,lgbm,0.1,calibrate,210001,0.4989490456231946,0.9937119087536106,0.0,0.5056989955657332,1.0,0.0041774572273326,7.398470253228151e-05,0.1066351656556898,0.9957242771359724,,,0.0,
44,nftonv2,nfbotv2,lgbm,0.1,rethreshold,210001,0.5130118024464667,0.0142005185525629,0.1066351656556898,0.5056989955657332,0.9856972586412396,0.9597562464697365,0.9727888080180214,0.1066351656556898,6.689274184648828e-06,0.1187699812578037,6.689274184648828e-06,0.0,
44,nftonv2,nf2018v2,mlp,0.0,zero_shot,250001,0.4722863738528913,0.699989913507067,0.0023853582308987,0.5189522443081456,0.3158369346990166,0.3050919401117775,0.2892670071736238,0.2904962354934551,0.9986903331081254,,,,75.0
44,nftonv2,nf2018v2,mlp,0.0001,calibrate,217,0.4685389944276592,0.8261331950887618,0.0,0.5314984861385708,0.0,0.1052376697946897,0.0292615341597776,0.2724606239328424,0.1492121354534131,,,0.0,
44,nftonv2,nf2018v2,mlp,0.0001,rethreshold,217,0.5656285316034174,0.699989913507067,0.2548649498421679,0.5189522443081456,0.0053878699198058,0.3050919401117775,0.2892670071736238,0.2904962354934551,0.9986903331081254,0.3654258283647121,0.9992495177812885,0.0,
44,nftonv2,nf2018v2,mlp,0.001,calibrate,2102,0.4685389944276592,0.8261331950887618,0.0,0.5298236107919125,0.0,0.1043781156522294,0.0009909775170302,0.2904962354934551,0.1196398015258217,,,0.0,
44,nftonv2,nf2018v2,mlp,0.001,rethreshold,2102,0.6108896866205852,0.699989913507067,0.2897196289469362,0.5189522443081456,0.0164641961865223,0.3050919401117775,0.2892670071736238,0.2904962354934551,0.9986903331081254,0.3009013173604861,0.9987230580482452,0.0,
44,nftonv2,nf2018v2,mlp,0.01,calibrate,21001,0.4685389944276592,0.8261331950887618,0.0,0.5298196760744239,0.0,0.104377365974762,5.0936305093785e-06,0.2904962354934551,0.1197315163109891,,,0.0,
44,nftonv2,nf2018v2,mlp,0.01,rethreshold,21001,0.6134728687084678,0.699989913507067,0.2901760180855182,0.5189522443081456,0.0178877281337552,0.3050919401117775,0.2892670071736238,0.2904962354934551,0.9986903331081254,0.2893084258996815,0.998582687840416,0.0,
44,nftonv2,nf2018v2,mlp,0.05,calibrate,105000,0.4685389944276592,0.8261331950887618,0.0,0.5314196003436965,0.0,0.1043772173171104,2.9645247265119856e-05,0.2721688931310466,0.1184390906997941,,,0.0,
44,nftonv2,nf2018v2,mlp,0.05,rethreshold,105000,0.6149800656300527,0.699989913507067,0.2888248470740752,0.5189522443081456,0.0193566316171549,0.3050919401117775,0.2892670071736238,0.2904962354934551,0.9986903331081254,0.2882176176347658,0.9983665579207116,0.0,
44,nftonv2,nf2018v2,mlp,0.1,calibrate,210000,0.4685389944276592,0.8261331950887618,0.0,0.5298223568465297,0.0,0.1043771418096344,2.903532317011237e-05,0.2904962354934551,0.1189880637080108,,,0.0,
44,nftonv2,nf2018v2,mlp,0.1,rethreshold,210000,0.6148972837063231,0.699989913507067,0.2887486288835795,0.5189522443081456,0.0193282744070507,0.3050919401117775,0.2892670071736238,0.2904962354934551,0.9986903331081254,0.2897767083379493,0.99837044838157,0.0,
44,nftonv2,nfunswv2,mlp,0.0,zero_shot,250001,0.4025718131482922,0.7343977011033144,-0.0540504388309812,0.4977818749986095,0.3665208218580144,0.3429059380095497,0.3240256592441853,0.0522034042799054,1.2823757071617405e-05,,,,75.0
44,nftonv2,nfunswv2,mlp,0.0001,calibrate,144,0.490370551571952,0.943678896856096,0.0,0.5034495222998822,0.0,0.0371429030933564,0.0301120361206431,0.0731547913777252,0.0766889649157088,,,0.0,
44,nftonv2,nfunswv2,mlp,0.0001,rethreshold,144,0.0515599857161442,0.7343977011033144,0.0072819474520454,0.4977818749986095,0.984764240654327,0.3429059380095497,0.3240256592441853,0.0522034042799054,1.2823757071617405e-05,0.046175709653961,8.725473592355426e-53,0.0,
44,nftonv2,nfunswv2,mlp,0.001,calibrate,1392,0.490370551571952,0.943678896856096,0.0,0.5035996010937301,0.0,0.0362314351574802,0.0020178757803047,0.0731547913777252,0.0486782585551453,,,0.0,
44,nftonv2,nfunswv2,mlp,0.001,rethreshold,1392,0.498452364150558,0.7343977011033144,-0.0021531666511126,0.4977818749986095,0.0268288627222747,0.3429059380095497,0.3240256592441853,0.0522034042799054,1.2823757071617405e-05,0.0453160929796101,0.9999999999999988,0.0,
44,nftonv2,nfunswv2,mlp,0.01,calibrate,13907,0.490370551571952,0.943678896856096,0.0,0.5035668484610136,0.0,0.0362297560560451,0.0006120127678135,0.0731547913777252,0.0469069888359252,,,0.0,
44,nftonv2,nfunswv2,mlp,0.01,rethreshold,13907,0.2643406433562502,0.7343977011033144,0.051132144253117,0.4977818749986095,0.7117521123247524,0.3429059380095497,0.3240256592441853,0.0522034042799054,1.2823757071617405e-05,0.0575765042096451,1.748460569532056e-05,0.0,
44,nftonv2,nfunswv2,mlp,0.05,calibrate,69537,0.490370551571952,0.943678896856096,0.0,0.5035698568094472,0.0,0.0362318109902933,0.0001104052539198,0.0731547913777252,0.0461126763932054,,,0.0,
44,nftonv2,nfunswv2,mlp,0.05,rethreshold,69537,0.2597908030209285,0.7343977011033144,0.0519728501015181,0.4977818749986095,0.7193907774810072,0.3429059380095497,0.3240256592441853,0.0522034042799054,1.2823757071617405e-05,0.0554915675013354,1.101143761251936e-05,0.0,
44,nftonv2,nfunswv2,mlp,0.1,calibrate,139072,0.490370551571952,0.943678896856096,0.0,0.5035724840874707,0.0,0.036232338559426,0.0002860485361629,0.0731547913777252,0.0459256558255484,,,0.0,
44,nftonv2,nfunswv2,mlp,0.1,rethreshold,139072,0.2587467933792912,0.7343977011033144,0.0520737472273661,0.4977818749986095,0.7211107762338783,0.3429059380095497,0.3240256592441853,0.0522034042799054,1.2823757071617405e-05,0.0529644191422411,1.0081672838218237e-05,0.0,
44,nftonv2,nftonv2,mlp,0.0,in_domain,250001,0.9778897739299424,0.982445551154444,0.9558268518075568,0.9959243610961626,0.0390861647385131,0.0140229397282489,0.0017848263857348,0.9558959183023072,0.4921540845890508,,,,75.0
44,nftonv2,nfbotv2,mlp,0.0,zero_shot,250001,0.0383747751304542,0.0706288470562567,-0.0979320330977192,0.515810258910118,0.3265792610250298,0.9470218657257772,0.9448482190905748,0.1921379697124148,1.1051374750982293e-17,,,,75.0
44,nftonv2,nfbotv2,mlp,0.0001,calibrate,211,0.4989490456231946,0.9937119087536106,0.0,0.5061258627556939,1.0,0.0041781133024189,0.0005990373901557,0.1355912808879955,0.995199528512646,,,0.0,
44,nftonv2,nfbotv2,mlp,0.0001,rethreshold,211,0.1254324718485391,0.0706288470562567,-0.0882301804622653,0.515810258910118,0.6197854588796186,0.9470218657257772,0.9448482190905748,0.1921379697124148,1.1051374750982293e-17,0.0323414211183732,0.0014589735864879,0.0,
44,nftonv2,nfbotv2,mlp,0.001,calibrate,2101,0.4989490456231946,0.9937119087536106,0.0,0.5120719829763948,1.0,0.0041665234521754,3.879237847992378e-05,0.1017232760799788,0.9946181058270892,,,0.0,
44,nftonv2,nfbotv2,mlp,0.001,rethreshold,2101,0.5410458600878415,0.0706288470562567,0.1631983187879176,0.515810258910118,0.9547079856972588,0.9470218657257772,0.9448482190905748,0.1921379697124148,1.1051374750982293e-17,0.3326978068575605,1.1236436650870292e-14,0.0,
44,nftonv2,nfbotv2,mlp,0.01,calibrate,21000,0.4989490456231946,0.9937119087536106,0.0,0.5120688362439336,1.0,0.004143023554984,0.0001788767533729,0.1017232760799788,0.9929046289121968,,,0.0,
44,nftonv2,nfbotv2,mlp,0.01,rethreshold,21000,0.5411417825755733,0.0706288470562567,0.1658456977263282,0.515810258910118,0.9547079856972588,0.9470218657257772,0.9448482190905748,0.1921379697124148,1.1051374750982293e-17,0.2127738062687576,7.686756544109825e-15,0.0,
44,nftonv2,nfbotv2,mlp,0.05,calibrate,105000,0.4989490456231946,0.9937119087536106,0.0,0.5120687969908574,1.0,0.0041417887284326,0.0002659389929701,0.1017232760799788,0.9925582894463624,,,0.0,
44,nftonv2,nfbotv2,mlp,0.05,rethreshold,105000,0.5376191257129321,0.0706288470562567,0.1827935409601248,0.515810258910118,0.9594755661501788,0.9470218657257772,0.9448482190905748,0.1921379697124148,1.1051374750982293e-17,0.2330864673096263,1.2826342520667432e-16,0.0,
44,nftonv2,nfbotv2,mlp,0.1,calibrate,210001,0.4989490456231946,0.9937119087536106,0.0,0.5120733054638578,1.0,0.0041424969784049,0.0003050600668752,0.1017232760799788,0.9925116230243974,,,0.0,
44,nftonv2,nfbotv2,mlp,0.1,rethreshold,210001,0.5376191257129321,0.0706288470562567,0.1827935409601248,0.515810258910118,0.9594755661501788,0.9470218657257772,0.9448482190905748,0.1921379697124148,1.1051374750982293e-17,0.2205212882052989,1.2826342520667432e-16,0.0,
44,nfbotv2,nf2018v2,rf,0.0,zero_shot,250000,0.5770578500227442,0.716388032805748,0.3660614004371804,0.7411164943490579,0.3832306802327559,0.1627836336929426,0.1412264772009473,0.6409748709235347,0.6466666666666666,,,,48.0
44,nfbotv2,nf2018v2,rf,0.0001,calibrate,217,0.4687186710978129,0.8260642505724697,-0.0012722991790382,0.7411164943490579,0.0003232721951883,0.0847679400281558,0.1225218136479606,0.6409748709235347,0.2474405901203464,,,0.0,
44,nfbotv2,nf2018v2,rf,0.0001,rethreshold,217,0.8173959093828929,0.716388032805748,0.6405787022061478,0.7411164943490579,0.0642801238642937,0.1627836336929426,0.1412264772009473,0.6409748709235347,0.6466666666666666,0.5838706827942327,0.65,0.0,
44,nfbotv2,nf2018v2,rf,0.001,calibrate,2102,0.6016678129402797,0.8578130090760887,0.2607702935876309,0.7411164943490579,0.0205419629995122,0.0778740302200809,0.0784234489489206,0.6409748709235347,0.272514605956582,,,0.0,
44,nfbotv2,nf2018v2,rf,0.001,rethreshold,2102,0.8173959093828929,0.716388032805748,0.6405787022061478,0.7411164943490579,0.0642801238642937,0.1627836336929426,0.1412264772009473,0.6409748709235347,0.6466666666666666,0.6662921899961028,0.65,0.0,
44,nfbotv2,nf2018v2,rf,0.01,calibrate,21001,0.632839701665523,0.8669714544560467,0.3153353388824497,0.7411164943490579,0.0218520661063281,0.0770780430831132,0.088679125715874,0.6409748709235347,0.2761338116937853,,,0.0,
44,nfbotv2,nf2018v2,rf,0.01,rethreshold,21001,0.8169831087523454,0.716388032805748,0.6409748709235347,0.7411164943490579,0.0667075010492167,0.1627836336929426,0.1412264772009473,0.6409748709235347,0.6466666666666666,0.6405577137130544,0.6466666666666666,0.0,
44,nfbotv2,nf2018v2,rf,0.05,calibrate,105000,0.6432581298452138,0.8701240992890673,0.3336226469302004,0.7411164943490579,0.0221356382073706,0.0768738600053081,0.0907046875791967,0.6409748709235347,0.2776527040259031,,,0.0,
44,nfbotv2,nf2018v2,rf,0.05,rethreshold,105000,0.8173959093828929,0.716388032805748,0.6405787022061478,0.7411164943490579,0.0642801238642937,0.1627836336929426,0.1412264772009473,0.6409748709235347,0.6466666666666666,0.6444163517369464,0.65,0.0,
44,nfbotv2,nf2018v2,rf,0.1,calibrate,210000,0.6395654612934938,0.8690286947591024,0.3273428446488918,0.7411164943490579,0.0219541520627034,0.0769571113278818,0.0892231564209132,0.6409748709235347,0.2756572816996556,,,0.0,
44,nfbotv2,nf2018v2,rf,0.1,rethreshold,210000,0.8169831087523454,0.716388032805748,0.6409748709235347,0.7411164943490579,0.0667075010492167,0.1627836336929426,0.1412264772009473,0.6409748709235347,0.6466666666666666,0.6401277850798044,0.6466666666666666,0.0,
44,nfbotv2,nfunswv2,rf,0.0,zero_shot,250000,0.1255237628689235,0.1830685297258407,-0.0721447910558221,0.4856283068062939,0.8954801966306731,0.4106521172777779,0.5465067166666667,0.0506168561815464,0.83,,,,48.0
44,nfbotv2,nfunswv2,rf,0.0001,calibrate,144,0.490370551571952,0.943678896856096,0.0,0.5378225368887047,0.0,0.0372443454947452,0.0316652742994987,0.1961725875189587,0.0691919098576573,,,0.0,
44,nfbotv2,nfunswv2,rf,0.0001,rethreshold,144,0.4990564942095994,0.1830685297258407,0.0506168561815464,0.4856283068062939,0.0006703318402427,0.4106521172777779,0.5465067166666667,0.0506168561815464,0.83,0.3061148374487811,0.83,0.0,
44,nfbotv2,nfunswv2,rf,0.001,calibrate,1392,0.490370551571952,0.943678896856096,0.0,0.5378225368887047,0.0,0.0362017632406937,0.0138904591574846,0.1961725875189587,0.0373066586187145,,,0.0,
44,nfbotv2,nfunswv2,rf,0.001,rethreshold,1392,0.4990564942095994,0.1830685297258407,0.0506168561815464,0.4856283068062939,0.0006703318402427,0.4106521172777779,0.5465067166666667,0.0506168561815464,0.83,0.1888159919523408,0.83,0.0,
44,nfbotv2,nfunswv2,rf,0.01,calibrate,13907,0.490370551571952,0.943678896856096,0.0,0.5378225368887047,0.0,0.0362626165170114,0.0207532172802537,0.1961725875189587,0.0350596505569119,,,0.0,
44,nfbotv2,nfunswv2,rf,0.01,rethreshold,13907,0.4990564942095994,0.1830685297258407,0.0506168561815464,0.4856283068062939,0.0006703318402427,0.4106521172777779,0.5465067166666667,0.0506168561815464,0.83,0.0883671350646934,0.83,0.0,
44,nfbotv2,nfunswv2,rf,0.05,calibrate,69537,0.490370551571952,0.943678896856096,0.0,0.5378225368887047,0.0,0.0362448466114754,0.0182551134836114,0.1961725875189587,0.0353183449324678,,,0.0,
44,nfbotv2,nfunswv2,rf,0.05,rethreshold,69537,0.4990564942095994,0.1830685297258407,0.0506168561815464,0.4856283068062939,0.0006703318402427,0.4106521172777779,0.5465067166666667,0.0506168561815464,0.83,0.0577970633876359,0.83,0.0,
44,nfbotv2,nfunswv2,rf,0.1,calibrate,139072,0.490370551571952,0.943678896856096,0.0,0.5378225368887047,0.0,0.0362434540202376,0.0182460385252724,0.1961725875189587,0.0352873170767333,,,0.0,
44,nfbotv2,nfunswv2,rf,0.1,rethreshold,139072,0.4990564942095994,0.1830685297258407,0.0506168561815464,0.4856283068062939,0.0006703318402427,0.4106521172777779,0.5465067166666667,0.0506168561815464,0.83,0.0673563397308389,0.83,0.0,
44,nfbotv2,nftonv2,rf,0.0,zero_shot,250000,0.4538601234259726,0.583255768747756,-0.0861810781793863,0.4060347641323784,0.8545126090288676,0.3631224592234072,0.3971159689131778,0.1069278919784644,0.0133333333333333,,,,48.0
44,nfbotv2,nftonv2,rf,0.0001,calibrate,213,0.4206219075539693,0.6107334447783608,0.0,0.7793806511684916,1.0,0.1844699472785464,0.2406008295419349,0.695064290805308,0.6461632447033105,,,0.0,
44,nfbotv2,nftonv2,rf,0.0001,rethreshold,213,0.4423628013169425,0.583255768747756,0.1069278919784644,0.4060347641323784,0.978814641801394,0.3631224592234072,0.3971159689131778,0.1069278919784644,0.0133333333333333,0.1122752218397595,0.0133333333333333,0.0,
44,nfbotv2,nftonv2,rf,0.001,calibrate,2100,0.4206219075539693,0.6107334447783608,0.0,0.7793806511684916,1.0,0.1790681177504869,0.263814253082073,0.695064290805308,0.59109290861969,,,0.0,
44,nfbotv2,nftonv2,rf,0.001,rethreshold,2100,0.4423628013169425,0.583255768747756,0.1069278919784644,0.4060347641323784,0.978814641801394,0.3631224592234072,0.3971159689131778,0.1069278919784644,0.0133333333333333,0.0809573961981284,0.0133333333333333,0.0,
44,nfbotv2,nftonv2,rf,0.01,calibrate,21000,0.4206219075539693,0.6107334447783608,0.0,0.7793806511684916,1.0,0.1801721510273257,0.2623912804139672,0.695064290805308,0.597854341313197,,,0.0,
44,nfbotv2,nftonv2,rf,0.01,rethreshold,21000,0.4423628013169425,0.583255768747756,0.1069278919784644,0.4060347641323784,0.978814641801394,0.3631224592234072,0.3971159689131778,0.1069278919784644,0.0133333333333333,0.1069372800379753,0.0133333333333333,0.0,
44,nfbotv2,nftonv2,rf,0.05,calibrate,105000,0.4206219075539693,0.6107334447783608,0.0,0.7793806511684916,1.0,0.1799104961758475,0.2623627741848811,0.695064290805308,0.5947991050407883,,,0.0,
44,nfbotv2,nftonv2,rf,0.05,rethreshold,105000,0.4423628013169425,0.583255768747756,0.1069278919784644,0.4060347641323784,0.978814641801394,0.3631224592234072,0.3971159689131778,0.1069278919784644,0.0133333333333333,0.1097596350738981,0.0133333333333333,0.0,
44,nfbotv2,nftonv2,rf,0.1,calibrate,210000,0.4206219075539693,0.6107334447783608,0.0,0.7793806511684916,1.0,0.1800167810136368,0.26193945911339,0.695064290805308,0.5956649899645324,,,0.0,
44,nfbotv2,nftonv2,rf,0.1,rethreshold,210000,0.4423628013169425,0.583255768747756,0.1069278919784644,0.4060347641323784,0.978814641801394,0.3631224592234072,0.3971159689131778,0.1069278919784644,0.0133333333333333,0.1095885962664939,0.0133333333333333,0.0,
44,nfbotv2,nfbotv2,rf,0.0,in_domain,250000,0.9884601760624132,0.9998060869813103,0.9769821243010044,0.9933540528689206,0.0119189511323003,0.0001747491111111,0.0001145333333333,0.9783299764980702,0.5533333333333333,,,,48.0
44,nfbotv2,nf2018v2,lgbm,0.0,zero_shot,250000,0.545715743977893,0.6827419583640577,0.3291065515503764,0.5808244943845101,0.4261124533523894,0.3833215112449897,0.3833246220831571,0.3292117217116944,1.0,,,,6.0
44,nfbotv2,nf2018v2,lgbm,0.0001,calibrate,217,0.4685389944276592,0.8261331950887618,0.0,0.5808221907618768,0.0,0.093728157758424,0.0243793431655614,0.3292117217116944,0.2601602510528774,,,0.0,
44,nfbotv2,nf2018v2,lgbm,0.0001,rethreshold,217,0.5458220852590907,0.6827419583640577,0.3292117217116944,0.5808244943845101,0.4259536529758056,0.3833215112449897,0.3833246220831571,0.3292117217116944,1.0,0.3841933780913869,1.0,0.0,
44,nfbotv2,nf2018v2,lgbm,0.001,calibrate,2102,0.4685389944276592,0.8261331950887618,0.0,0.5808221907618768,0.0,0.0930783942001071,0.0023681415796255,0.3292117217116944,0.2240125679479312,,,0.0,
44,nfbotv2,nf2018v2,lgbm,0.001,rethreshold,2102,0.5458220852590907,0.6827419583640577,0.3292117217116944,0.5808244943845101,0.4259536529758056,0.3833215112449897,0.3833246220831571,0.3292117217116944,1.0,0.3292710654412868,1.0,0.0,
44,nfbotv2,nf2018v2,lgbm,0.01,calibrate,21001,0.4685389944276592,0.8261331950887618,0.0,0.5808222324511625,0.0,0.0930716196423568,0.0006093222800544,0.3292117217116944,0.2283625777070135,,,0.0,
44,nfbotv2,nf2018v2,lgbm,0.01,rethreshold,21001,0.5458220852590907,0.6827419583640577,0.3292117217116944,0.5808244943845101,0.4259536529758056,0.3833215112449897,0.3833246220831571,0.3292117217116944,1.0,0.3304555151908733,1.0,0.0,
44,nfbotv2,nf2018v2,lgbm,0.05,calibrate,105000,0.4685389944276592,0.8261331950887618,0.0,0.5808221907618768,0.0,0.0930714021460486,0.0003861581074834,0.3292117217116944,0.2281758620731843,,,0.0,
44,nfbotv2,nf2018v2,lgbm,0.05,rethreshold,105000,0.5458220852590907,0.6827419583640577,0.3292117217116944,0.5808244943845101,0.4259536529758056,0.3833215112449897,0.3833246220831571,0.3292117217116944,1.0,0.3299753243226285,1.0,0.0,
44,nfbotv2,nf2018v2,lgbm,0.1,calibrate,210000,0.4685389944276592,0.8261331950887618,0.0,0.5808222324511625,0.0,0.0930713088644418,0.0001987911431405,0.3292117217116944,0.227656133564663,,,0.0,
44,nfbotv2,nf2018v2,lgbm,0.1,rethreshold,210000,0.5458220852590907,0.6827419583640577,0.3292117217116944,0.5808244943845101,0.4259536529758056,0.3833215112449897,0.3833246220831571,0.3292117217116944,1.0,0.3289331897903666,1.0,0.0,
44,nfbotv2,nfunswv2,lgbm,0.0,zero_shot,250000,0.1589849275529328,0.242887456013995,-0.0275517872594571,0.4982133787942164,0.8562164184533522,0.83122,0.83122,0.0,inf,,,,6.0
44,nfbotv2,nfunswv2,lgbm,0.0001,calibrate,144,0.490370551571952,0.943678896856096,0.0,0.5021650538655275,0.0,0.0380500813950684,0.0349015454707367,0.0275517872594571,0.1394285314457147,,,0.0,
44,nfbotv2,nfunswv2,lgbm,0.0001,rethreshold,144,0.490370551571952,0.242887456013995,0.0,0.4982133787942164,0.0,0.83122,0.83122,0.0,inf,0.0,inf,0.0,
44,nfbotv2,nfunswv2,lgbm,0.001,calibrate,1392,0.490370551571952,0.943678896856096,0.0,0.5021650538655275,0.0,0.036402833864836,0.0053234595879623,0.0275517872594571,0.0711833552539165,,,0.0,
44,nfbotv2,nfunswv2,lgbm,0.001,rethreshold,1392,0.490370551571952,0.242887456013995,0.0,0.4982133787942164,0.0,0.83122,0.83122,0.0,inf,0.0,inf,0.0,
44,nfbotv2,nfunswv2,lgbm,0.01,calibrate,13907,0.490370551571952,0.943678896856096,0.0,0.5021650538655275,0.0,0.0363478886229399,4.444782711976458e-05,0.0275517872594571,0.0594764124396669,,,0.0,
44,nfbotv2,nfunswv2,lgbm,0.01,rethreshold,13907,0.490370551571952,0.242887456013995,0.0,0.4982133787942164,0.0,0.83122,0.83122,0.0,inf,0.0,inf,0.0,
44,nfbotv2,nfunswv2,lgbm,0.05,calibrate,69537,0.490370551571952,0.943678896856096,0.0,0.5021650538655275,0.0,0.0363360777299345,8.353586557674486e-05,0.0275517872594571,0.0538045721847292,,,0.0,
44,nfbotv2,nfunswv2,lgbm,0.05,rethreshold,69537,0.490370551571952,0.242887456013995,0.0,0.4982133787942164,0.0,0.83122,0.83122,0.0,inf,0.0,inf,0.0,
44,nfbotv2,nfunswv2,lgbm,0.1,calibrate,139072,0.490370551571952,0.943678896856096,0.0,0.5021650538655275,0.0,0.0363350223362211,8.626026038227597e-05,0.0275517872594571,0.0526253675598037,,,0.0,
44,nfbotv2,nfunswv2,lgbm,0.1,rethreshold,139072,0.490370551571952,0.242887456013995,0.0,0.4982133787942164,0.0,0.83122,0.83122,0.0,inf,0.0,inf,0.0,
44,nfbotv2,nftonv2,lgbm,0.0,zero_shot,250000,0.573999399700379,0.6057835256803128,0.2555704138772417,0.5720611122242212,0.2326374949819349,0.4143920483103557,0.4143919604232409,0.256206282579514,1.6483437509061082e-301,,,,6.0
44,nfbotv2,nftonv2,lgbm,0.0001,calibrate,213,0.4206219075539693,0.6107334447783608,0.0,0.5720056223043832,1.0,0.1859549647395754,0.0043378327694096,0.2556115296601811,0.6212908384324756,,,0.0,
44,nfbotv2,nftonv2,lgbm,0.0001,rethreshold,213,0.5739080828537331,0.6057835256803128,0.2554579130261907,0.5720611122242212,0.2326192474727199,0.4143920483103557,0.4143919604232409,0.256206282579514,1.6483437509061082e-301,0.2942577018494753,1.0,0.0,
44,nfbotv2,nftonv2,lgbm,0.001,calibrate,2100,0.4206219075539693,0.6107334447783608,0.0,0.5720056223043832,1.0,0.1860121777367111,0.0074732577131371,0.2556115296601811,0.6216676814448967,,,0.0,
44,nfbotv2,nftonv2,lgbm,0.001,rethreshold,2100,0.5744014720015895,0.6057835256803128,0.2560516942986676,0.5720611122242212,0.2327469800372249,0.4143920483103557,0.4143919604232409,0.256206282579514,1.6483437509061082e-301,0.2770911640046541,4.6098069896985555e-147,0.0,
44,nfbotv2,nftonv2,lgbm,0.01,calibrate,21000,0.4206219075539693,0.6107334447783608,0.0,0.5720056223043832,1.0,0.1859374127119127,0.0012202036342153,0.2556115296601811,0.6241752433071958,,,0.0,
44,nfbotv2,nftonv2,lgbm,0.01,rethreshold,21000,0.5744014720015895,0.6057835256803128,0.2560516942986676,0.5720611122242212,0.2327469800372249,0.4143920483103557,0.4143919604232409,0.256206282579514,1.6483437509061082e-301,0.2594140168563037,4.6098069896985555e-147,0.0,
44,nfbotv2,nftonv2,lgbm,0.05,calibrate,105000,0.4206219075539693,0.6107334447783608,0.0,0.5720056223043832,1.0,0.185939007240836,0.0017244170053214,0.2556115296601811,0.6238030631712572,,,0.0,
44,nfbotv2,nftonv2,lgbm,0.05,rethreshold,105000,0.5744574340321019,0.6057835256803128,0.256117235683551,0.5720611122242212,0.2327652275464399,0.4143920483103557,0.4143919604232409,0.256206282579514,1.6483437509061082e-301,0.2601046140739134,8.448800893370332e-197,0.0,
44,nfbotv2,nftonv2,lgbm,0.1,calibrate,210000,0.4206219075539693,0.6107334447783608,0.0,0.5720056223043832,1.0,0.1859427973531199,0.0025515738044269,0.2556115296601811,0.6231772455384438,,,0.0,
44,nfbotv2,nftonv2,lgbm,0.1,rethreshold,210000,0.5745222261841265,0.6057835256803128,0.2561945315635616,0.5720611122242212,0.2327834750556549,0.4143920483103557,0.4143919604232409,0.256206282579514,1.6483437509061082e-301,0.2619186405945648,2.6650526594168262e-284,0.0,
44,nfbotv2,nfbotv2,lgbm,0.0,in_domain,250000,0.8077142361138957,0.9967459856961508,0.6156233621537756,0.6905090467757513,0.367103694874851,0.0032950001481845,0.0032949593855092,0.6213385058952836,1.404468880864804e-283,,,,6.0
44,nfbotv2,nf2018v2,mlp,0.0,zero_shot,250000,0.5276589000950861,0.6605460773763694,0.3150501733512726,0.6277486476140587,0.4552750082235909,0.392973638102545,0.3938753440107085,0.404738940083747,0.9999999924476074,,,,31.0
44,nfbotv2,nf2018v2,mlp,0.0001,calibrate,217,0.4685389944276592,0.8261331950887618,0.0,0.6277157823545751,0.0,0.0942231641988873,0.0298366273015471,0.404738940083747,0.2532936382365489,,,0.0,
44,nfbotv2,nf2018v2,mlp,0.0001,rethreshold,217,0.6781497130352259,0.6605460773763694,0.3958826188906296,0.6277486476140587,0.1633148444323453,0.392973638102545,0.3938753440107085,0.404738940083747,0.9999999924476074,0.4438193114095488,0.9999997067100582,0.0,
44,nfbotv2,nf2018v2,mlp,0.001,calibrate,2102,0.4685389944276592,0.8261331950887618,0.0,0.627701991191363,0.0,0.0932725187945332,0.0077198907768597,0.404738940083747,0.2242954544594341,,,0.0,
44,nfbotv2,nf2018v2,mlp,0.001,rethreshold,2102,0.696488397026853,0.6605460773763694,0.403475253751478,0.6277486476140587,0.1110014632320413,0.392973638102545,0.3938753440107085,0.404738940083747,0.9999999924476074,0.4023242276513408,0.9999999945185964,0.0,
44,nfbotv2,nf2018v2,mlp,0.01,calibrate,21001,0.4685389944276592,0.8261331950887618,0.0,0.6276997307198886,0.0,0.0932315192676337,0.0045811397515035,0.404738940083747,0.2277654386510795,,,0.0,
44,nfbotv2,nf2018v2,mlp,0.01,rethreshold,21001,0.6962576405132147,0.6605460773763694,0.4036290022087877,0.6277486476140587,0.1123342521069407,0.392973638102545,0.3938753440107085,0.404738940083747,0.9999999924476074,0.4068613421649998,0.9999999937044606,0.0,
44,nfbotv2,nf2018v2,mlp,0.05,calibrate,105000,0.4685389944276592,0.8261331950887618,0.0,0.627689775216539,0.0,0.0932201888274357,0.0041656163010697,0.404738940083747,0.2292588329386047,,,0.0,
44,nfbotv2,nf2018v2,mlp,0.05,rethreshold,105000,0.6962437563442709,0.6605460773763694,0.403627027011974,0.6277486476140587,0.1123909665271492,0.392973638102545,0.3938753440107085,0.404738940083747,0.9999999924476074,0.4041238117113397,0.9999999936673662,0.0,
44,nfbotv2,nf2018v2,mlp,0.1,calibrate,210000,0.4685389944276592,0.8261331950887618,0.0,0.6277071726555206,0.0,0.0932192935408018,0.0044514464800936,0.404738940083747,0.2287177872699085,,,0.0,
44,nfbotv2,nf2018v2,mlp,0.1,rethreshold,210000,0.6962707097073147,0.6605460773763694,0.4044881443502507,0.6277486476140587,0.1139846417350075,0.392973638102545,0.3938753440107085,0.404738940083747,0.9999999924476074,0.4063482749007177,0.9999999907300048,0.0,
44,nfbotv2,nfunswv2,mlp,0.0,zero_shot,250000,0.2875613456467673,0.5192212718932928,-0.1192546898866992,0.4924325300318511,0.6219848058116212,0.606232653203417,0.6024825608316875,0.0477047191057821,3.8679268860794054e-08,,,,31.0
44,nfbotv2,nfunswv2,mlp,0.0001,calibrate,144,0.490370551571952,0.943678896856096,0.0,0.5187477348523092,0.0,0.0374763859606346,0.0363535842546309,0.1238473512353528,0.0607631959717176,,,0.0,
44,nfbotv2,nfunswv2,mlp,0.0001,rethreshold,144,0.1928147220783222,0.5192212718932928,0.02385975176183,0.4924325300318511,0.816095239085023,0.606232653203417,0.6024825608316875,0.0477047191057821,3.8679268860794054e-08,0.1252114729416888,9.914214789982816e-06,0.0,
44,nfbotv2,nfunswv2,mlp,0.001,calibrate,1392,0.490370551571952,0.943678896856096,0.0,0.5187640374775948,0.0,0.0359684788103377,0.0159021035006357,0.1238473512353528,0.0327557531250665,,,0.0,
44,nfbotv2,nfunswv2,mlp,0.001,rethreshold,1392,0.1173361854084326,0.5192212718932928,0.0323513530653601,0.4924325300318511,0.9138026002639756,0.606232653203417,0.6024825608316875,0.0477047191057821,3.8679268860794054e-08,0.0582637172129672,1.021621715249059e-09,0.0,
44,nfbotv2,nfunswv2,mlp,0.01,calibrate,13907,0.490370551571952,0.943678896856096,0.0,0.518742457222653,0.0,0.0359721561553609,0.0024260198863453,0.1238473512353528,0.0295464186821198,,,0.0,
44,nfbotv2,nfunswv2,mlp,0.01,rethreshold,13907,0.1584471183870937,0.5192212718932928,0.0475189218069168,0.4924325300318511,0.8648527868136893,0.606232653203417,0.6024825608316875,0.0477047191057821,3.8679268860794054e-08,0.0496034789557042,2.4706683731568697e-08,0.0,
44,nfbotv2,nfunswv2,mlp,0.05,calibrate,69537,0.490370551571952,0.943678896856096,0.0,0.5187500160721117,0.0,0.0359719291447683,0.0024563118373482,0.1238473512353528,0.0295450298145564,,,0.0,
44,nfbotv2,nfunswv2,mlp,0.05,rethreshold,69537,0.1615200369739791,0.5192212718932928,0.0470785499175073,0.4924325300318511,0.860877563109924,0.606232653203417,0.6024825608316875,0.0477047191057821,3.8679268860794054e-08,0.046921760158731,6.610903155676978e-08,0.0,
44,nfbotv2,nfunswv2,mlp,0.1,calibrate,139072,0.490370551571952,0.943678896856096,0.0,0.5187398992060918,0.0,0.0359710781915079,0.0026143969535287,0.1238473512353528,0.0295605032648258,,,0.0,
44,nfbotv2,nfunswv2,mlp,0.1,rethreshold,139072,0.1571649138979622,0.5192212718932928,0.047518287549247,0.4924325300318511,0.8664844472620322,0.606232653203417,0.6024825608316875,0.0477047191057821,3.8679268860794054e-08,0.0479612524260255,1.5437484879536364e-08,0.0,
44,nfbotv2,nftonv2,mlp,0.0,zero_shot,250000,0.4654094556862023,0.5224979528501187,-0.0210687895205928,0.4809232440022382,0.5274260063501333,0.4376523077127279,0.4195503454190636,0.1512452997174782,9.59721373053346e-24,,,,31.0
44,nfbotv2,nftonv2,mlp,0.0001,calibrate,213,0.4206219075539693,0.6107334447783608,0.0,0.5281885615798294,1.0,0.1986511102570851,0.0058734552941542,0.1484658982157382,0.7187286960054232,,,0.0,
44,nfbotv2,nftonv2,mlp,0.0001,rethreshold,213,0.4544861344421421,0.5224979528501187,0.1195656078726809,0.4809232440022382,0.9658771577679648,0.4376523077127279,0.4195503454190636,0.1512452997174782,9.59721373053346e-24,0.1591569553224766,8.307432968223246e-23,0.0,
44,nfbotv2,nftonv2,mlp,0.001,calibrate,2100,0.4206219075539693,0.6107334447783608,0.0,0.5279841017834201,1.0,0.1986516232053277,0.0316220037908653,0.1484658982157382,0.6929128554025079,,,0.0,
44,nfbotv2,nftonv2,mlp,0.001,rethreshold,2100,0.4537135840461744,0.5224979528501187,0.1468567372749795,0.4809232440022382,0.9678661362723988,0.4376523077127279,0.4195503454190636,0.1512452997174782,9.59721373053346e-24,0.1092924848674733,1.474817954144339e-23,0.0,
44,nfbotv2,nftonv2,mlp,0.01,calibrate,21000,0.4206219075539693,0.6107334447783608,0.0,0.5281438333398137,1.0,0.1985271599690961,0.0052800644337984,0.1484658982157382,0.703515513851427,,,0.0,
44,nfbotv2,nftonv2,mlp,0.01,rethreshold,21000,0.4534290497071677,0.5224979528501187,0.1509115752025113,0.4809232440022382,0.9683040764935588,0.4376523077127279,0.4195503454190636,0.1512452997174782,9.59721373053346e-24,0.1490358831108936,1.0285375068784565e-23,0.0,
44,nfbotv2,nftonv2,mlp,0.05,calibrate,105000,0.4206219075539693,0.6107334447783608,0.0,0.5280732651457583,1.0,0.198527004876366,0.0050586101957512,0.1484658982157382,0.7034741398581061,,,0.0,
44,nfbotv2,nftonv2,mlp,0.05,rethreshold,105000,0.4532954096903368,0.5224979528501187,0.1510090801660747,0.4809232440022382,0.9684500565672786,0.4376523077127279,0.4195503454190636,0.1512452997174782,9.59721373053346e-24,0.1436337854546188,8.740394513216512e-24,0.0,
44,nfbotv2,nftonv2,mlp,0.1,calibrate,210000,0.4206219075539693,0.6107334447783608,0.0,0.5281521655228603,1.0,0.1985274232302535,0.0032521474297692,0.1484658982157382,0.7048192767366651,,,0.0,
44,nfbotv2,nftonv2,mlp,0.1,rethreshold,210000,0.4532954096903368,0.5224979528501187,0.1510090801660747,0.4809232440022382,0.9684500565672786,0.4376523077127279,0.4195503454190636,0.1512452997174782,9.59721373053346e-24,0.1465361178793954,8.707448941266014e-24,0.0,
44,nfbotv2,nfbotv2,mlp,0.0,in_domain,250000,0.9690876847345282,0.9994842336566564,0.9381795969716809,0.96935225990011,0.0643623361144219,0.0004254420871052,0.0002331715624929,0.946651505543951,0.7509378963761778,,,,31.0
42,nf2018v2,nfunswv2,rf,0.0001,buffer_only,144,0.9352576343039536,0.9900339590895172,0.8761985266844862,0.9040183839570884,0.0102316542126978,0.0096541008888888,0.0103066666666666,0.8691320965130049,0.54,,,0.0,1.0
42,nf2018v2,nfunswv2,rf,0.0001,augment,250143,0.7669343198986596,0.9704187709069406,0.5764482825552912,0.9268884147191772,0.0026657382484073,0.0146703887777777,0.0226053999999998,0.8282358136764923,0.1866666666666666,,,0.0,48.0
42,nf2018v2,nfunswv2,rf,0.001,buffer_only,1392,0.9501122796415188,0.9925414930951968,0.9017121184941622,0.959415198751406,0.0062616268797871,0.0060686755,0.0026485166666666,0.8952025016327083,0.2833333333333333,,,0.0,1.0
42,nf2018v2,nfunswv2,rf,0.001,augment,251391,0.9185801551861364,0.988512929948639,0.8391895694903537,0.9644609660593751,0.0033308737177954,0.0075153332777777,0.0040395500000001,0.9198133654795472,0.29,,,0.0,49.0
42,nf2018v2,nfunswv2,rf,0.01,buffer_only,13907,0.9706338461094371,0.9956693103423444,0.9416738256656512,0.987392485864346,0.0034192120223236,0.0035354229444444,0.0007986166666667,0.9390426066936438,0.3,,,0.0,2.0
42,nf2018v2,nfunswv2,rf,0.01,augment,263906,0.9687072022412124,0.9954067351691664,0.9375937705479682,0.9857482530857556,0.0031593934795938,0.0039040506666666,0.0018167666666666,0.9369749386615353,0.2733333333333333,,,0.0,56.0
42,nf2018v2,nfunswv2,rf,0.05,buffer_only,69537,0.9735993965965528,0.9961175067634204,0.947460954031949,0.9899997882727962,0.0029463422745554,0.0030109805,0.0006562500000001,0.9432109442229144,0.2666666666666666,,,0.0,5.0
42,nf2018v2,nfunswv2,rf,0.1,buffer_only,139072,0.975995736320146,0.9964767932505734,0.9521709432394554,0.9906366437298516,0.0025929890564429,0.0027886917777777,0.0007113333333332,0.9456290257432536,0.26,,,0.0,7.0
42,nf2018v2,nftonv2,rf,0.0001,buffer_only,213,0.9364647322635932,0.9493791795148282,0.8729442246372302,0.9727572774937576,0.088372687128207,0.040516420193212,0.0253085432093827,0.8861326043451798,0.62,,,0.0,2.0
42,nf2018v2,nftonv2,rf,0.0001,augment,250212,0.8533337915387206,0.8818315837374686,0.7078810965783987,0.8553344026681151,0.1778767198277435,0.1089536616016413,0.0847557071118688,0.7231723085476136,0.37,,,0.0,51.0
42,nf2018v2,nftonv2,rf,0.001,buffer_only,2100,0.967705278851059,0.9744299835965796,0.9356466158206888,0.9927847804453904,0.0623517389876281,0.0198824789679503,0.0073815369076844,0.935499577122628,0.4666666666666667,,,0.0,2.0
42,nf2018v2,nftonv2,rf,0.001,augment,252099,0.9210738622579232,0.9374907542266078,0.8423449477557687,0.9731882099075804,0.1285354549104047,0.044521855942613,0.0085863429317147,0.8472123258740344,0.6266666666666667,,,0.0,50.0
42,nf2018v2,nftonv2,rf,0.01,buffer_only,21000,0.98343740896239,0.9868651140680652,0.966984422109598,0.996993723512599,0.034670267508485,0.0102428982700469,0.0043173382533577,0.9672557069315892,0.5966666666666667,,,0.0,3.0
42,nf2018v2,nftonv2,rf,0.01,augment,270999,0.9787496164786278,0.9831127608731284,0.9575155290211226,0.9964249593610311,0.0349622276559249,0.0134324666623333,0.007043885219426,0.9575947666356336,0.5266666666666666,,,0.0,50.0
42,nf2018v2,nftonv2,rf,0.05,buffer_only,105000,0.9898907921081344,0.9919703972822288,0.9798130676390084,0.9981486858587068,0.0204007153023612,0.0066775623322561,0.003764468822344,0.97920732606697,0.59,,,0.0,14.0
42,nf2018v2,nftonv2,rf,0.1,buffer_only,210000,0.991219374676248,0.9930240050324995,0.9824624469465004,0.9983623291190088,0.0177183314477573,0.0057852458706737,0.0032266661333306,0.9820131096690484,0.6,,,0.0,32.0
42,nf2018v2,nfbotv2,rf,0.0001,buffer_only,211,0.5495595677911442,0.994233162269195,0.216992622689214,0.7329232737913212,0.9463647199046484,0.0031847330555555,0.0037396166666665,0.4381574063568553,0.9933333333333332,,,0.0,1.0
42,nf2018v2,nfbotv2,rf,0.0001,augment,250210,0.7620630728528539,0.9943737624913233,0.5902701603468171,0.6511460709907855,0.0321811680572109,0.0059930108333333,0.0086729166666664,0.5831547068653096,0.4833333333333333,,,0.0,47.0
42,nf2018v2,nfbotv2,rf,0.001,buffer_only,2101,0.8538906277817087,0.9977766193691682,0.7254914102759167,0.925790809678566,0.4183551847437425,0.0014938797222222,0.0012655166666666,0.7117881700912531,0.8733333333333333,,,0.0,1.0
42,nf2018v2,nfbotv2,rf,0.001,augment,252100,0.860615694898478,0.9976004533302408,0.7224331848058307,0.8740645289567022,0.233611442193087,0.0018020187222222,0.0020371833333333,0.771390941221788,0.5635825589225586,,,0.0,48.0
42,nf2018v2,nfbotv2,rf,0.01,buffer_only,21000,0.9443655635561212,0.9990976783747288,0.8904987449953482,0.9815726305470897,0.1632896305125149,0.0006393544999999,0.0003027166666665,0.844443022168621,0.9766666666666668,,,0.0,2.0
42,nf2018v2,nfbotv2,rf,0.01,augment,270999,0.9389385713194316,0.9989748435390704,0.8779166830702015,0.9742714616572395,0.1132300357568533,0.0007125921666666,0.0004233833333337,0.8347042079764933,0.86,,,0.0,49.0
42,nf2018v2,nfbotv2,rf,0.05,buffer_only,105000,0.9787924935385696,0.9996453154388606,0.957586525495166,0.9930340120595462,0.0405244338498212,0.0002901376666666,0.0001862,0.8524556025426255,0.9933333333333332,,,0.0,5.0
42,nf2018v2,nfbotv2,rf,0.1,buffer_only,210001,0.984299249781865,0.9997363232533404,0.9686476482794264,0.9957478683772164,0.0214541120381406,0.0002181892777777,0.0001318166666666,0.8542261634033028,0.9966666666666668,,,0.0,12.0
42,nf2018v2,nfunswv2,lgbm,0.0001,buffer_only,144,0.8697386833450658,0.9810543979159116,0.7394773684828944,0.8597979175655568,0.0098419263986032,0.0189371799239309,0.01892474687475,0.7302931078477918,0.0005759660896481,,,0.0,1.0
42,nf2018v2,nfunswv2,lgbm,0.0001,augment,250143,0.8305394834852358,0.9774287952153964,0.6780614000517959,0.9028630095999484,0.0037465833861631,0.0155203317032628,0.01050502995562,0.7785281773727094,0.045817689939858,,,0.0,8.0
42,nf2018v2,nfunswv2,lgbm,0.001,buffer_only,1392,0.9389009712772828,0.9909664379973088,0.8783335913449848,0.9413415906727296,0.006121324866713,0.0082745763895375,0.0081870320630802,0.8925369580419055,0.0003325121678391,,,0.0,1.0
42,nf2018v2,nfunswv2,lgbm,0.001,augment,251391,0.9438076078525472,0.9917734441177748,0.8877027772217282,0.9492007352266294,0.004837821265628,0.0064538055034232,0.0016114442242967,0.9002398208622453,0.3436184910426618,,,0.0,4.0
42,nf2018v2,nfunswv2,lgbm,0.01,buffer_only,13907,0.970210378342368,0.9956210427759312,0.9406611226839506,0.9853809813518212,0.003169786221303,0.0040391049945728,0.0037857678613849,0.9410779828035302,0.0107384000839197,,,0.0,4.0
42,nf2018v2,nfunswv2,lgbm,0.01,augment,263906,0.967241039895694,0.9951825933049177,0.9347395457155354,0.984684672853483,0.0034348011348873,0.003836772697383,0.0008785450826809,0.932778614409011,0.2626264567901673,,,0.0,4.0
42,nf2018v2,nfunswv2,lgbm,0.05,buffer_only,69537,0.97263666221806,0.9959825030545012,0.9454640344668888,0.988515697877665,0.0028787894534457,0.0033873714309932,0.002702248487996,0.9429222868912012,0.0766945113779859,,,0.0,2.0
42,nf2018v2,nfunswv2,lgbm,0.1,buffer_only,139072,0.9743626173094676,0.9962405299618372,0.9488703253372784,0.9910004313159828,0.0026397563941343,0.002953339968483,0.0017921001024876,0.9450300629913964,0.1314645114398568,,,0.0,3.0
42,nf2018v2,nftonv2,lgbm,0.0001,buffer_only,213,0.92335698277615,0.9388585170339409,0.8467710817392476,0.9691026761649888,0.1036640998503704,0.0542840639113882,0.0503894612004043,0.847592103882264,0.3361983202261613,,,0.0,1.0
42,nf2018v2,nftonv2,lgbm,0.0001,augment,250212,0.8111698662123603,0.8452614397073666,0.6284730816724646,0.8945105548805747,0.1937338053355717,0.1316218941889404,0.0946720293565145,0.7162296047850858,0.0296232924281039,,,0.0,7.0
42,nf2018v2,nftonv2,lgbm,0.001,buffer_only,2100,0.9661065559137852,0.973158952988506,0.932430527676789,0.991591789223335,0.0640487573446224,0.0246462725932619,0.0229815058629803,0.932598524084376,0.2472990823450047,,,0.0,2.0
42,nf2018v2,nftonv2,lgbm,0.001,augment,252099,0.9009687979938648,0.9216322866759468,0.8022036868044201,0.97281356246569,0.1598481807233312,0.0536686221134188,0.0277318420329702,0.8341084331427893,0.7684780184896378,,,0.0,4.0
42,nf2018v2,nftonv2,lgbm,0.01,buffer_only,21000,0.9846297822488088,0.987804606786565,0.9693389129460036,0.9973234320089528,0.0313674683405715,0.0100682940576944,0.0056352619181297,0.968781211129552,0.439392738357741,,,0.0,4.0
42,nf2018v2,nftonv2,lgbm,0.01,augment,270999,0.9768291233295144,0.9815587272455925,0.9536586554072722,0.9954986146645164,0.0329914966607058,0.0151584801932657,0.0093901874204867,0.954641439420988,0.4730162426127921,,,0.0,5.0
42,nf2018v2,nftonv2,lgbm,0.05,buffer_only,105000,0.9900108410032846,0.9920631769536148,0.980042821964238,0.9987717911401596,0.0191963796941717,0.00659394365853,0.0018042474316591,0.9794980183897918,0.6053125915814951,,,0.0,6.0
42,nf2018v2,nftonv2,lgbm,0.1,buffer_only,210000,0.9907696559400512,0.9926650872957358,0.9815567289244258,0.9986909513381466,0.0176635889201124,0.0061525294512751,0.0028730571694066,0.9810578441955264,0.5983928301879775,,,0.0,4.0
42,nf2018v2,nfbotv2,lgbm,0.0001,buffer_only,211,0.6993418992103554,0.99442755155789,0.4054627247441705,0.5903101552415781,0.5101311084624554,0.006111712138532,0.0061018800317584,0.4099185365003123,0.9999779990830424,,,0.0,1.0
42,nf2018v2,nfbotv2,lgbm,0.0001,augment,250210,0.74336576024712,0.9946938181660894,0.5149564782052412,0.6433574535240753,0.2765196662693683,0.0058238993245635,0.0038878756765889,0.4622888475464847,0.9094040152028148,,,0.0,4.0
42,nf2018v2,nfbotv2,lgbm,0.001,buffer_only,2101,0.8819917504494744,0.998171475667458,0.7755071246652027,0.8826591547168455,0.3468414779499404,0.001547177055176,0.001500242973501,0.6952067720142294,0.9998621603031976,,,0.0,1.0
42,nf2018v2,nfbotv2,lgbm,0.001,augment,252100,0.9040479548769031,0.9984033392393123,0.808124808557092,0.8616224345421999,0.1978545887961859,0.0014618312476645,0.0009933906400926,0.7543701413525116,0.8000386221169402,,,0.0,4.0
42,nf2018v2,nfbotv2,lgbm,0.01,buffer_only,21000,0.938074616381168,0.9989901204816805,0.8772887146612782,0.9645923223590284,0.1656734207389749,0.0009394669558273,0.000929324233713,0.8549072493508985,0.9999968068441704,,,0.0,2.0
42,nf2018v2,nfbotv2,lgbm,0.01,augment,270999,0.9291393344108556,0.9988229726769328,0.8583417262009175,0.925740858039718,0.1513706793802145,0.0009587070310693,0.000661515180049,0.7803730408098242,0.9854299948397242,,,0.0,4.0
42,nf2018v2,nfbotv2,lgbm,0.05,buffer_only,105000,0.5398700329094367,0.9926855496377436,0.080256899090869,0.503555360164722,0.9249106078665076,0.0069397387936584,0.0069398676285015,0.0796153797084524,1.0,,,0.0,2.0
42,nf2018v2,nfbotv2,lgbm,0.1,buffer_only,210001,0.4986237221172117,0.99306399120586,-0.0023371958334884,0.4999972821002179,1.0,0.0054899999995703,0.0054899999997851,-0.0020535065251317,1.5176076611903016e-112,,,0.0,3.0
42,nf2018v2,nfunswv2,mlp,0.0001,buffer_only,144,0.8352804798595577,0.9770225495673844,0.6738046434465649,0.8267334304299909,0.0080803566788954,0.0192204515379076,0.0184490278292009,0.7743001988755731,0.017395350623986,,,0.0,1.0
42,nf2018v2,nfunswv2,mlp,0.0001,augment,250143,0.5222423478494119,0.944215625782372,0.077409856791655,0.5072836630066255,0.0055029567350162,0.0415518962675015,0.0379365753758034,0.0755399961903754,0.5903106618166558,,,0.0,34.0
42,nf2018v2,nfunswv2,mlp,0.001,buffer_only,1392,0.9362181098831456,0.990754027761314,0.8724595041636478,0.9083464198567264,0.0045156462726431,0.0081095594998207,0.0058354509097418,0.8741560916223279,0.0572937393568198,,,0.0,3.0
42,nf2018v2,nfunswv2,mlp,0.001,augment,251391,0.7953388986034873,0.9717224143929792,0.595196599243109,0.8026475754081086,0.0098211409151848,0.021025357513337,0.0114319555950088,0.6161136528109686,0.7050101040994405,,,0.0,33.0
42,nf2018v2,nfunswv2,mlp,0.01,buffer_only,13907,0.9506935857834092,0.99270155741003,0.9020094267814196,0.9544747544946004,0.0053054946425416,0.006129297869217,0.0027445611056522,0.9062996771503068,0.4582628808488733,,,0.0,5.0
42,nf2018v2,nfunswv2,mlp,0.01,augment,263906,0.934351953478257,0.9905008009709124,0.8687595214310861,0.9430146969421124,0.0044896644183702,0.007672457248503,0.0020192394465519,0.871784843509608,0.2149478788229032,,,0.0,31.0
42,nf2018v2,nfunswv2,mlp,0.05,buffer_only,69537,0.960155016266554,0.9940795904777558,0.9212390576675296,0.9737072230628904,0.0049053740867378,0.0046294966761855,0.0004601005927226,0.920131957807839,0.4825464904341742,,,0.0,12.0
42,nf2018v2,nfunswv2,mlp,0.1,buffer_only,139072,0.9612592048203848,0.99425744542982,0.9232569489766432,0.970252650780128,0.0046039845771713,0.0045791815680586,0.0007079733527362,0.9236888299769186,0.4522649202300335,,,0.0,15.0
42,nf2018v2,nftonv2,mlp,0.0001,buffer_only,213,0.8285367359289191,0.8636165405002317,0.6570746325098591,0.8581348664509617,0.2500091237546075,0.1087013097041136,0.0657156405810055,0.6919487928828547,0.2553428699013988,,,0.0,1.0
42,nf2018v2,nftonv2,mlp,0.0001,augment,250212,0.5646318933760897,0.5898420386583029,0.2652442356234468,0.7117783300603848,0.1904310061676581,0.3957199445070072,0.3648506963868802,0.3986988281465715,0.0028661157255392,,,0.0,38.0
42,nf2018v2,nftonv2,mlp,0.001,buffer_only,2100,0.9539041494470216,0.9634765055204074,0.9079778559277176,0.9684704283079912,0.0799970803985256,0.0312697155676403,0.0152485609811134,0.9088571751053676,0.3918854211534097,,,0.0,4.0
42,nf2018v2,nftonv2,mlp,0.001,augment,252099,0.6714272094623375,0.7115437219866505,0.3949191515514679,0.7405350177234625,0.2239881756140286,0.2275806080221929,0.171348500645898,0.4637499617537455,0.1672212020142399,,,0.0,32.0
42,nf2018v2,nftonv2,mlp,0.01,buffer_only,21000,0.967651330601378,0.9744154142510184,0.9356558783057712,0.9897801811994374,0.0658370132476916,0.0200235170501385,0.0034801889442051,0.9352336849684731,0.4941655893816775,,,0.0,12.0
42,nf2018v2,nftonv2,mlp,0.01,augment,270999,0.9334718404605652,0.9465566752485554,0.8677370735522424,0.97547202168,0.0677165066968358,0.0427360932641167,0.0160445143528206,0.8683858448863244,0.5735395852429985,,,0.0,96.0
42,nf2018v2,nftonv2,mlp,0.05,buffer_only,105000,0.9717311707558218,0.9775478051034489,0.943495210597836,0.9937807126479584,0.0468596036640998,0.0176969785149771,0.0045221243040793,0.9421590555029388,0.4132034369100159,,,0.0,21.0
42,nf2018v2,nftonv2,mlp,0.1,buffer_only,210000,0.9768498026738628,0.9816366058002556,0.953793840451774,0.9960977704807492,0.0434473194408963,0.0140114355587696,0.0026621511914813,0.9535468597158436,0.4925456792729923,,,0.0,62.0
42,nf2018v2,nfbotv2,mlp,0.0001,buffer_only,211,0.507221003284372,0.9937961744173038,0.0852131190162651,0.5391190158037809,0.9916567342073898,0.00409868430932,0.0034907930034156,0.208437031211855,0.9951337862873684,,,0.0,1.0
42,nf2018v2,nfbotv2,mlp,0.0001,augment,250210,0.5448382493871454,0.9826792687568014,0.1404616836478602,0.5905419923266318,0.6317044100119189,0.0188253522001495,0.0094556684306324,0.2720737054114092,0.0009679478842018,,,0.0,34.0
42,nf2018v2,nfbotv2,mlp,0.001,buffer_only,2101,0.8042993421042212,0.9971519964771822,0.6500893936409267,0.7827526652733114,0.5482717520858165,0.0023183058964615,0.0014772215702064,0.5149020974300857,0.9686355539987443,,,0.0,3.0
42,nf2018v2,nfbotv2,mlp,0.001,augment,252100,0.6511874144782086,0.9926322855520604,0.3231815432846727,0.6371806426421311,0.5303933253873659,0.0068192594256967,0.0025774971604039,0.3337485036672487,0.7221789951757173,,,0.0,33.0
42,nf2018v2,nfbotv2,mlp,0.01,buffer_only,21000,0.8712098673848004,0.9980088814576982,0.7544048080784458,0.8871572647641849,0.368295589988081,0.0016342469948986,0.0009199951249747,0.6815699453414253,0.9520057141471472,,,0.0,3.0
42,nf2018v2,nfbotv2,mlp,0.01,augment,270999,0.7938018432957412,0.9968745023130444,0.6038742326756786,0.806230628699965,0.5208581644815257,0.0023407834929113,0.0015414056453476,0.6027270711797736,0.9465101957006372,,,0.0,44.0
42,nf2018v2,nfbotv2,mlp,0.05,buffer_only,105000,0.9006981297217369,0.9984303112260176,0.8074495526479445,0.930855304209117,0.2848629320619785,0.0013113227488833,0.0013023051131878,0.7654028748297638,0.9517795836143214,,,0.0,12.0
42,nf2018v2,nfbotv2,mlp,0.1,buffer_only,210001,0.9662871490202634,0.9994358357289336,0.932578450959186,0.9759418337105624,0.0643623361144219,0.0005038738705537,0.0005093226645753,0.8163014391619693,0.8919021590012908,,,0.0,30.0
42,nfunswv2,nf2018v2,rf,0.0001,buffer_only,217,0.9722468690944256,0.9885954103244105,0.945363583798542,0.9727945672508836,0.0014745749254205,0.013328025137652,0.0212517604078645,0.9415527532357628,0.6433333333333333,,,0.0,1.0
42,nfunswv2,nf2018v2,rf,0.0001,augment,250219,0.977754296346388,0.9908256390456628,0.956027878802772,0.9750317614304012,0.0013498032009618,0.0149496026964309,0.0395840020799895,0.9551461631449476,0.4733333333333333,,,0.0,17.0
42,nfunswv2,nf2018v2,rf,0.001,buffer_only,2102,0.980626161236162,0.992007734306165,0.9617495449421696,0.9807271349482584,0.0007769875568562,0.0076705819248681,0.0077832110839444,0.9616509904111536,0.49,,,0.0,2.0
42,nfunswv2,nf2018v2,rf,0.001,augment,252104,0.9823766888241904,0.992710845191573,0.9650559114100894,0.9811161916640218,0.0011966742663989,0.0075465352673236,0.0085980903428815,0.964277649297025,0.6633333333333333,,,0.0,20.0
42,nfunswv2,nf2018v2,rf,0.01,buffer_only,21001,0.9862857323365845,0.9943269269151658,0.972867491168671,0.9835290849866428,0.0003289436372091,0.0057341649402864,0.0055461222693886,0.968573554797504,0.9174074074073966,,,0.0,3.0
42,nfunswv2,nf2018v2,rf,0.01,augment,271003,0.9859562050139358,0.9941881487277096,0.9721814194583076,0.9834860904529128,0.0005387869919805,0.0058279369714262,0.0056778049443085,0.9687928502682048,0.9233333333333332,,,0.0,25.0
42,nfunswv2,nf2018v2,rf,0.05,buffer_only,105000,0.9878372312175902,0.9949658455954244,0.9759352351671404,0.9841674581785848,0.000147457492542,0.0052527957360213,0.0051944406944629,0.9688172147391978,0.9833333333333332,,,0.0,16.0
42,nfunswv2,nf2018v2,rf,0.1,buffer_only,210000,0.9883556293738918,0.9951790768672364,0.9769556813096164,0.9845374284776172,0.0001134288404169,0.0050588225392206,0.0052866235668819,0.9693287905123094,0.9933333333333332,,,0.0,37.0
42,nfunswv2,nftonv2,rf,0.0001,buffer_only,213,0.9364647322635932,0.9493791795148282,0.8729442246372302,0.9727572774937576,0.088372687128207,0.040516420193212,0.0253085432093827,0.8861326043451798,0.62,,,0.0,1.0
42,nfunswv2,nftonv2,rf,0.0001,augment,250215,0.9249840562547856,0.9398986520039524,0.8503774467050754,0.9683850033181834,0.088336192109777,0.0474133483445195,0.0333066832000826,0.868816770257804,0.6366666666666667,,,0.0,16.0
42,nfunswv2,nftonv2,rf,0.001,buffer_only,2100,0.967705278851059,0.9744299835965796,0.9356466158206888,0.9927847804453904,0.0623517389876281,0.0198824789679503,0.0073815369076844,0.935499577122628,0.4666666666666667,,,0.0,2.0
42,nfunswv2,nftonv2,rf,0.001,augment,252102,0.9664766656754604,0.9734192481792692,0.9330724715782072,0.9922711036391392,0.0596876026422393,0.0212022937336908,0.0115395743645384,0.933045111624263,0.5033333333333333,,,0.0,17.0
42,nfunswv2,nftonv2,rf,0.01,buffer_only,21000,0.98343740896239,0.9868651140680652,0.966984422109598,0.996993723512599,0.034670267508485,0.0102428982700469,0.0043173382533577,0.9672557069315892,0.5966666666666667,,,0.0,3.0
42,nfunswv2,nftonv2,rf,0.01,augment,271002,0.9829485943675692,0.9864781170082444,0.966009922600738,0.997032744352752,0.0355279004415897,0.0105727174191426,0.0049512247561238,0.9660819725700432,0.5966666666666667,,,0.0,22.0
42,nfunswv2,nftonv2,rf,0.05,buffer_only,105000,0.9898907921081344,0.9919703972822288,0.9798130676390084,0.9981486858587068,0.0204007153023612,0.0066775623322561,0.003764468822344,0.97920732606697,0.59,,,0.0,13.0
42,nfunswv2,nftonv2,rf,0.1,buffer_only,210000,0.991219374676248,0.9930240050324995,0.9824624469465004,0.9983623291190088,0.0177183314477573,0.0057852458706737,0.0032266661333306,0.9820131096690484,0.6,,,0.0,30.0
42,nfunswv2,nfbotv2,rf,0.0001,buffer_only,211,0.5495595677911442,0.994233162269195,0.216992622689214,0.7329232737913212,0.9463647199046484,0.0031847330555555,0.0037396166666665,0.4381574063568553,0.9933333333333332,,,0.0,1.0
42,nfunswv2,nfbotv2,rf,0.0001,augment,250213,0.6504141015207505,0.9926610162985852,0.3206580706322897,0.6129116141356529,0.5375446960667462,0.0054325817222222,0.0082231166666668,0.4233091096180211,0.8866666666666667,,,0.0,14.0
42,nfunswv2,nfbotv2,rf,0.001,buffer_only,2101,0.8538906277817087,0.9977766193691682,0.7254914102759167,0.925790809678566,0.4183551847437425,0.0014938797222222,0.0012655166666666,0.7117881700912531,0.8733333333333333,,,0.0,1.0
42,nfunswv2,nfbotv2,rf,0.001,augment,252103,0.8489352474395067,0.9976502810941724,0.7072193415657645,0.9332503768192636,0.3980929678188319,0.0014622358333333,0.0021027166666665,0.7930036350648695,0.7266666666666667,,,0.0,15.0
42,nfunswv2,nfbotv2,rf,0.01,buffer_only,21000,0.9443655635561212,0.9990976783747288,0.8904987449953482,0.9815726305470897,0.1632896305125149,0.0006393544999999,0.0003027166666665,0.844443022168621,0.9766666666666668,,,0.0,2.0
42,nfunswv2,nfbotv2,rf,0.01,augment,271002,0.940484726721316,0.9990152607495744,0.8811484387778235,0.9793742828047742,0.135876042908224,0.0006382237777777,0.0003983333333331,0.8250406464101947,0.9366666666666666,,,0.0,17.0
42,nfunswv2,nfbotv2,rf,0.05,buffer_only,105000,0.9787924935385696,0.9996453154388606,0.957586525495166,0.9930340120595462,0.0405244338498212,0.0002901376666666,0.0001862,0.8524556025426255,0.9933333333333332,,,0.0,5.0
42,nfunswv2,nfbotv2,rf,0.1,buffer_only,210001,0.984299249781865,0.9997363232533404,0.9686476482794264,0.9957478683772164,0.0214541120381406,0.0002181892777777,0.0001318166666666,0.8542261634033028,0.9966666666666668,,,0.0,12.0
42,nfunswv2,nf2018v2,lgbm,0.0001,buffer_only,217,0.9516308212644344,0.9797777608272958,0.903267570215251,0.9716861860154892,0.0119100282437812,0.0182896780632516,0.0168704959359501,0.936085435633848,0.9988110268643432,,,0.0,1.0
42,nfunswv2,nf2018v2,lgbm,0.0001,augment,250219,0.9720261015794892,0.988410110372308,0.944250776383182,0.9736371055780118,0.00414582411724,0.0104323126516212,0.0066591270142037,0.9520790980330616,0.6825669650671016,,,0.0,7.0
42,nfunswv2,nf2018v2,lgbm,0.001,buffer_only,2102,0.9806083970044964,0.9920015160357636,0.961725791726759,0.9814209485992588,0.0007372874627102,0.0077487512013249,0.0075123452182432,0.9613074991955672,0.4205770309517851,,,0.0,1.0
42,nfunswv2,nf2018v2,lgbm,0.001,augment,252104,0.9827242465379332,0.9928534114369904,0.9657404300200338,0.9821079855453864,0.0011683170562947,0.0068109551889808,0.005001687913255,0.9658242364616362,0.9246095719586066,,,0.0,4.0
42,nfunswv2,nf2018v2,lgbm,0.01,buffer_only,21001,0.9867000925113352,0.9944959466369392,0.9736689500113244,0.9853952370255374,0.0003686437313551,0.0053509069141418,0.0048551661533253,0.9685244598272208,0.9985550171947836,,,0.0,3.0
42,nfunswv2,nf2018v2,lgbm,0.01,augment,271003,0.9863244895764238,0.9943400368872132,0.9729124826435602,0.9849957024501204,0.000482072571772,0.005542381666218,0.0033802403472069,0.9680335101243872,0.9821086394511468,,,0.0,5.0
42,nfunswv2,nf2018v2,lgbm,0.05,buffer_only,105000,0.9878749274149334,0.9949812166545544,0.9760078450582204,0.9872846736781288,0.0001531289345629,0.0049298518654238,0.0026772418384233,0.968573554797504,0.9956099488557264,,,0.0,6.0
42,nfunswv2,nf2018v2,lgbm,0.1,buffer_only,210000,0.9883325780952276,0.9951692661937456,0.976906323321744,0.9877253647257808,0.0001361146085003,0.0047491615403132,0.0016400985719342,0.968573554797504,0.9952359044429628,,,0.0,4.0
42,nfunswv2,nftonv2,lgbm,0.0001,buffer_only,213,0.92335698277615,0.9388585170339409,0.8467710817392476,0.9691026761649888,0.1036640998503704,0.0542840639113882,0.0503894612004043,0.847592103882264,0.3361983202261613,,,0.0,2.0
42,nfunswv2,nftonv2,lgbm,0.0001,augment,250215,0.9338118410509608,0.946950962686338,0.8680849937981758,0.951678468226548,0.0741761249589431,0.0446874548474018,0.0249704059718139,0.868627477555468,0.639617627114064,,,0.0,4.0
42,nfunswv2,nftonv2,lgbm,0.001,buffer_only,2100,0.9661065559137852,0.973158952988506,0.932430527676789,0.991591789223335,0.0640487573446224,0.0246462725932619,0.0229815058629803,0.932598524084376,0.2472990823450047,,,0.0,2.0
42,nfunswv2,nftonv2,lgbm,0.001,augment,252102,0.9653914110680858,0.9725796291311408,0.930958847680694,0.9919482795982808,0.0636108171234626,0.0209875911148252,0.0080893666306682,0.933105779909555,0.6403857998392466,,,0.0,8.0
42,nfunswv2,nftonv2,lgbm,0.01,buffer_only,21000,0.9846297822488088,0.987804606786565,0.9693389129460036,0.9973234320089528,0.0313674683405715,0.0100682940576944,0.0056352619181297,0.968781211129552,0.439392738357741,,,0.0,2.0
42,nfunswv2,nftonv2,lgbm,0.01,augment,271002,0.9821688167852812,0.985860352424082,0.9644531146308948,0.9972562455874904,0.0367869785774241,0.0110590597054176,0.0016068467064573,0.9645550704549852,0.5103962732197989,,,0.0,8.0
42,nfunswv2,nftonv2,lgbm,0.05,buffer_only,105000,0.9900108410032846,0.9920631769536148,0.980042821964238,0.9987717911401596,0.0191963796941717,0.00659394365853,0.0018042474316591,0.9794980183897918,0.6053125915814951,,,0.0,3.0
42,nfunswv2,nftonv2,lgbm,0.1,buffer_only,210000,0.9907696559400512,0.9926650872957358,0.9815567289244258,0.9986909513381466,0.0176635889201124,0.0061525294512751,0.0028730571694066,0.9810578441955264,0.5983928301879775,,,0.0,6.0
42,nfunswv2,nfbotv2,lgbm,0.0001,buffer_only,211,0.6993418992103554,0.99442755155789,0.4054627247441705,0.5903101552415781,0.5101311084624554,0.006111712138532,0.0061018800317584,0.4099185365003123,0.9999779990830424,,,0.0,0.0
42,nfunswv2,nfbotv2,lgbm,0.0001,augment,250213,0.6369268780147197,0.9924660807182428,0.2904857402808136,0.6079907676334193,0.5864123957091776,0.0075329240382142,0.006678799786029,0.5434712662067294,0.9456386309196834,,,0.0,7.0
42,nfunswv2,nfbotv2,lgbm,0.001,buffer_only,2101,0.8819917504494744,0.998171475667458,0.7755071246652027,0.8826591547168455,0.3468414779499404,0.001547177055176,0.001500242973501,0.6952067720142294,0.9998621603031976,,,0.0,1.0
42,nfunswv2,nfbotv2,lgbm,0.001,augment,252103,0.7859654816468378,0.996701599908308,0.5821037790291489,0.8593038002729393,0.5160905840286055,0.002017707497642,0.0016878888710001,0.7297787016654763,0.9544256196112936,,,0.0,4.0
42,nfunswv2,nfbotv2,lgbm,0.01,buffer_only,21000,0.938074616381168,0.9989901204816805,0.8772887146612782,0.964582393216172,0.1656734207389749,0.0009394699285137,0.000929327418483,0.8549072493508985,0.9999968068441704,,,0.0,1.0
42,nfunswv2,nfbotv2,lgbm,0.01,augment,271002,0.9344379330280864,0.9989272377682162,0.8697079955307626,0.9769244691425666,0.166865315852205,0.0008110656376616,0.0006145823688623,0.8169817358198727,0.9957220535040794,,,0.0,5.0
42,nfunswv2,nfbotv2,lgbm,0.05,buffer_only,105000,0.5009180770084782,0.9921999718988004,0.001939572376869,0.5000088572015009,0.99523241954708,0.0072599991256866,0.0072599992496438,0.0019321891261438,1.0,,,0.0,2.0
42,nfunswv2,nfbotv2,lgbm,0.1,buffer_only,210001,0.7744596760134612,0.9962156542576992,0.5489384344772246,0.6544201311299724,0.4445768772348033,0.003799988641995,0.0037999943204876,0.5532369000272526,1.0,,,0.0,6.0
42,nfunswv2,nf2018v2,mlp,0.0001,buffer_only,217,0.9455630492273746,0.9778213472008794,0.8931536657894262,0.9587079700990766,0.0047640112975125,0.016986124927088,0.0119745615595099,0.9069593670918924,0.2945098563499851,,,0.0,1.0
42,nfunswv2,nf2018v2,mlp,0.0001,augment,250219,0.8703147679529035,0.9436119813606946,0.7446767537966535,0.9186070181236904,0.0460691235353501,0.0436049532237279,0.0230501835622207,0.7926629431499161,0.7376066416817367,,,0.0,45.0
42,nfunswv2,nf2018v2,mlp,0.001,buffer_only,2102,0.9696536728558294,0.987521566614041,0.9401013519738656,0.97282506124463,0.0022799196923809,0.0120779811385536,0.0141276396709345,0.9369201050107788,0.7987508284790618,,,0.0,6.0
42,nfunswv2,nf2018v2,mlp,0.001,augment,252104,0.9582987528277384,0.982897767690052,0.9176801506024664,0.9576810587155344,0.0040267238348022,0.0167424003114857,0.0128344323291576,0.916229813360094,0.604805560811121,,,0.0,34.0
42,nfunswv2,nf2018v2,mlp,0.01,buffer_only,21001,0.9800875946310036,0.9917753779047154,0.9605731359993388,0.9808105838839712,0.0012930887807533,0.0080502977946781,0.0031918140372004,0.959049130562533,0.5644659231346992,,,0.0,4.0
42,nfunswv2,nf2018v2,mlp,0.01,augment,271003,0.9814442740006446,0.9923261816401048,0.9631991182428878,0.9818849732193996,0.0013724889690452,0.0071966327848514,0.0032763758018297,0.9617002589578344,0.7747189372232242,,,0.0,55.0
42,nfunswv2,nf2018v2,mlp,0.05,buffer_only,105000,0.9849454067579356,0.993777080900622,0.9702359922775567,0.9843536142042392,0.000408343825501,0.005873010788063,0.0013888512344441,0.967591655391837,0.9235392809308088,,,0.0,24.0
42,nfunswv2,nf2018v2,mlp,0.1,buffer_only,210000,0.9846831710992062,0.9936723078713992,0.9697527319466452,0.9844189530701905,0.0002892435430632,0.0059118720390874,0.0016820891700348,0.9677880352729704,0.8937953483979152,,,0.0,27.0
42,nfunswv2,nftonv2,mlp,0.0001,buffer_only,213,0.8285367359289191,0.8636165405002317,0.6570746325098591,0.8581348664509617,0.2500091237546075,0.1087013097041136,0.0657156405810055,0.6919487928828547,0.2553428699013988,,,0.0,1.0
42,nfunswv2,nftonv2,mlp,0.0001,augment,250215,0.5549142983349423,0.5833667237802589,0.2321107024899748,0.6051214181608094,0.2292617057771614,0.3182677730632859,0.216597565237686,0.31979777556143,0.54754033703101,,,0.0,30.0
42,nfunswv2,nftonv2,mlp,0.001,buffer_only,2100,0.9539041494470216,0.9634765055204074,0.9079778559277176,0.9684704283079912,0.0799970803985256,0.0312697155676403,0.0152485609811134,0.9088571751053676,0.3918854211534097,,,0.0,8.0
42,nfunswv2,nftonv2,mlp,0.001,augment,252102,0.8840457097517687,0.9076035392600322,0.7681079791665835,0.9413855209707004,0.1643188204810043,0.0693006413226884,0.0178370799400614,0.7838817251385134,0.3590516867664812,,,0.0,47.0
42,nfunswv2,nftonv2,mlp,0.01,buffer_only,21000,0.967651330601378,0.9744154142510184,0.9356558783057712,0.9897801811994374,0.0658370132476916,0.0200235170501385,0.0034801889442051,0.9352336849684731,0.4941655893816775,,,0.0,11.0
42,nfunswv2,nftonv2,mlp,0.01,augment,271002,0.9639446108365451,0.9713124928530764,0.9278892852230716,0.989115451255938,0.0526075690668223,0.0224049997349284,0.0070830838649242,0.9282067383254065,0.3322897364505533,,,0.0,45.0
42,nfunswv2,nftonv2,mlp,0.05,buffer_only,105000,0.9717311707558218,0.9775478051034489,0.943495210597836,0.9937807126479584,0.0468596036640998,0.0176969785149771,0.0045221243040793,0.9421590555029388,0.4132034369100159,,,0.0,18.0
42,nfunswv2,nftonv2,mlp,0.1,buffer_only,210000,0.9768498026738628,0.9816366058002556,0.953793840451774,0.9960977704807492,0.0434473194408963,0.0140114355587696,0.0026621511914813,0.9535468597158436,0.4925456792729923,,,0.0,60.0
42,nfunswv2,nfbotv2,mlp,0.0001,buffer_only,211,0.507221003284372,0.9937961744173038,0.0852131190162651,0.5391190158037809,0.9916567342073898,0.00409868430932,0.0034907930034156,0.208437031211855,0.9951337862873684,,,0.0,1.0
42,nfunswv2,nfbotv2,mlp,0.0001,augment,250213,0.5277373601441259,0.9617628133734646,0.1834798242802817,0.7309691412783474,0.2145411203814064,0.0469087634586756,0.0387736077390447,0.4507459060486188,7.000162618301949e-17,,,0.0,28.0
42,nfunswv2,nfbotv2,mlp,0.001,buffer_only,2101,0.8042993421042212,0.9971519964771822,0.6500893936409267,0.7827526652733114,0.5482717520858165,0.0023183058964615,0.0014772215702064,0.5149020974300857,0.9686355539987443,,,0.0,6.0
42,nfunswv2,nfbotv2,mlp,0.001,augment,252103,0.6828732783197151,0.9927292348275066,0.4061175031639356,0.7211732158653195,0.3528009535160906,0.00789110102729,0.0041960777270957,0.4434032128717472,8.092267714309588e-09,,,0.0,35.0
42,nfunswv2,nfbotv2,mlp,0.01,buffer_only,21000,0.8712098673848004,0.9980088814576982,0.7544048080784458,0.8871572647641849,0.368295589988081,0.0016342469948986,0.0009199951249747,0.6815699453414253,0.9520057141471472,,,0.0,4.0
42,nfunswv2,nfbotv2,mlp,0.01,augment,271002,0.8684655785314779,0.9978960216022318,0.7402338146410005,0.8757132944029645,0.3253873659117998,0.0016553174704596,0.0005606960772736,0.6685958014920396,0.8840075059162362,,,0.0,36.0
42,nfunswv2,nfbotv2,mlp,0.05,buffer_only,105000,0.9006981297217369,0.9984303112260176,0.8074495526479445,0.930855304209117,0.2848629320619785,0.0013113227488833,0.0013023051131878,0.7654028748297638,0.9517795836143214,,,0.0,12.0
42,nfunswv2,nfbotv2,mlp,0.1,buffer_only,210001,0.9662871490202634,0.9994358357289336,0.932578450959186,0.9759418337105624,0.0643623361144219,0.0005038738705537,0.0005093226645753,0.8163014391619693,0.8919021590012908,,,0.0,30.0
42,nftonv2,nf2018v2,rf,0.0001,buffer_only,217,0.9722468690944256,0.9885954103244105,0.945363583798542,0.9727945672508836,0.0014745749254205,0.013328025137652,0.0212517604078645,0.9415527532357628,0.6433333333333333,,,0.0,1.0
42,nftonv2,nf2018v2,rf,0.0001,augment,250218,0.895529769744051,0.9535741956252034,0.8006054715223451,0.9474850947140524,0.047827270561813,0.0457363620959673,0.0479169937483645,0.8546178673173883,0.85,,,0.0,39.0
42,nftonv2,nf2018v2,rf,0.001,buffer_only,2102,0.980626161236162,0.992007734306165,0.9617495449421696,0.9807271349482584,0.0007769875568562,0.0076705819248681,0.0077832110839444,0.9616509904111536,0.49,,,0.0,2.0
42,nftonv2,nf2018v2,rf,0.001,augment,252103,0.9706603608291128,0.98778022738704,0.9413402637287414,0.9753133377460298,0.0061591860346411,0.0129861920690396,0.0160887862227354,0.946407937594292,0.76,,,0.0,39.0
42,nftonv2,nf2018v2,rf,0.01,buffer_only,21001,0.9862857323365845,0.9943269269151658,0.972867491168671,0.9835290849866428,0.0003289436372091,0.0057341649402864,0.0055461222693886,0.968573554797504,0.9174074074073966,,,0.0,3.0
42,nftonv2,nf2018v2,rf,0.01,augment,271002,0.9799643367953088,0.9917072646882544,0.96018611812195,0.9812514979627796,0.001979333265276,0.0080313772320027,0.0063301516825748,0.9613074991955672,0.8940740740740633,,,0.0,41.0
42,nftonv2,nf2018v2,rf,0.05,buffer_only,105000,0.9878372312175902,0.9949658455954244,0.9759352351671404,0.9841674581785848,0.000147457492542,0.0052527957360213,0.0051944406944629,0.9688172147391978,0.9833333333333332,,,0.0,15.0
42,nftonv2,nf2018v2,rf,0.1,buffer_only,210000,0.9883556293738918,0.9951790768672364,0.9769556813096164,0.9845374284776172,0.0001134288404169,0.0050588225392206,0.0052866235668819,0.9693287905123094,0.9933333333333332,,,0.0,38.0
42,nftonv2,nfunswv2,rf,0.0001,buffer_only,144,0.9352576343039536,0.9900339590895172,0.8761985266844862,0.9040183839570884,0.0102316542126978,0.0096541008888888,0.0103066666666666,0.8691320965130049,0.54,,,0.0,1.0
42,nftonv2,nfunswv2,rf,0.0001,augment,250145,0.8393154246985031,0.9782300655242192,0.6891714035035322,0.8851052287949296,0.0048689994907556,0.0157539096111111,0.0270453500000001,0.7463541859735149,0.4166666666666667,,,0.0,40.0
42,nftonv2,nfunswv2,rf,0.001,buffer_only,1392,0.9501122796415188,0.9925414930951968,0.9017121184941622,0.959415198751406,0.0062616268797871,0.0060686755,0.0026485166666666,0.8952025016327083,0.2833333333333333,,,0.0,1.0
42,nftonv2,nfunswv2,rf,0.001,augment,251393,0.9426211002849916,0.9916771812435774,0.8852579926957862,0.9562848501089004,0.0040895438625663,0.0069460571666666,0.0062368500000001,0.9073295720042608,0.3966666666666666,,,0.0,40.0
42,nftonv2,nfunswv2,rf,0.01,buffer_only,13907,0.9706338461094371,0.9956693103423444,0.9416738256656512,0.987392485864346,0.0034192120223236,0.0035354229444444,0.0007986166666667,0.9390426066936438,0.3,,,0.0,2.0
42,nftonv2,nfunswv2,rf,0.01,augment,263908,0.9687610324175822,0.9954081390147522,0.9377603484223046,0.9860639342907874,0.0032789100092495,0.0037485413888888,0.0014692499999999,0.9365207506957068,0.3033333333333333,,,0.0,40.0
42,nftonv2,nfunswv2,rf,0.05,buffer_only,69537,0.9735993965965528,0.9961175067634204,0.947460954031949,0.9899997882727962,0.0029463422745554,0.0030109805,0.0006562500000001,0.9432109442229144,0.2666666666666666,,,0.0,3.0
42,nftonv2,nfunswv2,rf,0.1,buffer_only,139072,0.975995736320146,0.9964767932505734,0.9521709432394554,0.9906366437298516,0.0025929890564429,0.0027886917777777,0.0007113333333332,0.9456290257432536,0.26,,,0.0,8.0
42,nftonv2,nfbotv2,rf,0.0001,buffer_only,211,0.5495595677911442,0.994233162269195,0.216992622689214,0.7329232737913212,0.9463647199046484,0.0031847330555555,0.0037396166666665,0.4381574063568553,0.9933333333333332,,,0.0,1.0
42,nftonv2,nfbotv2,rf,0.0001,augment,250212,0.8625073780439161,0.9973432987778804,0.7469802513634889,0.7410400511085323,0.0452920143027413,0.0048607094444444,0.0157188333333331,0.6925292785932092,0.4,,,0.0,40.0
42,nftonv2,nfbotv2,rf,0.001,buffer_only,2101,0.8538906277817087,0.9977766193691682,0.7254914102759167,0.925790809678566,0.4183551847437425,0.0014938797222222,0.0012655166666666,0.7117881700912531,0.8733333333333333,,,0.0,1.0
42,nftonv2,nfbotv2,rf,0.001,augment,252102,0.8868532050220683,0.998084677972236,0.7739619343019305,0.8779948712926754,0.2050059594755661,0.0016114274444444,0.0022729,0.7916808379330355,0.6466666666666666,,,0.0,40.0
42,nftonv2,nfbotv2,rf,0.01,buffer_only,21000,0.9443655635561212,0.9990976783747288,0.8904987449953482,0.9815726305470897,0.1632896305125149,0.0006393544999999,0.0003027166666665,0.844443022168621,0.9766666666666668,,,0.0,2.0
42,nftonv2,nfbotv2,rf,0.01,augment,271001,0.9533466336671662,0.9992077185066012,0.9071546301456814,0.978273592456388,0.0631704410011919,0.0006599782222222,0.0006426333333333,0.8249723962291096,0.8233333333333334,,,0.0,42.0
42,nftonv2,nfbotv2,rf,0.05,buffer_only,105000,0.9787924935385696,0.9996453154388606,0.957586525495166,0.9930340120595462,0.0405244338498212,0.0002901376666666,0.0001862,0.8524556025426255,0.9933333333333332,,,0.0,5.0
42,nftonv2,nfbotv2,rf,0.1,buffer_only,210001,0.984299249781865,0.9997363232533404,0.9686476482794264,0.9957478683772164,0.0214541120381406,0.0002181892777777,0.0001318166666666,0.8542261634033028,0.9966666666666668,,,0.0,13.0
42,nftonv2,nf2018v2,lgbm,0.0001,buffer_only,217,0.9516308212644344,0.9797777608272958,0.903267570215251,0.9716861860154892,0.0119100282437812,0.0182896780632516,0.0168704959359501,0.936085435633848,0.9988110268643432,,,0.0,1.0
42,nftonv2,nf2018v2,lgbm,0.0001,augment,250218,0.7914389006642619,0.8968400538755436,0.6310618265121535,0.8890068527848867,0.1237281791268247,0.0915041563583413,0.053199637999932,0.7311879451099245,0.903202442350948,,,0.0,8.0
42,nftonv2,nf2018v2,lgbm,0.001,buffer_only,2102,0.9806083970044964,0.9920015160357636,0.961725791726759,0.9814209485992588,0.0007372874627102,0.0077487512013249,0.0075123452182432,0.9613074991955672,0.4205770309517851,,,0.0,1.0
42,nftonv2,nf2018v2,lgbm,0.001,augment,252103,0.9450786869174548,0.9766396032521182,0.8911855313180564,0.974321381521698,0.0193112600809881,0.020377950486836,0.0119000765404677,0.9382095578378856,0.8731724308643632,,,0.0,5.0
42,nftonv2,nf2018v2,lgbm,0.01,buffer_only,21001,0.9867000925113352,0.9944959466369392,0.9736689500113244,0.9853952370255374,0.0003686437313551,0.0053509069141418,0.0048551661533253,0.9685244598272208,0.9985550171947836,,,0.0,3.0
42,nftonv2,nf2018v2,lgbm,0.01,augment,271002,0.977497623050014,0.9906698938809788,0.9551573910236516,0.9820632998219988,0.0031136216694456,0.0088992365600008,0.0042235281371281,0.9609147394333004,0.9032148209901854,,,0.0,5.0
42,nftonv2,nf2018v2,lgbm,0.05,buffer_only,105000,0.9878749274149334,0.9949812166545544,0.9760078450582204,0.9872846736781288,0.0001531289345629,0.0049298518654238,0.0026772418384233,0.968573554797504,0.9956099488557264,,,0.0,6.0
42,nftonv2,nf2018v2,lgbm,0.1,buffer_only,210000,0.9883325780952276,0.9951692661937456,0.976906323321744,0.9877253647257808,0.0001361146085003,0.0047491615403132,0.0016400985719342,0.968573554797504,0.9952359044429628,,,0.0,4.0
42,nftonv2,nfunswv2,lgbm,0.0001,buffer_only,144,0.8697386833450658,0.9810543979159116,0.7394773684828944,0.8597979175655568,0.0098419263986032,0.0189371799239309,0.01892474687475,0.7302931078477918,0.0005759660896481,,,0.0,1.0
42,nftonv2,nfunswv2,lgbm,0.0001,augment,250145,0.7625697516566122,0.96566056957459,0.5251818686766581,0.7685227639093283,0.0172831294623834,0.0244302243756899,0.0104888538794113,0.5908620291002353,0.1990658778604046,,,0.0,5.0
42,nftonv2,nfunswv2,lgbm,0.001,buffer_only,1392,0.9389009712772828,0.9909664379973088,0.8783335913449848,0.9413415906727296,0.006121324866713,0.0082745763895375,0.0081870320630802,0.8925369580419055,0.0003325121678391,,,0.0,1.0
42,nftonv2,nfunswv2,lgbm,0.001,augment,251393,0.9273134056844724,0.989433952046502,0.85462747542717,0.9263719103164232,0.0054406002847611,0.0085585336426743,0.0016208014573368,0.8775812277851452,0.2888292112766575,,,0.0,8.0
42,nftonv2,nfunswv2,lgbm,0.01,buffer_only,13907,0.970210378342368,0.9956210427759312,0.9406611226839506,0.9853809813518212,0.003169786221303,0.0040391049945728,0.0037857678613849,0.9410779828035302,0.0107384000839197,,,0.0,2.0
42,nftonv2,nfunswv2,lgbm,0.01,augment,263908,0.9640178004727854,0.994730715782824,0.928134856329515,0.9835887010948988,0.0033152846052317,0.0040323954322259,0.0007692390916477,0.9294852142524558,0.2890964092205877,,,0.0,5.0
42,nftonv2,nfunswv2,lgbm,0.05,buffer_only,69537,0.97263666221806,0.9959825030545012,0.9454640344668888,0.988515697877665,0.0028787894534457,0.0033873714309932,0.002702248487996,0.9429222868912012,0.0766945113779859,,,0.0,3.0
42,nftonv2,nfunswv2,lgbm,0.1,buffer_only,139072,0.9743626173094676,0.9962405299618372,0.9488703253372784,0.9910004313159828,0.0026397563941343,0.002953339968483,0.0017921001024876,0.9450300629913964,0.1314645114398568,,,0.0,3.0
42,nftonv2,nfbotv2,lgbm,0.0001,buffer_only,211,0.6993418992103554,0.99442755155789,0.4054627247441705,0.5903101552415781,0.5101311084624554,0.006111712138532,0.0061018800317584,0.4099185365003123,0.9999779990830424,,,0.0,1.0
42,nftonv2,nfbotv2,lgbm,0.0001,augment,250212,0.7969827347968372,0.9960580740170746,0.6130654674524398,0.8492473944430894,0.2097735399284863,0.003725660789248,0.0042363741155096,0.6367259704090381,0.1897740139681694,,,0.0,4.0
42,nftonv2,nfbotv2,lgbm,0.001,buffer_only,2101,0.8819917504494744,0.998171475667458,0.7755071246652027,0.8826591547168455,0.3468414779499404,0.001547177055176,0.001500242973501,0.6952067720142294,0.9998621603031976,,,0.0,1.0
42,nftonv2,nfbotv2,lgbm,0.001,augment,252102,0.9019673044490844,0.9984309313388412,0.8074253872989787,0.8991052475174302,0.2634088200238379,0.001126338328489,0.0010210631529779,0.7945961206094698,0.9114193333879428,,,0.0,8.0
42,nftonv2,nfbotv2,lgbm,0.01,buffer_only,21000,0.938074616381168,0.9989901204816805,0.8772887146612782,0.9645836635532364,0.1656734207389749,0.0009394672846728,0.0009293243390708,0.8549072493508985,0.9999968068441704,,,0.0,1.0
42,nftonv2,nfbotv2,lgbm,0.01,augment,271001,0.950191027417485,0.9991763550364222,0.9005882949774143,0.9502871847524756,0.1179976162097735,0.0007438626484099,0.0003138013935464,0.8043406609259516,0.9830280428885552,,,0.0,5.0
42,nftonv2,nfbotv2,lgbm,0.05,buffer_only,105000,0.5350018905952284,0.993989148115248,0.1297195199299362,0.5086391102333594,0.9606674612634089,0.0042450324139833,0.0042458926207713,0.0813774457648061,1.0,,,0.0,3.0
42,nftonv2,nfbotv2,lgbm,0.1,buffer_only,210001,0.8516730010150557,0.9976906589217608,0.7124832049997525,0.7560185157198244,0.3921334922526817,0.0021400000186334,0.0021399903466934,0.7137508960800227,1.0,,,0.0,3.0
42,nftonv2,nf2018v2,mlp,0.0001,buffer_only,217,0.9455630492273746,0.9778213472008794,0.8931536657894262,0.9587079700990766,0.0047640112975125,0.016986124927088,0.0119745615595099,0.9069593670918924,0.2945098563499851,,,0.0,1.0
42,nftonv2,nf2018v2,mlp,0.0001,augment,250218,0.5740341089366279,0.7135850410190557,0.3611793080988288,0.8638976741663726,0.3864747450686812,0.2904912232122565,0.2635944251844041,0.7479770768464158,0.9971975045569046,,,0.0,45.0
42,nftonv2,nf2018v2,mlp,0.001,buffer_only,2102,0.9696536728558294,0.987521566614041,0.9401013519738656,0.97282506124463,0.0022799196923809,0.0120779811385536,0.0141276396709345,0.9369201050107788,0.7987508284790618,,,0.0,2.0
42,nftonv2,nf2018v2,mlp,0.001,augment,252103,0.8047163715962009,0.9047890676377276,0.6516505700199671,0.9504091061893954,0.1128730390989213,0.0828029164157624,0.0469186703518711,0.8764430542304041,0.9840537628232195,,,0.0,82.0
42,nftonv2,nf2018v2,mlp,0.01,buffer_only,21001,0.9800875946310036,0.9917753779047154,0.9605731359993388,0.9808105838839712,0.0012930887807533,0.0080502977946781,0.0031918140372004,0.959049130562533,0.5644659231346992,,,0.0,5.0
42,nftonv2,nf2018v2,mlp,0.01,augment,271002,0.8748193828619528,0.9432714779974286,0.7648661648266185,0.96764158758435,0.061053073354431,0.0473055875566195,0.0201297187597492,0.8830150544203622,0.9307819219290908,,,0.0,66.0
42,nftonv2,nf2018v2,mlp,0.05,buffer_only,105000,0.9849454067579356,0.993777080900622,0.9702359922775567,0.9843536142042392,0.000408343825501,0.005873010788063,0.0013888512344441,0.967591655391837,0.9235392809308088,,,0.0,25.0
42,nftonv2,nf2018v2,mlp,0.1,buffer_only,210000,0.9846831710992062,0.9936723078713992,0.9697527319466452,0.9844189530701905,0.0002892435430632,0.0059118720390874,0.0016820891700348,0.9677880352729704,0.8937953483979152,,,0.0,28.0
42,nftonv2,nfunswv2,mlp,0.0001,buffer_only,144,0.8352804798595577,0.9770225495673844,0.6738046434465649,0.8267334304299909,0.0080803566788954,0.0192204515379076,0.0184490278292009,0.7743001988755731,0.017395350623986,,,0.0,1.0
42,nftonv2,nfunswv2,mlp,0.0001,augment,250145,0.7275981151210963,0.955659533532509,0.4664771312628591,0.6946565128924579,0.0351846270564637,0.0394322709791258,0.0220953014389761,0.5541474376362296,0.8777232733123542,,,0.0,76.0
42,nftonv2,nfunswv2,mlp,0.001,buffer_only,1392,0.9362181098831456,0.990754027761314,0.8724595041636478,0.9083464198567264,0.0045156462726431,0.0081095594998207,0.0058354509097418,0.8741560916223279,0.0572937393568198,,,0.0,3.0
42,nftonv2,nfunswv2,mlp,0.001,augment,251393,0.8844758220978282,0.9832186368069256,0.7689546306311785,0.8481208911051865,0.0086051901352095,0.0149183983844742,0.0082520583949576,0.7599409741929922,0.3896756685645586,,,0.0,98.0
42,nftonv2,nfunswv2,mlp,0.01,buffer_only,13907,0.9506935857834092,0.99270155741003,0.9020094267814196,0.9544747544946004,0.0053054946425416,0.006129297869217,0.0027445611056522,0.9062996771503068,0.4582628808488733,,,0.0,3.0
42,nftonv2,nfunswv2,mlp,0.01,augment,263908,0.9438017132810446,0.9917980370554924,0.8876277882401218,0.9346197637002256,0.0045572172394799,0.0068318474730041,0.0025612974911756,0.8895692043550063,0.2965404059773082,,,0.0,68.0
42,nftonv2,nfunswv2,mlp,0.05,buffer_only,69537,0.960155016266554,0.9940795904777558,0.9212390576675296,0.9737072230628904,0.0049053740867378,0.0046294966761855,0.0004601005927226,0.920131957807839,0.4825464904341742,,,0.0,10.0
42,nftonv2,nfunswv2,mlp,0.1,buffer_only,139072,0.9612592048203848,0.99425744542982,0.9232569489766432,0.970252650780128,0.0046039845771713,0.0045791815680586,0.0007079733527362,0.9236888299769186,0.4522649202300335,,,0.0,18.0
42,nftonv2,nfbotv2,mlp,0.0001,buffer_only,211,0.507221003284372,0.9937961744173038,0.0852131190162651,0.5391190158037809,0.9916567342073898,0.00409868430932,0.0034907930034156,0.208437031211855,0.9951337862873684,,,0.0,1.0
42,nftonv2,nfbotv2,mlp,0.0001,augment,250212,0.5323370775022722,0.9756764193271192,0.1351928570153386,0.5699746539675488,0.5530393325387366,0.0363072627371243,0.0228776795227537,0.2500456258807942,0.000436097166735,,,0.0,60.0
42,nftonv2,nfbotv2,mlp,0.001,buffer_only,2101,0.8042993421042212,0.9971519964771822,0.6500893936409267,0.7827526652733114,0.5482717520858165,0.0023183058964615,0.0014772215702064,0.5149020974300857,0.9686355539987443,,,0.0,2.0
42,nftonv2,nfbotv2,mlp,0.001,augment,252102,0.6252929551726556,0.9919701511206144,0.2697461475682229,0.6549740589526164,0.599523241954708,0.0075810359693083,0.0037049786331774,0.3871092318490647,0.0078801719052214,,,0.0,67.0
42,nftonv2,nfbotv2,mlp,0.01,buffer_only,21000,0.8712098673848004,0.9980088814576982,0.7544048080784458,0.8871572647641849,0.368295589988081,0.0016342469948986,0.0009199951249747,0.6815699453414253,0.9520057141471472,,,0.0,5.0
42,nftonv2,nfbotv2,mlp,0.01,augment,271001,0.8931903165913784,0.9982576174903848,0.7873780084014328,0.8994874450112769,0.2502979737783075,0.0014652018883104,0.0004242187755052,0.727478454346944,0.8766588913065771,,,0.0,92.0
42,nftonv2,nfbotv2,mlp,0.05,buffer_only,105000,0.9006981297217369,0.9984303112260176,0.8074495526479445,0.930855304209117,0.2848629320619785,0.0013113227488833,0.0013023051131878,0.7654028748297638,0.9517795836143214,,,0.0,11.0
42,nftonv2,nfbotv2,mlp,0.1,buffer_only,210001,0.9662871490202634,0.9994358357289336,0.932578450959186,0.9759418337105624,0.0643623361144219,0.0005038738705537,0.0005093226645753,0.8163014391619693,0.8919021590012908,,,0.0,32.0
42,nfbotv2,nf2018v2,rf,0.0001,buffer_only,217,0.9722468690944256,0.9885954103244105,0.945363583798542,0.9727945672508836,0.0014745749254205,0.013328025137652,0.0212517604078645,0.9415527532357628,0.6433333333333333,,,0.0,1.0
42,nfbotv2,nf2018v2,rf,0.0001,augment,250217,0.9621650273038967,0.9841166536134704,0.9244256977479264,0.9767925772246552,0.0107643969555699,0.0159136310429558,0.0268339158304208,0.9368731499813178,0.63,,,0.0,17.0
42,nfbotv2,nf2018v2,rf,0.001,buffer_only,2102,0.980626161236162,0.992007734306165,0.9617495449421696,0.9807271349482584,0.0007769875568562,0.0076705819248681,0.0077832110839444,0.9616509904111536,0.49,,,0.0,2.0
42,nfbotv2,nf2018v2,rf,0.001,augment,252102,0.9815217541569108,0.9923598457817384,0.963368347027368,0.9806984735848412,0.0012874173387325,0.0077949711362554,0.0088946888598891,0.9638113426800186,0.5974074074073966,,,0.0,19.0
42,nfbotv2,nf2018v2,rf,0.01,buffer_only,21001,0.9862857323365845,0.9943269269151658,0.972867491168671,0.9835290849866428,0.0003289436372091,0.0057341649402864,0.0055461222693886,0.968573554797504,0.9174074074073966,,,0.0,4.0
42,nfbotv2,nf2018v2,rf,0.01,augment,271001,0.986151776350625,0.9942689778216318,0.9725715095989832,0.9834483611696452,0.0004990868978346,0.0058126955476333,0.0055794221028894,0.9687928502682048,0.9366666666666666,,,0.0,22.0
42,nfbotv2,nf2018v2,rf,0.05,buffer_only,105000,0.9878372312175902,0.9949658455954244,0.9759352351671404,0.9841674581785848,0.000147457492542,0.0052527957360213,0.0051944406944629,0.9688172147391978,0.9833333333333332,,,0.0,16.0
42,nfbotv2,nf2018v2,rf,0.1,buffer_only,210000,0.9883556293738918,0.9951790768672364,0.9769556813096164,0.9845374284776172,0.0001134288404169,0.0050588225392206,0.0052866235668819,0.9693287905123094,0.9933333333333332,,,0.0,37.0
42,nfbotv2,nfunswv2,rf,0.0001,buffer_only,144,0.9352576343039536,0.9900339590895172,0.8761985266844862,0.9040183839570884,0.0102316542126978,0.0096541008888888,0.0103066666666666,0.8691320965130049,0.54,,,0.0,1.0
42,nfbotv2,nfunswv2,rf,0.0001,augment,250144,0.8968247410125763,0.9845932919790836,0.7948660084034209,0.9054007878830956,0.0103927417091903,0.0115369653333333,0.0137130666666667,0.8513125969504338,0.4033333333333333,,,0.0,17.0
42,nfbotv2,nfunswv2,rf,0.001,buffer_only,1392,0.9501122796415188,0.9925414930951968,0.9017121184941622,0.959415198751406,0.0062616268797871,0.0060686755,0.0026485166666666,0.8952025016327083,0.2833333333333333,,,0.0,1.0
42,nfbotv2,nfunswv2,rf,0.001,augment,251392,0.9406864620569498,0.9912112341551348,0.8820542108482862,0.9601574979226486,0.0061836813169682,0.0065743322777777,0.0026765499999999,0.885677254492455,0.3433333333333333,,,0.0,18.0
42,nfbotv2,nfunswv2,rf,0.01,buffer_only,13907,0.9706338461094371,0.9956693103423444,0.9416738256656512,0.987392485864346,0.0034192120223236,0.0035354229444444,0.0007986166666667,0.9390426066936438,0.3,,,0.0,2.0
42,nfbotv2,nfunswv2,rf,0.01,augment,263907,0.968154912587558,0.9953065333349188,0.936680533296444,0.9855427980444352,0.0035595140353976,0.0037391158888888,0.0009530333333336,0.9362763106928076,0.3633333333333333,,,0.0,22.0
42,nfbotv2,nfunswv2,rf,0.05,buffer_only,69537,0.9735993965965528,0.9961175067634204,0.947460954031949,0.9899997882727962,0.0029463422745554,0.0030109805,0.0006562500000001,0.9432109442229144,0.2666666666666666,,,0.0,3.0
42,nfbotv2,nfunswv2,rf,0.1,buffer_only,139072,0.975995736320146,0.9964767932505734,0.9521709432394554,0.9906366437298516,0.0025929890564429,0.0027886917777777,0.0007113333333332,0.9456290257432536,0.26,,,0.0,7.0
42,nfbotv2,nftonv2,rf,0.0001,buffer_only,213,0.9364647322635932,0.9493791795148282,0.8729442246372302,0.9727572774937576,0.088372687128207,0.040516420193212,0.0253085432093827,0.8861326043451798,0.62,,,0.0,1.0
42,nfbotv2,nftonv2,rf,0.0001,augment,250213,0.917084606920458,0.9345044162992922,0.8346525917379906,0.9770484385107808,0.1420568592387139,0.0441986375487432,0.0284615089742115,0.8632764202013736,0.72,,,0.0,19.0
42,nfbotv2,nftonv2,rf,0.001,buffer_only,2100,0.967705278851059,0.9744299835965796,0.9356466158206888,0.9927847804453904,0.0623517389876281,0.0198824789679503,0.0073815369076844,0.935499577122628,0.4666666666666667,,,0.0,2.0
42,nfbotv2,nftonv2,rf,0.001,augment,252100,0.9650881746166616,0.9724488053621332,0.9308339421667486,0.9920887036954846,0.0762928360278822,0.0214896384481922,0.0088485442427211,0.9315913490344158,0.5366666666666666,,,0.0,19.0
42,nfbotv2,nftonv2,rf,0.01,buffer_only,21000,0.98343740896239,0.9868651140680652,0.966984422109598,0.996993723512599,0.034670267508485,0.0102428982700469,0.0043173382533577,0.9672557069315892,0.5966666666666667,,,0.0,4.0
42,nfbotv2,nftonv2,rf,0.01,augment,271000,0.9832219282157512,0.9866993089033294,0.9665798966383282,0.9969354361386266,0.0361848107733294,0.0104007152813541,0.0045093392133626,0.9672248547013704,0.5133333333333333,,,0.0,24.0
42,nfbotv2,nftonv2,rf,0.05,buffer_only,105000,0.9898907921081344,0.9919703972822288,0.9798130676390084,0.9981486858587068,0.0204007153023612,0.0066775623322561,0.003764468822344,0.97920732606697,0.59,,,0.0,13.0
42,nfbotv2,nftonv2,rf,0.1,buffer_only,210000,0.991219374676248,0.9930240050324995,0.9824624469465004,0.9983623291190088,0.0177183314477573,0.0057852458706737,0.0032266661333306,0.9820131096690484,0.6,,,0.0,31.0
42,nfbotv2,nf2018v2,lgbm,0.0001,buffer_only,217,0.9516308212644344,0.9797777608272958,0.903267570215251,0.9716861860154892,0.0119100282437812,0.0182896780632516,0.0168704959359501,0.936085435633848,0.9988110268643432,,,0.0,1.0
42,nfbotv2,nf2018v2,lgbm,0.0001,augment,250217,0.6856254121102684,0.8584779452383845,0.3796481763552103,0.5998042049576279,0.1100316466464763,0.1512142075820046,0.1512155382781765,0.3796871384250925,1.0,,,0.0,6.0
42,nfbotv2,nf2018v2,lgbm,0.001,buffer_only,2102,0.9806083970044964,0.9920015160357636,0.961725791726759,0.9814209485992588,0.0007372874627102,0.0077487512013249,0.0075123452182432,0.9613074991955672,0.4205770309517851,,,0.0,1.0
42,nfbotv2,nf2018v2,lgbm,0.001,augment,252102,0.977919338157942,0.9908702795635695,0.956160975444004,0.9820138590007388,0.002126790757818,0.008426473577402,0.0079805881368393,0.9596382702059332,0.9409520047224966,,,0.0,4.0
42,nfbotv2,nf2018v2,lgbm,0.01,buffer_only,21001,0.9867000925113352,0.9944959466369392,0.9736689500113244,0.9853952370255374,0.0003686437313551,0.0053509069141418,0.0048551661533253,0.9685244598272208,0.9985550171947836,,,0.0,5.0
42,nfbotv2,nf2018v2,lgbm,0.01,augment,271001,0.986084418872665,0.9942374381828616,0.9723990317837208,0.9855348750888884,0.0007146016946268,0.0055055680311164,0.0042055981452112,0.9680822659120918,0.9825784536759584,,,0.0,5.0
42,nfbotv2,nf2018v2,lgbm,0.05,buffer_only,105000,0.9878749274149334,0.9949812166545544,0.9760078450582204,0.9872846736781288,0.0001531289345629,0.0049298518654238,0.0026772418384233,0.968573554797504,0.9956099488557264,,,0.0,5.0
42,nfbotv2,nf2018v2,lgbm,0.1,buffer_only,210000,0.9883325780952276,0.9951692661937456,0.976906323321744,0.9877253647257808,0.0001361146085003,0.0047491615403132,0.0016400985719342,0.968573554797504,0.9952359044429628,,,0.0,4.0
42,nfbotv2,nfunswv2,lgbm,0.0001,buffer_only,144,0.8697386833450658,0.9810543979159116,0.7394773684828944,0.8597979175655568,0.0098419263986032,0.0189371799239309,0.01892474687475,0.7302931078477918,0.0005759660896481,,,0.0,1.0
42,nfbotv2,nfunswv2,lgbm,0.0001,augment,250144,0.4190920598617115,0.721878470174185,0.0526042161400708,0.5057853225823109,0.393261346275761,0.3962249999977075,0.3962249992280857,0.0537986059022305,2.800005966602501e-183,,,0.0,5.0
42,nfbotv2,nfunswv2,lgbm,0.001,buffer_only,1392,0.9389009712772828,0.9909664379973088,0.8783335913449848,0.9413415906727296,0.006121324866713,0.0082745763895375,0.0081870320630802,0.8925369580419055,0.0003325121678391,,,0.0,1.0
42,nfbotv2,nfunswv2,lgbm,0.001,augment,251392,0.925289549557962,0.9888862910088424,0.851536129272781,0.9440817985226176,0.0077633780567651,0.0099523835507867,0.0098471403571409,0.8739569169278533,0.0008300785354972,,,0.0,4.0
42,nfbotv2,nfunswv2,lgbm,0.01,buffer_only,13907,0.970210378342368,0.9956210427759312,0.9406611226839506,0.9853809813518212,0.003169786221303,0.0040391049945728,0.0037857678613849,0.9410779828035302,0.0107384000839197,,,0.0,4.0
42,nfbotv2,nfunswv2,lgbm,0.01,augment,263907,0.966240832944628,0.9950448690118524,0.9326589509055078,0.9817827101706555,0.0033464628303592,0.0041567825569068,0.0034895561523539,0.937125902615664,0.0936998113746415,,,0.0,4.0
42,nfbotv2,nfunswv2,lgbm,0.05,buffer_only,69537,0.97263666221806,0.9959825030545012,0.9454640344668888,0.988515697877665,0.0028787894534457,0.0033873714309932,0.002702248487996,0.9429222868912012,0.076694511377986,,,0.0,2.0
42,nfbotv2,nfunswv2,lgbm,0.1,buffer_only,139072,0.9743626173094676,0.9962405299618372,0.9488703253372784,0.9910004313159828,0.0026397563941343,0.002953339968483,0.0017921001024876,0.9450300629913964,0.1314645114398568,,,0.0,4.0
42,nfbotv2,nftonv2,lgbm,0.0001,buffer_only,213,0.92335698277615,0.9388585170339409,0.8467710817392476,0.9691026761649888,0.1036640998503704,0.0542840639113882,0.0503894612004043,0.847592103882264,0.3361983202261613,,,0.0,1.0
42,nfbotv2,nftonv2,lgbm,0.0001,augment,250213,0.5468669303302278,0.5841059389638765,0.1841404281718205,0.5493563205896342,0.3065581548118681,0.4381521747888006,0.4381517551366802,0.1828713184834111,2.513736230147469e-232,,,0.0,2.0
42,nfbotv2,nftonv2,lgbm,0.001,buffer_only,2100,0.9661065559137852,0.973158952988506,0.932430527676789,0.991591789223335,0.0640487573446224,0.0246462725932619,0.0229815058629803,0.932598524084376,0.2472990823450047,,,0.0,5.0
42,nfbotv2,nftonv2,lgbm,0.001,augment,252100,0.7051058879979748,0.764441527178072,0.4103048055047474,0.6329909759373593,0.4190540491222948,0.2364506958157121,0.236450901273303,0.4114528254261845,1.164868467512832e-127,,,0.0,4.0
42,nfbotv2,nftonv2,lgbm,0.01,buffer_only,21000,0.9846297822488088,0.987804606786565,0.9693389129460036,0.9973234320089528,0.0313674683405715,0.0100682940576944,0.0056352619181297,0.968781211129552,0.439392738357741,,,0.0,2.0
42,nfbotv2,nftonv2,lgbm,0.01,augment,271000,0.9828050546596996,0.986358576777929,0.9656967313518972,0.9970173222023252,0.0344148023794752,0.0109235532015534,0.0046578129161545,0.965516707255186,0.471612423767706,,,0.0,8.0
42,nfbotv2,nftonv2,lgbm,0.05,buffer_only,105000,0.9900108410032846,0.9920631769536148,0.980042821964238,0.9987717911401596,0.0191963796941717,0.00659394365853,0.0018042474316591,0.9794980183897918,0.6053125915814951,,,0.0,3.0
42,nfbotv2,nftonv2,lgbm,0.1,buffer_only,210000,0.9907696559400512,0.9926650872957358,0.9815567289244258,0.9986909513381466,0.0176635889201124,0.0061525294512751,0.0028730571694066,0.9810578441955264,0.5983928301879775,,,0.0,6.0
42,nfbotv2,nf2018v2,mlp,0.0001,buffer_only,217,0.9455630492273746,0.9778213472008794,0.8931536657894262,0.9587079700990766,0.0047640112975125,0.016986124927088,0.0119745615595099,0.9069593670918924,0.2945098563499851,,,0.0,1.0
42,nfbotv2,nf2018v2,mlp,0.0001,augment,250217,0.9108832362693432,0.9614466284067116,0.825154690957375,0.8611307903810548,0.0338358230963804,0.0368133034112967,0.0288880956457112,0.8328542982730733,0.7162533316471391,,,0.0,43.0
42,nfbotv2,nf2018v2,mlp,0.001,buffer_only,2102,0.9696536728558294,0.987521566614041,0.9401013519738656,0.97282506124463,0.0022799196923809,0.0120779811385536,0.0141276396709345,0.9369201050107788,0.7987508284790618,,,0.0,2.0
42,nfbotv2,nf2018v2,mlp,0.001,augment,252102,0.9523279653027396,0.9800006403929514,0.9047282082039528,0.9635286734266528,0.012891187713388,0.0167855983666835,0.0065498497851618,0.929248483600536,0.8427428840924628,,,0.0,25.0
42,nfbotv2,nf2018v2,mlp,0.01,buffer_only,21001,0.9800875946310036,0.9917753779047154,0.9605731359993388,0.9808105838839712,0.0012930887807533,0.0080502977946781,0.0031918140372004,0.959049130562533,0.5644659231346992,,,0.0,8.0
42,nfbotv2,nf2018v2,mlp,0.01,augment,271001,0.9795410387989842,0.9915239426867434,0.9592850868092508,0.9791241806382058,0.0023820056487562,0.0077687150233668,0.0024520983057533,0.9631731080663348,0.9137618903424204,,,0.0,38.0
42,nfbotv2,nf2018v2,mlp,0.05,buffer_only,105000,0.9849454067579356,0.993777080900622,0.9702359922775567,0.9843536142042392,0.000408343825501,0.005873010788063,0.0013888512344441,0.967591655391837,0.9235392809308088,,,0.0,21.0
42,nfbotv2,nf2018v2,mlp,0.1,buffer_only,210000,0.9846831710992062,0.9936723078713992,0.9697527319466452,0.9844189530701905,0.0002892435430632,0.0059118720390874,0.0016820891700348,0.9677880352729704,0.8937953483979152,,,0.0,27.0
42,nfbotv2,nfunswv2,mlp,0.0001,buffer_only,144,0.8352804798595577,0.9770225495673844,0.6738046434465649,0.8267334304299909,0.0080803566788954,0.0192204515379076,0.0184490278292009,0.7743001988755731,0.017395350623986,,,0.0,1.0
42,nfbotv2,nfunswv2,mlp,0.0001,augment,250144,0.7930723464277297,0.9715661059485584,0.5917569496741709,0.7001783110321091,0.0093846457633988,0.0255010508090612,0.0222496414158073,0.5927298472656614,0.3310416322569325,,,0.0,33.0
42,nfbotv2,nfunswv2,mlp,0.001,buffer_only,1392,0.9362181098831456,0.990754027761314,0.8724595041636478,0.9083464198567264,0.0045156462726431,0.0081095594998207,0.0058354509097418,0.8741560916223279,0.0572937393568198,,,0.0,7.0
42,nfbotv2,nfunswv2,mlp,0.001,augment,251392,0.9005159162247351,0.9850764247958704,0.802701286740181,0.858420838267508,0.0105538292056827,0.0130091865555779,0.0065016227245421,0.8009108721405394,0.6008928419598448,,,0.0,40.0
42,nfbotv2,nfunswv2,mlp,0.01,buffer_only,13907,0.9506935857834092,0.99270155741003,0.9020094267814196,0.9544747544946004,0.0053054946425416,0.006129297869217,0.0027445611056522,0.9062996771503068,0.4582628808488733,,,0.0,5.0
42,nfbotv2,nfunswv2,mlp,0.01,augment,263907,0.9506445658347676,0.99273810151513,0.9015625371569614,0.9603578347664478,0.0047650720736637,0.00579119312347,0.002002341757341,0.9073535652004046,0.3499336100585882,,,0.0,50.0
42,nfbotv2,nfunswv2,mlp,0.05,buffer_only,69537,0.960155016266554,0.9940795904777558,0.9212390576675296,0.9737072230628904,0.0049053740867378,0.0046294966761855,0.0004601005927226,0.920131957807839,0.4825464904341742,,,0.0,12.0
42,nfbotv2,nfunswv2,mlp,0.1,buffer_only,139072,0.9612592048203848,0.99425744542982,0.9232569489766432,0.970252650780128,0.0046039845771713,0.0045791815680586,0.0007079733527362,0.9236888299769186,0.4522649202300335,,,0.0,15.0
42,nfbotv2,nftonv2,mlp,0.0001,buffer_only,213,0.8285367359289191,0.8636165405002317,0.6570746325098591,0.8581348664509617,0.2500091237546075,0.1087013097041136,0.0657156405810055,0.6919487928828547,0.2553428699013988,,,0.0,1.0
42,nfbotv2,nftonv2,mlp,0.0001,augment,250213,0.762190595491042,0.8007266481068975,0.5414475290379314,0.8064657943988195,0.2076384073573957,0.1565837003087133,0.0619694799134395,0.6004211823136802,0.16753779855095,,,0.0,35.0
42,nfbotv2,nftonv2,mlp,0.001,buffer_only,2100,0.9539041494470216,0.9634765055204074,0.9079778559277176,0.9684704283079912,0.0799970803985256,0.0312697155676403,0.0152485609811134,0.9088571751053676,0.3918854211534097,,,0.0,4.0
42,nfbotv2,nftonv2,mlp,0.001,augment,252100,0.9311785911797956,0.9450499416477528,0.8624613213976066,0.9637126113658172,0.0895952702456114,0.0451828517690703,0.0141749605998533,0.8859407462997307,0.226821692239746,,,0.0,40.0
42,nfbotv2,nftonv2,mlp,0.01,buffer_only,21000,0.967651330601378,0.9744154142510184,0.9356558783057712,0.9897801811994374,0.0658370132476916,0.0200235170501385,0.0034801889442051,0.9352336849684731,0.4941655893816775,,,0.0,11.0
42,nfbotv2,nftonv2,mlp,0.01,augment,271000,0.9642613205811654,0.9716479950757784,0.9286090700401072,0.9892982033458878,0.0612751359439436,0.0220548992057833,0.0084473601042767,0.9286961403001268,0.4908513267305749,,,0.0,40.0
42,nfbotv2,nftonv2,mlp,0.05,buffer_only,105000,0.9717311707558218,0.9775478051034489,0.943495210597836,0.9937807126479584,0.0468596036640998,0.0176969785149771,0.0045221243040793,0.9421590555029388,0.4132034369100159,,,0.0,19.0
42,nfbotv2,nftonv2,mlp,0.1,buffer_only,210000,0.9768498026738628,0.9816366058002556,0.953793840451774,0.9960977704807492,0.0434473194408963,0.0140114355587696,0.0026621511914813,0.9535468597158436,0.4925456792729923,,,0.0,65.0
43,nf2018v2,nfunswv2,rf,0.0001,buffer_only,144,0.9252106968280792,0.988611495857764,0.8541612704446933,0.8730033500398235,0.0100186030076594,0.0099046891111111,0.0073485666666667,0.8478553713158028,0.4833333333333333,,,0.0,1.0
43,nf2018v2,nfunswv2,rf,0.001,buffer_only,1392,0.940952372612052,0.9909108449445608,0.8876498620602075,0.9569138772944384,0.0097483917232205,0.0068390443888888,0.0042107499999999,0.8979611815954398,0.7733333333333333,,,0.0,1.0
43,nf2018v2,nfunswv2,rf,0.01,buffer_only,13907,0.9662087077300106,0.9949773666442246,0.9333871224876006,0.98687858778474,0.0044584861932426,0.0036776898333333,0.0007141499999997,0.9337007664528464,0.4879828619529144,,,0.0,2.0
43,nf2018v2,nfunswv2,rf,0.05,buffer_only,69537,0.9723519406229522,0.9959392943951983,0.9449085897825767,0.9895789195107396,0.0029307531619916,0.0030267827222222,0.0006368166666665,0.9409977021738948,0.27,,,0.0,3.0
43,nf2018v2,nfunswv2,rf,0.1,buffer_only,139072,0.9742884433070595,0.9962276327702904,0.9487413598383624,0.991858371545986,0.0026917201026802,0.0027742638333333,0.0005270166666664,0.9451741568694936,0.28,,,0.0,8.0
43,nf2018v2,nftonv2,rf,0.0001,buffer_only,213,0.9493675721426582,0.9601486110465032,0.8998697579605488,0.975555391242832,0.106784423926134,0.0372682630079817,0.0241683541751042,0.902759884984763,0.5333333333333333,,,0.0,1.0
43,nf2018v2,nftonv2,rf,0.001,buffer_only,2100,0.9686414292006515,0.9750261350105336,0.9372897197889032,0.99264942805966,0.0428633991460165,0.0193169550292195,0.0049453580601237,0.9388167550370028,0.4727242424242528,,,0.0,2.0
43,nf2018v2,nftonv2,rf,0.01,buffer_only,21000,0.9837047208593,0.9870616377488112,0.9674547870839578,0.9972191329142246,0.0305098354074668,0.0102527248191796,0.0049486580766238,0.9675032265858984,0.4533333333333333,,,0.0,3.0
43,nf2018v2,nftonv2,rf,0.05,buffer_only,105000,0.9897495786199518,0.9918592063056246,0.9795349682932952,0.998049755500874,0.0209846355972409,0.0065609206934923,0.0031840492535795,0.979170038932346,0.6,,,0.0,13.0
43,nf2018v2,nftonv2,rf,0.1,buffer_only,210000,0.9910970065989774,0.9929278126600356,0.9822223304966742,0.9982720528364132,0.0183569942702821,0.0056910120106156,0.0027745138725692,0.9823649139548406,0.6033333333333334,,,0.0,32.0
43,nf2018v2,nfbotv2,rf,0.0001,buffer_only,211,0.5130651035872001,0.993860091542848,0.1193465373377832,0.7683239657963158,0.9856972586412396,0.0034244878333333,0.0022607166666666,0.6750673006432839,0.8966666666666666,,,0.0,1.0
43,nf2018v2,nfbotv2,rf,0.001,buffer_only,2101,0.9065878967822842,0.9985220227783438,0.8190903714645061,0.9406965001274178,0.2729439809296782,0.0011204423333333,0.0005105666666669,0.7839205699974686,0.9,,,0.0,1.0
43,nf2018v2,nfbotv2,rf,0.01,buffer_only,21000,0.9617983669784212,0.999365832614415,0.9236789835902104,0.9778440833838,0.0882002383790226,0.0004925838333333,0.0003208499999998,0.8350796899337476,0.9833333333333332,,,0.0,2.0
43,nf2018v2,nfbotv2,rf,0.05,buffer_only,105000,0.9802215948600672,0.9996672551718276,0.960531783068614,0.9907282655898026,0.0262216924910607,0.0002937301666666,0.0001803166666668,0.8523612531866731,0.9933333333333332,,,0.0,6.0
43,nf2018v2,nfbotv2,rf,0.1,buffer_only,210001,0.9840124012605902,0.9997314266821512,0.9680798070122372,0.9957706951796756,0.0214541120381406,0.0002281823333333,0.0001631,0.8598946313583281,0.9966666666666668,,,0.0,14.0
43,nf2018v2,nfunswv2,lgbm,0.0001,buffer_only,144,0.8950110213205207,0.9842962526317092,0.7913860739936909,0.8730677676572087,0.010704523960466,0.014951453455293,0.0141505366757803,0.823454120611134,0.0158019471623893,,,0.0,3.0
43,nf2018v2,nfunswv2,lgbm,0.001,buffer_only,1392,0.9390860796886622,0.9907083145555362,0.8823004750301502,0.9350487249855216,0.0090364889161409,0.0092924836114848,0.0087344449599628,0.8885466136415722,0.1537103775769812,,,0.0,1.0
43,nf2018v2,nfunswv2,lgbm,0.01,buffer_only,13907,0.968471082197616,0.9953344783632038,0.9375647280032764,0.9853142159519735,0.0038868853992371,0.0043773910551924,0.0041264930376844,0.935940278559304,0.1543358523704145,,,0.0,2.0
43,nf2018v2,nfunswv2,lgbm,0.05,buffer_only,69537,0.9717949127322152,0.995858786668576,0.9437814831699084,0.988674250085307,0.0029463422745554,0.0034716759511598,0.0028315920072517,0.9417366628348413,0.0734763025113898,,,0.0,2.0
43,nf2018v2,nfunswv2,lgbm,0.1,buffer_only,139072,0.974175808349388,0.9962119426450706,0.948507923485147,0.9915383743279697,0.002681327360971,0.0029576693107251,0.0018401596139544,0.9439761749412988,0.1408137935420274,,,0.0,4.0
43,nf2018v2,nftonv2,lgbm,0.0001,buffer_only,213,0.948546406629901,0.95951136412444,0.8982740453634082,0.9732649216760636,0.1086274223568482,0.0370340268013703,0.0358977137357033,0.9018890533694884,0.7950197365993326,,,0.0,1.0
43,nf2018v2,nftonv2,lgbm,0.001,buffer_only,2100,0.9681633695697496,0.9746634686857906,0.9363269288868392,0.9924538774125472,0.0457830006204153,0.0226545020290673,0.0210682294152157,0.9364266993669256,0.4284779421741894,,,0.0,2.0
43,nf2018v2,nftonv2,lgbm,0.01,buffer_only,21000,0.985008273376095,0.988097769328918,0.9700660027920842,0.9975139898846,0.0289223021057625,0.0098819178919713,0.0048566600671623,0.9690848859085628,0.3691045115688059,,,0.0,3.0
43,nf2018v2,nftonv2,lgbm,0.05,buffer_only,105000,0.9905202958821356,0.9924683681426502,0.9810633269653732,0.9987483726881642,0.0186307069085069,0.0063479855071288,0.0017917980697599,0.980655308503724,0.6204761072887349,,,0.0,3.0
43,nf2018v2,nftonv2,lgbm,0.1,buffer_only,210000,0.9914819623987924,0.9932309884016636,0.9829808413165918,0.9989653218025204,0.0165687383672128,0.0057645407206704,0.0027463881998097,0.9824918775975728,0.6187542592472727,,,0.0,6.0
43,nf2018v2,nfbotv2,lgbm,0.0001,buffer_only,211,0.6954470029759513,0.9958291121389904,0.4760882171206886,0.7758930235134778,0.7497020262216925,0.0030653943583941,0.0030027781239915,0.4946527942369939,0.9996432948473294,,,0.0,1.0
43,nf2018v2,nfbotv2,lgbm,0.001,buffer_only,2101,0.8916459062063926,0.998322140156988,0.7953362520672728,0.8804193831101732,0.3313468414779499,0.0014873900490762,0.0014829404828213,0.6636588462070229,0.999951338881512,,,0.0,1.0
43,nf2018v2,nfbotv2,lgbm,0.01,buffer_only,21000,0.6791091434657202,0.9944089366293986,0.3593710346079696,0.5675972385107976,0.6078665077473182,0.005820211075456,0.0058216006443388,0.3528609524093609,1.0,,,0.0,3.0
43,nf2018v2,nfbotv2,lgbm,0.05,buffer_only,105000,0.711794313971985,0.9955943012557836,0.4330552454636567,0.5945870935375174,0.6471990464839095,0.0039950644093516,0.0039959829243436,0.429910357358801,1.0,,,0.0,2.0
43,nf2018v2,nfbotv2,lgbm,0.1,buffer_only,210001,0.5002687694315866,0.9916323432348232,0.0005376165102734,0.5000023566114667,0.99523241954708,0.0083858722579522,0.0083891767402414,0.0005164010005075,1.0,,,0.0,3.0
43,nf2018v2,nfunswv2,mlp,0.0001,buffer_only,144,0.8402723594088788,0.97758156925827,0.6828866112401478,0.8229762614328062,0.0083609607050435,0.0187915726994602,0.0171509570220385,0.7800965831511103,0.010853589431686,,,0.0,1.0
43,nf2018v2,nfunswv2,mlp,0.001,buffer_only,1392,0.8998194230926303,0.9851164140156696,0.8004468049647817,0.8907033084187947,0.0096496606769831,0.0129959657608975,0.0107177786719551,0.8567485567014156,0.0158345048936526,,,0.0,6.0
43,nf2018v2,nfunswv2,mlp,0.01,buffer_only,13907,0.9512423571772968,0.9927789565784833,0.9031449378854092,0.9479041757634316,0.0053106910133962,0.0060685039764217,0.0023218721053477,0.9039284290375872,0.4588798976751478,,,0.0,4.0
43,nf2018v2,nfunswv2,mlp,0.05,buffer_only,69537,0.960383310024822,0.9941136948622912,0.9216934413288318,0.9729099608207896,0.0048845886033194,0.0046149823721196,0.0004597111554912,0.92197626189551,0.4911659199971095,,,0.0,13.0
43,nf2018v2,nfunswv2,mlp,0.1,buffer_only,139072,0.9670874298858944,0.9951488988687056,0.9345482394634088,0.9828841678603332,0.0036478523399257,0.0037909866443038,0.0006434139887196,0.9354133345342552,0.3314202652737997,,,0.0,40.0
43,nf2018v2,nftonv2,mlp,0.0001,buffer_only,213,0.8035156209870569,0.8497880201545954,0.620701676145297,0.8350817421442044,0.3872303930513485,0.1124788741781247,0.0639906760247192,0.666350408648194,0.7323135739641642,,,0.0,1.0
43,nf2018v2,nftonv2,mlp,0.001,buffer_only,2100,0.9512794752330386,0.9614535796271824,0.9028662553438564,0.9662108007541036,0.088263202072917,0.0323928078470848,0.0152102531146717,0.9048576701477792,0.5937458163830778,,,0.0,3.0
43,nf2018v2,nftonv2,mlp,0.01,buffer_only,21000,0.965154690301099,0.9724321575015334,0.9306256590773838,0.9895477453422868,0.0684464070654355,0.0217102787934412,0.0051023225282921,0.9340357551644,0.5567140769362625,,,0.0,7.0
43,nf2018v2,nftonv2,mlp,0.05,buffer_only,105000,0.9731801731688676,0.9787487226389237,0.946530596823746,0.9950366497937302,0.0521148863180175,0.0161622803738289,0.0032943032064255,0.9466635647249324,0.5469978133843422,,,0.0,36.0
43,nf2018v2,nftonv2,mlp,0.1,buffer_only,210000,0.9772670840252256,0.9819577414028754,0.9545982930342436,0.9959224861781012,0.0411298857705923,0.0142256901843607,0.0038683738194524,0.9539264531896072,0.4649900847669321,,,0.0,57.0
43,nf2018v2,nfbotv2,mlp,0.0001,buffer_only,211,0.5119039724119637,0.9938478704953913,0.114265324383953,0.7261662603078567,0.9868891537544696,0.0040305413566877,0.0032503611775175,0.4556410348331999,0.9846844438682252,,,0.0,1.0
43,nf2018v2,nfbotv2,mlp,0.001,buffer_only,2101,0.8276272714767341,0.997447043582072,0.6862381707570958,0.8084241931619878,0.4934445768772348,0.0021459658233356,0.0010058704685664,0.5578165732395923,0.9859242046573116,,,0.0,2.0
43,nf2018v2,nfbotv2,mlp,0.01,buffer_only,21000,0.8645653524942454,0.9979108565084072,0.7417089862030137,0.846305585322074,0.3825983313468414,0.0018517142194532,0.006330629327937,0.5927469605264001,0.9236154575979054,,,0.0,2.0
43,nf2018v2,nfbotv2,mlp,0.05,buffer_only,105000,0.879617210641602,0.9981466197224392,0.7730766267256767,0.8772808311601588,0.3599523241954708,0.0015074821391364,0.0013330666500301,0.622687292486521,0.9576144021863552,,,0.0,9.0
43,nf2018v2,nfbotv2,mlp,0.1,buffer_only,210001,0.9632832749501988,0.9993757373628864,0.9271065619153076,0.9726375651735486,0.0405244338498212,0.0005990733548177,0.0006613226061961,0.8123093949006198,0.8276580016456893,,,0.0,33.0
43,nfunswv2,nf2018v2,rf,0.0001,buffer_only,217,0.97471734900664,0.9895443228069476,0.9497424493707902,0.9781491900380308,0.0029321355247785,0.0119936319207292,0.0224622210222283,0.9483260843157624,0.5266666666666666,,,0.0,1.0
43,nfunswv2,nf2018v2,rf,0.001,buffer_only,2102,0.9809589433681158,0.9921298302795424,0.9622659906267894,0.9795951810427516,0.0013101031068159,0.0078257224269434,0.007828494190862,0.9656031876094232,0.62,,,0.0,2.0
43,nfunswv2,nf2018v2,rf,0.01,buffer_only,21001,0.9860878434892136,0.9942480938845324,0.9725067511454404,0.9828406919264608,0.0002098433547713,0.0058930102016156,0.0059416702916486,0.968597922315212,0.9166666666666666,,,0.0,3.0
43,nfunswv2,nf2018v2,rf,0.05,buffer_only,105000,0.987972415435718,0.9950215686814524,0.9762028618687908,0.984168614273298,0.0001304431664795,0.0052687971004589,0.0056693049868082,0.968597922315212,0.9866666666666668,,,0.0,17.0
43,nfunswv2,nf2018v2,rf,0.1,buffer_only,210000,0.9882320654416452,0.9951282790233454,0.9767128671652786,0.9847609286623522,0.0001191002824378,0.0050911096000075,0.0052187239063803,0.9694749276497514,0.9933333333333332,,,0.0,41.0
43,nfunswv2,nftonv2,rf,0.0001,buffer_only,213,0.9493675721426582,0.9601486110465032,0.8998697579605488,0.975555391242832,0.106784423926134,0.0372682630079817,0.0241683541751042,0.902759884984763,0.5333333333333333,,,0.0,1.0
43,nfunswv2,nftonv2,rf,0.001,buffer_only,2100,0.9686414292006515,0.9750261350105336,0.9372897197889032,0.99264942805966,0.0428633991460165,0.0193169550292195,0.0049453580601237,0.9388167550370028,0.4727242424242528,,,0.0,2.0
43,nfunswv2,nftonv2,rf,0.01,buffer_only,21000,0.9837047208593,0.9870616377488112,0.9674547870839578,0.9972191329142246,0.0305098354074668,0.0102527248191796,0.0049486580766238,0.9675032265858984,0.4533333333333333,,,0.0,3.0
43,nfunswv2,nftonv2,rf,0.05,buffer_only,105000,0.9897495786199518,0.9918592063056246,0.9795349682932952,0.998049755500874,0.0209846355972409,0.0065609206934923,0.0031840492535795,0.979170038932346,0.6,,,0.0,14.0
43,nfunswv2,nftonv2,rf,0.1,buffer_only,210000,0.9910970065989774,0.9929278126600356,0.9822223304966742,0.9982720528364132,0.0183569942702821,0.0056910120106156,0.0027745138725692,0.9823649139548406,0.6033333333333334,,,0.0,32.0
43,nfunswv2,nfbotv2,rf,0.0001,buffer_only,211,0.5130651035872001,0.993860091542848,0.1193465373377832,0.7683239657963158,0.9856972586412396,0.0034244878333333,0.0022607166666666,0.6750673006432839,0.8966666666666666,,,0.0,1.0
43,nfunswv2,nfbotv2,rf,0.001,buffer_only,2101,0.9065878967822842,0.9985220227783438,0.8190903714645061,0.9406965001274178,0.2729439809296782,0.0011204423333333,0.0005105666666669,0.7839205699974686,0.9,,,0.0,1.0
43,nfunswv2,nfbotv2,rf,0.01,buffer_only,21000,0.9617983669784212,0.999365832614415,0.9236789835902104,0.9778440833838,0.0882002383790226,0.0004925838333333,0.0003208499999998,0.8350796899337476,0.9833333333333332,,,0.0,2.0
43,nfunswv2,nfbotv2,rf,0.05,buffer_only,105000,0.9802215948600672,0.9996672551718276,0.960531783068614,0.9907282655898026,0.0262216924910607,0.0002937301666666,0.0001803166666668,0.8523612531866731,0.9933333333333332,,,0.0,6.0
43,nfunswv2,nfbotv2,rf,0.1,buffer_only,210001,0.9840124012605902,0.9997314266821512,0.9680798070122372,0.9957706951796756,0.0214541120381406,0.0002281823333333,0.0001631,0.8598946313583281,0.9966666666666668,,,0.0,13.0
43,nfunswv2,nf2018v2,lgbm,0.0001,buffer_only,217,0.9772980009438156,0.990593189266525,0.9547900539774,0.98073471967082,0.0029548212928619,0.0088634995673763,0.008334682667133,0.9563503494598252,0.937825194174007,,,0.0,1.0
43,nfunswv2,nf2018v2,lgbm,0.001,buffer_only,2102,0.9813738437252646,0.9922939984699978,0.9630325127573506,0.9810636746855904,0.0015142750195664,0.0072735109282665,0.0071095097206692,0.9664133761050364,0.992477002829248,,,0.0,3.0
43,nfunswv2,nf2018v2,lgbm,0.01,buffer_only,21001,0.986077527103412,0.994240959682282,0.9724527785794436,0.985170539384514,0.0003686437313551,0.0055657157616148,0.0050861445709712,0.9685244598272208,0.9979291456905324,,,0.0,2.0
43,nfunswv2,nf2018v2,lgbm,0.05,buffer_only,105000,0.9881124679764096,0.9950783141126814,0.9764681780515906,0.9871467077216604,0.0001758147026462,0.0048449885607637,0.0028323856993413,0.968573554797504,0.9962872774929984,,,0.0,3.0
43,nfunswv2,nf2018v2,lgbm,0.1,buffer_only,210000,0.9882298634559769,0.9951278165921844,0.9767139717672858,0.9872528885689884,9.074307233357151e-05,0.0047843455941195,0.0017088043922419,0.968573554797504,0.9961558157265182,,,0.0,4.0
43,nfunswv2,nftonv2,lgbm,0.0001,buffer_only,213,0.948546406629901,0.95951136412444,0.8982740453634082,0.9732649216760636,0.1086274223568482,0.0370340268013703,0.0358977137357033,0.9018890533694884,0.7950197365993326,,,0.0,1.0
43,nfunswv2,nftonv2,lgbm,0.001,buffer_only,2100,0.9681633695697496,0.9746634686857906,0.9363269288868392,0.9924538774125472,0.0457830006204153,0.0226545020290673,0.0210682294152157,0.9364266993669256,0.4284779421741894,,,0.0,3.0
43,nfunswv2,nftonv2,lgbm,0.01,buffer_only,21000,0.985008273376095,0.988097769328918,0.9700660027920842,0.9975139898846,0.0289223021057625,0.0098819178919713,0.0048566600671623,0.9690848859085628,0.3691045115688059,,,0.0,2.0
43,nfunswv2,nftonv2,lgbm,0.05,buffer_only,105000,0.9905202958821356,0.9924683681426502,0.9810633269653732,0.9987483726881642,0.0186307069085069,0.0063479855071288,0.0017917980697599,0.980655308503724,0.6204761072887349,,,0.0,3.0
43,nfunswv2,nftonv2,lgbm,0.1,buffer_only,210000,0.9914819623987924,0.9932309884016636,0.9829808413165918,0.9989653223228908,0.0165687383672128,0.005764540713279,0.0027463860020157,0.9824918775975728,0.6187542592472727,,,0.0,4.0
43,nfunswv2,nfbotv2,lgbm,0.0001,buffer_only,211,0.6954470029759513,0.9958291121389904,0.4760882171206886,0.7758930235134778,0.7497020262216925,0.0030653943583941,0.0030027781239915,0.4946527942369939,0.9996432948473294,,,0.0,1.0
43,nfunswv2,nfbotv2,lgbm,0.001,buffer_only,2101,0.8916459062063926,0.998322140156988,0.7953362520672728,0.8804193831101732,0.3313468414779499,0.0014873900490762,0.0014829404828213,0.6636588462070229,0.999951338881512,,,0.0,2.0
43,nfunswv2,nfbotv2,lgbm,0.01,buffer_only,21000,0.7858629329936124,0.9962933875969736,0.5730439827492152,0.6723242585361444,0.3849821215733015,0.0037975490865724,0.003813477646057,0.5594936058013585,1.0,,,0.0,1.0
43,nfunswv2,nfbotv2,lgbm,0.05,buffer_only,105000,0.6149053552305442,0.9945637930588428,0.2584156179828424,0.5338603437338798,0.8402860548271752,0.004435,0.0044349999999999,0.2584156179828424,1.0,,,0.0,2.0
43,nfunswv2,nfbotv2,lgbm,0.1,buffer_only,210001,0.6672921831038486,0.9946352335094046,0.335568146891708,0.5571654870554512,0.6865315852205006,0.0051700000000006,0.0051699999410458,0.3341532162280103,1.0,,,0.0,5.0
43,nfunswv2,nf2018v2,mlp,0.0001,buffer_only,217,0.9590277518928784,0.983096049400574,0.9185268295836714,0.9684189163729826,0.0058018851873277,0.0145415505323852,0.0103836569309014,0.9204380082720977,0.8265310767148245,,,0.0,1.0
43,nfunswv2,nf2018v2,mlp,0.001,buffer_only,2102,0.9718432956587588,0.9883915337111328,0.9442280230380984,0.978378734952653,0.002614534771611,0.0099731925961903,0.0062437534204791,0.94540072882376,0.4837332368116313,,,0.0,2.0
43,nfunswv2,nf2018v2,mlp,0.01,buffer_only,21001,0.9818357507015472,0.9924953570162924,0.9640499700876856,0.98149918873227,0.0009754880275858,0.0071933157925763,0.0022195307331061,0.9621421136903844,0.6526910874011767,,,0.0,5.0
43,nfunswv2,nf2018v2,mlp,0.05,buffer_only,105000,0.9844169573618586,0.993561734932,0.9692133037802876,0.9843781248987216,0.0003799866153968,0.0061092486127726,0.0022414922087456,0.96690432580787,0.8274655024100931,,,0.0,18.0
43,nfunswv2,nf2018v2,mlp,0.1,buffer_only,210000,0.9861912614679288,0.9942896922079452,0.972699837724492,0.985259634541769,0.0002495434489173,0.0055082398464222,0.0009426766176342,0.9681807950352372,0.9616223683119104,,,0.0,43.0
43,nfunswv2,nftonv2,mlp,0.0001,buffer_only,213,0.8035156209870569,0.8497880201545954,0.620701676145297,0.8350817421442044,0.3872303930513485,0.1124788741781247,0.0639906760247192,0.666350408648194,0.7323135739641642,,,0.0,1.0
43,nfunswv2,nftonv2,mlp,0.001,buffer_only,2100,0.9512794752330386,0.9614535796271824,0.9028662553438564,0.9662108007541036,0.088263202072917,0.0323928078470848,0.0152102531146717,0.9048576701477792,0.5937458163830778,,,0.0,8.0
43,nfunswv2,nftonv2,mlp,0.01,buffer_only,21000,0.965154690301099,0.9724321575015334,0.9306256590773838,0.9895477453422868,0.0684464070654355,0.0217102787934412,0.0051023225282921,0.9340357551644,0.5567140769362625,,,0.0,6.0
43,nfunswv2,nftonv2,mlp,0.05,buffer_only,105000,0.9731801731688676,0.9787487226389237,0.946530596823746,0.9950366497937302,0.0521148863180175,0.0161622803738289,0.0032943032064255,0.9466635647249324,0.5469978133843422,,,0.0,33.0
43,nfunswv2,nftonv2,mlp,0.1,buffer_only,210000,0.9772670840252256,0.9819577414028754,0.9545982930342436,0.9959224861781012,0.0411298857705923,0.0142256901843607,0.0038683738194524,0.9539264531896072,0.4649900847669321,,,0.0,60.0
43,nfunswv2,nfbotv2,mlp,0.0001,buffer_only,211,0.5119039724119637,0.9938478704953913,0.114265324383953,0.7261662603078567,0.9868891537544696,0.0040305413566877,0.0032503611775175,0.4556410348331999,0.9846844438682252,,,0.0,1.0
43,nfunswv2,nfbotv2,mlp,0.001,buffer_only,2101,0.8276272714767341,0.997447043582072,0.6862381707570958,0.8084241931619878,0.4934445768772348,0.0021459658233356,0.0010058704685664,0.5578165732395923,0.9859242046573116,,,0.0,2.0
43,nfunswv2,nfbotv2,mlp,0.01,buffer_only,21000,0.8645653524942454,0.9979108565084072,0.7417089862030137,0.846305585322074,0.3825983313468414,0.0018517142194532,0.006330629327937,0.5927469605264001,0.9236154575979054,,,0.0,6.0
43,nfunswv2,nfbotv2,mlp,0.05,buffer_only,105000,0.879617210641602,0.9981466197224392,0.7730766267256767,0.8772808311601588,0.3599523241954708,0.0015074821391364,0.0013330666500301,0.622687292486521,0.9576144021863552,,,0.0,7.0
43,nfunswv2,nfbotv2,mlp,0.1,buffer_only,210001,0.9632832749501988,0.9993757373628864,0.9271065619153076,0.9726375651735486,0.0405244338498212,0.0005990733548177,0.0006613226061961,0.8123093949006198,0.8276580016456893,,,0.0,27.0
43,nftonv2,nf2018v2,rf,0.0001,buffer_only,217,0.97471734900664,0.9895443228069476,0.9497424493707902,0.9781491900380308,0.0029321355247785,0.0119936319207292,0.0224622210222283,0.9483260843157624,0.5266666666666666,,,0.0,1.0
43,nftonv2,nf2018v2,rf,0.001,buffer_only,2102,0.9809589433681158,0.9921298302795424,0.9622659906267894,0.9795951810427516,0.0013101031068159,0.0078257224269434,0.007828494190862,0.9656031876094232,0.62,,,0.0,2.0
43,nftonv2,nf2018v2,rf,0.01,buffer_only,21001,0.9860878434892136,0.9942480938845324,0.9725067511454404,0.9828406919264608,0.0002098433547713,0.0058930102016156,0.0059416702916486,0.968597922315212,0.9166666666666666,,,0.0,3.0
43,nftonv2,nf2018v2,rf,0.05,buffer_only,105000,0.987972415435718,0.9950215686814524,0.9762028618687908,0.984168614273298,0.0001304431664795,0.0052687971004589,0.0056693049868082,0.968597922315212,0.9866666666666668,,,0.0,16.0
43,nftonv2,nf2018v2,rf,0.1,buffer_only,210000,0.9882320654416452,0.9951282790233454,0.9767128671652786,0.9847609286623522,0.0001191002824378,0.0050911096000075,0.0052187239063803,0.9694749276497514,0.9933333333333332,,,0.0,40.0
43,nftonv2,nfunswv2,rf,0.0001,buffer_only,144,0.9252106968280792,0.988611495857764,0.8541612704446933,0.8730033500398235,0.0100186030076594,0.0099046891111111,0.0073485666666667,0.8478553713158028,0.4833333333333333,,,0.0,1.0
43,nftonv2,nfunswv2,rf,0.001,buffer_only,1392,0.940952372612052,0.9909108449445608,0.8876498620602075,0.9569138772944384,0.0097483917232205,0.0068390443888888,0.0042107499999999,0.8979611815954398,0.7733333333333333,,,0.0,1.0
43,nftonv2,nfunswv2,rf,0.01,buffer_only,13907,0.9662087077300106,0.9949773666442246,0.9333871224876006,0.98687858778474,0.0044584861932426,0.0036776898333333,0.0007141499999997,0.9337007664528464,0.4879828619529144,,,0.0,2.0
43,nftonv2,nfunswv2,rf,0.05,buffer_only,69537,0.9723519406229522,0.9959392943951983,0.9449085897825767,0.9895789195107396,0.0029307531619916,0.0030267827222222,0.0006368166666665,0.9409977021738948,0.27,,,0.0,3.0
43,nftonv2,nfunswv2,rf,0.1,buffer_only,139072,0.9742884433070595,0.9962276327702904,0.9487413598383624,0.991858371545986,0.0026917201026802,0.0027742638333333,0.0005270166666664,0.9451741568694936,0.28,,,0.0,7.0
43,nftonv2,nfbotv2,rf,0.0001,buffer_only,211,0.5130651035872001,0.993860091542848,0.1193465373377832,0.7683239657963158,0.9856972586412396,0.0034244878333333,0.0022607166666666,0.6750673006432839,0.8966666666666666,,,0.0,1.0
43,nftonv2,nfbotv2,rf,0.001,buffer_only,2101,0.9065878967822842,0.9985220227783438,0.8190903714645061,0.9406965001274178,0.2729439809296782,0.0011204423333333,0.0005105666666669,0.7839205699974686,0.9,,,0.0,1.0
43,nftonv2,nfbotv2,rf,0.01,buffer_only,21000,0.9617983669784212,0.999365832614415,0.9236789835902104,0.9778440833838,0.0882002383790226,0.0004925838333333,0.0003208499999998,0.8350796899337476,0.9833333333333332,,,0.0,2.0
43,nftonv2,nfbotv2,rf,0.05,buffer_only,105000,0.9802215948600672,0.9996672551718276,0.960531783068614,0.9907282655898026,0.0262216924910607,0.0002937301666666,0.0001803166666668,0.8523612531866731,0.9933333333333332,,,0.0,5.0
43,nftonv2,nfbotv2,rf,0.1,buffer_only,210001,0.9840124012605902,0.9997314266821512,0.9680798070122372,0.9957706951796756,0.0214541120381406,0.0002281823333333,0.0001631,0.8598946313583281,0.9966666666666668,,,0.0,13.0
43,nftonv2,nf2018v2,lgbm,0.0001,buffer_only,217,0.9772980009438156,0.990593189266525,0.9547900539774,0.98073471967082,0.0029548212928619,0.0088634995673763,0.008334682667133,0.9563503494598252,0.937825194174007,,,0.0,1.0
43,nftonv2,nf2018v2,lgbm,0.001,buffer_only,2102,0.9813738437252646,0.9922939984699978,0.9630325127573506,0.9810636746855904,0.0015142750195664,0.0072735109282665,0.0071095097206692,0.9664133761050364,0.992477002829248,,,0.0,1.0
43,nftonv2,nf2018v2,lgbm,0.01,buffer_only,21001,0.986077527103412,0.994240959682282,0.9724527785794436,0.985170539384514,0.0003686437313551,0.0055657157616148,0.0050861445709712,0.9685244598272208,0.9979291456905324,,,0.0,3.0
43,nftonv2,nf2018v2,lgbm,0.05,buffer_only,105000,0.9881124679764096,0.9950783141126814,0.9764681780515906,0.9871467077216604,0.0001758147026462,0.0048449885607637,0.0028323856993413,0.968573554797504,0.9962872774929984,,,0.0,3.0
43,nftonv2,nf2018v2,lgbm,0.1,buffer_only,210000,0.9882298634559769,0.9951278165921844,0.9767139717672858,0.9872528885689884,9.074307233357151e-05,0.0047843455941195,0.0017088043922419,0.968573554797504,0.9961558157265182,,,0.0,6.0
43,nftonv2,nfunswv2,lgbm,0.0001,buffer_only,144,0.8950110213205207,0.9842962526317092,0.7913860739936909,0.8730677676572087,0.010704523960466,0.014951453455293,0.0141505366757803,0.823454120611134,0.0158019471623893,,,0.0,1.0
43,nftonv2,nfunswv2,lgbm,0.001,buffer_only,1392,0.9390860796886622,0.9907083145555362,0.8823004750301502,0.9350487249855216,0.0090364889161409,0.0092924836114848,0.0087344449599628,0.8885466136415722,0.1537103775769812,,,0.0,1.0
43,nftonv2,nfunswv2,lgbm,0.01,buffer_only,13907,0.968471082197616,0.9953344783632038,0.9375647280032764,0.9853142159519735,0.0038868853992371,0.0043773910551924,0.0041264930376844,0.935940278559304,0.1543358523704145,,,0.0,4.0
43,nftonv2,nfunswv2,lgbm,0.05,buffer_only,69537,0.9717949127322152,0.995858786668576,0.9437814831699084,0.988674250085307,0.0029463422745554,0.0034716759511598,0.0028315920072465,0.9417366628348413,0.0734763025113898,,,0.0,2.0
43,nftonv2,nfunswv2,lgbm,0.1,buffer_only,139072,0.974175808349388,0.9962119426450706,0.948507923485147,0.9915383743279697,0.002681327360971,0.0029576693107251,0.0018401596139544,0.9439761749412988,0.1408137935420274,,,0.0,3.0
43,nftonv2,nfbotv2,lgbm,0.0001,buffer_only,211,0.6954470029759513,0.9958291121389904,0.4760882171206886,0.7758930235134778,0.7497020262216925,0.0030653943583941,0.0030027781239915,0.4946527942369939,0.9996432948473294,,,0.0,1.0
43,nftonv2,nfbotv2,lgbm,0.001,buffer_only,2101,0.8916459062063926,0.998322140156988,0.7953362520672728,0.8804193831101732,0.3313468414779499,0.0014873900490762,0.0014829404828213,0.6636588462070229,0.999951338881512,,,0.0,1.0
43,nftonv2,nfbotv2,lgbm,0.01,buffer_only,21000,0.8083351411657438,0.9968486706941512,0.6170159896846759,0.6983860224171186,0.401668653158522,0.0030981279396768,0.0031002710298509,0.6077087130090946,1.0,,,0.0,1.0
43,nftonv2,nfbotv2,lgbm,0.05,buffer_only,105000,0.8004600112073705,0.9964777924710324,0.6041016364039312,0.6854756408459752,0.3289630512514899,0.0037084563583094,0.0037110352093673,0.6046798179076989,1.0,,,0.0,4.0
43,nftonv2,nfbotv2,lgbm,0.1,buffer_only,210001,0.6632205611533911,0.9948484318776716,0.3336451385635425,0.5575487861022734,0.7270560190703218,0.0046749999564907,0.0046749999638177,0.3109860167317815,1.0,,,0.0,2.0
43,nftonv2,nf2018v2,mlp,0.0001,buffer_only,217,0.9590277518928784,0.983096049400574,0.9185268295836714,0.9684189163729826,0.0058018851873277,0.0145415505323852,0.0103836569309014,0.9204380082720977,0.8265310767148245,,,0.0,1.0
43,nftonv2,nf2018v2,mlp,0.001,buffer_only,2102,0.9718432956587588,0.9883915337111328,0.9442280230380984,0.978378734952653,0.002614534771611,0.0099731925961903,0.0062437534204791,0.94540072882376,0.4837332368116313,,,0.0,2.0
43,nftonv2,nf2018v2,mlp,0.01,buffer_only,21001,0.9818357507015472,0.9924953570162924,0.9640499700876856,0.98149918873227,0.0009754880275858,0.0071933157925763,0.0022195307331061,0.9621421136903844,0.6526910874011767,,,0.0,6.0
43,nftonv2,nf2018v2,mlp,0.05,buffer_only,105000,0.9844169573618586,0.993561734932,0.9692133037802876,0.9843781248987216,0.0003799866153968,0.0061092486127726,0.0022414922087456,0.96690432580787,0.8274655024100931,,,0.0,17.0
43,nftonv2,nf2018v2,mlp,0.1,buffer_only,210000,0.9861912614679288,0.9942896922079452,0.972699837724492,0.985259634541769,0.0002495434489173,0.0055082398464222,0.0009426766176342,0.9681807950352372,0.9616223683119104,,,0.0,38.0
43,nftonv2,nfunswv2,mlp,0.0001,buffer_only,144,0.8402723594088788,0.97758156925827,0.6828866112401478,0.8229762614328062,0.0083609607050435,0.0187915726994602,0.0171509570220385,0.7800965831511103,0.010853589431686,,,0.0,1.0
43,nftonv2,nfunswv2,mlp,0.001,buffer_only,1392,0.8998194230926303,0.9851164140156696,0.8004468049647817,0.8907033084187947,0.0096496606769831,0.0129959657608975,0.0107177786719551,0.8567485567014156,0.0158345048936526,,,0.0,2.0
43,nftonv2,nfunswv2,mlp,0.01,buffer_only,13907,0.9512423571772968,0.9927789565784833,0.9031449378854092,0.9479041757634316,0.0053106910133962,0.0060685039764217,0.0023218721053477,0.9039284290375872,0.4588798976751478,,,0.0,4.0
43,nftonv2,nfunswv2,mlp,0.05,buffer_only,69537,0.960383310024822,0.9941136948622912,0.9216934413288318,0.9729099608207896,0.0048845886033194,0.0046149823721196,0.0004597111554912,0.92197626189551,0.4911659199971095,,,0.0,12.0
43,nftonv2,nfunswv2,mlp,0.1,buffer_only,139072,0.9670874298858944,0.9951488988687056,0.9345482394634088,0.9828841678603332,0.0036478523399257,0.0037909866443038,0.0006434139887196,0.9354133345342552,0.3314202652737997,,,0.0,32.0
43,nftonv2,nfbotv2,mlp,0.0001,buffer_only,211,0.5119039724119637,0.9938478704953913,0.114265324383953,0.7261662603078567,0.9868891537544696,0.0040305413566877,0.0032503611775175,0.4556410348331999,0.9846844438682252,,,0.0,1.0
43,nftonv2,nfbotv2,mlp,0.001,buffer_only,2101,0.8276272714767341,0.997447043582072,0.6862381707570958,0.8084241931619878,0.4934445768772348,0.0021459658233356,0.0010058704685664,0.5578165732395923,0.9859242046573116,,,0.0,5.0
43,nftonv2,nfbotv2,mlp,0.01,buffer_only,21000,0.8645653524942454,0.9979108565084072,0.7417089862030137,0.846305585322074,0.3825983313468414,0.0018517142194532,0.006330629327937,0.5927469605264001,0.9236154575979054,,,0.0,2.0
43,nftonv2,nfbotv2,mlp,0.05,buffer_only,105000,0.879617210641602,0.9981466197224392,0.7730766267256767,0.8772808311601588,0.3599523241954708,0.0015074821391364,0.0013330666500301,0.622687292486521,0.9576144021863552,,,0.0,11.0
43,nftonv2,nfbotv2,mlp,0.1,buffer_only,210001,0.9632832749501988,0.9993757373628864,0.9271065619153076,0.9726375651735486,0.0405244338498212,0.0005990733548177,0.0006613226061961,0.8123093949006198,0.8276580016456893,,,0.0,30.0
43,nfbotv2,nf2018v2,rf,0.0001,buffer_only,217,0.97471734900664,0.9895443228069476,0.9497424493707902,0.9781491900380308,0.0029321355247785,0.0119936319207292,0.0224622210222283,0.9483260843157624,0.5266666666666666,,,0.0,1.0
43,nfbotv2,nf2018v2,rf,0.001,buffer_only,2102,0.9809589433681158,0.9921298302795424,0.9622659906267894,0.9795951810427516,0.0013101031068159,0.0078257224269434,0.007828494190862,0.9656031876094232,0.62,,,0.0,2.0
43,nfbotv2,nf2018v2,rf,0.01,buffer_only,21001,0.9860878434892136,0.9942480938845324,0.9725067511454404,0.9828406919264608,0.0002098433547713,0.0058930102016156,0.0059416702916486,0.968597922315212,0.9166666666666666,,,0.0,3.0
43,nfbotv2,nf2018v2,rf,0.05,buffer_only,105000,0.987972415435718,0.9950215686814524,0.9762028618687908,0.984168614273298,0.0001304431664795,0.0052687971004589,0.0056693049868082,0.968597922315212,0.9866666666666668,,,0.0,16.0
43,nfbotv2,nf2018v2,rf,0.1,buffer_only,210000,0.9882320654416452,0.9951282790233454,0.9767128671652786,0.9847609286623522,0.0001191002824378,0.0050911096000075,0.0052187239063803,0.9694749276497514,0.9933333333333332,,,0.0,39.0
43,nfbotv2,nfunswv2,rf,0.0001,buffer_only,144,0.9252106968280792,0.988611495857764,0.8541612704446933,0.8730033500398235,0.0100186030076594,0.0099046891111111,0.0073485666666667,0.8478553713158028,0.4833333333333333,,,0.0,1.0
43,nfbotv2,nfunswv2,rf,0.001,buffer_only,1392,0.940952372612052,0.9909108449445608,0.8876498620602075,0.9569138772944384,0.0097483917232205,0.0068390443888888,0.0042107499999999,0.8979611815954398,0.7733333333333333,,,0.0,1.0
43,nfbotv2,nfunswv2,rf,0.01,buffer_only,13907,0.9662087077300106,0.9949773666442246,0.9333871224876006,0.98687858778474,0.0044584861932426,0.0036776898333333,0.0007141499999997,0.9337007664528464,0.4879828619529144,,,0.0,2.0
43,nfbotv2,nfunswv2,rf,0.05,buffer_only,69537,0.9723519406229522,0.9959392943951983,0.9449085897825767,0.9895789195107396,0.0029307531619916,0.0030267827222222,0.0006368166666665,0.9409977021738948,0.27,,,0.0,3.0
43,nfbotv2,nfunswv2,rf,0.1,buffer_only,139072,0.9742884433070595,0.9962276327702904,0.9487413598383624,0.991858371545986,0.0026917201026802,0.0027742638333333,0.0005270166666664,0.9451741568694936,0.28,,,0.0,7.0
43,nfbotv2,nftonv2,rf,0.0001,buffer_only,213,0.9493675721426582,0.9601486110465032,0.8998697579605488,0.975555391242832,0.106784423926134,0.0372682630079817,0.0241683541751042,0.902759884984763,0.5333333333333333,,,0.0,1.0
43,nfbotv2,nftonv2,rf,0.001,buffer_only,2100,0.9686414292006515,0.9750261350105336,0.9372897197889032,0.99264942805966,0.0428633991460165,0.0193169550292195,0.0049453580601237,0.9388167550370028,0.4727242424242528,,,0.0,2.0
43,nfbotv2,nftonv2,rf,0.01,buffer_only,21000,0.9837047208593,0.9870616377488112,0.9674547870839578,0.9972191329142246,0.0305098354074668,0.0102527248191796,0.0049486580766238,0.9675032265858984,0.4533333333333333,,,0.0,3.0
43,nfbotv2,nftonv2,rf,0.05,buffer_only,105000,0.9897495786199518,0.9918592063056246,0.9795349682932952,0.998049755500874,0.0209846355972409,0.0065609206934923,0.0031840492535795,0.979170038932346,0.6,,,0.0,13.0
43,nfbotv2,nftonv2,rf,0.1,buffer_only,210000,0.9910970065989774,0.9929278126600356,0.9822223304966742,0.9982720528364132,0.0183569942702821,0.0056910120106156,0.0027745138725692,0.9823649139548406,0.6033333333333334,,,0.0,31.0
43,nfbotv2,nf2018v2,lgbm,0.0001,buffer_only,217,0.9772980009438156,0.990593189266525,0.9547900539774,0.98073471967082,0.0029548212928619,0.0088634995673763,0.008334682667133,0.9563503494598252,0.937825194174007,,,0.0,1.0
43,nfbotv2,nf2018v2,lgbm,0.001,buffer_only,2102,0.9813738437252646,0.9922939984699978,0.9630325127573506,0.9810636746855904,0.0015142750195664,0.0072735109282665,0.0071095097206692,0.9664133761050364,0.992477002829248,,,0.0,1.0
43,nfbotv2,nf2018v2,lgbm,0.01,buffer_only,21001,0.986077527103412,0.994240959682282,0.9724527785794436,0.985170539384514,0.0003686437313551,0.0055657157616148,0.0050861445709712,0.9685244598272208,0.9979291456905324,,,0.0,2.0
43,nfbotv2,nf2018v2,lgbm,0.05,buffer_only,105000,0.9881124679764096,0.9950783141126814,0.9764681780515906,0.9871467077216604,0.0001758147026462,0.0048449885607637,0.0028323856993413,0.968573554797504,0.9962872774929984,,,0.0,5.0
43,nfbotv2,nf2018v2,lgbm,0.1,buffer_only,210000,0.9882298634559769,0.9951278165921844,0.9767139717672858,0.9872528885689884,9.074307233357151e-05,0.0047843455941195,0.0017088043922419,0.968573554797504,0.9961558157265182,,,0.0,4.0
43,nfbotv2,nfunswv2,lgbm,0.0001,buffer_only,144,0.8950110213205207,0.9842962526317092,0.7913860739936909,0.8730677676572087,0.010704523960466,0.014951453455293,0.0141505366757803,0.823454120611134,0.0158019471623893,,,0.0,2.0
43,nfbotv2,nfunswv2,lgbm,0.001,buffer_only,1392,0.9390860796886622,0.9907083145555362,0.8823004750301502,0.9350487249855216,0.0090364889161409,0.0092924836114848,0.0087344449599628,0.8885466136415722,0.1537103775769812,,,0.0,1.0
43,nfbotv2,nfunswv2,lgbm,0.01,buffer_only,13907,0.968471082197616,0.9953344783632038,0.9375647280032764,0.9853142159519735,0.0038868853992371,0.0043773910551924,0.0041264930376844,0.935940278559304,0.1543358523704145,,,0.0,2.0
43,nfbotv2,nfunswv2,lgbm,0.05,buffer_only,69537,0.9717949127322152,0.995858786668576,0.9437814831699084,0.988674250085307,0.0029463422745554,0.0034716759511598,0.0028315920078817,0.9417366628348413,0.0734763025113898,,,0.0,2.0
43,nfbotv2,nfunswv2,lgbm,0.1,buffer_only,139072,0.974175808349388,0.9962119426450706,0.948507923485147,0.9915383743279697,0.002681327360971,0.0029576693107251,0.0018401596139544,0.9439761749412988,0.1408137935420274,,,0.0,6.0
43,nfbotv2,nftonv2,lgbm,0.0001,buffer_only,213,0.948546406629901,0.95951136412444,0.8982740453634082,0.9732649216760636,0.1086274223568482,0.0370340268013703,0.0358977137357033,0.9018890533694884,0.7950197365993326,,,0.0,1.0
43,nfbotv2,nftonv2,lgbm,0.001,buffer_only,2100,0.9681633695697496,0.9746634686857906,0.9363269288868392,0.9924538774125472,0.0457830006204153,0.0226545020290673,0.0210682294152157,0.9364266993669256,0.4284779421741894,,,0.0,2.0
43,nfbotv2,nftonv2,lgbm,0.01,buffer_only,21000,0.985008273376095,0.988097769328918,0.9700660027920842,0.9975139898846,0.0289223021057625,0.0098819178919713,0.0048566600671623,0.9690848859085628,0.3691045115688059,,,0.0,5.0
43,nfbotv2,nftonv2,lgbm,0.05,buffer_only,105000,0.9905202958821356,0.9924683681426502,0.9810633269653732,0.9987483726881642,0.0186307069085069,0.0063479855071288,0.0017917980697599,0.980655308503724,0.6204761072887349,,,0.0,3.0
43,nfbotv2,nftonv2,lgbm,0.1,buffer_only,210000,0.9914819623987924,0.9932309884016636,0.9829808413165918,0.9989653218025204,0.0165687383672128,0.0057645407206704,0.0027463881998097,0.9824918775975728,0.6187542592472727,,,0.0,7.0
43,nfbotv2,nf2018v2,mlp,0.0001,buffer_only,217,0.9590277518928784,0.983096049400574,0.9185268295836714,0.9684189163729826,0.0058018851873277,0.0145415505323852,0.0103836569309014,0.9204380082720977,0.8265310767148245,,,0.0,1.0
43,nfbotv2,nf2018v2,mlp,0.001,buffer_only,2102,0.9718432956587588,0.9883915337111328,0.9442280230380984,0.978378734952653,0.002614534771611,0.0099731925961903,0.0062437534204791,0.94540072882376,0.4837332368116313,,,0.0,2.0
43,nfbotv2,nf2018v2,mlp,0.01,buffer_only,21001,0.9818357507015472,0.9924953570162924,0.9640499700876856,0.98149918873227,0.0009754880275858,0.0071933157925763,0.0022195307331061,0.9621421136903844,0.6526910874011767,,,0.0,9.0
43,nfbotv2,nf2018v2,mlp,0.05,buffer_only,105000,0.9844169573618586,0.993561734932,0.9692133037802876,0.9843781248987216,0.0003799866153968,0.0061092486127726,0.0022414922087456,0.96690432580787,0.8274655024100931,,,0.0,17.0
43,nfbotv2,nf2018v2,mlp,0.1,buffer_only,210000,0.9861912614679288,0.9942896922079452,0.972699837724492,0.985259634541769,0.0002495434489173,0.0055082398464222,0.0009426766176342,0.9681807950352372,0.9616223683119104,,,0.0,41.0
43,nfbotv2,nfunswv2,mlp,0.0001,buffer_only,144,0.8402723594088788,0.97758156925827,0.6828866112401478,0.8229762614328062,0.0083609607050435,0.0187915726994602,0.0171509570220385,0.7800965831511103,0.010853589431686,,,0.0,1.0
43,nfbotv2,nfunswv2,mlp,0.001,buffer_only,1392,0.8998194230926303,0.9851164140156696,0.8004468049647817,0.8907033084187947,0.0096496606769831,0.0129959657608975,0.0107177786719551,0.8567485567014156,0.0158345048936526,,,0.0,2.0
43,nfbotv2,nfunswv2,mlp,0.01,buffer_only,13907,0.9512423571772968,0.9927789565784833,0.9031449378854092,0.9479041757634316,0.0053106910133962,0.0060685039764217,0.0023218721053477,0.9039284290375872,0.4588798976751478,,,0.0,5.0
43,nfbotv2,nfunswv2,mlp,0.05,buffer_only,69537,0.960383310024822,0.9941136948622912,0.9216934413288318,0.9729099608207896,0.0048845886033194,0.0046149823721196,0.0004597111554912,0.92197626189551,0.4911659199971095,,,0.0,12.0
43,nfbotv2,nfunswv2,mlp,0.1,buffer_only,139072,0.9670874298858944,0.9951488988687056,0.9345482394634088,0.9828841678603332,0.0036478523399257,0.0037909866443038,0.0006434139887196,0.9354133345342552,0.3314202652737997,,,0.0,33.0
43,nfbotv2,nftonv2,mlp,0.0001,buffer_only,213,0.8035156209870569,0.8497880201545954,0.620701676145297,0.8350817421442044,0.3872303930513485,0.1124788741781247,0.0639906760247192,0.666350408648194,0.7323135739641642,,,0.0,1.0
43,nfbotv2,nftonv2,mlp,0.001,buffer_only,2100,0.9512794752330386,0.9614535796271824,0.9028662553438564,0.9662108007541036,0.088263202072917,0.0323928078470848,0.0152102531146717,0.9048576701477792,0.5937458163830778,,,0.0,8.0
43,nfbotv2,nftonv2,mlp,0.01,buffer_only,21000,0.965154690301099,0.9724321575015334,0.9306256590773838,0.9895477453422868,0.0684464070654355,0.0217102787934412,0.0051023225282921,0.9340357551644,0.5567140769362625,,,0.0,6.0
43,nfbotv2,nftonv2,mlp,0.05,buffer_only,105000,0.9731801731688676,0.9787487226389237,0.946530596823746,0.9950366497937302,0.0521148863180175,0.0161622803738289,0.0032943032064255,0.9466635647249324,0.5469978133843422,,,0.0,34.0
43,nfbotv2,nftonv2,mlp,0.1,buffer_only,210000,0.9772670840252256,0.9819577414028754,0.9545982930342436,0.9959224861781012,0.0411298857705923,0.0142256901843607,0.0038683738194524,0.9539264531896072,0.4649900847669321,,,0.0,62.0
44,nf2018v2,nfunswv2,rf,0.0001,buffer_only,144,0.9328866659022856,0.9895526601177518,0.8736671584593595,0.8983826916293369,0.011525550555492,0.0093168431111111,0.0087460333333334,0.8743200830674335,0.59,,,0.0,1.0
44,nf2018v2,nfunswv2,rf,0.001,buffer_only,1392,0.953100444338697,0.993011436114858,0.9073692663287004,0.9708220970737704,0.0057212043109092,0.0053868579444444,0.0021007833333333,0.9055601361644658,0.5166666666666667,,,0.0,2.0
44,nf2018v2,nfunswv2,rf,0.01,buffer_only,13907,0.9694574704437844,0.995516297442237,0.9390994878920595,0.9873018337944276,0.0031126261419024,0.0035841851111111,0.000817233333333,0.9396418850700652,0.25,,,0.0,2.0
44,nf2018v2,nfunswv2,rf,0.05,buffer_only,69537,0.9737800097882332,0.9961531572358922,0.9477231574081642,0.989875355590162,0.0027280946986624,0.0029245069444444,0.00074485,0.944744215536966,0.2333333333333333,,,0.0,4.0
44,nf2018v2,nfunswv2,rf,0.1,buffer_only,139072,0.9757549004672872,0.99644928918864,0.9516132414787696,0.9911265125624812,0.0024215088182413,0.0026332036111111,0.00077285,0.947090180828446,0.2266666666666666,,,0.0,8.0
44,nf2018v2,nftonv2,rf,0.0001,buffer_only,213,0.9286086211965584,0.943791420261242,0.8582549089139448,0.9674917548676178,0.1352870333199518,0.0461580857904289,0.0260588302941515,0.8723071423628951,0.6133333333333333,,,0.0,2.0
44,nf2018v2,nftonv2,rf,0.001,buffer_only,2100,0.9686445628613486,0.9750848226889824,0.9373076219232932,0.993637037971226,0.0498886901937885,0.0189349902860625,0.0059633798168991,0.9377535105699104,0.52,,,0.0,2.0
44,nf2018v2,nftonv2,rf,0.01,buffer_only,21000,0.9835771758735934,0.9869608873244096,0.967201378846252,0.9966581195605696,0.0308200430641217,0.010249387969162,0.0040002700013499,0.9667629892072098,0.5666666666666667,,,0.0,3.0
44,nf2018v2,nftonv2,rf,0.05,buffer_only,105000,0.9897119673108824,0.9918292427381354,0.9794593192480884,0.9977428404759046,0.0210028831064559,0.0066925281293073,0.0035874512705898,0.9791579170090932,0.6033333333333334,,,0.0,13.0
44,nf2018v2,nftonv2,rf,0.1,buffer_only,210000,0.9912988739987538,0.9930881288451656,0.9826258831098112,0.9980045793784444,0.0180467866136272,0.0057985452705041,0.0031778658893294,0.9825039450737496,0.61,,,0.0,31.0
44,nf2018v2,nfbotv2,rf,0.0001,buffer_only,211,0.6724357691492393,0.995574061633845,0.4428082783145933,0.7409208913575233,0.7866507747318237,0.0029715628888888,0.0035548333333332,0.4428082783145933,0.5066666666666667,,,0.0,1.0
44,nf2018v2,nfbotv2,rf,0.001,buffer_only,2101,0.914224886031984,0.998625845023246,0.8318812760914426,0.9373219781320196,0.2395709177592372,0.0010510476111111,0.0006944833333333,0.7592274776218422,0.8933333333333333,,,0.0,1.0
44,nf2018v2,nfbotv2,rf,0.01,buffer_only,21000,0.95902791189257,0.9993226855726924,0.9182785358055447,0.9787268140728927,0.101311084624553,0.0005482544999999,0.0003580166666669,0.8331624173658468,0.9766666666666668,,,0.0,2.0
44,nf2018v2,nfbotv2,rf,0.05,buffer_only,105000,0.982644153020849,0.9997074951186496,0.965428877479797,0.9884056724910928,0.0178784266984505,0.0002639859444444,0.0001608833333334,0.8333104222310123,0.9966666666666668,,,0.0,5.0
44,nf2018v2,nfbotv2,rf,0.1,buffer_only,210001,0.98701879552726,0.9997815444881308,0.9741352957622512,0.993306942178371,0.0119189511323003,0.0001899131666666,0.0001023499999998,0.8633499414391546,0.9966666666666668,,,0.0,13.0
44,nf2018v2,nfunswv2,lgbm,0.0001,buffer_only,144,0.8712809398211346,0.9813590269582516,0.7425957373689818,0.8627034521180598,0.0092911110880161,0.0145763047969716,0.014640105935305,0.8310607146242696,0.163244606671233,,,0.0,1.0
44,nf2018v2,nfunswv2,lgbm,0.001,buffer_only,1392,0.9434785364440642,0.9917370242776076,0.8870108199392052,0.9583648275078032,0.0047338938485361,0.0077336533247243,0.0072931093861036,0.9055708145825688,0.0034658716114051,,,0.0,1.0
44,nf2018v2,nfunswv2,lgbm,0.01,buffer_only,13907,0.9683107443340324,0.995357915847724,0.9367309827229564,0.9851688723626164,0.0030138950956651,0.0042485414825172,0.0039577949827172,0.9392336787158592,0.0018576848259604,,,0.0,4.0
44,nf2018v2,nfunswv2,lgbm,0.05,buffer_only,69537,0.9732878900047977,0.9960873765496904,0.9466834576871216,0.9868045080772788,0.0026241672815705,0.0033395517028823,0.0027664944618481,0.9442396469538232,0.0372820363313268,,,0.0,3.0
44,nf2018v2,nfunswv2,lgbm,0.1,buffer_only,139072,0.97402640090973,0.996203592548322,0.948105806948922,0.9918265987467708,0.0023851342222591,0.0028820601847849,0.0019277828058786,0.9467426310728052,0.1026438726977348,,,0.0,3.0
44,nf2018v2,nftonv2,lgbm,0.0001,buffer_only,213,0.9292470929058494,0.9440290034503812,0.858805825453463,0.9480485205898932,0.1202510857267983,0.0519039332089587,0.0489301010135235,0.8671572464937948,0.9750669267341726,,,0.0,1.0
44,nf2018v2,nftonv2,lgbm,0.001,buffer_only,2100,0.9696422758287612,0.9759263198861504,0.9393959920246616,0.9929979433441702,0.0547425276449764,0.0217091262753117,0.0201724012789921,0.9393247575655048,0.5092268418425907,,,0.0,2.0
44,nf2018v2,nftonv2,lgbm,0.01,buffer_only,21000,0.9848495063641484,0.98797209765685,0.9697498433514596,0.997180207611281,0.0292507572716324,0.0099932595672869,0.0057997166698231,0.969837161786532,0.7241747031313921,,,0.0,2.0
44,nf2018v2,nftonv2,lgbm,0.05,buffer_only,105000,0.9900417248696408,0.9920879630856262,0.9801054989136068,0.9985890020095805,0.0192511222218167,0.0067488791613328,0.001849325268573,0.9796741277549552,0.6186164302530083,,,0.0,4.0
44,nf2018v2,nftonv2,lgbm,0.1,buffer_only,210000,0.9909490032767558,0.9928089355726828,0.981920584324826,0.998870925413212,0.0179920440859822,0.005932992281171,0.0022233287493927,0.982114500386508,0.6305661287524835,,,0.0,4.0
44,nf2018v2,nfbotv2,lgbm,0.0001,buffer_only,211,0.7544156026281668,0.9952498249415012,0.5245324577407761,0.7202595197436605,0.3265792610250298,0.005371433404441,0.005368020995999,0.5122424727497538,0.9999653827663064,,,0.0,1.0
44,nf2018v2,nfbotv2,lgbm,0.001,buffer_only,2101,0.9015616311028458,0.9984625071714932,0.8125096623919034,0.8832367229226485,0.301549463647199,0.0013750033035749,0.001424417222247,0.6648813007398094,0.9999799111602448,,,0.0,1.0
44,nf2018v2,nfbotv2,lgbm,0.01,buffer_only,21000,0.7184282820180719,0.99523501699057,0.4369956879204152,0.5989706115168558,0.5494636471990465,0.00482106416304,0.0048226489806641,0.4272625916083076,1.0,,,0.0,1.0
44,nf2018v2,nfbotv2,lgbm,0.05,buffer_only,105000,0.8377989347260011,0.9974722374234208,0.6841106362495549,0.7358169819231204,0.4147794994040524,0.0023455567866939,0.0023485242952009,0.6752739141250317,1.0,,,0.0,1.0
44,nf2018v2,nfbotv2,lgbm,0.1,buffer_only,210001,0.8000582663785198,0.996662025991676,0.6001175088050461,0.6819420681699028,0.399284862932062,0.0033280705692565,0.0033305412553043,0.598672892263014,1.0,,,0.0,5.0
44,nf2018v2,nfunswv2,mlp,0.0001,buffer_only,144,0.8581723358942177,0.9798946198556864,0.7175768879709301,0.8562964329889637,0.0081011421623138,0.0159581606979607,0.0150421621488768,0.8098689205663696,0.0411633928530395,,,0.0,1.0
44,nf2018v2,nfunswv2,mlp,0.001,buffer_only,1392,0.9158373176937288,0.987844316329699,0.8317739287007543,0.914786689671142,0.0057004188274908,0.0102848535718965,0.0072157177626153,0.8758273908655095,0.0141092502564029,,,0.0,6.0
44,nf2018v2,nfunswv2,mlp,0.01,buffer_only,13907,0.9242538728578408,0.9889489424815208,0.8485266286092937,0.9432057621560004,0.0060122010787665,0.0079334773130822,0.003594551400092,0.8816882092034991,0.071902032701007,,,0.0,3.0
44,nf2018v2,nfunswv2,mlp,0.05,buffer_only,69537,0.963412165237208,0.994556454710577,0.9278734814862564,0.977799080958657,0.0047650720736637,0.004217313733232,0.0004494892150325,0.9275091741585226,0.5035879842979764,,,0.0,14.0
44,nf2018v2,nfunswv2,mlp,0.1,buffer_only,139072,0.9669501902293274,0.9951188940164468,0.9343919774460396,0.981146031368632,0.0038349216906912,0.0038637004961687,0.0010206546408011,0.935281598527993,0.3527894723986642,,,0.0,40.0
44,nf2018v2,nftonv2,mlp,0.0001,buffer_only,213,0.8764423690109961,0.9028422210755236,0.7540987756885379,0.8823752440940368,0.2129484325389584,0.080197510168752,0.0462704451488702,0.7558406205834145,0.3303981161221791,,,0.0,1.0
44,nf2018v2,nftonv2,mlp,0.001,buffer_only,2100,0.956959106847118,0.9658130248247372,0.9139482387511624,0.977324259748765,0.0680267143534907,0.0277878231929333,0.0101671437226887,0.9158841217484344,0.3670661463438105,,,0.0,8.0
44,nf2018v2,nftonv2,mlp,0.01,buffer_only,21000,0.9653437396438,0.972579922406548,0.9309965899380648,0.9903966765480484,0.0679719718258457,0.0210651598389192,0.0047338906487034,0.9326692186588514,0.577834911256283,,,0.0,6.0
44,nf2018v2,nftonv2,mlp,0.05,buffer_only,105000,0.9712816784567398,0.9771366090874976,0.9425658494896744,0.9943005843513508,0.0400897777453377,0.0174754128432317,0.0036584929405634,0.9459549902405738,0.3486686334373015,,,0.0,23.0
44,nf2018v2,nftonv2,mlp,0.1,buffer_only,210000,0.975413952462733,0.9804879252800892,0.9508943106312562,0.9954638302615292,0.043958249698916,0.0149592157488169,0.0032815047465714,0.9507921918681268,0.6219560242185297,,,0.0,50.0
44,nf2018v2,nfbotv2,mlp,0.0001,buffer_only,211,0.6810772767634479,0.9956813353865924,0.460536163617781,0.7137609344069803,0.7747318235995232,0.0031054007883266,0.0024135265144864,0.460536163617781,0.5089360331276994,,,0.0,1.0
44,nf2018v2,nfbotv2,mlp,0.001,buffer_only,2101,0.8143290142243789,0.9972758632680342,0.6649505975238665,0.8031461698115925,0.5244338498212158,0.0022490122643622,0.0010901216994298,0.5508304957822309,0.9752340848501808,,,0.0,2.0
44,nf2018v2,nfbotv2,mlp,0.01,buffer_only,21000,0.8355887799788183,0.9975511011911752,0.6991905910108744,0.8071396556349477,0.4743742550655542,0.0021383475716374,0.0081052531616836,0.5588145843049297,0.9368686536943432,,,0.0,2.0
44,nf2018v2,nfbotv2,mlp,0.05,buffer_only,105000,0.90710074610099,0.9985163191658684,0.8181318958792537,0.931247883464185,0.2574493444576877,0.0012220442102089,0.001215278501034,0.7664008858951011,0.946606325065164,,,0.0,11.0
44,nf2018v2,nfbotv2,mlp,0.1,buffer_only,210001,0.9640704615129472,0.9993973156740256,0.9281686029790208,0.9615267818672764,0.0643623361144219,0.0005008705718996,0.0004990820674139,0.8242855276846681,0.9159125503758028,,,0.0,26.0
44,nfunswv2,nf2018v2,rf,0.0001,buffer_only,217,0.9677796985708206,0.986705739907245,0.9360309566298042,0.9756548113338644,0.0038055375959891,0.0127139877078392,0.015150240915462,0.9365932641080013,0.6533333333333333,,,0.0,1.0
44,nfunswv2,nf2018v2,rf,0.001,buffer_only,2102,0.9805533983273568,0.9919676250965954,0.961503658455747,0.981666331717815,0.0011910028243781,0.0077445373328688,0.0064149845917436,0.962043820402222,0.5866666666666667,,,0.0,2.0
44,nfunswv2,nf2018v2,rf,0.01,buffer_only,21001,0.9863314624557534,0.994346469649086,0.9729662026473438,0.9839470079832784,0.0002835721010424,0.0058343311061222,0.0053079234603827,0.968841578871818,0.93,,,0.0,3.0
44,nfunswv2,nf2018v2,rf,0.05,buffer_only,105000,0.9882777236645384,0.9951478069933332,0.976811933349486,0.9851598365147012,6.805730425017866e-05,0.0051101599492002,0.0049594252028743,0.9688659426660948,0.9833333333333332,,,0.0,16.0
44,nfunswv2,nf2018v2,rf,0.1,buffer_only,210000,0.988428711197905,0.9952093337069816,0.977101873886685,0.9851226405501348,9.641451435441976e-05,0.005036010042172,0.005087974560127,0.9694749276497514,0.9933333333333332,,,0.0,38.0
44,nfunswv2,nftonv2,rf,0.0001,buffer_only,213,0.9286086211965584,0.943791420261242,0.8582549089139448,0.9674917548676178,0.1352870333199518,0.0461580857904289,0.0260588302941515,0.8723071423628951,0.6133333333333333,,,0.0,2.0
44,nfunswv2,nftonv2,rf,0.001,buffer_only,2100,0.9686445628613486,0.9750848226889824,0.9373076219232932,0.993637037971226,0.0498886901937885,0.0189349902860625,0.0059633798168991,0.9377535105699104,0.52,,,0.0,2.0
44,nfunswv2,nftonv2,rf,0.01,buffer_only,21000,0.9835771758735934,0.9869608873244096,0.967201378846252,0.9966581195605696,0.0308200430641217,0.010249387969162,0.0040002700013499,0.9667629892072098,0.5666666666666667,,,0.0,3.0
44,nfunswv2,nftonv2,rf,0.05,buffer_only,105000,0.9897119673108824,0.9918292427381354,0.9794593192480884,0.9977428404759046,0.0210028831064559,0.0066925281293073,0.0035874512705898,0.9791579170090932,0.6033333333333334,,,0.0,14.0
44,nfunswv2,nftonv2,rf,0.1,buffer_only,210000,0.9912988739987538,0.9930881288451656,0.9826258831098112,0.9980045793784444,0.0180467866136272,0.0057985452705041,0.0031778658893294,0.9825039450737496,0.61,,,0.0,32.0
44,nfunswv2,nfbotv2,rf,0.0001,buffer_only,211,0.6724357691492393,0.995574061633845,0.4428082783145933,0.7409208913575233,0.7866507747318237,0.0029715628888888,0.0035548333333332,0.4428082783145933,0.5066666666666667,,,0.0,1.0
44,nfunswv2,nfbotv2,rf,0.001,buffer_only,2101,0.914224886031984,0.998625845023246,0.8318812760914426,0.9373219781320196,0.2395709177592372,0.0010510476111111,0.0006944833333333,0.7592274776218422,0.8933333333333333,,,0.0,1.0
44,nfunswv2,nfbotv2,rf,0.01,buffer_only,21000,0.95902791189257,0.9993226855726924,0.9182785358055447,0.9787268140728927,0.101311084624553,0.0005482544999999,0.0003580166666669,0.8331624173658468,0.9766666666666668,,,0.0,2.0
44,nfunswv2,nfbotv2,rf,0.05,buffer_only,105000,0.982644153020849,0.9997074951186496,0.965428877479797,0.9884056724910928,0.0178784266984505,0.0002639859444444,0.0001608833333334,0.8333104222310123,0.9966666666666668,,,0.0,5.0
44,nfunswv2,nfbotv2,rf,0.1,buffer_only,210001,0.98701879552726,0.9997815444881308,0.9741352957622512,0.993306942178371,0.0119189511323003,0.0001899131666666,0.0001023499999998,0.8633499414391546,0.9966666666666668,,,0.0,13.0
44,nfunswv2,nf2018v2,lgbm,0.0001,buffer_only,217,0.9761783772865484,0.9901592598774162,0.9527411781822194,0.9764925598096104,0.0022458910402558,0.0089962477693997,0.0087006725520677,0.9558828526976748,0.6338124021230425,,,0.0,1.0
44,nfunswv2,nf2018v2,lgbm,0.001,buffer_only,2102,0.980506382558502,0.9919428493773635,0.9613612588863598,0.9807291509707792,0.0014121890631912,0.0077285165932013,0.0074111324139275,0.9631240130960516,0.9692575469231388,,,0.0,1.0
44,nfunswv2,nf2018v2,lgbm,0.01,buffer_only,21001,0.9863942687116048,0.9943720839024002,0.973087617635882,0.9855464693440896,0.0002892435430632,0.0054126371093136,0.0048892606277858,0.9686222894942752,0.9980740590835016,,,0.0,4.0
44,nfunswv2,nf2018v2,lgbm,0.05,buffer_only,105000,0.9879241234383016,0.9950014876002397,0.9761051425900694,0.9873397264135296,0.000147457492542,0.0048954407861316,0.0027671179504758,0.968719754824686,0.995966570471231,,,0.0,3.0
44,nfunswv2,nf2018v2,lgbm,0.1,buffer_only,210000,0.9878118467704384,0.9949530599936502,0.9758577064723952,0.9872941011374192,0.0002949149850841,0.0049082024082329,0.0017442100176405,0.968154068436727,0.9962209030287894,,,0.0,6.0
44,nfunswv2,nftonv2,lgbm,0.0001,buffer_only,213,0.9292470929058494,0.9440290034503812,0.858805825453463,0.9480485205898932,0.1202510857267983,0.0519039332089587,0.0489301010135235,0.8671572464937948,0.9750669267341726,,,0.0,1.0
44,nfunswv2,nftonv2,lgbm,0.001,buffer_only,2100,0.9696422758287612,0.9759263198861504,0.9393959920246616,0.9929979433441702,0.0547425276449764,0.0217091262753117,0.0201724012789921,0.9393247575655048,0.5092268418425907,,,0.0,5.0
44,nfunswv2,nftonv2,lgbm,0.01,buffer_only,21000,0.9848495063641484,0.98797209765685,0.9697498433514596,0.997180207611281,0.0292507572716324,0.0099932595672869,0.0057997166698231,0.969837161786532,0.7241747031313921,,,0.0,2.0
44,nfunswv2,nftonv2,lgbm,0.05,buffer_only,105000,0.9900417248696408,0.9920879630856262,0.9801054989136068,0.9985890020095805,0.0192511222218167,0.0067488791613328,0.001849325268573,0.9796741277549552,0.6186164302530083,,,0.0,3.0
44,nfunswv2,nftonv2,lgbm,0.1,buffer_only,210000,0.9909490032767558,0.9928089355726828,0.981920584324826,0.998870925413212,0.0179920440859822,0.005932992281171,0.0022233287493927,0.982114500386508,0.6305661287524834,,,0.0,4.0
44,nfunswv2,nfbotv2,lgbm,0.0001,buffer_only,211,0.7544156026281668,0.9952498249415012,0.5245324577407761,0.7202595197436605,0.3265792610250298,0.005371433404441,0.005368020995999,0.5122424727497538,0.9999653827663064,,,0.0,1.0
44,nfunswv2,nfbotv2,lgbm,0.001,buffer_only,2101,0.9015616311028458,0.9984625071714932,0.8125096623919034,0.8832367229226485,0.301549463647199,0.0013750033035749,0.001424417222247,0.6648813007398094,0.9999799111602448,,,0.0,1.0
44,nfunswv2,nfbotv2,lgbm,0.01,buffer_only,21000,0.746536319444446,0.9961919943854944,0.5100312290579069,0.6343402839449878,0.6054827175208581,0.0033805140954862,0.0033822946964996,0.5049444928801251,1.0,,,0.0,2.0
44,nfunswv2,nfbotv2,lgbm,0.05,buffer_only,105000,0.8377989347260011,0.9974722374234208,0.6841106362495549,0.7358169819231204,0.4147794994040524,0.0023455567866952,0.0023485242952016,0.6752739141250317,1.0,,,0.0,1.0
44,nfunswv2,nfbotv2,lgbm,0.1,buffer_only,210001,0.7233570762480064,0.9951085697639652,0.4492294871963703,0.6027409839759925,0.4982121573301549,0.0051556249874797,0.0051579716963692,0.4481313781322828,1.0,,,0.0,2.0
44,nfunswv2,nf2018v2,mlp,0.0001,buffer_only,217,0.9610980580598336,0.983906107122416,0.9224737429380716,0.9659173464375914,0.0062159004548496,0.0145583301709077,0.0111291469327359,0.9282665841948688,0.6793710478107731,,,0.0,1.0
44,nfunswv2,nf2018v2,mlp,0.001,buffer_only,2102,0.9595218871799048,0.9832446163429776,0.919287252865938,0.9681494121825543,0.0067660303308719,0.0141801626787946,0.0034184097252811,0.9298062517071536,0.8777156650695053,,,0.0,2.0
44,nfunswv2,nf2018v2,mlp,0.01,buffer_only,21001,0.9786933624570496,0.9912166598536382,0.9579442360917306,0.980801261144694,0.0009981737956692,0.0081843644787983,0.0034439616658837,0.9587545607408328,0.4613068445495401,,,0.0,4.0
44,nfunswv2,nf2018v2,mlp,0.05,buffer_only,105000,0.9848948062517238,0.9937540320821354,0.970111232411806,0.9846527835490172,0.0005274441079388,0.0060058665421201,0.0011234355988492,0.9676407503621204,0.9140330092101966,,,0.0,22.0
44,nfunswv2,nf2018v2,mlp,0.1,buffer_only,210000,0.9857023521890956,0.994087623377486,0.9717230082654702,0.9851825776611016,0.0003573008473134,0.0057019063561736,0.0022568440737947,0.9678371302432538,0.9502722250952884,,,0.0,43.0
44,nfunswv2,nftonv2,mlp,0.0001,buffer_only,213,0.8764423690109961,0.9028422210755236,0.7540987756885379,0.8823752440940368,0.2129484325389584,0.080197510168752,0.0462704451488702,0.7558406205834145,0.3303981161221791,,,0.0,1.0
44,nfunswv2,nftonv2,mlp,0.001,buffer_only,2100,0.956959106847118,0.9658130248247372,0.9139482387511624,0.977324259748765,0.0680267143534907,0.0277878231929333,0.0101671437226887,0.9158841217484344,0.3670661463438105,,,0.0,7.0
44,nfunswv2,nftonv2,mlp,0.01,buffer_only,21000,0.9653437396438,0.972579922406548,0.9309965899380648,0.9903966765480484,0.0679719718258457,0.0210651598389192,0.0047338906487034,0.9326692186588514,0.577834911256283,,,0.0,6.0
44,nfunswv2,nftonv2,mlp,0.05,buffer_only,105000,0.9712816784567398,0.9771366090874976,0.9425658494896744,0.9943005843513508,0.0400897777453377,0.0174754128432317,0.0036584929405634,0.9459549902405738,0.3486686334373015,,,0.0,21.0
44,nfunswv2,nftonv2,mlp,0.1,buffer_only,210000,0.975413952462733,0.9804879252800892,0.9508943106312562,0.9954638302615292,0.043958249698916,0.0149592157488169,0.0032815047465714,0.9507921918681268,0.6219560242185297,,,0.0,50.0
44,nfunswv2,nfbotv2,mlp,0.0001,buffer_only,211,0.6810772767634479,0.9956813353865924,0.460536163617781,0.7137609344069803,0.7747318235995232,0.0031054007883266,0.0024135265144864,0.460536163617781,0.5089360331276994,,,0.0,1.0
44,nfunswv2,nfbotv2,mlp,0.001,buffer_only,2101,0.8143290142243789,0.9972758632680342,0.6649505975238665,0.8031461698115925,0.5244338498212158,0.0022490122643622,0.0010901216994298,0.5508304957822309,0.9752340848501808,,,0.0,2.0
44,nfunswv2,nfbotv2,mlp,0.01,buffer_only,21000,0.8355887799788183,0.9975511011911752,0.6991905910108744,0.8071396556349477,0.4743742550655542,0.0021383475716374,0.0081052531616836,0.5588145843049297,0.9368686536943432,,,0.0,2.0
44,nfunswv2,nfbotv2,mlp,0.05,buffer_only,105000,0.90710074610099,0.9985163191658684,0.8181318958792537,0.931247883464185,0.2574493444576877,0.0012220442102089,0.001215278501034,0.7664008858951011,0.946606325065164,,,0.0,12.0
44,nfunswv2,nfbotv2,mlp,0.1,buffer_only,210001,0.9640704615129472,0.9993973156740256,0.9281686029790208,0.9615267818672764,0.0643623361144219,0.0005008705718996,0.0004990820674139,0.8242855276846681,0.9159125503758028,,,0.0,27.0
44,nftonv2,nf2018v2,rf,0.0001,buffer_only,217,0.9677796985708206,0.986705739907245,0.9360309566298042,0.9756548113338644,0.0038055375959891,0.0127139877078392,0.015150240915462,0.9365932641080013,0.6533333333333333,,,0.0,1.0
44,nftonv2,nf2018v2,rf,0.001,buffer_only,2102,0.9805533983273568,0.9919676250965954,0.961503658455747,0.981666331717815,0.0011910028243781,0.0077445373328688,0.0064149845917436,0.962043820402222,0.5866666666666667,,,0.0,2.0
44,nftonv2,nf2018v2,rf,0.01,buffer_only,21001,0.9863314624557534,0.994346469649086,0.9729662026473438,0.9839470079832784,0.0002835721010424,0.0058343311061222,0.0053079234603827,0.968841578871818,0.93,,,0.0,4.0
44,nftonv2,nf2018v2,rf,0.05,buffer_only,105000,0.9882777236645384,0.9951478069933332,0.976811933349486,0.9851598365147012,6.805730425017866e-05,0.0051101599492002,0.0049594252028743,0.9688659426660948,0.9833333333333332,,,0.0,16.0
44,nftonv2,nf2018v2,rf,0.1,buffer_only,210000,0.988428711197905,0.9952093337069816,0.977101873886685,0.9851226405501348,9.641451435441976e-05,0.005036010042172,0.005087974560127,0.9694749276497514,0.9933333333333332,,,0.0,39.0
44,nftonv2,nfunswv2,rf,0.0001,buffer_only,144,0.9328866659022856,0.9895526601177518,0.8736671584593595,0.8983826916293369,0.011525550555492,0.0093168431111111,0.0087460333333334,0.8743200830674335,0.59,,,0.0,1.0
44,nftonv2,nfunswv2,rf,0.001,buffer_only,1392,0.953100444338697,0.993011436114858,0.9073692663287004,0.9708220970737704,0.0057212043109092,0.0053868579444444,0.0021007833333333,0.9055601361644658,0.5166666666666667,,,0.0,1.0
44,nftonv2,nfunswv2,rf,0.01,buffer_only,13907,0.9694574704437844,0.995516297442237,0.9390994878920595,0.9873018337944276,0.0031126261419024,0.0035841851111111,0.000817233333333,0.9396418850700652,0.25,,,0.0,2.0
44,nftonv2,nfunswv2,rf,0.05,buffer_only,69537,0.9737800097882332,0.9961531572358922,0.9477231574081642,0.989875355590162,0.0027280946986624,0.0029245069444444,0.00074485,0.944744215536966,0.2333333333333333,,,0.0,3.0
44,nftonv2,nfunswv2,rf,0.1,buffer_only,139072,0.9757549004672872,0.99644928918864,0.9516132414787696,0.9911265125624812,0.0024215088182413,0.0026332036111111,0.00077285,0.947090180828446,0.2266666666666666,,,0.0,7.0
44,nftonv2,nfbotv2,rf,0.0001,buffer_only,211,0.6724357691492393,0.995574061633845,0.4428082783145933,0.7409208913575233,0.7866507747318237,0.0029715628888888,0.0035548333333332,0.4428082783145933,0.5066666666666667,,,0.0,1.0
44,nftonv2,nfbotv2,rf,0.001,buffer_only,2101,0.914224886031984,0.998625845023246,0.8318812760914426,0.9373219781320196,0.2395709177592372,0.0010510476111111,0.0006944833333333,0.7592274776218422,0.8933333333333333,,,0.0,1.0
44,nftonv2,nfbotv2,rf,0.01,buffer_only,21000,0.95902791189257,0.9993226855726924,0.9182785358055447,0.9787268140728927,0.101311084624553,0.0005482544999999,0.0003580166666669,0.8331624173658468,0.9766666666666668,,,0.0,2.0
44,nftonv2,nfbotv2,rf,0.05,buffer_only,105000,0.982644153020849,0.9997074951186496,0.965428877479797,0.9884056724910928,0.0178784266984505,0.0002639859444444,0.0001608833333334,0.8333104222310123,0.9966666666666668,,,0.0,5.0
44,nftonv2,nfbotv2,rf,0.1,buffer_only,210001,0.98701879552726,0.9997815444881308,0.9741352957622512,0.993306942178371,0.0119189511323003,0.0001899131666666,0.0001023499999998,0.8633499414391546,0.9966666666666668,,,0.0,13.0
44,nftonv2,nf2018v2,lgbm,0.0001,buffer_only,217,0.9761783772865484,0.9901592598774162,0.9527411781822194,0.9764925598096104,0.0022458910402558,0.0089962477693997,0.0087006725520677,0.9558828526976748,0.6338124021230425,,,0.0,1.0
44,nftonv2,nf2018v2,lgbm,0.001,buffer_only,2102,0.980506382558502,0.9919428493773635,0.9613612588863598,0.9807291509707792,0.0014121890631912,0.0077285165932013,0.0074111324139275,0.9631240130960516,0.9692575469231388,,,0.0,1.0
44,nftonv2,nf2018v2,lgbm,0.01,buffer_only,21001,0.9863942687116048,0.9943720839024002,0.973087617635882,0.9855464693440896,0.0002892435430632,0.0054126371093136,0.0048892606277858,0.9686222894942752,0.9980740590835016,,,0.0,5.0
44,nftonv2,nf2018v2,lgbm,0.05,buffer_only,105000,0.9879241234383016,0.9950014876002397,0.9761051425900694,0.9873397264135296,0.000147457492542,0.0048954407861316,0.0027671179504758,0.968719754824686,0.995966570471231,,,0.0,3.0
44,nftonv2,nf2018v2,lgbm,0.1,buffer_only,210000,0.9878118467704384,0.9949530599936502,0.9758577064723952,0.9872941011374192,0.0002949149850841,0.0049082024082329,0.0017442100176405,0.968154068436727,0.9962209030287894,,,0.0,6.0
44,nftonv2,nfunswv2,lgbm,0.0001,buffer_only,144,0.8712809398211346,0.9813590269582516,0.7425957373689818,0.8627034521180598,0.0092911110880161,0.0145763047969716,0.014640105935305,0.8310607146242696,0.163244606671233,,,0.0,1.0
44,nftonv2,nfunswv2,lgbm,0.001,buffer_only,1392,0.9434785364440642,0.9917370242776076,0.8870108199392052,0.9583648275078032,0.0047338938485361,0.0077336533247243,0.0072931093861036,0.9055708145825688,0.0034658716114051,,,0.0,1.0
44,nftonv2,nfunswv2,lgbm,0.01,buffer_only,13907,0.9683107443340324,0.995357915847724,0.9367309827229564,0.9851688723626164,0.0030138950956651,0.0042485414825172,0.0039577949827172,0.9392336787158592,0.0018576848259604,,,0.0,4.0
44,nftonv2,nfunswv2,lgbm,0.05,buffer_only,69537,0.9732878900047977,0.9960873765496904,0.9466834576871216,0.9868045080772788,0.0026241672815705,0.0033395517028823,0.0027664944618481,0.9442396469538232,0.0372820363313268,,,0.0,2.0
44,nftonv2,nfunswv2,lgbm,0.1,buffer_only,139072,0.97402640090973,0.996203592548322,0.948105806948922,0.9918265987467708,0.0023851342222591,0.0028820601847849,0.0019277828058786,0.9467426310728052,0.1026438726977348,,,0.0,3.0
44,nftonv2,nfbotv2,lgbm,0.0001,buffer_only,211,0.7544156026281668,0.9952498249415012,0.5245324577407761,0.7202595197436605,0.3265792610250298,0.005371433404441,0.005368020995999,0.5122424727497538,0.9999653827663064,,,0.0,1.0
44,nftonv2,nfbotv2,lgbm,0.001,buffer_only,2101,0.9015616311028458,0.9984625071714932,0.8125096623919034,0.8832367229226485,0.301549463647199,0.0013750033035749,0.001424417222247,0.6648813007398094,0.9999799111602448,,,0.0,1.0
44,nftonv2,nfbotv2,lgbm,0.01,buffer_only,21000,0.686208860284976,0.9952654171292742,0.3840354737568537,0.5776862031820525,0.698450536352801,0.0042241987562683,0.004230524066455,0.3759238106106937,1.0,,,0.0,1.0
44,nftonv2,nfbotv2,lgbm,0.05,buffer_only,105000,0.7583745135316535,0.996078738013056,0.5177393514392352,0.6355544841719664,0.5113230035756854,0.0038048798683527,0.0038049395772704,0.516683779873257,1.0,,,0.0,4.0
44,nftonv2,nfbotv2,lgbm,0.1,buffer_only,210001,0.6563463875713615,0.9938811316366232,0.3148971206245248,0.551022868057375,0.6424314660309892,0.0064949999987171,0.0064949965549085,0.3136861986540359,1.0,,,0.0,2.0
44,nftonv2,nf2018v2,mlp,0.0001,buffer_only,217,0.9610980580598336,0.983906107122416,0.9224737429380716,0.9659173464375914,0.0062159004548496,0.0145583301709077,0.0111291469327359,0.9282665841948688,0.6793710478107731,,,0.0,1.0
44,nftonv2,nf2018v2,mlp,0.001,buffer_only,2102,0.9595218871799048,0.9832446163429776,0.919287252865938,0.9681494121825543,0.0067660303308719,0.0141801626787946,0.0034184097252811,0.9298062517071536,0.8777156650695053,,,0.0,4.0
44,nftonv2,nf2018v2,mlp,0.01,buffer_only,21001,0.9786933624570496,0.9912166598536382,0.9579442360917306,0.980801261144694,0.0009981737956692,0.0081843644787983,0.0034439616658837,0.9587545607408328,0.4613068445495401,,,0.0,4.0
44,nftonv2,nf2018v2,mlp,0.05,buffer_only,105000,0.9848948062517238,0.9937540320821354,0.970111232411806,0.9846527835490172,0.0005274441079388,0.0060058665421201,0.0011234355988492,0.9676407503621204,0.9140330092101966,,,0.0,26.0
44,nftonv2,nf2018v2,mlp,0.1,buffer_only,210000,0.9857023521890956,0.994087623377486,0.9717230082654702,0.9851825776611016,0.0003573008473134,0.0057019063561736,0.0022568440737947,0.9678371302432538,0.9502722250952884,,,0.0,43.0
44,nftonv2,nfunswv2,mlp,0.0001,buffer_only,144,0.8581723358942177,0.9798946198556864,0.7175768879709301,0.8562964329889637,0.0081011421623138,0.0159581606979607,0.0150421621488768,0.8098689205663696,0.0411633928530395,,,0.0,1.0
44,nftonv2,nfunswv2,mlp,0.001,buffer_only,1392,0.9158373176937288,0.987844316329699,0.8317739287007543,0.914786689671142,0.0057004188274908,0.0102848535718965,0.0072157177626153,0.8758273908655095,0.0141092502564029,,,0.0,2.0
44,nftonv2,nfunswv2,mlp,0.01,buffer_only,13907,0.9242538728578408,0.9889489424815208,0.8485266286092937,0.9432057621560004,0.0060122010787665,0.0079334773130822,0.003594551400092,0.8816882092034991,0.071902032701007,,,0.0,5.0
44,nftonv2,nfunswv2,mlp,0.05,buffer_only,69537,0.963412165237208,0.994556454710577,0.9278734814862564,0.977799080958657,0.0047650720736637,0.004217313733232,0.0004494892150325,0.9275091741585226,0.5035879842979764,,,0.0,14.0
44,nftonv2,nfunswv2,mlp,0.1,buffer_only,139072,0.9669501902293274,0.9951188940164468,0.9343919774460396,0.981146031368632,0.0038349216906912,0.0038637004961687,0.0010206546408011,0.935281598527993,0.3527894723986642,,,0.0,36.0
44,nftonv2,nfbotv2,mlp,0.0001,buffer_only,211,0.6810772767634479,0.9956813353865924,0.460536163617781,0.7137609344069803,0.7747318235995232,0.0031054007883266,0.0024135265144864,0.460536163617781,0.5089360331276994,,,0.0,1.0
44,nftonv2,nfbotv2,mlp,0.001,buffer_only,2101,0.8143290142243789,0.9972758632680342,0.6649505975238665,0.8031461698115925,0.5244338498212158,0.0022490122643622,0.0010901216994298,0.5508304957822309,0.9752340848501808,,,0.0,2.0
44,nftonv2,nfbotv2,mlp,0.01,buffer_only,21000,0.8355887799788183,0.9975511011911752,0.6991905910108744,0.8071396556349477,0.4743742550655542,0.0021383475716374,0.0081052531616836,0.5588145843049297,0.9368686536943432,,,0.0,2.0
44,nftonv2,nfbotv2,mlp,0.05,buffer_only,105000,0.90710074610099,0.9985163191658684,0.8181318958792537,0.931247883464185,0.2574493444576877,0.0012220442102089,0.001215278501034,0.7664008858951011,0.946606325065164,,,0.0,13.0
44,nftonv2,nfbotv2,mlp,0.1,buffer_only,210001,0.9640704615129472,0.9993973156740256,0.9281686029790208,0.9615267818672764,0.0643623361144219,0.0005008705718996,0.0004990820674139,0.8242855276846681,0.9159125503758028,,,0.0,27.0
44,nfbotv2,nf2018v2,rf,0.0001,buffer_only,217,0.9677796985708206,0.986705739907245,0.9360309566298042,0.9756548113338644,0.0038055375959891,0.0127139877078392,0.015150240915462,0.9365932641080013,0.6533333333333333,,,0.0,1.0
44,nfbotv2,nf2018v2,rf,0.001,buffer_only,2102,0.9805533983273568,0.9919676250965954,0.961503658455747,0.981666331717815,0.0011910028243781,0.0077445373328688,0.0064149845917436,0.962043820402222,0.5866666666666667,,,0.0,2.0
44,nfbotv2,nf2018v2,rf,0.01,buffer_only,21001,0.9863314624557534,0.994346469649086,0.9729662026473438,0.9839470079832784,0.0002835721010424,0.0058343311061222,0.0053079234603827,0.968841578871818,0.93,,,0.0,3.0
44,nfbotv2,nf2018v2,rf,0.05,buffer_only,105000,0.9882777236645384,0.9951478069933332,0.976811933349486,0.9851598365147012,6.805730425017866e-05,0.0051101599492002,0.0049594252028743,0.9688659426660948,0.9833333333333332,,,0.0,16.0
44,nfbotv2,nf2018v2,rf,0.1,buffer_only,210000,0.988428711197905,0.9952093337069816,0.977101873886685,0.9851226405501348,9.641451435441976e-05,0.005036010042172,0.005087974560127,0.9694749276497514,0.9933333333333332,,,0.0,37.0
44,nfbotv2,nfunswv2,rf,0.0001,buffer_only,144,0.9328866659022856,0.9895526601177518,0.8736671584593595,0.8983826916293369,0.011525550555492,0.0093168431111111,0.0087460333333334,0.8743200830674335,0.59,,,0.0,1.0
44,nfbotv2,nfunswv2,rf,0.001,buffer_only,1392,0.953100444338697,0.993011436114858,0.9073692663287004,0.9708220970737704,0.0057212043109092,0.0053868579444444,0.0021007833333333,0.9055601361644658,0.5166666666666667,,,0.0,1.0
44,nfbotv2,nfunswv2,rf,0.01,buffer_only,13907,0.9694574704437844,0.995516297442237,0.9390994878920595,0.9873018337944276,0.0031126261419024,0.0035841851111111,0.000817233333333,0.9396418850700652,0.25,,,0.0,2.0
44,nfbotv2,nfunswv2,rf,0.05,buffer_only,69537,0.9737800097882332,0.9961531572358922,0.9477231574081642,0.989875355590162,0.0027280946986624,0.0029245069444444,0.00074485,0.944744215536966,0.2333333333333333,,,0.0,3.0
44,nfbotv2,nfunswv2,rf,0.1,buffer_only,139072,0.9757549004672872,0.99644928918864,0.9516132414787696,0.9911265125624812,0.0024215088182413,0.0026332036111111,0.00077285,0.947090180828446,0.2266666666666666,,,0.0,7.0
44,nfbotv2,nftonv2,rf,0.0001,buffer_only,213,0.9286086211965584,0.943791420261242,0.8582549089139448,0.9674917548676178,0.1352870333199518,0.0461580857904289,0.0260588302941515,0.8723071423628951,0.6133333333333333,,,0.0,2.0
44,nfbotv2,nftonv2,rf,0.001,buffer_only,2100,0.9686445628613486,0.9750848226889824,0.9373076219232932,0.993637037971226,0.0498886901937885,0.0189349902860625,0.0059633798168991,0.9377535105699104,0.52,,,0.0,2.0
44,nfbotv2,nftonv2,rf,0.01,buffer_only,21000,0.9835771758735934,0.9869608873244096,0.967201378846252,0.9966581195605696,0.0308200430641217,0.010249387969162,0.0040002700013499,0.9667629892072098,0.5666666666666667,,,0.0,3.0
44,nfbotv2,nftonv2,rf,0.05,buffer_only,105000,0.9897119673108824,0.9918292427381354,0.9794593192480884,0.9977428404759046,0.0210028831064559,0.0066925281293073,0.0035874512705898,0.9791579170090932,0.6033333333333334,,,0.0,13.0
44,nfbotv2,nftonv2,rf,0.1,buffer_only,210000,0.9912988739987538,0.9930881288451656,0.9826258831098112,0.9980045793784444,0.0180467866136272,0.0057985452705041,0.0031778658893294,0.9825039450737496,0.61,,,0.0,33.0
44,nfbotv2,nf2018v2,lgbm,0.0001,buffer_only,217,0.9761783772865484,0.9901592598774162,0.9527411781822194,0.9764925598096104,0.0022458910402558,0.0089962477693997,0.0087006725520677,0.9558828526976748,0.6338124021230425,,,0.0,1.0
44,nfbotv2,nf2018v2,lgbm,0.001,buffer_only,2102,0.980506382558502,0.9919428493773635,0.9613612588863598,0.9807291509707792,0.0014121890631912,0.0077285165932013,0.0074111324139275,0.9631240130960516,0.9692575469231388,,,0.0,1.0
44,nfbotv2,nf2018v2,lgbm,0.01,buffer_only,21001,0.9863942687116048,0.9943720839024002,0.973087617635882,0.9855464693440896,0.0002892435430632,0.0054126371093136,0.0048892606277858,0.9686222894942752,0.9980740590835016,,,0.0,4.0
44,nfbotv2,nf2018v2,lgbm,0.05,buffer_only,105000,0.9879241234383016,0.9950014876002397,0.9761051425900694,0.9873397264135296,0.000147457492542,0.0048954407861316,0.0027671179504758,0.968719754824686,0.995966570471231,,,0.0,3.0
44,nfbotv2,nf2018v2,lgbm,0.1,buffer_only,210000,0.9878118467704384,0.9949530599936502,0.9758577064723952,0.9872941011374192,0.0002949149850841,0.0049082024082329,0.0017442100176405,0.968154068436727,0.9962209030287894,,,0.0,7.0
44,nfbotv2,nfunswv2,lgbm,0.0001,buffer_only,144,0.8712809398211346,0.9813590269582516,0.7425957373689818,0.8627034521180598,0.0092911110880161,0.0145763047969716,0.014640105935305,0.8310607146242696,0.163244606671233,,,0.0,1.0
44,nfbotv2,nfunswv2,lgbm,0.001,buffer_only,1392,0.9434785364440642,0.9917370242776076,0.8870108199392052,0.9583648275078032,0.0047338938485361,0.0077336533247243,0.0072931093861036,0.9055708145825688,0.0034658716114051,,,0.0,1.0
44,nfbotv2,nfunswv2,lgbm,0.01,buffer_only,13907,0.9683107443340324,0.995357915847724,0.9367309827229564,0.9851688723626164,0.0030138950956651,0.0042485414825172,0.0039577949827172,0.9392336787158592,0.0018576848259604,,,0.0,2.0
44,nfbotv2,nfunswv2,lgbm,0.05,buffer_only,69537,0.9732878900047977,0.9960873765496904,0.9466834576871216,0.9868045080772788,0.0026241672815705,0.0033395517028823,0.0027664944618481,0.9442396469538232,0.0372820363313268,,,0.0,4.0
44,nfbotv2,nfunswv2,lgbm,0.1,buffer_only,139072,0.97402640090973,0.996203592548322,0.948105806948922,0.9918265987467708,0.0023851342222591,0.0028820601847849,0.0019277828058786,0.9467426310728052,0.1026438726977348,,,0.0,3.0
44,nfbotv2,nftonv2,lgbm,0.0001,buffer_only,213,0.9292470929058494,0.9440290034503812,0.858805825453463,0.9480485205898932,0.1202510857267983,0.0519039332089587,0.0489301010135235,0.8671572464937948,0.9750669267341726,,,0.0,1.0
44,nfbotv2,nftonv2,lgbm,0.001,buffer_only,2100,0.9696422758287612,0.9759263198861504,0.9393959920246616,0.9929979433441702,0.0547425276449764,0.0217091262753117,0.0201724012789921,0.9393247575655048,0.5092268418425907,,,0.0,3.0
44,nfbotv2,nftonv2,lgbm,0.01,buffer_only,21000,0.9848495063641484,0.98797209765685,0.9697498433514596,0.997180207611281,0.0292507572716324,0.0099932595672869,0.0057997166698231,0.969837161786532,0.7241747031313921,,,0.0,2.0
44,nfbotv2,nftonv2,lgbm,0.05,buffer_only,105000,0.9900417248696408,0.9920879630856262,0.9801054989136068,0.9985890020095805,0.0192511222218167,0.0067488791613328,0.001849325268573,0.9796741277549552,0.6186164302530083,,,0.0,3.0
44,nfbotv2,nftonv2,lgbm,0.1,buffer_only,210000,0.9909490032767558,0.9928089355726828,0.981920584324826,0.998870925413212,0.0179920440859822,0.005932992281171,0.0022233287493927,0.982114500386508,0.6305661287524835,,,0.0,5.0
44,nfbotv2,nf2018v2,mlp,0.0001,buffer_only,217,0.9610980580598336,0.983906107122416,0.9224737429380716,0.9659173464375914,0.0062159004548496,0.0145583301709077,0.0111291469327359,0.9282665841948688,0.6793710478107731,,,0.0,1.0
44,nfbotv2,nf2018v2,mlp,0.001,buffer_only,2102,0.9595218871799048,0.9832446163429776,0.919287252865938,0.9681494121825543,0.0067660303308719,0.0141801626787946,0.0034184097252811,0.9298062517071536,0.8777156650695053,,,0.0,2.0
44,nfbotv2,nf2018v2,mlp,0.01,buffer_only,21001,0.9786933624570496,0.9912166598536382,0.9579442360917306,0.980801261144694,0.0009981737956692,0.0081843644787983,0.0034439616658837,0.9587545607408328,0.4613068445495401,,,0.0,5.0
44,nfbotv2,nf2018v2,mlp,0.05,buffer_only,105000,0.9848948062517238,0.9937540320821354,0.970111232411806,0.9846527835490172,0.0005274441079388,0.0060058665421201,0.0011234355988492,0.9676407503621204,0.9140330092101966,,,0.0,25.0
44,nfbotv2,nf2018v2,mlp,0.1,buffer_only,210000,0.9857023521890956,0.994087623377486,0.9717230082654702,0.9851825776611016,0.0003573008473134,0.0057019063561736,0.0022568440737947,0.9678371302432538,0.9502722250952884,,,0.0,43.0
44,nfbotv2,nfunswv2,mlp,0.0001,buffer_only,144,0.8581723358942177,0.9798946198556864,0.7175768879709301,0.8562964329889637,0.0081011421623138,0.0159581606979607,0.0150421621488768,0.8098689205663696,0.0411633928530395,,,0.0,1.0
44,nfbotv2,nfunswv2,mlp,0.001,buffer_only,1392,0.9158373176937288,0.987844316329699,0.8317739287007543,0.914786689671142,0.0057004188274908,0.0102848535718965,0.0072157177626153,0.8758273908655095,0.0141092502564029,,,0.0,2.0
44,nfbotv2,nfunswv2,mlp,0.01,buffer_only,13907,0.9242538728578408,0.9889489424815208,0.8485266286092937,0.9432057621560004,0.0060122010787665,0.0079334773130822,0.003594551400092,0.8816882092034991,0.071902032701007,,,0.0,4.0
44,nfbotv2,nfunswv2,mlp,0.05,buffer_only,69537,0.963412165237208,0.994556454710577,0.9278734814862564,0.977799080958657,0.0047650720736637,0.004217313733232,0.0004494892150325,0.9275091741585226,0.5035879842979764,,,0.0,9.0
44,nfbotv2,nfunswv2,mlp,0.1,buffer_only,139072,0.9669501902293274,0.9951188940164468,0.9343919774460396,0.981146031368632,0.0038349216906912,0.0038637004961687,0.0010206546408011,0.935281598527993,0.3527894723986642,,,0.0,36.0
44,nfbotv2,nftonv2,mlp,0.0001,buffer_only,213,0.8764423690109961,0.9028422210755236,0.7540987756885379,0.8823752440940368,0.2129484325389584,0.080197510168752,0.0462704451488702,0.7558406205834145,0.3303981161221791,,,0.0,1.0
44,nfbotv2,nftonv2,mlp,0.001,buffer_only,2100,0.956959106847118,0.9658130248247372,0.9139482387511624,0.977324259748765,0.0680267143534907,0.0277878231929333,0.0101671437226887,0.9158841217484344,0.3670661463438105,,,0.0,4.0
44,nfbotv2,nftonv2,mlp,0.01,buffer_only,21000,0.9653437396438,0.972579922406548,0.9309965899380648,0.9903966765480484,0.0679719718258457,0.0210651598389192,0.0047338906487034,0.9326692186588514,0.577834911256283,,,0.0,6.0
44,nfbotv2,nftonv2,mlp,0.05,buffer_only,105000,0.9712816784567398,0.9771366090874976,0.9425658494896744,0.9943005843513508,0.0400897777453377,0.0174754128432317,0.0036584929405634,0.9459549902405738,0.3486686334373015,,,0.0,26.0
44,nfbotv2,nftonv2,mlp,0.1,buffer_only,210000,0.975413952462733,0.9804879252800892,0.9508943106312562,0.9954638302615292,0.043958249698916,0.0149592157488169,0.0032815047465714,0.9507921918681268,0.6219560242185297,,,0.0,49.0
