seed,source,target,model,budget,strategy,n_train,macro_f1,weighted_f1,mcc,auprc_macro,fp_rate,brier,ece,mcc_best_thr,thr_best,orient,buffer_est,cv_est,n_benign_buf,fit_s
42,any,nf2018v2,rf,0.0001,acq_uniform,210,0.9542737250185421,0.9814979717671743,0.9120068997996225,0.9711857480291104,0.0005784870861265185,0.016531886173902464,0.015588372058139763,0.9133024731024374,0.4866666666666667,,,,194,1
42,any,nf2018v2,lgbm,0.0001,acq_uniform,210,0.9532120808599767,0.9810319801427431,0.909446586861319,0.9701009641596052,0.0014348748312746,0.017982363976924855,0.017578291571317125,0.9104924254453598,0.8516515210325033,,,,194,1
42,any,nf2018v2,mlp,0.0001,acq_uniform,210,0.9206263539458832,0.9685255117132352,0.8507305195151743,0.8690256454851435,0.001287417338732546,0.029322741735983076,0.027343011368876943,0.8508297238503718,0.5942279813194539,,,,194,1
42,any,nf2018v2,rf,0.0001,acq_diversity,210,0.9675253074039867,0.9865430279446978,0.9352387316291884,0.9747379058870078,0.005251755311305452,0.012402584931519788,0.015599472002640107,0.9433554680274218,0.65,,,,185,1
42,any,nf2018v2,lgbm,0.0001,acq_diversity,210,0.9755506614825512,0.9899403484633901,0.9518394828611078,0.9728090590498337,0.0011172740781070995,0.009633773960697457,0.009455190284099744,0.9519136321325994,0.5252737083656992,,,,185,0
42,any,nf2018v2,mlp,0.0001,acq_diversity,210,0.9676019833663644,0.9866435405931009,0.9357456039184465,0.9670675965657036,0.003578679915155227,0.012510977858859126,0.010776941762285044,0.9398154829678453,0.820836979565542,,,,185,1
42,any,nf2018v2,rf,0.001,acq_uniform,2100,0.9763975994861237,0.9902772914508153,0.9534169345541468,0.9809092499167431,0.0012987602227742426,0.008240727074142407,0.008499640835128957,0.957323473527885,0.41,,,,1854,1
42,any,nf2018v2,lgbm,0.001,acq_uniform,2100,0.9780873095437016,0.9909577091357693,0.9566452022715232,0.9825683810462589,0.0014575605993579928,0.008625358301564339,0.008457457025888258,0.9586595867972172,0.963661909917398,,,,1854,1
42,any,nf2018v2,mlp,0.001,acq_uniform,2100,0.973682276882007,0.9891132543381241,0.9476539288214119,0.9765004614336954,0.003261079161987727,0.010158362419114822,0.006253707940177977,0.9500863582269949,0.6595769485804382,,,,1854,3
42,any,nf2018v2,rf,0.001,acq_diversity,2100,0.9858141035067566,0.9941334559489916,0.9719422341676658,0.9805924024489884,0.0003516294052925897,0.006449013754931226,0.008336024986541743,0.9723114860744071,0.5333333333333333,,,,1884,1
42,any,nf2018v2,lgbm,0.001,acq_diversity,2100,0.9810835738419592,0.9921510253064812,0.9622975162008016,0.9818761392535357,0.002506777373214914,0.007559081892394685,0.007234113405716499,0.9710992954782298,0.9995853070914678,,,,1884,1
42,any,nf2018v2,mlp,0.001,acq_diversity,2100,0.9826816626105435,0.9928394963243039,0.9656894087764336,0.9815003798276261,0.0010151881217318316,0.006903039259852176,0.004966936373428133,0.9663011756699182,0.5707841159371538,,,,1884,2
42,any,nfunswv2,rf,0.0001,acq_uniform,139,0.7545533014554171,0.9688654954001767,0.5503835936524825,0.9100078463971455,0.003299695492667921,0.015650307277777775,0.015694949999999718,0.9021040800320521,0.13333333333333333,,,,133,1
42,any,nfunswv2,lgbm,0.0001,acq_uniform,139,0.6948332038405436,0.9626399600154307,0.4546779944337775,0.7876489812538283,0.002722898327807859,0.028634177148012672,0.028197802751240977,0.639616025416613,0.0006253700957965326,,,,133,0
42,any,nfunswv2,mlp,0.0001,acq_uniform,139,0.7685556729353767,0.9699848409652437,0.5641575302079436,0.7950961810679168,0.004806643040500515,0.021797849836836445,0.018554011051105674,0.6823738902227795,0.15326964895238496,,,,133,1
42,any,nfunswv2,rf,0.0001,acq_diversity,139,0.9079048103921088,0.986827171240546,0.8163812033481521,0.9368473078568172,0.005373047463651386,0.009056350611111113,0.005913249999999946,0.8865858522778097,0.30333333333333334,,,,129,1
42,any,nfunswv2,lgbm,0.0001,acq_diversity,139,0.746869171329603,0.9682324151345592,0.5434856576318179,0.9080451164745269,0.0026085781690067655,0.023150299822973466,0.023034708143630307,0.814890551277276,0.0030150495566762807,,,,129,0
42,any,nfunswv2,mlp,0.0001,acq_diversity,139,0.8563378527841923,0.9799891520594823,0.7163658094210911,0.8704719776249396,0.006474678084825558,0.016975923534783877,0.015680080038025016,0.7771662902156212,0.0136041813682778,,,,129,1
42,any,nfunswv2,rf,0.001,acq_uniform,1391,0.9606392547868334,0.9941046038166685,0.9229973479826389,0.9752098906074764,0.005586098668689787,0.004939734333333333,0.0016986333333330469,0.9237840346739735,0.5366666666666666,,,,1331,1
42,any,nfunswv2,lgbm,0.001,acq_uniform,1391,0.9517275786756549,0.9928191352116992,0.9044664359119698,0.9632751006417217,0.005674436973217904,0.0069464958065060456,0.006617487659583058,0.915811802598482,0.010577981178559782,,,,1331,1
42,any,nfunswv2,mlp,0.001,acq_uniform,1391,0.8920862570867287,0.9843495879410454,0.7841883506852528,0.9005537287789678,0.007872501844711654,0.01093745425103617,0.006409762334146593,0.8672498392908283,0.031368622875312745,,,,1331,1
42,any,nfunswv2,rf,0.001,acq_diversity,1391,0.9607482934524381,0.9942228964980317,0.9217907621141733,0.9768409932929092,0.004011598299747457,0.004602831444444444,0.0016331000000000362,0.9328268966155466,0.30666666666666664,,,,1285,1
42,any,nfunswv2,lgbm,0.001,acq_diversity,1391,0.9549434849168033,0.9934233105107338,0.9099137600864858,0.970870076851478,0.003720601531890128,0.005909052232157068,0.0054489127413402515,0.929843723137971,0.01053036646123502,,,,1285,2
42,any,nfunswv2,mlp,0.001,acq_diversity,1391,0.9344246218792949,0.9903409760805721,0.8691654059013677,0.9346399385946761,0.006121324866713088,0.007052588741512102,0.0030371945896800687,0.8994947783615994,0.2397911083019884,,,,1285,1
42,any,nftonv2,rf,0.0001,acq_uniform,210,0.9310092649874904,0.945913048635598,0.8640974018776817,0.980520310295572,0.14453852049195284,0.039525305404304795,0.02002153344100048,0.8725010581294215,0.6433333333333333,,,,61,1
42,any,nftonv2,lgbm,0.0001,acq_uniform,210,0.9501850416127519,0.9603755975124441,0.900371263383297,0.9684100818153173,0.07342797708112843,0.036638587724880455,0.03414813044013633,0.9028320486970169,0.7189463220896515,,,,61,1
42,any,nftonv2,mlp,0.0001,acq_uniform,210,0.8169052342440477,0.8610596232484389,0.6541086754085358,0.8629959516762635,0.38785080836465824,0.1087937003115736,0.05802206231187405,0.6701296266174678,0.6209116396415367,,,,61,1
42,any,nftonv2,rf,0.0001,acq_diversity,210,0.9404838828296677,0.9526833317876534,0.8809746985893511,0.9750709801512454,0.0890660924783767,0.041392507740316484,0.03246689566781169,0.8834698905954517,0.5533333333333333,,,,59,1
42,any,nftonv2,lgbm,0.0001,acq_diversity,210,0.9337652871081776,0.9474321544723805,0.8675913672603119,0.9507886486660657,0.10397430750702528,0.048479440448406144,0.044437461931979824,0.8705416591822976,0.7793156529825488,,,,59,1
42,any,nftonv2,mlp,0.0001,acq_diversity,210,0.8457531129227271,0.8774904737316581,0.6915337496187812,0.8872615831268731,0.2290792306850115,0.10326446583349971,0.07970100745412215,0.7031362507278759,0.21034900907906878,,,,59,1
42,any,nftonv2,rf,0.001,acq_uniform,2100,0.9625947055797045,0.9702178980504054,0.9251928564899881,0.9924412766633426,0.05242509397467246,0.021743853885936096,0.004694840140867483,0.9273108728504924,0.59,,,,620,1
42,any,nftonv2,lgbm,0.001,acq_uniform,2100,0.9627648932161483,0.9703980838138511,0.9255373931578633,0.9913614907495019,0.05685923871391555,0.02687292154009425,0.025464768244881593,0.9260215456555713,0.6083580962033034,,,,620,2
42,any,nftonv2,mlp,0.001,acq_uniform,2100,0.9563763497701533,0.9652437731830336,0.9127676419206452,0.9572085262909674,0.05941389000401445,0.031091220624964357,0.015987357529350783,0.9131058775733747,0.47533150190758106,,,,620,2
42,any,nftonv2,rf,0.001,acq_diversity,2100,0.9728584334981829,0.9785030470734583,0.9459239125352014,0.9939158507767307,0.05392138973030181,0.01758449825582461,0.011686658433292101,0.9464463465961794,0.47,,,,586,1
42,any,nftonv2,lgbm,0.001,acq_diversity,2100,0.9717762306947806,0.9776351299709569,0.9437182690216142,0.9933241352915875,0.05397613225794679,0.019867435089401718,0.01777520043460966,0.9438941912997301,0.43019005641300245,,,,586,1
42,any,nftonv2,mlp,0.001,acq_diversity,2100,0.9607721355860621,0.9689118004681858,0.9216988939574216,0.9806296514617894,0.06946826758147513,0.025777794319422054,0.005937651231258972,0.9223733440428245,0.5592291731238,,,,586,3
42,any,nfbotv2,rf,0.0001,acq_uniform,210,0.5434169345677315,0.9941816853368999,0.21516955526697218,0.6540755213609548,0.9535160905840286,0.003514425944444445,0.002870016666666763,0.4785814458747985,0.82,,,,1,1
42,any,nfbotv2,lgbm,0.0001,acq_uniform,210,0.5222003399483475,0.9939515909376758,0.14684721724544378,0.5146106104959903,0.9761620977353993,0.0041045291704739795,0.004096109974208916,0.1501770611664519,0.01497855788802183,,,,1,0
42,any,nfbotv2,mlp,0.0001,acq_uniform,210,0.5260160396366081,0.9893092212214911,0.05846806658270631,0.5158943241182408,0.899880810488677,0.009109088024442222,0.0073981790390988955,0.15788418146343913,0.1457249468309651,,,,1,1
42,any,nfbotv2,rf,0.0001,acq_diversity,210,0.8053290953581718,0.996818549431725,0.6113176835305077,0.8481417193537706,0.41477949940405245,0.0021897084444444446,0.001814933333333265,0.6502388294526256,0.35,,,,9,1
42,any,nfbotv2,lgbm,0.0001,acq_diversity,210,0.7872343477085115,0.9963698712809151,0.5749498738071286,0.8182747737790043,0.399284862932062,0.003652704957125981,0.0036771157509076146,0.6477765923616919,0.0001867578470667348,,,,9,0
42,any,nfbotv2,mlp,0.0001,acq_diversity,210,0.8130369748365005,0.9970928326120175,0.634556404465511,0.7858152158782921,0.4600715137067938,0.0024459907742833764,0.0018812200673585609,0.6562431410370132,0.41359767836457845,,,,9,1
42,any,nfbotv2,rf,0.001,acq_uniform,2100,0.7859345153144699,0.9968560794155301,0.6042275038023259,0.845063483921178,0.566150178784267,0.0021447135,0.002016683333333194,0.7034086268974042,0.7733333333333333,,,,5,1
42,any,nfbotv2,lgbm,0.001,acq_uniform,2100,0.7985025949056984,0.9969837183754809,0.619295158901759,0.7563846118034201,0.5268176400476758,0.002662802701505062,0.0026624284864901204,0.6266835188020285,0.9994922569197535,,,,5,0
42,any,nfbotv2,mlp,0.001,acq_uniform,2100,0.7628537811140399,0.9964583099136239,0.5464317936003292,0.710652368661319,0.5852205005959475,0.002972635886295318,0.0024748390623659765,0.5716536783620784,0.8763231117556775,,,,5,1
42,any,nfbotv2,rf,0.001,acq_diversity,2100,0.9378071245226197,0.9989903835536804,0.8772455649350447,0.9683515790693826,0.17401668653158522,0.0007531970000000003,0.0008476666666663627,0.8992754649342601,0.7566666666666667,,,,23,1
42,any,nfbotv2,lgbm,0.001,acq_diversity,2100,0.9423500619259275,0.9990558428347794,0.8854732420365441,0.9694342075023334,0.1501787842669845,0.0007664603787969757,0.0007467873516917503,0.917600225412332,0.9908627525781625,,,,23,1
42,any,nfbotv2,mlp,0.001,acq_diversity,2100,0.8907607425049162,0.9982223168456249,0.7827334710576384,0.8593938554724605,0.2586412395709178,0.0016011731059902973,0.0011347562474691493,0.791469057892977,0.7595906797882455,,,,23,2
42,nf2018v2,nfunswv2,rf,0,zero_shot_2s,249999,0.49300494086008717,0.9436911708691015,0.01774516410626893,0.482504028346021,0.0005092443437503248,0.07024142205555556,0.17243268333333336,0.21301849557248545,0.9266666666666666,-1,,,,
42,nf2018v2,nfunswv2,rf,0.0001,rethreshold_2s,144,0.49300494086008717,0.9436911708691015,0.1532694460072396,0.482504028346021,0.0005092443437503248,0.07024142205555556,0.17243268333333336,0.035150879869758504,0.02,-1,0.34014330292858763,,134,
42,nf2018v2,nfunswv2,rf,0.0001,selector,144,0.49300494086008717,0.9436911708691015,,0.482504028346021,0.0005092443437503248,0.07024142205555556,0.17243268333333336,0.035150879869758504,0.02,0,0.34014330292858763,0.9358576176957495,134,
42,nf2018v2,nfunswv2,rf,0.001,rethreshold_2s,1392,0.49300494086008717,0.9436911708691015,0.21053485161457283,0.482504028346021,0.0005092443437503248,0.07024142205555556,0.17243268333333336,0.035150879869758504,0.02,-1,0.2531446096196038,,1338,
42,nf2018v2,nfunswv2,rf,0.001,selector,1392,0.49300494086008717,0.9436911708691015,,0.482504028346021,0.0005092443437503248,0.07024142205555556,0.17243268333333336,0.035150879869758504,0.02,0,0.2531446096196038,0.9060216923915888,1338,
42,nf2018v2,nfunswv2,rf,0.01,rethreshold_2s,13907,0.49300494086008717,0.9436911708691015,0.21301849557248545,0.482504028346021,0.0005092443437503248,0.07024142205555556,0.17243268333333336,0.035150879869758504,0.02,-1,0.21949245126534717,,13382,
42,nf2018v2,nfunswv2,rf,0.01,selector,13907,0.49300494086008717,0.9436911708691015,,0.482504028346021,0.0005092443437503248,0.07024142205555556,0.17243268333333336,0.035150879869758504,0.02,0,0.21949245126534717,0.9381582452348606,13382,
42,nf2018v2,nfunswv2,rf,0.05,rethreshold_2s,69537,0.49300494086008717,0.9436911708691015,0.21301849557248545,0.482504028346021,0.0005092443437503248,0.07024142205555556,0.17243268333333336,0.035150879869758504,0.02,-1,0.22680015711876908,,66908,
42,nf2018v2,nfunswv2,rf,0.05,selector,69537,0.49300494086008717,0.9436911708691015,,0.482504028346021,0.0005092443437503248,0.07024142205555556,0.17243268333333336,0.035150879869758504,0.02,0,0.22680015711876908,0.9473607608291451,66908,
42,nf2018v2,nfunswv2,rf,0.1,rethreshold_2s,139072,0.49300494086008717,0.9436911708691015,0.21301849557248545,0.482504028346021,0.0005092443437503248,0.07024142205555556,0.17243268333333336,0.035150879869758504,0.02,-1,0.22093608444674342,,133817,
42,nf2018v2,nfunswv2,rf,0.1,selector,139072,0.49300494086008717,0.9436911708691015,,0.482504028346021,0.0005092443437503248,0.07024142205555556,0.17243268333333336,0.035150879869758504,0.02,0,0.22093608444674342,0.9494563386460267,133817,
42,nf2018v2,nfunswv2,rf,0.0001,acq_uncertainty,139,0.37515116548986577,0.6067865564300009,0.17016712283939392,0.8068451641543788,0.5444601490319161,0.3103948944444444,0.3244929999999999,0.7507346854000432,0.8333333333333334,,,,132,1
42,nf2018v2,nfunswv2,rf,0.0001,acq_hybrid,139,0.9388603956059473,0.990558308478349,0.8840631767569063,0.9069955666669156,0.010236850583552446,0.051426778833333346,0.18496271666666667,0.8852041992414035,0.45666666666666667,,,,126,1
42,nf2018v2,nfunswv2,rf,0.001,acq_uncertainty,1391,0.9293447518747345,0.9891867954915649,0.8632762840700771,0.9078168722184924,0.010164101391588114,0.05229512711111112,0.17912026666666672,0.8850300291155226,0.37666666666666665,,,,1351,1
42,nf2018v2,nfunswv2,rf,0.001,acq_hybrid,1391,0.8914042086417266,0.9844845767883772,0.7834380842631117,0.9422183378781883,0.006469481713970963,0.011908672444444443,0.0444052,0.8961557914330814,0.19333333333333333,,,,1340,1
42,nf2018v2,nftonv2,rf,0,zero_shot_2s,249999,0.2772332725386562,0.2247675123618267,-0.10391177406559164,0.5745387800434103,0.16703769935403817,0.5436683319527708,0.5687160269134679,0.3231021574532543,0.06999999999999995,-1,,,,
42,nf2018v2,nftonv2,rf,0.0001,rethreshold_2s,213,0.2772332725386562,0.2247675123618267,0.29654375539640165,0.5745387800434103,0.16703769935403817,0.5436683319527708,0.5687160269134679,0.289746575725313,0.0033333333333333335,-1,0.3628305384890698,,58,
42,nf2018v2,nftonv2,rf,0.0001,selector,213,0.2772332725386562,0.2247675123618267,,0.5745387800434103,0.16703769935403817,0.5436683319527708,0.5687160269134679,0.289746575725313,0.0033333333333333335,0,0.3628305384890698,0.8317509721471161,58,
42,nf2018v2,nftonv2,rf,0.001,rethreshold_2s,2100,0.2772332725386562,0.2247675123618267,0.3221783690932353,0.5745387800434103,0.16703769935403817,0.5436683319527708,0.5687160269134679,0.289746575725313,0.0033333333333333335,-1,0.3287890725546364,,575,
42,nf2018v2,nftonv2,rf,0.001,selector,2100,0.2772332725386562,0.2247675123618267,,0.5745387800434103,0.16703769935403817,0.5436683319527708,0.5687160269134679,0.289746575725313,0.0033333333333333335,0,0.3287890725546364,0.9291181068479295,575,
42,nf2018v2,nftonv2,rf,0.01,rethreshold_2s,21000,0.2772332725386562,0.2247675123618267,0.3230967368119067,0.5745387800434103,0.16703769935403817,0.5436683319527708,0.5687160269134679,0.289746575725313,0.0033333333333333335,-1,0.32934006059425586,,5754,
42,nf2018v2,nftonv2,rf,0.01,selector,21000,0.2772332725386562,0.2247675123618267,,0.5745387800434103,0.16703769935403817,0.5436683319527708,0.5687160269134679,0.289746575725313,0.0033333333333333335,0,0.32934006059425586,0.9605987403572599,5754,
42,nf2018v2,nftonv2,rf,0.05,rethreshold_2s,105000,0.2772332725386562,0.2247675123618267,0.3231021574532543,0.5745387800434103,0.16703769935403817,0.5436683319527708,0.5687160269134679,0.289746575725313,0.0033333333333333335,-1,0.32495217683000877,,28771,
42,nf2018v2,nftonv2,rf,0.05,selector,105000,0.2772332725386562,0.2247675123618267,,0.5745387800434103,0.16703769935403817,0.5436683319527708,0.5687160269134679,0.289746575725313,0.0033333333333333335,0,0.32495217683000877,0.976413349956983,28771,
42,nf2018v2,nftonv2,rf,0.1,rethreshold_2s,210000,0.2772332725386562,0.2247675123618267,0.3231021574532543,0.5745387800434103,0.16703769935403817,0.5436683319527708,0.5687160269134679,0.289746575725313,0.0033333333333333335,-1,0.3253877448398088,,57542,
42,nf2018v2,nftonv2,rf,0.1,selector,210000,0.2772332725386562,0.2247675123618267,,0.5745387800434103,0.16703769935403817,0.5436683319527708,0.5687160269134679,0.289746575725313,0.0033333333333333335,0,0.3253877448398088,0.9800184788845696,57542,
42,nf2018v2,nftonv2,rf,0.0001,acq_uncertainty,210,0.4855913282948388,0.6483265822289104,0.1646125407554007,0.759493496468261,0.9312616327871246,0.1637374952985876,0.12542871047688575,0.538425860435257,0.5966666666666667,,,,13,1
42,nf2018v2,nftonv2,rf,0.0001,acq_hybrid,210,0.7399145236758613,0.8033756773731029,0.5007443811287001,0.7820592489426685,0.49662421079522645,0.14199842571435078,0.10668351675091708,0.5513442784469778,0.4633333333333333,,,,17,1
42,nf2018v2,nftonv2,rf,0.001,acq_uncertainty,2100,0.7817650611593477,0.8361973021409017,0.5940062407674102,0.8247958230831411,0.45918032188606256,0.12998171868637118,0.1009476380715238,0.6386632826987538,0.5933333333333334,,,,109,1
42,nf2018v2,nftonv2,rf,0.001,acq_hybrid,2100,0.8252388563175774,0.8646130227609569,0.6564990232405459,0.8591643535126716,0.32451370387942047,0.10245519538708808,0.10571119522264286,0.7370935352688373,0.6,,,,88,1
42,nf2018v2,nfbotv2,rf,0,zero_shot_2s,249999,0.04942952056622739,0.0897631688794609,0.014045895673138357,0.5141361806847943,0.0011918951132300357,0.6092299578888889,0.7367188000000001,0.1770706314836578,0.013333333333333334,1,,,,
42,nf2018v2,nfbotv2,rf,0.0001,rethreshold_2s,211,0.04942952056622739,0.0897631688794609,-0.03600570518080927,0.5141361806847943,0.0011918951132300357,0.6092299578888889,0.7367188000000001,0.1770706314836578,0.013333333333333334,1,0.0693343798979097,,1,
42,nf2018v2,nfbotv2,rf,0.0001,selector,211,0.04942952056622739,0.0897631688794609,,0.5141361806847943,0.0011918951132300357,0.6092299578888889,0.7367188000000001,0.1770706314836578,0.013333333333333334,1,0.0693343798979097,0.0,1,
42,nf2018v2,nfbotv2,rf,0.001,rethreshold_2s,2101,0.04942952056622739,0.0897631688794609,0.13453131514057917,0.5141361806847943,0.0011918951132300357,0.6092299578888889,0.7367188000000001,0.1770706314836578,0.013333333333333334,1,0.33269780685756056,,9,
42,nf2018v2,nfbotv2,rf,0.001,selector,2101,0.04942952056622739,0.0897631688794609,,0.5141361806847943,0.0011918951132300357,0.6092299578888889,0.7367188000000001,0.1770706314836578,0.013333333333333334,0,0.33269780685756056,0.6858893278688257,9,
42,nf2018v2,nfbotv2,rf,0.01,rethreshold_2s,21000,0.04942952056622739,0.0897631688794609,0.1770706314836578,0.5141361806847943,0.0011918951132300357,0.6092299578888889,0.7367188000000001,0.1770706314836578,0.013333333333333334,1,0.08400314890736434,,88,
42,nf2018v2,nfbotv2,rf,0.01,selector,21000,0.04942952056622739,0.0897631688794609,,0.5141361806847943,0.0011918951132300357,0.6092299578888889,0.7367188000000001,0.1770706314836578,0.013333333333333334,0,0.08400314890736434,0.918989628793936,88,
42,nf2018v2,nfbotv2,rf,0.05,rethreshold_2s,105000,0.04942952056622739,0.0897631688794609,0.1770706314836578,0.5141361806847943,0.0011918951132300357,0.6092299578888889,0.7367188000000001,0.1770706314836578,0.013333333333333334,1,0.11915212588883824,,440,
42,nf2018v2,nfbotv2,rf,0.05,selector,105000,0.04942952056622739,0.0897631688794609,,0.5141361806847943,0.0011918951132300357,0.6092299578888889,0.7367188000000001,0.1770706314836578,0.013333333333333334,0,0.11915212588883824,0.9541725696614097,440,
42,nf2018v2,nfbotv2,rf,0.1,rethreshold_2s,210001,0.04942952056622739,0.0897631688794609,0.1770706314836578,0.5141361806847943,0.0011918951132300357,0.6092299578888889,0.7367188000000001,0.1770706314836578,0.013333333333333334,1,0.1506511291514737,,881,
42,nf2018v2,nfbotv2,rf,0.1,selector,210001,0.04942952056622739,0.0897631688794609,,0.5141361806847943,0.0011918951132300357,0.6092299578888889,0.7367188000000001,0.1770706314836578,0.013333333333333334,0,0.1506511291514737,0.9688218499862037,881,
42,nf2018v2,nfbotv2,rf,0.0001,acq_uncertainty,210,0.37031570793047536,0.7238548125110802,0.037126031584665875,0.6740346344726234,0.2872467222884386,0.18332018427777785,0.36031145,0.5197836432012887,0.39,,,,54,1
42,nf2018v2,nfbotv2,rf,0.0001,acq_hybrid,210,0.8004225861479692,0.9964048972772916,0.6065283935329369,0.7652967952932881,0.30274135876042907,0.06458783905555555,0.1828742166666667,0.6102861295515658,0.5233333333333333,,,,35,1
42,nf2018v2,nfbotv2,rf,0.001,acq_uncertainty,2100,0.7877627340616569,0.9962441941921015,0.5788408976202899,0.7303710706712868,0.3539928486293206,0.05633663600000001,0.1673701333333334,0.5958228106339167,0.5733333333333334,,,,107,1
42,nf2018v2,nfbotv2,rf,0.001,acq_hybrid,2100,0.45885774493503845,0.8852766301193193,0.08168130123850713,0.7893131891574248,0.2943980929678188,0.10702859155555555,0.20639120000000005,0.6336021413868439,0.30333333333333334,,,,85,1
42,nf2018v2,nfunswv2,lgbm,0,zero_shot_2s,249999,0.5229656159971565,0.9463616587623261,0.13982493245919478,0.4971670698700526,0.0008210265950260339,0.038379585545913496,0.03917741717952016,0.24388567980464845,0.9999564415934252,-1,,,,
42,nf2018v2,nfunswv2,lgbm,0.0001,rethreshold_2s,144,0.5229656159971565,0.9463616587623261,0.2073980181934562,0.4971670698700526,0.0008210265950260339,0.038379585545913496,0.03917741717952016,0.14038199353569736,0.6269026400140946,-1,0.30611483744878115,,134,
42,nf2018v2,nfunswv2,lgbm,0.0001,selector,144,0.5229656159971565,0.9463616587623261,,0.4971670698700526,0.0008210265950260339,0.038379585545913496,0.03917741717952016,0.14038199353569736,0.6269026400140946,0,0.30611483744878115,0.8717152353914989,134,
42,nf2018v2,nfunswv2,lgbm,0.001,rethreshold_2s,1392,0.5229656159971565,0.9463616587623261,0.23808920610156406,0.4971670698700526,0.0008210265950260339,0.038379585545913496,0.03917741717952016,0.14038199353569736,0.6269026400140946,-1,0.3602200772402529,,1338,
42,nf2018v2,nfunswv2,lgbm,0.001,selector,1392,0.5229656159971565,0.9463616587623261,,0.4971670698700526,0.0008210265950260339,0.038379585545913496,0.03917741717952016,0.14038199353569736,0.6269026400140946,0,0.3602200772402529,0.848410526924862,1338,
42,nf2018v2,nfunswv2,lgbm,0.01,rethreshold_2s,13907,0.5229656159971565,0.9463616587623261,0.24038483210912936,0.4971670698700526,0.0008210265950260339,0.038379585545913496,0.03917741717952016,0.14038199353569736,0.6269026400140946,-1,0.28926567533250286,,13382,
42,nf2018v2,nfunswv2,lgbm,0.01,selector,13907,0.5229656159971565,0.9463616587623261,,0.4971670698700526,0.0008210265950260339,0.038379585545913496,0.03917741717952016,0.14038199353569736,0.6269026400140946,0,0.28926567533250286,0.9288510975947402,13382,
42,nf2018v2,nfunswv2,lgbm,0.05,rethreshold_2s,69537,0.5229656159971565,0.9463616587623261,0.24249762429631117,0.4971670698700526,0.0008210265950260339,0.038379585545913496,0.03917741717952016,0.14038199353569736,0.6269026400140946,-1,0.2581817078106814,,66908,
42,nf2018v2,nfunswv2,lgbm,0.05,selector,69537,0.5229656159971565,0.9463616587623261,,0.4971670698700526,0.0008210265950260339,0.038379585545913496,0.03917741717952016,0.14038199353569736,0.6269026400140946,0,0.2581817078106814,0.9413234193205957,66908,
42,nf2018v2,nfunswv2,lgbm,0.1,rethreshold_2s,139072,0.5229656159971565,0.9463616587623261,0.24227815899718183,0.4971670698700526,0.0008210265950260339,0.038379585545913496,0.03917741717952016,0.14038199353569736,0.6269026400140946,-1,0.2587783625254428,,133817,
42,nf2018v2,nfunswv2,lgbm,0.1,selector,139072,0.5229656159971565,0.9463616587623261,,0.4971670698700526,0.0008210265950260339,0.038379585545913496,0.03917741717952016,0.14038199353569736,0.6269026400140946,0,0.2587783625254428,0.9487979370298759,133817,
42,nf2018v2,nfunswv2,lgbm,0.0001,acq_uncertainty,139,0.48551102353838516,0.863670818185255,0.021303323091372863,0.5867279265029293,0.16552000083141935,0.1863040859682594,0.18771131163105909,0.2736275817472898,0.9994062193128493,,,,135,0
42,nf2018v2,nfunswv2,lgbm,0.0001,acq_hybrid,139,0.8818196158550952,0.9832320914805649,0.7648537373969333,0.849045288819735,0.006490267197389344,0.015539458463310169,0.014845985880508174,0.7719190302267067,0.35558577439202294,,,,108,0
42,nf2018v2,nfunswv2,lgbm,0.001,acq_uncertainty,1391,0.9001766556791744,0.9858421988904694,0.8016629860037872,0.8431422013942131,0.005134014404340009,0.01360358699315489,0.013527257766526083,0.8026625341369623,0.6511989805121448,,,,1280,1
42,nf2018v2,nfunswv2,lgbm,0.001,acq_hybrid,1391,0.932600844386023,0.9900081657512132,0.8659070250103821,0.9420522141646637,0.006864405898920194,0.009585475167625422,0.009411565302205275,0.9052420225012643,0.0006962850215305566,,,,1248,1
42,nf2018v2,nftonv2,lgbm,0,zero_shot_2s,249999,0.39051857471335655,0.37414445234653504,0.059200855397791845,0.6894333094193617,0.17501186088098974,0.5689354021866492,0.5671041344722694,0.4771420726765807,0.00023519386112007314,1,,,,
42,nf2018v2,nftonv2,lgbm,0.0001,rethreshold_2s,213,0.39051857471335655,0.37414445234653504,0.4761583795939519,0.6894333094193617,0.17501186088098974,0.5689354021866492,0.5671041344722694,0.4771420726765807,0.00023519386112007314,1,0.4055092844041108,,58,
42,nf2018v2,nftonv2,lgbm,0.0001,selector,213,0.39051857471335655,0.37414445234653504,,0.6894333094193617,0.17501186088098974,0.5689354021866492,0.5671041344722694,0.4771420726765807,0.00023519386112007314,0,0.4055092844041108,0.8436747689238814,58,
42,nf2018v2,nftonv2,lgbm,0.001,rethreshold_2s,2100,0.39051857471335655,0.37414445234653504,0.4771420726765807,0.6894333094193617,0.17501186088098974,0.5689354021866492,0.5671041344722694,0.4771420726765807,0.00023519386112007314,1,0.4707003324178225,,575,
42,nf2018v2,nftonv2,lgbm,0.001,selector,2100,0.39051857471335655,0.37414445234653504,,0.6894333094193617,0.17501186088098974,0.5689354021866492,0.5671041344722694,0.4771420726765807,0.00023519386112007314,0,0.4707003324178225,0.9289197669682926,575,
42,nf2018v2,nftonv2,lgbm,0.01,rethreshold_2s,21000,0.39051857471335655,0.37414445234653504,0.4771420726765807,0.6894333094193617,0.17501186088098974,0.5689354021866492,0.5671041344722694,0.4771420726765807,0.00023519386112007314,1,0.4756206462568688,,5754,
42,nf2018v2,nftonv2,lgbm,0.01,selector,21000,0.39051857471335655,0.37414445234653504,,0.6894333094193617,0.17501186088098974,0.5689354021866492,0.5671041344722694,0.4771420726765807,0.00023519386112007314,0,0.4756206462568688,0.9655493210946151,5754,
42,nf2018v2,nftonv2,lgbm,0.05,rethreshold_2s,105000,0.39051857471335655,0.37414445234653504,0.4771420726765807,0.6894333094193617,0.17501186088098974,0.5689354021866492,0.5671041344722694,0.4771420726765807,0.00023519386112007314,1,0.4798189796909683,,28771,
42,nf2018v2,nftonv2,lgbm,0.05,selector,105000,0.39051857471335655,0.37414445234653504,,0.6894333094193617,0.17501186088098974,0.5689354021866492,0.5671041344722694,0.4771420726765807,0.00023519386112007314,0,0.4798189796909683,0.9766571986917038,28771,
42,nf2018v2,nftonv2,lgbm,0.1,rethreshold_2s,210000,0.39051857471335655,0.37414445234653504,0.4771420726765807,0.6894333094193617,0.17501186088098974,0.5689354021866492,0.5671041344722694,0.4771420726765807,0.00023519386112007314,1,0.47823715253621696,,57542,
42,nf2018v2,nftonv2,lgbm,0.1,selector,210000,0.39051857471335655,0.37414445234653504,,0.6894333094193617,0.17501186088098974,0.5689354021866492,0.5671041344722694,0.4771420726765807,0.00023519386112007314,0,0.47823715253621696,0.9798412917889757,57542,
42,nf2018v2,nftonv2,lgbm,0.0001,acq_uncertainty,210,0.6128172767264262,0.6530214691812561,0.29496967144964603,0.578726714236722,0.2636947556658516,0.3598618807154471,0.3634368998287117,0.3102866049385939,0.02995474632275065,,,,10,0
42,nf2018v2,nftonv2,lgbm,0.0001,acq_hybrid,210,0.5178443749776931,0.6247711943772368,0.0377816526093791,0.6972128642809456,0.7385861829860224,0.35370726901131516,0.3581338088947864,0.47783157760471007,0.9997673986586104,,,,12,0
42,nf2018v2,nftonv2,lgbm,0.001,acq_uncertainty,2100,0.6823190988790031,0.7090790839963946,0.4751548793261085,0.7056156572025165,0.0748877778183278,0.29954698324366663,0.3017528818709769,0.5474554187743005,0.003022866011575425,,,,95,1
42,nf2018v2,nftonv2,lgbm,0.001,acq_hybrid,2100,0.5153510278407825,0.6243937243325348,0.03364923370813617,0.6206191894026389,0.748823035655633,0.35935228790071616,0.353047664024616,0.4337491019906922,0.999962310210394,,,,134,2
42,nf2018v2,nfbotv2,lgbm,0,zero_shot_2s,249999,0.16980458127603548,0.3300092708311367,-0.0015907870976558753,0.5376571789251455,0.20858164481525626,0.4880526504794961,0.5690390993944219,0.2516226242911011,0.03431983900549515,1,,,,
42,nf2018v2,nfbotv2,lgbm,0.0001,rethreshold_2s,211,0.16980458127603548,0.3300092708311367,0.24674407679919763,0.5376571789251455,0.20858164481525626,0.4880526504794961,0.5690390993944219,0.2516226242911011,0.03431983900549515,1,0.7054211845550483,,1,
42,nf2018v2,nfbotv2,lgbm,0.0001,selector,211,0.16980458127603548,0.3300092708311367,,0.5376571789251455,0.20858164481525626,0.4880526504794961,0.5690390993944219,0.2516226242911011,0.03431983900549515,1,0.7054211845550483,0.0,1,
42,nf2018v2,nfbotv2,lgbm,0.001,rethreshold_2s,2101,0.16980458127603548,0.3300092708311367,0.24674407679919763,0.5376571789251455,0.20858164481525626,0.4880526504794961,0.5690390993944219,0.2516226242911011,0.03431983900549515,1,0.39606817739130445,,9,
42,nf2018v2,nfbotv2,lgbm,0.001,selector,2101,0.16980458127603548,0.3300092708311367,,0.5376571789251455,0.20858164481525626,0.4880526504794961,0.5690390993944219,0.2516226242911011,0.03431983900549515,0,0.39606817739130445,0.6559047092369128,9,
42,nf2018v2,nfbotv2,lgbm,0.01,rethreshold_2s,21000,0.16980458127603548,0.3300092708311367,0.24674407679919763,0.5376571789251455,0.20858164481525626,0.4880526504794961,0.5690390993944219,0.2516226242911011,0.03431983900549515,1,0.2588780276428083,,88,
42,nf2018v2,nfbotv2,lgbm,0.01,selector,21000,0.16980458127603548,0.3300092708311367,,0.5376571789251455,0.20858164481525626,0.4880526504794961,0.5690390993944219,0.2516226242911011,0.03431983900549515,0,0.2588780276428083,0.7107697036777951,88,
42,nf2018v2,nfbotv2,lgbm,0.05,rethreshold_2s,105000,0.16980458127603548,0.3300092708311367,0.24674407679919763,0.5376571789251455,0.20858164481525626,0.4880526504794961,0.5690390993944219,0.2516226242911011,0.03431983900549515,1,0.25041424731009077,,440,
42,nf2018v2,nfbotv2,lgbm,0.05,selector,105000,0.16980458127603548,0.3300092708311367,,0.5376571789251455,0.20858164481525626,0.4880526504794961,0.5690390993944219,0.2516226242911011,0.03431983900549515,0,0.25041424731009077,0.4962092481682025,440,
42,nf2018v2,nfbotv2,lgbm,0.1,rethreshold_2s,210001,0.16980458127603548,0.3300092708311367,0.24674407679919763,0.5376571789251455,0.20858164481525626,0.4880526504794961,0.5690390993944219,0.2516226242911011,0.03431983900549515,1,0.2511121356944135,,881,
42,nf2018v2,nfbotv2,lgbm,0.1,selector,210001,0.16980458127603548,0.3300092708311367,,0.5376571789251455,0.20858164481525626,0.4880526504794961,0.5690390993944219,0.2516226242911011,0.03431983900549515,1,0.2511121356944135,0.0884572039491686,881,
42,nf2018v2,nfbotv2,lgbm,0.0001,acq_uncertainty,210,0.49894904562319464,0.9937119087536106,0.0,0.5,1.0,0.004195,0.004194999999999949,0.0,inf,,,,0,0
42,nf2018v2,nfbotv2,lgbm,0.0001,acq_hybrid,210,0.4860134511852602,0.9225494049157731,0.12067064490723123,0.7464009787147873,0.2169249106078665,0.08646192534518858,0.10701702778762134,0.7060720255987222,0.02958489316127683,,,,1,0
42,nf2018v2,nfbotv2,lgbm,0.001,acq_uncertainty,2100,0.5112900033490746,0.9708696311015123,0.07538622128673592,0.541277750861945,0.7056019070321812,0.04813334124211713,0.049126692992888604,0.21764758277994065,0.9970189575884809,,,,1,0
42,nf2018v2,nfbotv2,lgbm,0.001,acq_hybrid,2100,0.5120375794173778,0.9690464595261497,0.08448015393836006,0.5253827054027289,0.6615017878426699,0.051446306657867015,0.051915415846976586,0.20619607329084264,0.9974215663481282,,,,1,0
42,nf2018v2,nfunswv2,mlp,0,zero_shot_2s,249999,0.48467871570150534,0.9181498377878126,-0.029812324021384014,0.48050208248097664,0.053584976252585195,0.07455404478960588,0.060391996640676966,0.208569732006218,0.9999996989002695,-1,,,,
42,nf2018v2,nfunswv2,mlp,0.0001,rethreshold_2s,144,0.48467871570150534,0.9181498377878126,0.20367137831072343,0.48050208248097664,0.053584976252585195,0.07455404478960588,0.060391996640676966,0.06566264669141926,0.999999993950387,-1,0.35398264645063965,,134,
42,nf2018v2,nfunswv2,mlp,0.0001,selector,144,0.48467871570150534,0.9181498377878126,,0.48050208248097664,0.053584976252585195,0.07455404478960588,0.060391996640676966,0.06566264669141926,0.999999993950387,0,0.35398264645063965,0.7908351786510934,134,
42,nf2018v2,nfunswv2,mlp,0.001,rethreshold_2s,1392,0.48467871570150534,0.9181498377878126,0.20367137831072343,0.48050208248097664,0.053584976252585195,0.07455404478960588,0.060391996640676966,0.06566264669141926,0.999999993950387,-1,0.29052599001245155,,1338,
42,nf2018v2,nfunswv2,mlp,0.001,selector,1392,0.48467871570150534,0.9181498377878126,,0.48050208248097664,0.053584976252585195,0.07455404478960588,0.060391996640676966,0.06566264669141926,0.999999993950387,0,0.29052599001245155,0.7908960655068893,1338,
42,nf2018v2,nfunswv2,mlp,0.01,rethreshold_2s,13907,0.48467871570150534,0.9181498377878126,0.20580282266454097,0.48050208248097664,0.053584976252585195,0.07455404478960588,0.060391996640676966,0.06566264669141926,0.999999993950387,-1,0.20915886381226034,,13382,
42,nf2018v2,nfunswv2,mlp,0.01,selector,13907,0.48467871570150534,0.9181498377878126,,0.48050208248097664,0.053584976252585195,0.07455404478960588,0.060391996640676966,0.06566264669141926,0.999999993950387,0,0.20915886381226034,0.7661062013611503,13382,
42,nf2018v2,nfunswv2,mlp,0.05,rethreshold_2s,69537,0.48467871570150534,0.9181498377878126,0.20582991992719302,0.48050208248097664,0.053584976252585195,0.07455404478960588,0.060391996640676966,0.06566264669141926,0.999999993950387,-1,0.21024447236668212,,66908,
42,nf2018v2,nfunswv2,mlp,0.05,selector,69537,0.48467871570150534,0.9181498377878126,,0.48050208248097664,0.053584976252585195,0.07455404478960588,0.060391996640676966,0.06566264669141926,0.999999993950387,0,0.21024447236668212,0.9224710425152045,66908,
42,nf2018v2,nfunswv2,mlp,0.1,rethreshold_2s,139072,0.48467871570150534,0.9181498377878126,0.2058331991060641,0.48050208248097664,0.053584976252585195,0.07455404478960588,0.060391996640676966,0.06566264669141926,0.999999993950387,-1,0.2111112660311256,,133817,
42,nf2018v2,nfunswv2,mlp,0.1,selector,139072,0.48467871570150534,0.9181498377878126,,0.48050208248097664,0.053584976252585195,0.07455404478960588,0.060391996640676966,0.06566264669141926,0.999999993950387,0,0.2111112660311256,0.9347929757005539,133817,
42,nf2018v2,nfunswv2,mlp,0.0001,acq_uncertainty,139,0.8808016522335829,0.9826689392259098,0.7616035275401679,0.7842803618779759,0.008974132465885826,0.016794827382154473,0.013565843991451425,0.7731722590367053,0.03832498554143398,,,,137,0
42,nf2018v2,nfunswv2,mlp,0.0001,acq_hybrid,139,0.8304307852909305,0.9770185154533194,0.6710382923940822,0.7940489779464905,0.005482171251597884,0.02028236182520931,0.019624809066641182,0.7714656541632495,0.0145008227217213,,,,138,0
42,nf2018v2,nfunswv2,mlp,0.001,acq_uncertainty,1391,0.5582743485866539,0.9500357701829906,0.25993628228741783,0.628834537123576,8.314193367352242e-05,0.033203826973754326,0.0315539990441265,0.40869758299984976,0.08958500011115604,,,,1388,2
42,nf2018v2,nfunswv2,mlp,0.001,acq_hybrid,1391,0.869228727800572,0.9817968240296525,0.742396041949667,0.8251806280675613,0.00551854584758005,0.016103927112623678,0.01479268201601918,0.7884752108246234,0.010261708841463504,,,,1382,1
42,nf2018v2,nftonv2,mlp,0,zero_shot_2s,249999,0.3959680623350248,0.39113987933337835,0.016155447494915324,0.5592644535724319,0.24484507864676472,0.5420710725131835,0.5243761150203138,0.21402570848805536,1.529044970543996e-42,1,,,,
42,nf2018v2,nftonv2,mlp,0.0001,rethreshold_2s,213,0.3959680623350248,0.39113987933337835,0.2074377733811745,0.5592644535724319,0.24484507864676472,0.5420710725131835,0.5243761150203138,0.21402570848805536,1.529044970543996e-42,1,0.249986149805007,,58,
42,nf2018v2,nftonv2,mlp,0.0001,selector,213,0.3959680623350248,0.39113987933337835,,0.5592644535724319,0.24484507864676472,0.5420710725131835,0.5243761150203138,0.21402570848805536,1.529044970543996e-42,0,0.249986149805007,0.6409580430424441,58,
42,nf2018v2,nftonv2,mlp,0.001,rethreshold_2s,2100,0.3959680623350248,0.39113987933337835,0.203966766535336,0.5592644535724319,0.24484507864676472,0.5420710725131835,0.5243761150203138,0.21402570848805536,1.529044970543996e-42,1,0.21927298645759088,,575,
42,nf2018v2,nftonv2,mlp,0.001,selector,2100,0.3959680623350248,0.39113987933337835,,0.5592644535724319,0.24484507864676472,0.5420710725131835,0.5243761150203138,0.21402570848805536,1.529044970543996e-42,0,0.21927298645759088,0.8965124836895993,575,
42,nf2018v2,nftonv2,mlp,0.01,rethreshold_2s,21000,0.3959680623350248,0.39113987933337835,0.20767062257837363,0.5592644535724319,0.24484507864676472,0.5420710725131835,0.5243761150203138,0.21402570848805536,1.529044970543996e-42,1,0.21066062548343736,,5754,
42,nf2018v2,nftonv2,mlp,0.01,selector,21000,0.3959680623350248,0.39113987933337835,,0.5592644535724319,0.24484507864676472,0.5420710725131835,0.5243761150203138,0.21402570848805536,1.529044970543996e-42,0,0.21066062548343736,0.9213493458190616,5754,
42,nf2018v2,nftonv2,mlp,0.05,rethreshold_2s,105000,0.3959680623350248,0.39113987933337835,0.21334715752916042,0.5592644535724319,0.24484507864676472,0.5420710725131835,0.5243761150203138,0.21402570848805536,1.529044970543996e-42,1,0.2096268960577723,,28771,
42,nf2018v2,nftonv2,mlp,0.05,selector,105000,0.3959680623350248,0.39113987933337835,,0.5592644535724319,0.24484507864676472,0.5420710725131835,0.5243761150203138,0.21402570848805536,1.529044970543996e-42,0,0.2096268960577723,0.9467083542416327,28771,
42,nf2018v2,nftonv2,mlp,0.1,rethreshold_2s,210000,0.3959680623350248,0.39113987933337835,0.2133817210757615,0.5592644535724319,0.24484507864676472,0.5420710725131835,0.5243761150203138,0.21402570848805536,1.529044970543996e-42,1,0.21213243497003864,,57542,
42,nf2018v2,nftonv2,mlp,0.1,selector,210000,0.3959680623350248,0.39113987933337835,,0.5592644535724319,0.24484507864676472,0.5420710725131835,0.5243761150203138,0.21402570848805536,1.529044970543996e-42,0,0.21213243497003864,0.9503915586738002,57542,
42,nf2018v2,nftonv2,mlp,0.0001,acq_uncertainty,210,0.5534384702049167,0.6817874151645803,0.1908659072119141,0.646450625504264,0.820973687091712,0.22966701378704793,0.20228490938293725,0.4391857353893037,0.9553679931514362,,,,39,1
42,nf2018v2,nftonv2,mlp,0.0001,acq_hybrid,210,0.6029396382170673,0.6401917019195438,0.28801134634263265,0.6179884071982067,0.24734498740921865,0.341385691231413,0.31987134625671365,0.337274909637862,0.05005086092673298,,,,43,1
42,nf2018v2,nftonv2,mlp,0.001,acq_uncertainty,2100,0.5499140024476183,0.6530925053187976,0.1046623643107486,0.6263551554950424,0.7107769789423743,0.3175911897916311,0.30649769784098646,0.40716390642680134,0.9921706596105252,,,,394,4
42,nf2018v2,nftonv2,mlp,0.001,acq_hybrid,2100,0.6167551659882919,0.6519627564417444,0.32064114040643965,0.5652858338737101,0.21657968687274187,0.3534164305791808,0.3406063939956126,0.3930275463858479,0.9667449561459124,,,,393,2
42,nf2018v2,nfbotv2,mlp,0,zero_shot_2s,249999,0.1593721999445393,0.31237904673702865,-0.05298704483115231,0.5336668441684201,0.5065554231227652,0.7274575423066596,0.7115381529285751,0.40988135002120296,0.02804434226893926,-1,,,,
42,nf2018v2,nfbotv2,mlp,0.0001,rethreshold_2s,211,0.1593721999445393,0.31237904673702865,0.3957104228167786,0.5336668441684201,0.5065554231227652,0.7274575423066596,0.7115381529285751,0.26605649415146393,8.317870326778121e-06,-1,1.0,,1,
42,nf2018v2,nfbotv2,mlp,0.0001,selector,211,0.1593721999445393,0.31237904673702865,,0.5336668441684201,0.5065554231227652,0.7274575423066596,0.7115381529285751,0.26605649415146393,8.317870326778121e-06,1,1.0,0.0,1,
42,nf2018v2,nfbotv2,mlp,0.001,rethreshold_2s,2101,0.1593721999445393,0.31237904673702865,0.39627237766699136,0.5336668441684201,0.5065554231227652,0.7274575423066596,0.7115381529285751,0.26605649415146393,8.317870326778121e-06,-1,0.3991793405186802,,9,
42,nf2018v2,nfbotv2,mlp,0.001,selector,2101,0.1593721999445393,0.31237904673702865,,0.5336668441684201,0.5065554231227652,0.7274575423066596,0.7115381529285751,0.26605649415146393,8.317870326778121e-06,1,0.3991793405186802,0.13539994570016725,9,
42,nf2018v2,nfbotv2,mlp,0.01,rethreshold_2s,21000,0.1593721999445393,0.31237904673702865,0.40425465121965487,0.5336668441684201,0.5065554231227652,0.7274575423066596,0.7115381529285751,0.26605649415146393,8.317870326778121e-06,-1,0.40948177739673386,,88,
42,nf2018v2,nfbotv2,mlp,0.01,selector,21000,0.1593721999445393,0.31237904673702865,,0.5336668441684201,0.5065554231227652,0.7274575423066596,0.7115381529285751,0.26605649415146393,8.317870326778121e-06,0,0.40948177739673386,0.46507150337617276,88,
42,nf2018v2,nfbotv2,mlp,0.05,rethreshold_2s,105000,0.1593721999445393,0.31237904673702865,0.40802240504504245,0.5336668441684201,0.5065554231227652,0.7274575423066596,0.7115381529285751,0.26605649415146393,8.317870326778121e-06,-1,0.4003028558878547,,440,
42,nf2018v2,nfbotv2,mlp,0.05,selector,105000,0.1593721999445393,0.31237904673702865,,0.5336668441684201,0.5065554231227652,0.7274575423066596,0.7115381529285751,0.26605649415146393,8.317870326778121e-06,0,0.4003028558878547,0.8034093705210873,440,
42,nf2018v2,nfbotv2,mlp,0.1,rethreshold_2s,210001,0.1593721999445393,0.31237904673702865,0.40802240504504245,0.5336668441684201,0.5065554231227652,0.7274575423066596,0.7115381529285751,0.26605649415146393,8.317870326778121e-06,-1,0.4077120005243048,,881,
42,nf2018v2,nfbotv2,mlp,0.1,selector,210001,0.1593721999445393,0.31237904673702865,,0.5336668441684201,0.5065554231227652,0.7274575423066596,0.7115381529285751,0.26605649415146393,8.317870326778121e-06,0,0.4077120005243048,0.8884361537207258,881,
42,nf2018v2,nfbotv2,mlp,0.0001,acq_uncertainty,210,0.49894904562319464,0.9937119087536106,0.0,0.5,1.0,0.004195,0.004194999999999949,0.0,inf,,,,0,0
42,nf2018v2,nfbotv2,mlp,0.0001,acq_hybrid,210,0.625009595438577,0.995067118956232,0.37751047404320387,0.595516359201882,0.8557806912991657,0.0035803106893777074,0.0032549755317492976,0.3868628869996487,0.8107284611078343,,,,1,0
42,nf2018v2,nfbotv2,mlp,0.001,acq_uncertainty,2100,0.6357018697427816,0.9951716483009698,0.38744653949681057,0.7142063664074602,0.8402860548271752,0.0033920373293399022,0.0028800792676140423,0.5459255112386117,0.9895474087572892,,,,2,1
42,nf2018v2,nfbotv2,mlp,0.001,acq_hybrid,2100,0.5210902841092223,0.9939422877894831,0.14634240484875147,0.6869991028171983,0.9773539928486293,0.003768246186365273,0.0034947530841899685,0.5236030767341242,0.992836821954284,,,,2,1
42,nfunswv2,nf2018v2,rf,0,zero_shot_2s,250002,0.35222852571984775,0.6087742512241946,-0.2515364848700282,0.5095274836806666,0.4070053651841517,0.21959388419724565,0.2005044808109293,0.27970407007389264,0.5166666666666666,-1,,,,
42,nfunswv2,nf2018v2,rf,0.0001,rethreshold_2s,217,0.35222852571984775,0.6087742512241946,0.2694436714577415,0.5095274836806666,0.4070053651841517,0.21959388419724565,0.2005044808109293,0.2496680356179555,0.31,-1,0.33735138741706644,,185,
42,nfunswv2,nf2018v2,rf,0.0001,selector,217,0.35222852571984775,0.6087742512241946,,0.5095274836806666,0.4070053651841517,0.21959388419724565,0.2005044808109293,0.2496680356179555,0.31,0,0.33735138741706644,0.8878696366260774,185,
42,nfunswv2,nf2018v2,rf,0.001,rethreshold_2s,2102,0.35222852571984775,0.6087742512241946,0.27970407007389264,0.5095274836806666,0.4070053651841517,0.21959388419724565,0.2005044808109293,0.2496680356179555,0.31,-1,0.28133058160645,,1851,
42,nfunswv2,nf2018v2,rf,0.001,selector,2102,0.35222852571984775,0.6087742512241946,,0.5095274836806666,0.4070053651841517,0.21959388419724565,0.2005044808109293,0.2496680356179555,0.31,0,0.28133058160645,0.9703293357412658,1851,
42,nfunswv2,nf2018v2,rf,0.01,rethreshold_2s,21001,0.35222852571984775,0.6087742512241946,0.27970407007389264,0.5095274836806666,0.4070053651841517,0.21959388419724565,0.2005044808109293,0.2496680356179555,0.31,-1,0.2799797027432767,,18514,
42,nfunswv2,nf2018v2,rf,0.01,selector,21001,0.35222852571984775,0.6087742512241946,,0.5095274836806666,0.4070053651841517,0.21959388419724565,0.2005044808109293,0.2496680356179555,0.31,0,0.2799797027432767,0.9735786548371087,18514,
42,nfunswv2,nf2018v2,rf,0.05,rethreshold_2s,105000,0.35222852571984775,0.6087742512241946,0.27970407007389264,0.5095274836806666,0.4070053651841517,0.21959388419724565,0.2005044808109293,0.2496680356179555,0.31,-1,0.28108928446627035,,92569,
42,nfunswv2,nf2018v2,rf,0.05,selector,105000,0.35222852571984775,0.6087742512241946,,0.5095274836806666,0.4070053651841517,0.21959388419724565,0.2005044808109293,0.2496680356179555,0.31,0,0.28108928446627035,0.9745410559587144,92569,
42,nfunswv2,nf2018v2,rf,0.1,rethreshold_2s,210000,0.35222852571984775,0.6087742512241946,0.27970407007389264,0.5095274836806666,0.4070053651841517,0.21959388419724565,0.2005044808109293,0.2496680356179555,0.31,-1,0.28076589733647456,,185138,
42,nfunswv2,nf2018v2,rf,0.1,selector,210000,0.35222852571984775,0.6087742512241946,,0.5095274836806666,0.4070053651841517,0.21959388419724565,0.2005044808109293,0.2496680356179555,0.31,0,0.28076589733647456,0.9758171489139021,185138,
42,nfunswv2,nf2018v2,rf,0.0001,acq_uncertainty,210,0.3963332488843218,0.5288417656656473,0.056749283500842705,0.5602682090923079,0.5837842129739907,0.26177976471228753,0.34462596020353226,0.2727958434505453,0.8433333333333334,,,,206,1
42,nfunswv2,nf2018v2,rf,0.0001,acq_hybrid,210,0.3998483406183038,0.5317982621018642,0.06628648464926487,0.558367809724927,0.5816007077959642,0.28491916390418054,0.361698908172126,0.2605737002661077,0.8933333333333333,,,,205,1
42,nfunswv2,nf2018v2,rf,0.001,acq_uncertainty,2100,0.8015542834781859,0.9082650969782563,0.6226907769156522,0.9053514057701197,0.08993772756661109,0.12304580399320228,0.18329731684674905,0.8590593107230655,0.5266666666666666,,,,2056,1
42,nfunswv2,nf2018v2,rf,0.001,acq_hybrid,2100,0.9493542276851706,0.9796079148663583,0.9033786256122923,0.9700472023158483,7.94001882918751e-05,0.03801543320061177,0.10294923525382373,0.9445010675926808,0.29,,,,2050,1
42,nfunswv2,nftonv2,rf,0,zero_shot_2s,250002,0.22078412947580991,0.13205171693281917,-0.10484183535530633,0.7143160311015387,0.04713331630232473,0.4521943065826441,0.5264735823679119,0.5648249566571932,0.08666666666666667,1,,,,
42,nfunswv2,nftonv2,rf,0.0001,rethreshold_2s,213,0.22078412947580991,0.13205171693281917,0.544699207411913,0.7143160311015387,0.04713331630232473,0.4521943065826441,0.5264735823679119,0.5648249566571932,0.08666666666666667,1,0.5406433747126563,,58,
42,nfunswv2,nftonv2,rf,0.0001,selector,213,0.22078412947580991,0.13205171693281917,,0.7143160311015387,0.04713331630232473,0.4521943065826441,0.5264735823679119,0.5648249566571932,0.08666666666666667,0,0.5406433747126563,0.8317509721471161,58,
42,nfunswv2,nftonv2,rf,0.001,rethreshold_2s,2100,0.22078412947580991,0.13205171693281917,0.5648249566571932,0.7143160311015387,0.04713331630232473,0.4521943065826441,0.5264735823679119,0.5648249566571932,0.08666666666666667,1,0.554186742688193,,575,
42,nfunswv2,nftonv2,rf,0.001,selector,2100,0.22078412947580991,0.13205171693281917,,0.7143160311015387,0.04713331630232473,0.4521943065826441,0.5264735823679119,0.5648249566571932,0.08666666666666667,0,0.554186742688193,0.9291181068479295,575,
42,nfunswv2,nftonv2,rf,0.01,rethreshold_2s,21000,0.22078412947580991,0.13205171693281917,0.5648249566571932,0.7143160311015387,0.04713331630232473,0.4521943065826441,0.5264735823679119,0.5648249566571932,0.08666666666666667,1,0.564337124283169,,5754,
42,nfunswv2,nftonv2,rf,0.01,selector,21000,0.22078412947580991,0.13205171693281917,,0.7143160311015387,0.04713331630232473,0.4521943065826441,0.5264735823679119,0.5648249566571932,0.08666666666666667,0,0.564337124283169,0.9605987403572599,5754,
42,nfunswv2,nftonv2,rf,0.05,rethreshold_2s,105000,0.22078412947580991,0.13205171693281917,0.5648249566571932,0.7143160311015387,0.04713331630232473,0.4521943065826441,0.5264735823679119,0.5648249566571932,0.08666666666666667,1,0.5668817503752015,,28771,
42,nfunswv2,nftonv2,rf,0.05,selector,105000,0.22078412947580991,0.13205171693281917,,0.7143160311015387,0.04713331630232473,0.4521943065826441,0.5264735823679119,0.5648249566571932,0.08666666666666667,0,0.5668817503752015,0.976413349956983,28771,
42,nfunswv2,nftonv2,rf,0.1,rethreshold_2s,210000,0.22078412947580991,0.13205171693281917,0.5648249566571932,0.7143160311015387,0.04713331630232473,0.4521943065826441,0.5264735823679119,0.5648249566571932,0.08666666666666667,1,0.5654829029131992,,57542,
42,nfunswv2,nftonv2,rf,0.1,selector,210000,0.22078412947580991,0.13205171693281917,,0.7143160311015387,0.04713331630232473,0.4521943065826441,0.5264735823679119,0.5648249566571932,0.08666666666666667,0,0.5654829029131992,0.9800184788845696,57542,
42,nfunswv2,nftonv2,rf,0.0001,acq_uncertainty,210,0.49474907595697987,0.6278162368572464,0.016243259703423794,0.6683368430021386,0.8474508229626656,0.16915568027840142,0.14796878984394923,0.47996551848239394,0.6166666666666667,,,,84,1
42,nfunswv2,nftonv2,rf,0.0001,acq_hybrid,210,0.6005405900910978,0.616219332582485,0.3885312088336217,0.5820548695431619,0.057132951352140436,0.2786651399368108,0.19535009341713372,0.4207101750130122,0.6433333333333333,,,,53,1
42,nfunswv2,nftonv2,rf,0.001,acq_uncertainty,2100,0.6082378707547111,0.6245263983023345,0.40055245951795654,0.6736165727376188,0.05193241122586767,0.21194278171390854,0.15440013866736002,0.4235051744388353,0.5966666666666667,,,,540,1
42,nfunswv2,nftonv2,rf,0.001,acq_hybrid,2100,0.6058966578867957,0.6239791836767112,0.3847858013454573,0.7882011172200876,0.07222364147293894,0.20653499717498588,0.18634478172390867,0.4792335723138224,0.20333333333333334,,,,334,1
42,nfunswv2,nfbotv2,rf,0,zero_shot_2s,250002,0.32727039574410466,0.6373250201469283,0.052005416890880486,0.5238575899936123,0.06912991656734208,0.2998808777222222,0.35108201666666666,0.19786736503923272,0.13333333333333333,1,,,,
42,nfunswv2,nfbotv2,rf,0.0001,rethreshold_2s,211,0.32727039574410466,0.6373250201469283,-0.050941320985137505,0.5238575899936123,0.06912991656734208,0.2998808777222222,0.35108201666666666,0.19786736503923272,0.13333333333333333,-1,0.0748095274031311,,1,
42,nfunswv2,nfbotv2,rf,0.0001,selector,211,0.32727039574410466,0.6373250201469283,,0.5238575899936123,0.06912991656734208,0.2998808777222222,0.35108201666666666,0.19786736503923272,0.13333333333333333,1,0.0748095274031311,0.0,1,
42,nfunswv2,nfbotv2,rf,0.001,rethreshold_2s,2101,0.32727039574410466,0.6373250201469283,0.19786736503923272,0.5238575899936123,0.06912991656734208,0.2998808777222222,0.35108201666666666,0.19786736503923272,0.13333333333333333,1,0.33150337929696877,,9,
42,nfunswv2,nfbotv2,rf,0.001,selector,2101,0.32727039574410466,0.6373250201469283,,0.5238575899936123,0.06912991656734208,0.2998808777222222,0.35108201666666666,0.19786736503923272,0.13333333333333333,0,0.33150337929696877,0.6858893278688257,9,
42,nfunswv2,nfbotv2,rf,0.01,rethreshold_2s,21000,0.32727039574410466,0.6373250201469283,0.19786736503923272,0.5238575899936123,0.06912991656734208,0.2998808777222222,0.35108201666666666,0.19786736503923272,0.13333333333333333,1,0.3115382732696669,,88,
42,nfunswv2,nfbotv2,rf,0.01,selector,21000,0.32727039574410466,0.6373250201469283,,0.5238575899936123,0.06912991656734208,0.2998808777222222,0.35108201666666666,0.19786736503923272,0.13333333333333333,0,0.3115382732696669,0.918989628793936,88,
42,nfunswv2,nfbotv2,rf,0.05,rethreshold_2s,105000,0.32727039574410466,0.6373250201469283,0.19786736503923272,0.5238575899936123,0.06912991656734208,0.2998808777222222,0.35108201666666666,0.19786736503923272,0.13333333333333333,1,0.21749905493727312,,440,
42,nfunswv2,nfbotv2,rf,0.05,selector,105000,0.32727039574410466,0.6373250201469283,,0.5238575899936123,0.06912991656734208,0.2998808777222222,0.35108201666666666,0.19786736503923272,0.13333333333333333,0,0.21749905493727312,0.9541725696614097,440,
42,nfunswv2,nfbotv2,rf,0.1,rethreshold_2s,210001,0.32727039574410466,0.6373250201469283,0.19786736503923272,0.5238575899936123,0.06912991656734208,0.2998808777222222,0.35108201666666666,0.19786736503923272,0.13333333333333333,1,0.20430604179112222,,881,
42,nfunswv2,nfbotv2,rf,0.1,selector,210001,0.32727039574410466,0.6373250201469283,,0.5238575899936123,0.06912991656734208,0.2998808777222222,0.35108201666666666,0.19786736503923272,0.13333333333333333,0,0.20430604179112222,0.9688218499862037,881,
42,nfunswv2,nfbotv2,rf,0.0001,acq_uncertainty,210,0.5428417174796748,0.9816581148246952,0.1400606502541676,0.5495408246688938,0.6174016686531585,0.0522972195,0.13875808333333334,0.20401624242307417,0.71,,,,31,1
42,nfunswv2,nfbotv2,rf,0.0001,acq_hybrid,210,0.781008552230851,0.9967674465995358,0.5906189120559918,0.735118723023523,0.5685339690107271,0.08735461266666664,0.2621822666666666,0.6486572209997665,0.5233333333333333,,,,23,1
42,nfunswv2,nfbotv2,rf,0.001,acq_uncertainty,2100,0.5676941426817781,0.9858060211616284,0.1873674768223533,0.6757836111590847,0.5709177592371871,0.06043766527777778,0.21210654999999995,0.5151995427061126,0.45666666666666667,,,,52,1
42,nfunswv2,nfbotv2,rf,0.001,acq_hybrid,2100,0.5502008292840369,0.9899572985836999,0.11096451366533229,0.5892973510048165,0.8212157330154947,0.02868628916666667,0.10553264999999996,0.32920116645287734,0.48,,,,23,1
42,nfunswv2,nf2018v2,lgbm,0,zero_shot_2s,250002,0.44789491923155444,0.7751735151265695,-0.10394451216639938,0.43265089393987605,0.11658216218055603,0.20389594203695172,0.18530421974127426,0.5640293467573478,0.9991136074411278,-1,,,,
42,nfunswv2,nf2018v2,lgbm,0.0001,rethreshold_2s,217,0.44789491923155444,0.7751735151265695,0.5510748951988833,0.43265089393987605,0.11658216218055603,0.20389594203695172,0.18530421974127426,0.06274952823362062,1.7338269011061896e-05,-1,0.6110802260034327,,185,
42,nfunswv2,nf2018v2,lgbm,0.0001,selector,217,0.44789491923155444,0.7751735151265695,,0.43265089393987605,0.11658216218055603,0.20389594203695172,0.18530421974127426,0.06274952823362062,1.7338269011061896e-05,0,0.6110802260034327,0.8894090263647848,185,
42,nfunswv2,nf2018v2,lgbm,0.001,rethreshold_2s,2102,0.44789491923155444,0.7751735151265695,0.5633813307313055,0.43265089393987605,0.11658216218055603,0.20389594203695172,0.18530421974127426,0.06274952823362062,1.7338269011061896e-05,-1,0.5745334373772445,,1851,
42,nfunswv2,nf2018v2,lgbm,0.001,selector,2102,0.44789491923155444,0.7751735151265695,,0.43265089393987605,0.11658216218055603,0.20389594203695172,0.18530421974127426,0.06274952823362062,1.7338269011061896e-05,0,0.5745334373772445,0.9678892798366637,1851,
42,nfunswv2,nf2018v2,lgbm,0.01,rethreshold_2s,21001,0.44789491923155444,0.7751735151265695,0.5638600405365433,0.43265089393987605,0.11658216218055603,0.20389594203695172,0.18530421974127426,0.06274952823362062,1.7338269011061896e-05,-1,0.5670411475335093,,18514,
42,nfunswv2,nf2018v2,lgbm,0.01,selector,21001,0.44789491923155444,0.7751735151265695,,0.43265089393987605,0.11658216218055603,0.20389594203695172,0.18530421974127426,0.06274952823362062,1.7338269011061896e-05,0,0.5670411475335093,0.9717158536206957,18514,
42,nfunswv2,nf2018v2,lgbm,0.05,rethreshold_2s,105000,0.44789491923155444,0.7751735151265695,0.5639755697313199,0.43265089393987605,0.11658216218055603,0.20389594203695172,0.18530421974127426,0.06274952823362062,1.7338269011061896e-05,-1,0.5652836593359304,,92569,
42,nfunswv2,nf2018v2,lgbm,0.05,selector,105000,0.44789491923155444,0.7751735151265695,,0.43265089393987605,0.11658216218055603,0.20389594203695172,0.18530421974127426,0.06274952823362062,1.7338269011061896e-05,0,0.5652836593359304,0.9748192800028174,92569,
42,nfunswv2,nf2018v2,lgbm,0.1,rethreshold_2s,210000,0.44789491923155444,0.7751735151265695,0.5637773368907595,0.43265089393987605,0.11658216218055603,0.20389594203695172,0.18530421974127426,0.06274952823362062,1.7338269011061896e-05,-1,0.5640898662713821,,185138,
42,nfunswv2,nf2018v2,lgbm,0.1,selector,210000,0.44789491923155444,0.7751735151265695,,0.43265089393987605,0.11658216218055603,0.20389594203695172,0.18530421974127426,0.06274952823362062,1.7338269011061896e-05,0,0.5640898662713821,0.9753286031646131,185138,
42,nfunswv2,nf2018v2,lgbm,0.0001,acq_uncertainty,210,0.4682998633563349,0.8248314843097848,-0.016200493332203008,0.5137879633754008,0.003340479350279602,0.12072907443896645,0.12091839689466227,0.1511408437423421,5.0925725255390945e-06,,,,209,0
42,nfunswv2,nf2018v2,lgbm,0.0001,acq_hybrid,210,0.7892631148082382,0.9225623363952269,0.6415599479820189,0.91710267558361,0.00023252912285477706,0.058204766150142646,0.05826197458998182,0.7894594436000059,0.011001345502057051,,,,207,0
42,nfunswv2,nf2018v2,lgbm,0.001,acq_uncertainty,2100,0.7912190009023188,0.9232085478156825,0.6444964227637335,0.9249806754503038,0.00023252912285477706,0.06115255523662082,0.05992523673005463,0.7780482385551198,1.0929396374444021e-05,,,,2060,1
42,nfunswv2,nf2018v2,lgbm,0.001,acq_hybrid,2100,0.8905409229643628,0.9575520954710995,0.8011763391641681,0.9724227674219978,5.6714420208482206e-05,0.03331558844481525,0.034148786383613815,0.9224201315763134,0.0004825241710782544,,,,2045,1
42,nfunswv2,nftonv2,lgbm,0,zero_shot_2s,250002,0.21994698697646342,0.13048109763007062,-0.10337171072433558,0.48401727388180305,0.043958249698916096,0.7144102926537559,0.7160251424294332,0.24993914827547467,0.9986737302134738,-1,,,,
42,nfunswv2,nftonv2,lgbm,0.0001,rethreshold_2s,213,0.21994698697646342,0.13048109763007062,0.24747118924368544,0.48401727388180305,0.043958249698916096,0.7144102926537559,0.7160251424294332,0.14805840020899214,1.216706398281859e-05,-1,0.2407565857399549,,58,
42,nfunswv2,nftonv2,lgbm,0.0001,selector,213,0.21994698697646342,0.13048109763007062,,0.48401727388180305,0.043958249698916096,0.7144102926537559,0.7160251424294332,0.14805840020899214,1.216706398281859e-05,0,0.2407565857399549,0.8436747689238814,58,
42,nfunswv2,nftonv2,lgbm,0.001,rethreshold_2s,2100,0.21994698697646342,0.13048109763007062,0.2495969905876431,0.48401727388180305,0.043958249698916096,0.7144102926537559,0.7160251424294332,0.14805840020899214,1.216706398281859e-05,-1,0.25232721937159414,,575,
42,nfunswv2,nftonv2,lgbm,0.001,selector,2100,0.21994698697646342,0.13048109763007062,,0.48401727388180305,0.043958249698916096,0.7144102926537559,0.7160251424294332,0.14805840020899214,1.216706398281859e-05,0,0.25232721937159414,0.9289197669682926,575,
42,nfunswv2,nftonv2,lgbm,0.01,rethreshold_2s,21000,0.21994698697646342,0.13048109763007062,0.24967902060885155,0.48401727388180305,0.043958249698916096,0.7144102926537559,0.7160251424294332,0.14805840020899214,1.216706398281859e-05,-1,0.2601354058524325,,5754,
42,nfunswv2,nftonv2,lgbm,0.01,selector,21000,0.21994698697646342,0.13048109763007062,,0.48401727388180305,0.043958249698916096,0.7144102926537559,0.7160251424294332,0.14805840020899214,1.216706398281859e-05,0,0.2601354058524325,0.9655493210946151,5754,
42,nfunswv2,nftonv2,lgbm,0.05,rethreshold_2s,105000,0.21994698697646342,0.13048109763007062,0.24956941804936217,0.48401727388180305,0.043958249698916096,0.7144102926537559,0.7160251424294332,0.14805840020899214,1.216706398281859e-05,-1,0.24979441113263381,,28771,
42,nfunswv2,nftonv2,lgbm,0.05,selector,105000,0.21994698697646342,0.13048109763007062,,0.48401727388180305,0.043958249698916096,0.7144102926537559,0.7160251424294332,0.14805840020899214,1.216706398281859e-05,0,0.24979441113263381,0.9766571986917038,28771,
42,nfunswv2,nftonv2,lgbm,0.1,rethreshold_2s,210000,0.21994698697646342,0.13048109763007062,0.2495206798023282,0.48401727388180305,0.043958249698916096,0.7144102926537559,0.7160251424294332,0.14805840020899214,1.216706398281859e-05,-1,0.25083541650358915,,57542,
42,nfunswv2,nftonv2,lgbm,0.1,selector,210000,0.21994698697646342,0.13048109763007062,,0.48401727388180305,0.043958249698916096,0.7144102926537559,0.7160251424294332,0.14805840020899214,1.216706398281859e-05,0,0.25083541650358915,0.9798412917889757,57542,
42,nfunswv2,nftonv2,lgbm,0.0001,acq_uncertainty,210,0.4531673337057727,0.5514160145140024,-0.09058212983205723,0.5591269345239802,0.7407758840918215,0.3754135140987136,0.3876986985303531,0.39640239270266414,0.9056873079936215,,,,62,1
42,nfunswv2,nftonv2,lgbm,0.0001,acq_hybrid,210,0.6087940122226487,0.6364261036644161,0.3393046504252215,0.6038256427643365,0.15683734170285757,0.32339136227464427,0.3121093725520913,0.4032048630261859,0.13258492179989714,,,,80,1
42,nfunswv2,nftonv2,lgbm,0.001,acq_uncertainty,2100,0.5085412665716265,0.5074772673092727,0.28523990061073207,0.8333438624263028,0.06328236195759279,0.448417972496364,0.44156746175523387,0.5824570787555206,2.8868582509667908e-05,,,,776,1
42,nfunswv2,nftonv2,lgbm,0.001,acq_hybrid,2100,0.8939697892164711,0.9127912582254378,0.7966046699037725,0.9611008790947648,0.05554541805043611,0.08128983541658093,0.07271568421231264,0.8518289821309529,0.0008787933389783839,,,,1103,1
42,nfunswv2,nfbotv2,lgbm,0,zero_shot_2s,250002,0.2721542097583699,0.5335825697647274,0.0018339056770599884,0.5142310278609822,0.3528009535160906,0.42887774958023545,0.4511340838511582,0.15489539552782075,0.050516219310005224,1,,,,
42,nfunswv2,nfbotv2,lgbm,0.0001,rethreshold_2s,211,0.2721542097583699,0.5335825697647274,0.13753251425102422,0.5142310278609822,0.3528009535160906,0.42887774958023545,0.4511340838511582,0.15489539552782075,0.050516219310005224,1,0.28101290712039184,,1,
42,nfunswv2,nfbotv2,lgbm,0.0001,selector,211,0.2721542097583699,0.5335825697647274,,0.5142310278609822,0.3528009535160906,0.42887774958023545,0.4511340838511582,0.15489539552782075,0.050516219310005224,1,0.28101290712039184,0.0,1,
42,nfunswv2,nfbotv2,lgbm,0.001,rethreshold_2s,2101,0.2721542097583699,0.5335825697647274,0.13185986155392032,0.5142310278609822,0.3528009535160906,0.42887774958023545,0.4511340838511582,0.15489539552782075,0.050516219310005224,-1,0.33269780685756056,,9,
42,nfunswv2,nfbotv2,lgbm,0.001,selector,2101,0.2721542097583699,0.5335825697647274,,0.5142310278609822,0.3528009535160906,0.42887774958023545,0.4511340838511582,0.15489539552782075,0.050516219310005224,0,0.33269780685756056,0.6559047092369128,9,
42,nfunswv2,nfbotv2,lgbm,0.01,rethreshold_2s,21000,0.2721542097583699,0.5335825697647274,0.1448203911634018,0.5142310278609822,0.3528009535160906,0.42887774958023545,0.4511340838511582,0.15489539552782075,0.050516219310005224,1,0.17417185585699266,,88,
42,nfunswv2,nfbotv2,lgbm,0.01,selector,21000,0.2721542097583699,0.5335825697647274,,0.5142310278609822,0.3528009535160906,0.42887774958023545,0.4511340838511582,0.15489539552782075,0.050516219310005224,0,0.17417185585699266,0.7875509294643687,88,
42,nfunswv2,nfbotv2,lgbm,0.05,rethreshold_2s,105000,0.2721542097583699,0.5335825697647274,0.154809540394039,0.5142310278609822,0.3528009535160906,0.42887774958023545,0.4511340838511582,0.15489539552782075,0.050516219310005224,1,0.17032943764474714,,440,
42,nfunswv2,nfbotv2,lgbm,0.05,selector,105000,0.2721542097583699,0.5335825697647274,,0.5142310278609822,0.3528009535160906,0.42887774958023545,0.4511340838511582,0.15489539552782075,0.050516219310005224,0,0.17032943764474714,0.5710284342936626,440,
42,nfunswv2,nfbotv2,lgbm,0.1,rethreshold_2s,210001,0.2721542097583699,0.5335825697647274,0.154809540394039,0.5142310278609822,0.3528009535160906,0.42887774958023545,0.4511340838511582,0.15489539552782075,0.050516219310005224,1,0.16815748881375336,,881,
42,nfunswv2,nfbotv2,lgbm,0.1,selector,210001,0.2721542097583699,0.5335825697647274,,0.5142310278609822,0.3528009535160906,0.42887774958023545,0.4511340838511582,0.15489539552782075,0.050516219310005224,0,0.16815748881375336,0.2835828859839455,881,
42,nfunswv2,nfbotv2,lgbm,0.0001,acq_uncertainty,210,0.49894904562319464,0.9937119087536106,0.0,0.5,1.0,0.004195,0.004194999999999949,0.0,inf,,,,0,0
42,nfunswv2,nfbotv2,lgbm,0.0001,acq_hybrid,210,0.49894904562319464,0.9937119087536106,0.0,0.5,1.0,0.004195,0.004194999999999949,0.0,inf,,,,0,0
42,nfunswv2,nfbotv2,lgbm,0.001,acq_uncertainty,2100,0.49894904562319464,0.9937119087536106,0.0,0.5,1.0,0.004195,0.004194999999999949,0.0,inf,,,,0,0
42,nfunswv2,nfbotv2,lgbm,0.001,acq_hybrid,2100,0.6062616794179493,0.9948029264383655,0.3128029957221111,0.5773762852613947,0.8760429082240763,0.0037779255969817836,0.004764128882201979,0.366155492660607,0.8644370080887928,,,,2,0
42,nfunswv2,nf2018v2,mlp,0,zero_shot_2s,250002,0.45385188608680055,0.7786351006268407,-0.09189139233353565,0.45898784449841906,0.11263483853404567,0.1918096234284855,0.1843807629186342,0.2810519926342105,0.9999999609204027,-1,,,,
42,nfunswv2,nf2018v2,mlp,0.0001,rethreshold_2s,217,0.45385188608680055,0.7786351006268407,0.27519092799696,0.45898784449841906,0.11263483853404567,0.1918096234284855,0.1843807629186342,0.11973133184145456,3.502293249504565e-36,-1,0.37598363245756716,,185,
42,nfunswv2,nf2018v2,mlp,0.0001,selector,217,0.45385188608680055,0.7786351006268407,,0.45898784449841906,0.11263483853404567,0.1918096234284855,0.1843807629186342,0.11973133184145456,3.502293249504565e-36,0,0.37598363245756716,0.7984251474971643,185,
42,nfunswv2,nf2018v2,mlp,0.001,rethreshold_2s,2102,0.45385188608680055,0.7786351006268407,0.2803855464069583,0.45898784449841906,0.11263483853404567,0.1918096234284855,0.1843807629186342,0.11973133184145456,3.502293249504565e-36,-1,0.3124623319601469,,1851,
42,nfunswv2,nf2018v2,mlp,0.001,selector,2102,0.45385188608680055,0.7786351006268407,,0.45898784449841906,0.11263483853404567,0.1918096234284855,0.1843807629186342,0.11973133184145456,3.502293249504565e-36,0,0.3124623319601469,0.9283160441955144,1851,
42,nfunswv2,nf2018v2,mlp,0.01,rethreshold_2s,21001,0.45385188608680055,0.7786351006268407,0.2807151612323332,0.45898784449841906,0.11263483853404567,0.1918096234284855,0.1843807629186342,0.11973133184145456,3.502293249504565e-36,-1,0.2862059933951084,,18514,
42,nfunswv2,nf2018v2,mlp,0.01,selector,21001,0.45385188608680055,0.7786351006268407,,0.45898784449841906,0.11263483853404567,0.1918096234284855,0.1843807629186342,0.11973133184145456,3.502293249504565e-36,0,0.2862059933951084,0.9383997410406345,18514,
42,nfunswv2,nf2018v2,mlp,0.05,rethreshold_2s,105000,0.45385188608680055,0.7786351006268407,0.2809702585885121,0.45898784449841906,0.11263483853404567,0.1918096234284855,0.1843807629186342,0.11973133184145456,3.502293249504565e-36,-1,0.2826282538747323,,92569,
42,nfunswv2,nf2018v2,mlp,0.05,selector,105000,0.45385188608680055,0.7786351006268407,,0.45898784449841906,0.11263483853404567,0.1918096234284855,0.1843807629186342,0.11973133184145456,3.502293249504565e-36,0,0.2826282538747323,0.9690198635218858,92569,
42,nfunswv2,nf2018v2,mlp,0.1,rethreshold_2s,210000,0.45385188608680055,0.7786351006268407,0.2809702585885121,0.45898784449841906,0.11263483853404567,0.1918096234284855,0.1843807629186342,0.11973133184145456,3.502293249504565e-36,-1,0.2801439332832432,,185138,
42,nfunswv2,nf2018v2,mlp,0.1,selector,210000,0.45385188608680055,0.7786351006268407,,0.45898784449841906,0.11263483853404567,0.1918096234284855,0.1843807629186342,0.11973133184145456,3.502293249504565e-36,0,0.2801439332832432,0.9697814992506558,185138,
42,nfunswv2,nf2018v2,mlp,0.0001,acq_uncertainty,210,0.5602778922552263,0.851671924355377,0.27466697712020244,0.5523786796325888,0.0017865042365671896,0.10610984928582133,0.09882837291936339,0.29061784306829147,0.3105849357893427,,,,197,0
42,nfunswv2,nf2018v2,mlp,0.0001,acq_hybrid,210,0.5321394951809045,0.8440030811039418,0.23462353435430783,0.5158488018917768,0.0004593868036887059,0.10798726235840328,0.10407535285907174,0.2822021297354002,0.194459531431631,,,,207,1
42,nfunswv2,nf2018v2,mlp,0.001,acq_uncertainty,2100,0.6028446072987559,0.8645605340366872,0.36136055532069716,0.5632609345299534,0.000487744013792947,0.09989585056920153,0.09678325972988405,0.38432211259335186,0.04410933964792973,,,,2045,2
42,nfunswv2,nf2018v2,mlp,0.001,acq_hybrid,2100,0.6634267830399623,0.8825669812034588,0.45128514677638987,0.6005666558883639,0.0009868309116275904,0.09825463406532817,0.12971632381136758,0.4530472410745534,0.43713610391752106,,,,2029,1
42,nfunswv2,nftonv2,mlp,0,zero_shot_2s,250002,0.2576534756592277,0.17997095150070955,0.023526295731043586,0.5192587468283111,0.034761505054560056,0.6788302784781948,0.681843756194784,0.19496868091217953,0.0014573646670817085,1,,,,
42,nfunswv2,nftonv2,mlp,0.0001,rethreshold_2s,213,0.2576534756592277,0.17997095150070955,0.11529637111438965,0.5192587468283111,0.034761505054560056,0.6788302784781948,0.681843756194784,0.19496868091217953,0.0014573646670817085,-1,0.1669518985442521,,58,
42,nfunswv2,nftonv2,mlp,0.0001,selector,213,0.2576534756592277,0.17997095150070955,,0.5192587468283111,0.034761505054560056,0.6788302784781948,0.681843756194784,0.19496868091217953,0.0014573646670817085,0,0.1669518985442521,0.6409580430424441,58,
42,nfunswv2,nftonv2,mlp,0.001,rethreshold_2s,2100,0.2576534756592277,0.17997095150070955,0.19418410062488564,0.5192587468283111,0.034761505054560056,0.6788302784781948,0.681843756194784,0.19496868091217953,0.0014573646670817085,1,0.22112703110036028,,575,
42,nfunswv2,nftonv2,mlp,0.001,selector,2100,0.2576534756592277,0.17997095150070955,,0.5192587468283111,0.034761505054560056,0.6788302784781948,0.681843756194784,0.19496868091217953,0.0014573646670817085,0,0.22112703110036028,0.8965124836895993,575,
42,nfunswv2,nftonv2,mlp,0.01,rethreshold_2s,21000,0.2576534756592277,0.17997095150070955,0.19422531149865122,0.5192587468283111,0.034761505054560056,0.6788302784781948,0.681843756194784,0.19496868091217953,0.0014573646670817085,1,0.2015967203787504,,5754,
42,nfunswv2,nftonv2,mlp,0.01,selector,21000,0.2576534756592277,0.17997095150070955,,0.5192587468283111,0.034761505054560056,0.6788302784781948,0.681843756194784,0.19496868091217953,0.0014573646670817085,0,0.2015967203787504,0.9213493458190616,5754,
42,nfunswv2,nftonv2,mlp,0.05,rethreshold_2s,105000,0.2576534756592277,0.17997095150070955,0.1940440243018505,0.5192587468283111,0.034761505054560056,0.6788302784781948,0.681843756194784,0.19496868091217953,0.0014573646670817085,1,0.20064392897540193,,28771,
42,nfunswv2,nftonv2,mlp,0.05,selector,105000,0.2576534756592277,0.17997095150070955,,0.5192587468283111,0.034761505054560056,0.6788302784781948,0.681843756194784,0.19496868091217953,0.0014573646670817085,0,0.20064392897540193,0.9467083542416327,28771,
42,nfunswv2,nftonv2,mlp,0.1,rethreshold_2s,210000,0.2576534756592277,0.17997095150070955,0.19406701811902294,0.5192587468283111,0.034761505054560056,0.6788302784781948,0.681843756194784,0.19496868091217953,0.0014573646670817085,1,0.198577620811928,,57542,
42,nfunswv2,nftonv2,mlp,0.1,selector,210000,0.2576534756592277,0.17997095150070955,,0.5192587468283111,0.034761505054560056,0.6788302784781948,0.681843756194784,0.19496868091217953,0.0014573646670817085,0,0.198577620811928,0.9503915586738002,57542,
42,nfunswv2,nftonv2,mlp,0.0001,acq_uncertainty,210,0.5442965953276789,0.6842048903305179,0.26396337382850743,0.5249112899711013,0.8626145031203241,0.2414721726209444,0.2309381568140669,0.2809716940493744,0.23755386615244925,,,,22,0
42,nfunswv2,nftonv2,mlp,0.0001,acq_hybrid,210,0.5756003036893278,0.5983367248442452,0.2987459611723488,0.5140601962010312,0.1550855808182183,0.4071050452956062,0.3871869659596828,0.3098956210701135,0.2615166189641999,,,,43,1
42,nfunswv2,nftonv2,mlp,0.001,acq_uncertainty,2100,0.49574184661228005,0.5957802957759344,-0.008308110412043561,0.5203076401342293,0.7190613481259808,0.38381952449776,0.3719946288112285,0.21399729582089125,0.9998809423952489,,,,331,1
42,nfunswv2,nftonv2,mlp,0.001,acq_hybrid,2100,0.6444080646547379,0.6917474172229293,0.3265529468931631,0.6407247088650669,0.30529907667603373,0.27399870495836526,0.23685923859030308,0.3374137154635183,0.4412332659852055,,,,580,1
42,nfunswv2,nfbotv2,mlp,0,zero_shot_2s,250002,0.012253780025713392,0.01679357262600303,-0.055892735339379426,0.4985054228446691,0.08939213349225268,0.9836026981075948,0.9840663229512051,0.5233620881409071,9.399671530704069e-31,1,,,,
42,nfunswv2,nfbotv2,mlp,0.0001,rethreshold_2s,211,0.012253780025713392,0.01679357262600303,0.056065731504117346,0.4985054228446691,0.08939213349225268,0.9836026981075948,0.9840663229512051,0.5233620881409071,9.399671530704069e-31,-1,1.0,,1,
42,nfunswv2,nfbotv2,mlp,0.0001,selector,211,0.012253780025713392,0.01679357262600303,,0.4985054228446691,0.08939213349225268,0.9836026981075948,0.9840663229512051,0.5233620881409071,9.399671530704069e-31,1,1.0,0.0,1,
42,nfunswv2,nfbotv2,mlp,0.001,rethreshold_2s,2101,0.012253780025713392,0.01679357262600303,0.46740588374078773,0.4985054228446691,0.08939213349225268,0.9836026981075948,0.9840663229512051,0.5233620881409071,9.399671530704069e-31,1,0.3835226484096976,,9,
42,nfunswv2,nfbotv2,mlp,0.001,selector,2101,0.012253780025713392,0.01679357262600303,,0.4985054228446691,0.08939213349225268,0.9836026981075948,0.9840663229512051,0.5233620881409071,9.399671530704069e-31,1,0.3835226484096976,0.13539994570016725,9,
42,nfunswv2,nfbotv2,mlp,0.01,rethreshold_2s,21000,0.012253780025713392,0.01679357262600303,0.5178175701749936,0.4985054228446691,0.08939213349225268,0.9836026981075948,0.9840663229512051,0.5233620881409071,9.399671530704069e-31,1,0.45890143252136417,,88,
42,nfunswv2,nfbotv2,mlp,0.01,selector,21000,0.012253780025713392,0.01679357262600303,,0.4985054228446691,0.08939213349225268,0.9836026981075948,0.9840663229512051,0.5233620881409071,9.399671530704069e-31,0,0.45890143252136417,0.46507150337617276,88,
42,nfunswv2,nfbotv2,mlp,0.05,rethreshold_2s,105000,0.012253780025713392,0.01679357262600303,0.5206465058372604,0.4985054228446691,0.08939213349225268,0.9836026981075948,0.9840663229512051,0.5233620881409071,9.399671530704069e-31,1,0.5159168027515898,,440,
42,nfunswv2,nfbotv2,mlp,0.05,selector,105000,0.012253780025713392,0.01679357262600303,,0.4985054228446691,0.08939213349225268,0.9836026981075948,0.9840663229512051,0.5233620881409071,9.399671530704069e-31,0,0.5159168027515898,0.8034093705210873,440,
42,nfunswv2,nfbotv2,mlp,0.1,rethreshold_2s,210001,0.012253780025713392,0.01679357262600303,0.5206465058372604,0.4985054228446691,0.08939213349225268,0.9836026981075948,0.9840663229512051,0.5233620881409071,9.399671530704069e-31,1,0.5332384182818545,,881,
42,nfunswv2,nfbotv2,mlp,0.1,selector,210001,0.012253780025713392,0.01679357262600303,,0.4985054228446691,0.08939213349225268,0.9836026981075948,0.9840663229512051,0.5233620881409071,9.399671530704069e-31,0,0.5332384182818545,0.8884361537207258,881,
42,nfunswv2,nfbotv2,mlp,0.0001,acq_uncertainty,210,0.5332647308845242,0.994059256391213,0.1721270806289677,0.5186540001318312,0.964243146603099,0.0040693436325218504,0.0039015614548341153,0.18192709464203946,0.7584740124348642,,,,3,1
42,nfunswv2,nfbotv2,mlp,0.0001,acq_hybrid,210,0.33235465695330113,0.6585006036857443,-0.03824134257638744,0.5263239390858329,0.7914183551847438,0.26524675447185114,0.21968190136737212,0.20610424037307723,0.06737264752133376,,,,25,1
42,nfunswv2,nfbotv2,mlp,0.001,acq_uncertainty,2100,0.5618151060665333,0.9748502175493805,0.25317562084084705,0.7644319488905251,0.14421930870083433,0.03278810078050351,0.030959419174934468,0.6561455928605414,0.003630920570420632,,,,82,1
42,nfunswv2,nfbotv2,mlp,0.001,acq_hybrid,2100,0.5945740934661126,0.9840854677177634,0.2893164844243464,0.6219828689393185,0.25148986889153757,0.019798357407551096,0.014509818299713758,0.33469048119996997,0.0001255070789040718,,,,57,2
42,nftonv2,nf2018v2,rf,0,zero_shot_2s,250001,0.5526769256971206,0.8048317482675872,0.10717532832324893,0.5454033503384739,0.1292691779811935,0.16045139874300626,0.10378131442676115,0.19635474459486194,0.19,1,,,,
42,nftonv2,nf2018v2,rf,0.0001,rethreshold_2s,217,0.5526769256971206,0.8048317482675872,0.18205274773174368,0.5454033503384739,0.1292691779811935,0.16045139874300626,0.10378131442676115,0.19635474459486194,0.19,1,0.2498261127145374,,185,
42,nftonv2,nf2018v2,rf,0.0001,selector,217,0.5526769256971206,0.8048317482675872,,0.5454033503384739,0.1292691779811935,0.16045139874300626,0.10378131442676115,0.19635474459486194,0.19,0,0.2498261127145374,0.8878696366260774,185,
42,nftonv2,nf2018v2,rf,0.001,rethreshold_2s,2102,0.5526769256971206,0.8048317482675872,0.19635474459486194,0.5454033503384739,0.1292691779811935,0.16045139874300626,0.10378131442676115,0.19635474459486194,0.19,1,0.1948964615049223,,1851,
42,nftonv2,nf2018v2,rf,0.001,selector,2102,0.5526769256971206,0.8048317482675872,,0.5454033503384739,0.1292691779811935,0.16045139874300626,0.10378131442676115,0.19635474459486194,0.19,0,0.1948964615049223,0.9703293357412658,1851,
42,nftonv2,nf2018v2,rf,0.01,rethreshold_2s,21001,0.5526769256971206,0.8048317482675872,0.19627076679992858,0.5454033503384739,0.1292691779811935,0.16045139874300626,0.10378131442676115,0.19635474459486194,0.19,1,0.19667093882136022,,18514,
42,nftonv2,nf2018v2,rf,0.01,selector,21001,0.5526769256971206,0.8048317482675872,,0.5454033503384739,0.1292691779811935,0.16045139874300626,0.10378131442676115,0.19635474459486194,0.19,0,0.19667093882136022,0.9735786548371087,18514,
42,nftonv2,nf2018v2,rf,0.05,rethreshold_2s,105000,0.5526769256971206,0.8048317482675872,0.19627076679992858,0.5454033503384739,0.1292691779811935,0.16045139874300626,0.10378131442676115,0.19635474459486194,0.19,1,0.19902357984716273,,92569,
42,nftonv2,nf2018v2,rf,0.05,selector,105000,0.5526769256971206,0.8048317482675872,,0.5454033503384739,0.1292691779811935,0.16045139874300626,0.10378131442676115,0.19635474459486194,0.19,0,0.19902357984716273,0.9745410559587144,92569,
42,nftonv2,nf2018v2,rf,0.1,rethreshold_2s,210000,0.5526769256971206,0.8048317482675872,0.19635474459486194,0.5454033503384739,0.1292691779811935,0.16045139874300626,0.10378131442676115,0.19635474459486194,0.19,1,0.19792983302696524,,185138,
42,nftonv2,nf2018v2,rf,0.1,selector,210000,0.5526769256971206,0.8048317482675872,,0.5454033503384739,0.1292691779811935,0.16045139874300626,0.10378131442676115,0.19635474459486194,0.19,0,0.19792983302696524,0.9758171489139021,185138,
42,nftonv2,nf2018v2,rf,0.0001,acq_uncertainty,210,0.46853899442765923,0.8261331950887618,0.0,0.5,0.0,0.11839440802795986,0.11839440802795986,0.0,inf,,,,210,0
42,nftonv2,nf2018v2,rf,0.0001,acq_hybrid,210,0.47632909945859253,0.8279882916659894,0.05426250034084341,0.8811296284248693,0.0009074307233357153,0.06513928791467156,0.0872871135644322,0.7766146358167573,0.21,,,,195,1
42,nftonv2,nf2018v2,rf,0.001,acq_uncertainty,2100,0.6663367377617908,0.8831761135424437,0.4495123287537766,0.8928688397511502,0.001956647497192636,0.059752459348814374,0.060258998705006464,0.7639307623932047,0.16666666666666666,,,,2047,1
42,nftonv2,nf2018v2,rf,0.001,acq_hybrid,2100,0.9579989606316557,0.9828663374106158,0.9178534100502647,0.9694163894532115,0.0023706627647145564,0.02022502226377757,0.04545512272438643,0.922025814845622,0.6366666666666667,,,,1848,1
42,nftonv2,nfunswv2,rf,0,zero_shot_2s,250001,0.51773304991163,0.9065168677252127,0.05143063693794361,0.4987104671390125,0.08722108479437961,0.11606648827777777,0.16923821666666666,0.2569718295639525,0.9233333333333333,-1,,,,
42,nftonv2,nfunswv2,rf,0.0001,rethreshold_2s,144,0.51773304991163,0.9065168677252127,0.24172838194004717,0.4987104671390125,0.08722108479437961,0.11606648827777777,0.16923821666666666,0.09949547229063845,0.7066666666666667,-1,0.30611483744878115,,134,
42,nftonv2,nfunswv2,rf,0.0001,selector,144,0.51773304991163,0.9065168677252127,,0.4987104671390125,0.08722108479437961,0.11606648827777777,0.16923821666666666,0.09949547229063845,0.7066666666666667,0,0.30611483744878115,0.9358576176957495,134,
42,nftonv2,nfunswv2,rf,0.001,rethreshold_2s,1392,0.51773304991163,0.9065168677252127,0.2541764142557255,0.4987104671390125,0.08722108479437961,0.11606648827777777,0.16923821666666666,0.09949547229063845,0.7066666666666667,-1,0.3012849152877177,,1338,
42,nftonv2,nfunswv2,rf,0.001,selector,1392,0.51773304991163,0.9065168677252127,,0.4987104671390125,0.08722108479437961,0.11606648827777777,0.16923821666666666,0.09949547229063845,0.7066666666666667,0,0.3012849152877177,0.9060216923915888,1338,
42,nftonv2,nfunswv2,rf,0.01,rethreshold_2s,13907,0.51773304991163,0.9065168677252127,0.2547484774883744,0.4987104671390125,0.08722108479437961,0.11606648827777777,0.16923821666666666,0.09949547229063845,0.7066666666666667,-1,0.25843596207789993,,13382,
42,nftonv2,nfunswv2,rf,0.01,selector,13907,0.51773304991163,0.9065168677252127,,0.4987104671390125,0.08722108479437961,0.11606648827777777,0.16923821666666666,0.09949547229063845,0.7066666666666667,0,0.25843596207789993,0.9381582452348606,13382,
42,nftonv2,nfunswv2,rf,0.05,rethreshold_2s,69537,0.51773304991163,0.9065168677252127,0.2569718295639525,0.4987104671390125,0.08722108479437961,0.11606648827777777,0.16923821666666666,0.09949547229063845,0.7066666666666667,-1,0.26022411518593064,,66908,
42,nftonv2,nfunswv2,rf,0.05,selector,69537,0.51773304991163,0.9065168677252127,,0.4987104671390125,0.08722108479437961,0.11606648827777777,0.16923821666666666,0.09949547229063845,0.7066666666666667,0,0.26022411518593064,0.9473607608291451,66908,
42,nftonv2,nfunswv2,rf,0.1,rethreshold_2s,139072,0.51773304991163,0.9065168677252127,0.2569718295639525,0.4987104671390125,0.08722108479437961,0.11606648827777777,0.16923821666666666,0.09949547229063845,0.7066666666666667,-1,0.25245449778655044,,133817,
42,nftonv2,nfunswv2,rf,0.1,selector,139072,0.51773304991163,0.9065168677252127,,0.4987104671390125,0.08722108479437961,0.11606648827777777,0.16923821666666666,0.09949547229063845,0.7066666666666667,0,0.25245449778655044,0.9494563386460267,133817,
42,nftonv2,nfunswv2,rf,0.0001,acq_uncertainty,139,0.8950283295463832,0.9851998385222477,0.7920690485526694,0.8518346446907368,0.004941748682719988,0.06768764194444447,0.21539554999999996,0.8045697627497524,0.37,,,,46,1
42,nftonv2,nfunswv2,rf,0.0001,acq_hybrid,139,0.9533447750048303,0.9929184570764381,0.9101448978784425,0.9438281124754129,0.0073944357260888995,0.015814020555555554,0.08439270000000006,0.9114731839890883,0.46,,,,52,1
42,nftonv2,nfunswv2,rf,0.001,acq_uncertainty,1391,0.9599091337075447,0.9939663399016145,0.9221128635741389,0.9472038738395228,0.0060797538998763265,0.010615273333333335,0.04852896666666666,0.9231849321626654,0.44333333333333336,,,,888,1
42,nftonv2,nfunswv2,rf,0.001,acq_hybrid,1391,0.9551151195665768,0.9932174575628254,0.913043378373744,0.9569294032906583,0.006838424044647218,0.01113782172222222,0.04435681666666667,0.9138711091282431,0.49333333333333335,,,,1150,1
42,nftonv2,nfbotv2,rf,0,zero_shot_2s,250001,0.030052449656155344,0.051616222914843975,-0.0022445515595424046,0.5129576164835208,0.03218116805721097,0.5077937100000001,0.6805636666666666,0.14458857669260214,0.016666666666666666,1,,,,
42,nftonv2,nfbotv2,rf,0.0001,rethreshold_2s,211,0.030052449656155344,0.051616222914843975,0.03447411115049411,0.5129576164835208,0.03218116805721097,0.5077937100000001,0.6805636666666666,0.14458857669260214,0.016666666666666666,1,0.3476108935769035,,1,
42,nftonv2,nfbotv2,rf,0.0001,selector,211,0.030052449656155344,0.051616222914843975,,0.5129576164835208,0.03218116805721097,0.5077937100000001,0.6805636666666666,0.14458857669260214,0.016666666666666666,1,0.3476108935769035,0.0,1,
42,nftonv2,nfbotv2,rf,0.001,rethreshold_2s,2101,0.030052449656155344,0.051616222914843975,0.03447411115049411,0.5129576164835208,0.03218116805721097,0.5077937100000001,0.6805636666666666,0.14458857669260214,0.016666666666666666,1,0.055027144230118466,,9,
42,nftonv2,nfbotv2,rf,0.001,selector,2101,0.030052449656155344,0.051616222914843975,,0.5129576164835208,0.03218116805721097,0.5077937100000001,0.6805636666666666,0.14458857669260214,0.016666666666666666,0,0.055027144230118466,0.6858893278688257,9,
42,nftonv2,nfbotv2,rf,0.01,rethreshold_2s,21000,0.030052449656155344,0.051616222914843975,0.13430235507265664,0.5129576164835208,0.03218116805721097,0.5077937100000001,0.6805636666666666,0.14458857669260214,0.016666666666666666,1,0.15044663595176572,,88,
42,nftonv2,nfbotv2,rf,0.01,selector,21000,0.030052449656155344,0.051616222914843975,,0.5129576164835208,0.03218116805721097,0.5077937100000001,0.6805636666666666,0.14458857669260214,0.016666666666666666,0,0.15044663595176572,0.918989628793936,88,
42,nftonv2,nfbotv2,rf,0.05,rethreshold_2s,105000,0.030052449656155344,0.051616222914843975,0.14308067699708485,0.5129576164835208,0.03218116805721097,0.5077937100000001,0.6805636666666666,0.14458857669260214,0.016666666666666666,1,0.13970781817435196,,440,
42,nftonv2,nfbotv2,rf,0.05,selector,105000,0.030052449656155344,0.051616222914843975,,0.5129576164835208,0.03218116805721097,0.5077937100000001,0.6805636666666666,0.14458857669260214,0.016666666666666666,0,0.13970781817435196,0.9541725696614097,440,
42,nftonv2,nfbotv2,rf,0.1,rethreshold_2s,210001,0.030052449656155344,0.051616222914843975,0.14308067699708485,0.5129576164835208,0.03218116805721097,0.5077937100000001,0.6805636666666666,0.14458857669260214,0.016666666666666666,1,0.16035483612248985,,881,
42,nftonv2,nfbotv2,rf,0.1,selector,210001,0.030052449656155344,0.051616222914843975,,0.5129576164835208,0.03218116805721097,0.5077937100000001,0.6805636666666666,0.14458857669260214,0.016666666666666666,0,0.16035483612248985,0.9688218499862037,881,
42,nftonv2,nfbotv2,rf,0.0001,acq_uncertainty,210,0.49894904562319464,0.9937119087536106,0.0,0.5,1.0,0.004195,0.004194999999999949,0.0,inf,,,,0,0
42,nftonv2,nfbotv2,rf,0.0001,acq_hybrid,210,0.49894904562319464,0.9937119087536106,0.0,0.5,1.0,0.004195,0.004194999999999949,0.0,inf,,,,0,0
42,nftonv2,nfbotv2,rf,0.001,acq_uncertainty,2100,0.5084041461336292,0.9938110695567581,0.09744506517761371,0.5366733299064691,0.9904648390941597,0.007875763,0.04757940000000001,0.257648338363292,0.8566666666666667,,,,3,1
42,nftonv2,nfbotv2,rf,0.001,acq_hybrid,2100,0.607988503718541,0.9946255272273232,0.2625457002445147,0.6553803589720162,0.8605482717520858,0.010241962888888888,0.059705333333333256,0.49003405764049807,0.7233333333333334,,,,5,1
42,nftonv2,nf2018v2,lgbm,0,zero_shot_2s,250001,0.512194194492717,0.7580293395427917,0.04537571089937606,0.5180626835605044,0.2143861798300836,0.231606770312999,0.198490509718318,0.4122182707384724,0.9993740701629191,-1,,,,
42,nftonv2,nf2018v2,lgbm,0.0001,rethreshold_2s,217,0.512194194492717,0.7580293395427917,0.35126359966695153,0.5180626835605044,0.2143861798300836,0.231606770312999,0.198490509718318,0.25763543518095944,0.9741304587164453,-1,0.523270039987992,,185,
42,nftonv2,nf2018v2,lgbm,0.0001,selector,217,0.512194194492717,0.7580293395427917,,0.5180626835605044,0.2143861798300836,0.231606770312999,0.198490509718318,0.25763543518095944,0.9741304587164453,0,0.523270039987992,0.8894090263647848,185,
42,nftonv2,nf2018v2,lgbm,0.001,rethreshold_2s,2102,0.512194194492717,0.7580293395427917,0.38918405791812527,0.5180626835605044,0.2143861798300836,0.231606770312999,0.198490509718318,0.25763543518095944,0.9741304587164453,-1,0.45220280182341116,,1851,
42,nftonv2,nf2018v2,lgbm,0.001,selector,2102,0.512194194492717,0.7580293395427917,,0.5180626835605044,0.2143861798300836,0.231606770312999,0.198490509718318,0.25763543518095944,0.9741304587164453,0,0.45220280182341116,0.9678892798366637,1851,
42,nftonv2,nf2018v2,lgbm,0.01,rethreshold_2s,21001,0.512194194492717,0.7580293395427917,0.4122182707384724,0.5180626835605044,0.2143861798300836,0.231606770312999,0.198490509718318,0.25763543518095944,0.9741304587164453,-1,0.4250773450646409,,18514,
42,nftonv2,nf2018v2,lgbm,0.01,selector,21001,0.512194194492717,0.7580293395427917,,0.5180626835605044,0.2143861798300836,0.231606770312999,0.198490509718318,0.25763543518095944,0.9741304587164453,0,0.4250773450646409,0.9717158536206957,18514,
42,nftonv2,nf2018v2,lgbm,0.05,rethreshold_2s,105000,0.512194194492717,0.7580293395427917,0.4122182707384724,0.5180626835605044,0.2143861798300836,0.231606770312999,0.198490509718318,0.25763543518095944,0.9741304587164453,-1,0.4156619367849852,,92569,
42,nftonv2,nf2018v2,lgbm,0.05,selector,105000,0.512194194492717,0.7580293395427917,,0.5180626835605044,0.2143861798300836,0.231606770312999,0.198490509718318,0.25763543518095944,0.9741304587164453,0,0.4156619367849852,0.9748192800028174,92569,
42,nftonv2,nf2018v2,lgbm,0.1,rethreshold_2s,210000,0.512194194492717,0.7580293395427917,0.4122182707384724,0.5180626835605044,0.2143861798300836,0.231606770312999,0.198490509718318,0.25763543518095944,0.9741304587164453,-1,0.4118967129649799,,185138,
42,nftonv2,nf2018v2,lgbm,0.1,selector,210000,0.512194194492717,0.7580293395427917,,0.5180626835605044,0.2143861798300836,0.231606770312999,0.198490509718318,0.25763543518095944,0.9741304587164453,0,0.4118967129649799,0.9753286031646131,185138,
42,nftonv2,nf2018v2,lgbm,0.0001,acq_uncertainty,210,0.4684939462938119,0.8162652352698359,-0.039423513297943635,0.5726068584308368,0.026513991447465433,0.12877093857157826,0.13305220871751128,0.36709860918063447,2.6609197706102544e-06,,,,209,0
42,nftonv2,nf2018v2,lgbm,0.0001,acq_hybrid,210,0.48711258056220424,0.8260854503085227,0.02563345021405983,0.5652575054381276,0.014479191479225507,0.12697656823079417,0.12720890849559952,0.24324503607126868,0.0005117791348470597,,,,206,0
42,nftonv2,nf2018v2,lgbm,0.001,acq_uncertainty,2100,0.48871260590504767,0.831616942558581,0.1189005102150782,0.7120462122549336,0.0005331155499597327,0.11596481046440973,0.11573841417319251,0.4458492395397869,1.7486579524828288e-05,,,,2076,1
42,nftonv2,nf2018v2,lgbm,0.001,acq_hybrid,2100,0.6632301926377764,0.8827078648164124,0.45573279614501,0.7819114972045085,0.00028924354306325925,0.09010479884640425,0.08993119013885624,0.4934164893732692,2.533076101066811e-05,,,,2057,2
42,nftonv2,nfunswv2,lgbm,0,zero_shot_2s,250001,0.37195037457944263,0.6746162894893755,-0.06338938169937774,0.4845886081454846,0.44713212292534893,0.31924476186031814,0.2683889959421322,0.21940339995643288,0.9995888515201456,-1,,,,
42,nftonv2,nfunswv2,lgbm,0.0001,rethreshold_2s,144,0.37195037457944263,0.6746162894893755,0.19159322624366257,0.4845886081454846,0.44713212292534893,0.31924476186031814,0.2683889959421322,0.06091169317302561,0.9133923514739994,-1,0.434433417644404,,134,
42,nftonv2,nfunswv2,lgbm,0.0001,selector,144,0.37195037457944263,0.6746162894893755,,0.4845886081454846,0.44713212292534893,0.31924476186031814,0.2683889959421322,0.06091169317302561,0.9133923514739994,0,0.434433417644404,0.8717152353914989,134,
42,nftonv2,nfunswv2,lgbm,0.001,rethreshold_2s,1392,0.37195037457944263,0.6746162894893755,0.21581234857811538,0.4845886081454846,0.44713212292534893,0.31924476186031814,0.2683889959421322,0.06091169317302561,0.9133923514739994,-1,0.2512382483600384,,1338,
42,nftonv2,nfunswv2,lgbm,0.001,selector,1392,0.37195037457944263,0.6746162894893755,,0.4845886081454846,0.44713212292534893,0.31924476186031814,0.2683889959421322,0.06091169317302561,0.9133923514739994,0,0.2512382483600384,0.848410526924862,1338,
42,nftonv2,nfunswv2,lgbm,0.01,rethreshold_2s,13907,0.37195037457944263,0.6746162894893755,0.2192701442225516,0.4845886081454846,0.44713212292534893,0.31924476186031814,0.2683889959421322,0.06091169317302561,0.9133923514739994,-1,0.2014960700950697,,13382,
42,nftonv2,nfunswv2,lgbm,0.01,selector,13907,0.37195037457944263,0.6746162894893755,,0.4845886081454846,0.44713212292534893,0.31924476186031814,0.2683889959421322,0.06091169317302561,0.9133923514739994,0,0.2014960700950697,0.9288510975947402,13382,
42,nftonv2,nfunswv2,lgbm,0.05,rethreshold_2s,69537,0.37195037457944263,0.6746162894893755,0.2192701442225516,0.4845886081454846,0.44713212292534893,0.31924476186031814,0.2683889959421322,0.06091169317302561,0.9133923514739994,-1,0.2150781495309491,,66908,
42,nftonv2,nfunswv2,lgbm,0.05,selector,69537,0.37195037457944263,0.6746162894893755,,0.4845886081454846,0.44713212292534893,0.31924476186031814,0.2683889959421322,0.06091169317302561,0.9133923514739994,0,0.2150781495309491,0.9413234193205957,66908,
42,nftonv2,nfunswv2,lgbm,0.1,rethreshold_2s,139072,0.37195037457944263,0.6746162894893755,0.2192701442225516,0.4845886081454846,0.44713212292534893,0.31924476186031814,0.2683889959421322,0.06091169317302561,0.9133923514739994,-1,0.20902509098105404,,133817,
42,nftonv2,nfunswv2,lgbm,0.1,selector,139072,0.37195037457944263,0.6746162894893755,,0.4845886081454846,0.44713212292534893,0.31924476186031814,0.2683889959421322,0.06091169317302561,0.9133923514739994,0,0.20902509098105404,0.9487979370298759,133817,
42,nftonv2,nfunswv2,lgbm,0.0001,acq_uncertainty,139,0.5202174311806249,0.9309552081319918,0.04046461739943008,0.5382885860814697,0.034628615375022084,0.06501687060095648,0.06691374489058567,0.18634666718000348,0.0002581506884033881,,,,135,0
42,nftonv2,nfunswv2,lgbm,0.0001,acq_hybrid,139,0.5759676221688883,0.8772386931239435,0.2869016532719931,0.7314690238438465,0.17116325957950967,0.1666716362319931,0.1686479786528272,0.5320499712740115,0.998116933362078,,,,128,0
42,nftonv2,nfunswv2,lgbm,0.001,acq_uncertainty,1391,0.5964369468477708,0.8888558096122348,0.32238320358386613,0.8654457052031337,0.15391650471310836,0.0806079890964255,0.106191250399808,0.8230759025860235,0.8577316183670265,,,,1363,0
42,nftonv2,nfunswv2,lgbm,0.001,acq_hybrid,1391,0.9011363636641356,0.9858823517924886,0.8029556772096329,0.8465733290642545,0.00571081156920007,0.013854391576675234,0.013852037576330578,0.8036374718937498,0.9997603622440357,,,,1359,0
42,nftonv2,nfbotv2,lgbm,0,zero_shot_2s,250001,0.03665090284912066,0.06475962250191433,-0.002057004151148303,0.5602470681504367,0.03933253873659118,0.8895908293475704,0.9194187440002074,0.2763598423212492,0.00017550940605912685,1,,,,
42,nftonv2,nfbotv2,lgbm,0.0001,rethreshold_2s,211,0.03665090284912066,0.06475962250191433,0.21443548583386446,0.5602470681504367,0.03933253873659118,0.8895908293475704,0.9194187440002074,0.2763598423212492,0.00017550940605912685,1,1.0,,1,
42,nftonv2,nfbotv2,lgbm,0.0001,selector,211,0.03665090284912066,0.06475962250191433,,0.5602470681504367,0.03933253873659118,0.8895908293475704,0.9194187440002074,0.2763598423212492,0.00017550940605912685,1,1.0,0.0,1,
42,nftonv2,nfbotv2,lgbm,0.001,rethreshold_2s,2101,0.03665090284912066,0.06475962250191433,0.21443548583386446,0.5602470681504367,0.03933253873659118,0.8895908293475704,0.9194187440002074,0.2763598423212492,0.00017550940605912685,1,0.33269780685756056,,9,
42,nftonv2,nfbotv2,lgbm,0.001,selector,2101,0.03665090284912066,0.06475962250191433,,0.5602470681504367,0.03933253873659118,0.8895908293475704,0.9194187440002074,0.2763598423212492,0.00017550940605912685,0,0.33269780685756056,0.6559047092369128,9,
42,nftonv2,nfbotv2,lgbm,0.01,rethreshold_2s,21000,0.03665090284912066,0.06475962250191433,0.2763598423212492,0.5602470681504367,0.03933253873659118,0.8895908293475704,0.9194187440002074,0.2763598423212492,0.00017550940605912685,1,0.2760661722784356,,88,
42,nftonv2,nfbotv2,lgbm,0.01,selector,21000,0.03665090284912066,0.06475962250191433,,0.5602470681504367,0.03933253873659118,0.8895908293475704,0.9194187440002074,0.2763598423212492,0.00017550940605912685,0,0.2760661722784356,0.8203495126676019,88,
42,nftonv2,nfbotv2,lgbm,0.05,rethreshold_2s,105000,0.03665090284912066,0.06475962250191433,0.2763598423212492,0.5602470681504367,0.03933253873659118,0.8895908293475704,0.9194187440002074,0.2763598423212492,0.00017550940605912685,1,0.29976199231747236,,440,
42,nftonv2,nfbotv2,lgbm,0.05,selector,105000,0.03665090284912066,0.06475962250191433,,0.5602470681504367,0.03933253873659118,0.8895908293475704,0.9194187440002074,0.2763598423212492,0.00017550940605912685,0,0.29976199231747236,0.5710284342936626,440,
42,nftonv2,nfbotv2,lgbm,0.1,rethreshold_2s,210001,0.03665090284912066,0.06475962250191433,0.2763598423212492,0.5602470681504367,0.03933253873659118,0.8895908293475704,0.9194187440002074,0.2763598423212492,0.00017550940605912685,1,0.29202883149876024,,881,
42,nftonv2,nfbotv2,lgbm,0.1,selector,210001,0.03665090284912066,0.06475962250191433,,0.5602470681504367,0.03933253873659118,0.8895908293475704,0.9194187440002074,0.2763598423212492,0.00017550940605912685,0,0.29202883149876024,0.5264728427456228,881,
42,nftonv2,nfbotv2,lgbm,0.0001,acq_uncertainty,210,0.5431882671323509,0.9933249058189991,0.0921247127870904,0.5094997243666759,0.933253873659118,0.010218204325392211,0.016282240769779393,0.0921247127870904,0.5624097040791018,,,,1,1
42,nftonv2,nfbotv2,lgbm,0.0001,acq_hybrid,210,0.5267728981640735,0.9928856045483714,0.055556078738301956,0.5056727093395558,0.9547079856972587,0.006278302972734479,0.006301160299877738,0.07852598700220326,0.996054697779711,,,,1,0
42,nftonv2,nfbotv2,lgbm,0.001,acq_uncertainty,2100,0.5194870626485758,0.9933359365338377,0.046452525887821776,0.5035977196152474,0.9725864123957092,0.00529362875654375,0.005287657674539473,0.10446395652948286,0.999972673961604,,,,4,0
42,nftonv2,nfbotv2,lgbm,0.001,acq_hybrid,2100,0.8414743925893196,0.997612829894703,0.7051083054000608,0.8141478868524556,0.45172824791418353,0.0020530073302853823,0.002753688416797662,0.741220621370968,0.9316059553599736,,,,9,1
42,nftonv2,nf2018v2,mlp,0,zero_shot_2s,250001,0.4657946317296745,0.6926401054341292,-0.007362079608113916,0.5483400920337267,0.32648223137214866,0.3116810930688463,0.28687181356506297,0.39945943134329553,0.9970384703583939,1,,,,
42,nftonv2,nf2018v2,mlp,0.0001,rethreshold_2s,217,0.4657946317296745,0.6926401054341292,0.2777687725073056,0.5483400920337267,0.32648223137214866,0.3116810930688463,0.28687181356506297,0.39945943134329553,0.9970384703583939,-1,0.3719472560604476,,185,
42,nftonv2,nf2018v2,mlp,0.0001,selector,217,0.4657946317296745,0.6926401054341292,,0.5483400920337267,0.32648223137214866,0.3116810930688463,0.28687181356506297,0.39945943134329553,0.9970384703583939,0,0.3719472560604476,0.7984251474971643,185,
42,nftonv2,nf2018v2,mlp,0.001,rethreshold_2s,2102,0.4657946317296745,0.6926401054341292,0.39853056364952427,0.5483400920337267,0.32648223137214866,0.3116810930688463,0.28687181356506297,0.39945943134329553,0.9970384703583939,1,0.404050553502564,,1851,
42,nftonv2,nf2018v2,mlp,0.001,selector,2102,0.4657946317296745,0.6926401054341292,,0.5483400920337267,0.32648223137214866,0.3116810930688463,0.28687181356506297,0.39945943134329553,0.9970384703583939,0,0.404050553502564,0.9283160441955144,1851,
42,nftonv2,nf2018v2,mlp,0.01,rethreshold_2s,21001,0.4657946317296745,0.6926401054341292,0.3983542202487165,0.5483400920337267,0.32648223137214866,0.3116810930688463,0.28687181356506297,0.39945943134329553,0.9970384703583939,1,0.41320973313011644,,18514,
42,nftonv2,nf2018v2,mlp,0.01,selector,21001,0.4657946317296745,0.6926401054341292,,0.5483400920337267,0.32648223137214866,0.3116810930688463,0.28687181356506297,0.39945943134329553,0.9970384703583939,0,0.41320973313011644,0.9383997410406345,18514,
42,nftonv2,nf2018v2,mlp,0.05,rethreshold_2s,105000,0.4657946317296745,0.6926401054341292,0.399184885032759,0.5483400920337267,0.32648223137214866,0.3116810930688463,0.28687181356506297,0.39945943134329553,0.9970384703583939,1,0.40206579630661865,,92569,
42,nftonv2,nf2018v2,mlp,0.05,selector,105000,0.4657946317296745,0.6926401054341292,,0.5483400920337267,0.32648223137214866,0.3116810930688463,0.28687181356506297,0.39945943134329553,0.9970384703583939,0,0.40206579630661865,0.9690198635218858,92569,
42,nftonv2,nf2018v2,mlp,0.1,rethreshold_2s,210000,0.4657946317296745,0.6926401054341292,0.3973662811438815,0.5483400920337267,0.32648223137214866,0.3116810930688463,0.28687181356506297,0.39945943134329553,0.9970384703583939,1,0.39915909527428567,,185138,
42,nftonv2,nf2018v2,mlp,0.1,selector,210000,0.4657946317296745,0.6926401054341292,,0.5483400920337267,0.32648223137214866,0.3116810930688463,0.28687181356506297,0.39945943134329553,0.9970384703583939,0,0.39915909527428567,0.9697814992506558,185138,
42,nftonv2,nf2018v2,mlp,0.0001,acq_uncertainty,210,0.5032852485309983,0.829272102316628,0.05873752156592162,0.4194663052600904,0.018568301176257074,0.1261559360041576,0.11787567954594609,0.1414868401885375,0.9863566801488596,,,,206,1
42,nftonv2,nf2018v2,mlp,0.0001,acq_hybrid,210,0.5156210343966349,0.8389334672924138,0.18275252005396628,0.4967341040862982,0.0014405462732954481,0.11340183645371661,0.11221240534706836,0.19852240628076337,0.957341615722074,,,,202,1
42,nftonv2,nf2018v2,mlp,0.001,acq_uncertainty,2100,0.5154598460103753,0.8389334903202541,0.1841706455929634,0.487170728987647,0.001310103106815939,0.11322896826537365,0.10726489192673139,0.19628759725715408,0.9363963058677715,,,,2037,1
42,nftonv2,nf2018v2,mlp,0.001,acq_hybrid,2100,0.5665192391746032,0.8536515523244783,0.2913820400334555,0.6091457516624643,0.0012930887807533944,0.10060160416537081,0.09485981357631434,0.39982429670402986,0.05096568970174175,,,,2007,1
42,nftonv2,nfunswv2,mlp,0,zero_shot_2s,250001,0.35674260211676884,0.6364463938812472,-0.044491631825068496,0.5004129421061153,0.4962430238721277,0.4902070122517752,0.4807217815204555,0.08843891252000081,2.6001062842962415e-05,1,,,,
42,nftonv2,nfunswv2,mlp,0.0001,rethreshold_2s,144,0.35674260211676884,0.6364463938812472,0.050991877111554944,0.5004129421061153,0.4962430238721277,0.4902070122517752,0.4807217815204555,0.08843891252000081,2.6001062842962415e-05,-1,0.13521679662509478,,134,
42,nftonv2,nfunswv2,mlp,0.0001,selector,144,0.35674260211676884,0.6364463938812472,,0.5004129421061153,0.4962430238721277,0.4902070122517752,0.4807217815204555,0.08843891252000081,2.6001062842962415e-05,0,0.13521679662509478,0.7908351786510934,134,
42,nftonv2,nfunswv2,mlp,0.001,rethreshold_2s,1392,0.35674260211676884,0.6364463938812472,0.06308027614782756,0.5004129421061153,0.4962430238721277,0.4902070122517752,0.4807217815204555,0.08843891252000081,2.6001062842962415e-05,1,0.0803052589042764,,1338,
42,nftonv2,nfunswv2,mlp,0.001,selector,1392,0.35674260211676884,0.6364463938812472,,0.5004129421061153,0.4962430238721277,0.4902070122517752,0.4807217815204555,0.08843891252000081,2.6001062842962415e-05,0,0.0803052589042764,0.7908960655068893,1338,
42,nftonv2,nfunswv2,mlp,0.01,rethreshold_2s,13907,0.35674260211676884,0.6364463938812472,0.0857155528339251,0.5004129421061153,0.4962430238721277,0.4902070122517752,0.4807217815204555,0.08843891252000081,2.6001062842962415e-05,1,0.09219548656039468,,13382,
42,nftonv2,nfunswv2,mlp,0.01,selector,13907,0.35674260211676884,0.6364463938812472,,0.5004129421061153,0.4962430238721277,0.4902070122517752,0.4807217815204555,0.08843891252000081,2.6001062842962415e-05,0,0.09219548656039468,0.7661062013611503,13382,
42,nftonv2,nfunswv2,mlp,0.05,rethreshold_2s,69537,0.35674260211676884,0.6364463938812472,0.08710786915917457,0.5004129421061153,0.4962430238721277,0.4902070122517752,0.4807217815204555,0.08843891252000081,2.6001062842962415e-05,1,0.08667866972005603,,66908,
42,nftonv2,nfunswv2,mlp,0.05,selector,69537,0.35674260211676884,0.6364463938812472,,0.5004129421061153,0.4962430238721277,0.4902070122517752,0.4807217815204555,0.08843891252000081,2.6001062842962415e-05,0,0.08667866972005603,0.9224710425152045,66908,
42,nftonv2,nfunswv2,mlp,0.1,rethreshold_2s,139072,0.35674260211676884,0.6364463938812472,0.08714556656199292,0.5004129421061153,0.4962430238721277,0.4902070122517752,0.4807217815204555,0.08843891252000081,2.6001062842962415e-05,1,0.08612489541410116,,133817,
42,nftonv2,nfunswv2,mlp,0.1,selector,139072,0.35674260211676884,0.6364463938812472,,0.5004129421061153,0.4962430238721277,0.4902070122517752,0.4807217815204555,0.08843891252000081,2.6001062842962415e-05,0,0.08612489541410116,0.9347929757005539,133817,
42,nftonv2,nfunswv2,mlp,0.0001,acq_uncertainty,139,0.5034907934830172,0.9448511803242142,0.10175915421403382,0.6685270650557911,0.00010912378794649816,0.03300725670566993,0.029690777477962105,0.48371801233483186,0.09675309081743777,,,,138,1
42,nftonv2,nfunswv2,mlp,0.0001,acq_hybrid,139,0.7557097340151242,0.9687920058053441,0.5472373292394007,0.7802275321995091,0.00397522370376529,0.024263444952794675,0.02299890646629986,0.7300608176999952,0.007655519725720293,,,,137,1
42,nftonv2,nfunswv2,mlp,0.001,acq_uncertainty,1391,0.7517119259409586,0.9656016125151883,0.5069096596613758,0.7384708750602815,0.01309485455357978,0.025386589682447912,0.01332904663424396,0.529669949122943,0.2575990591808565,,,,1376,1
42,nftonv2,nfunswv2,mlp,0.001,acq_hybrid,1391,0.8427631073832089,0.9786688220829315,0.6957155825468924,0.8215485622357723,0.004775464815372944,0.01702944964241795,0.009443146691503913,0.7468944050199847,0.19320553509803773,,,,1361,1
42,nftonv2,nfbotv2,mlp,0,zero_shot_2s,250001,0.05086857055386554,0.09691051971742629,-0.12847301414335055,0.5056537600892336,0.4970202622169249,0.9246581970888431,0.923963027029255,0.46950290271842504,1.4376371895163942e-06,-1,,,,
42,nftonv2,nfbotv2,mlp,0.0001,rethreshold_2s,211,0.05086857055386554,0.09691051971742629,0.07016806483794796,0.5056537600892336,0.4970202622169249,0.9246581970888431,0.923963027029255,0.1580180645625661,2.2022049797527146e-13,-1,0.10697631705977893,,1,
42,nftonv2,nfbotv2,mlp,0.0001,selector,211,0.05086857055386554,0.09691051971742629,,0.5056537600892336,0.4970202622169249,0.9246581970888431,0.923963027029255,0.1580180645625661,2.2022049797527146e-13,1,0.10697631705977893,0.0,1,
42,nftonv2,nfbotv2,mlp,0.001,rethreshold_2s,2101,0.05086857055386554,0.09691051971742629,0.19296321985079198,0.5056537600892336,0.4970202622169249,0.9246581970888431,0.923963027029255,0.1580180645625661,2.2022049797527146e-13,-1,0.212847985415997,,9,
42,nftonv2,nfbotv2,mlp,0.001,selector,2101,0.05086857055386554,0.09691051971742629,,0.5056537600892336,0.4970202622169249,0.9246581970888431,0.923963027029255,0.1580180645625661,2.2022049797527146e-13,1,0.212847985415997,0.13539994570016725,9,
42,nftonv2,nfbotv2,mlp,0.01,rethreshold_2s,21000,0.05086857055386554,0.09691051971742629,0.4664698034223938,0.5056537600892336,0.4970202622169249,0.9246581970888431,0.923963027029255,0.1580180645625661,2.2022049797527146e-13,-1,0.4263224074845049,,88,
42,nftonv2,nfbotv2,mlp,0.01,selector,21000,0.05086857055386554,0.09691051971742629,,0.5056537600892336,0.4970202622169249,0.9246581970888431,0.923963027029255,0.1580180645625661,2.2022049797527146e-13,0,0.4263224074845049,0.46507150337617276,88,
42,nftonv2,nfbotv2,mlp,0.05,rethreshold_2s,105000,0.05086857055386554,0.09691051971742629,0.4692369597185513,0.5056537600892336,0.4970202622169249,0.9246581970888431,0.923963027029255,0.1580180645625661,2.2022049797527146e-13,-1,0.4544963223149584,,440,
42,nftonv2,nfbotv2,mlp,0.05,selector,105000,0.05086857055386554,0.09691051971742629,,0.5056537600892336,0.4970202622169249,0.9246581970888431,0.923963027029255,0.1580180645625661,2.2022049797527146e-13,0,0.4544963223149584,0.8034093705210873,440,
42,nftonv2,nfbotv2,mlp,0.1,rethreshold_2s,210001,0.05086857055386554,0.09691051971742629,0.4689769943381813,0.5056537600892336,0.4970202622169249,0.9246581970888431,0.923963027029255,0.1580180645625661,2.2022049797527146e-13,-1,0.45110264253657384,,881,
42,nftonv2,nfbotv2,mlp,0.1,selector,210001,0.05086857055386554,0.09691051971742629,,0.5056537600892336,0.4970202622169249,0.9246581970888431,0.923963027029255,0.1580180645625661,2.2022049797527146e-13,0,0.45110264253657384,0.8884361537207258,881,
42,nftonv2,nfbotv2,mlp,0.0001,acq_uncertainty,210,0.6274647165243608,0.9950901800605191,0.3791575100104092,0.5865085401129753,0.8522050059594756,0.003621826783680279,0.0037228551020516,0.38544088337685445,0.6130810728044018,,,,1,0
42,nftonv2,nfbotv2,mlp,0.0001,acq_hybrid,210,0.6896353528811767,0.9954986959708207,0.40711255660607015,0.640013756842088,0.7199046483909416,0.0037434079796445133,0.004327784762142217,0.5042565571136514,0.3246535280800477,,,,2,1
42,nftonv2,nfbotv2,mlp,0.001,acq_uncertainty,2100,0.6346768111001467,0.9937977830623227,0.26948886310429376,0.6375612174853308,0.7187127532777116,0.005440060218594801,0.003733270168659445,0.5042565571136514,0.08098451865050761,,,,57,1
42,nftonv2,nfbotv2,mlp,0.001,acq_hybrid,2100,0.9032397927243017,0.9984690486843776,0.8123459038171327,0.8654632227577244,0.2789034564958284,0.001378124593302995,0.0012244467112448672,0.8191094920452481,0.6186456387437577,,,,44,4
42,nfbotv2,nf2018v2,rf,0,zero_shot_2s,250000,0.802884210656406,0.90585527772638,0.6383104878336704,0.788646158101048,0.10408230396660655,0.12634373583687641,0.18131899340503307,0.759382343103206,0.5966666666666667,1,,,,
42,nfbotv2,nf2018v2,rf,0.0001,rethreshold_2s,217,0.802884210656406,0.90585527772638,0.7361487333562381,0.788646158101048,0.10408230396660655,0.12634373583687641,0.18131899340503307,0.759382343103206,0.5966666666666667,1,0.7434121621621622,,185,
42,nfbotv2,nf2018v2,rf,0.0001,selector,217,0.802884210656406,0.90585527772638,,0.788646158101048,0.10408230396660655,0.12634373583687641,0.18131899340503307,0.759382343103206,0.5966666666666667,0,0.7434121621621622,0.8878696366260774,185,
42,nfbotv2,nf2018v2,rf,0.001,rethreshold_2s,2102,0.802884210656406,0.90585527772638,0.7579883908454679,0.788646158101048,0.10408230396660655,0.12634373583687641,0.18131899340503307,0.759382343103206,0.5966666666666667,1,0.7531270178259537,,1851,
42,nfbotv2,nf2018v2,rf,0.001,selector,2102,0.802884210656406,0.90585527772638,,0.788646158101048,0.10408230396660655,0.12634373583687641,0.18131899340503307,0.759382343103206,0.5966666666666667,0,0.7531270178259537,0.9703293357412658,1851,
42,nfbotv2,nf2018v2,rf,0.01,rethreshold_2s,21001,0.802884210656406,0.90585527772638,0.759382343103206,0.788646158101048,0.10408230396660655,0.12634373583687641,0.18131899340503307,0.759382343103206,0.5966666666666667,1,0.7677719023990078,,18514,
42,nfbotv2,nf2018v2,rf,0.01,selector,21001,0.802884210656406,0.90585527772638,,0.788646158101048,0.10408230396660655,0.12634373583687641,0.18131899340503307,0.759382343103206,0.5966666666666667,0,0.7677719023990078,0.9735786548371087,18514,
42,nfbotv2,nf2018v2,rf,0.05,rethreshold_2s,105000,0.802884210656406,0.90585527772638,0.759382343103206,0.788646158101048,0.10408230396660655,0.12634373583687641,0.18131899340503307,0.759382343103206,0.5966666666666667,1,0.761388079961831,,92569,
42,nfbotv2,nf2018v2,rf,0.05,selector,105000,0.802884210656406,0.90585527772638,,0.788646158101048,0.10408230396660655,0.12634373583687641,0.18131899340503307,0.759382343103206,0.5966666666666667,0,0.761388079961831,0.9745410559587144,92569,
42,nfbotv2,nf2018v2,rf,0.1,rethreshold_2s,210000,0.802884210656406,0.90585527772638,0.759382343103206,0.788646158101048,0.10408230396660655,0.12634373583687641,0.18131899340503307,0.759382343103206,0.5966666666666667,1,0.7606838383439731,,185138,
42,nfbotv2,nf2018v2,rf,0.1,selector,210000,0.802884210656406,0.90585527772638,,0.788646158101048,0.10408230396660655,0.12634373583687641,0.18131899340503307,0.759382343103206,0.5966666666666667,0,0.7606838383439731,0.9758171489139021,185138,
42,nfbotv2,nf2018v2,rf,0.0001,acq_uncertainty,210,0.5568175720653044,0.8512691037805391,0.2887097891681339,0.943207042978885,0.0,0.05776004831086956,0.07302006823299205,0.8909689269096366,0.18666666666666668,,,,82,1
42,nfbotv2,nf2018v2,rf,0.0001,acq_hybrid,210,0.6005154314610248,0.8639110520403487,0.35872307396943026,0.9631296071368762,0.00036864373135513437,0.050178021943223614,0.06177204113979429,0.9091012579099977,0.23666666666666666,,,,133,1
42,nfbotv2,nf2018v2,rf,0.001,acq_uncertainty,2100,0.7812580526598086,0.9199388164393373,0.6297815527921926,0.9705040442935724,0.00018148614466714306,0.04198033182056312,0.04530769012821603,0.9124937287093488,0.21,,,,1166,1
42,nfbotv2,nf2018v2,rf,0.001,acq_hybrid,2100,0.7623758972803123,0.9138284955915614,0.6025368173073963,0.9410626761045562,5.6714420208482205e-06,0.05214091129544353,0.043233850497414184,0.821538726777333,0.17,,,,1798,1
42,nfbotv2,nfunswv2,rf,0,zero_shot_2s,250000,0.15616457688846214,0.2488394081899041,-0.10443466113473544,0.4879410851941501,0.8509265129233743,0.32205341933333337,0.45906136666666664,0.14849054589436467,0.8366666666666667,-1,,,,
42,nfbotv2,nfunswv2,rf,0.0001,rethreshold_2s,144,0.15616457688846214,0.2488394081899041,-0.06897725898185902,0.4879410851941501,0.8509265129233743,0.32205341933333337,0.45906136666666664,0.046615171633340564,0.7566666666666667,1,0.08551861104941366,,134,
42,nfbotv2,nfunswv2,rf,0.0001,selector,144,0.15616457688846214,0.2488394081899041,,0.4879410851941501,0.8509265129233743,0.32205341933333337,0.45906136666666664,0.046615171633340564,0.7566666666666667,0,0.08551861104941366,0.9358576176957495,134,
42,nfbotv2,nfunswv2,rf,0.001,rethreshold_2s,1392,0.15616457688846214,0.2488394081899041,0.14327777416200171,0.4879410851941501,0.8509265129233743,0.32205341933333337,0.45906136666666664,0.046615171633340564,0.7566666666666667,-1,0.13346506792033797,,1338,
42,nfbotv2,nfunswv2,rf,0.001,selector,1392,0.15616457688846214,0.2488394081899041,,0.4879410851941501,0.8509265129233743,0.32205341933333337,0.45906136666666664,0.046615171633340564,0.7566666666666667,0,0.13346506792033797,0.9060216923915888,1338,
42,nfbotv2,nfunswv2,rf,0.01,rethreshold_2s,13907,0.15616457688846214,0.2488394081899041,0.14327777416200171,0.4879410851941501,0.8509265129233743,0.32205341933333337,0.45906136666666664,0.046615171633340564,0.7566666666666667,-1,0.1354317007330562,,13382,
42,nfbotv2,nfunswv2,rf,0.01,selector,13907,0.15616457688846214,0.2488394081899041,,0.4879410851941501,0.8509265129233743,0.32205341933333337,0.45906136666666664,0.046615171633340564,0.7566666666666667,0,0.1354317007330562,0.9381582452348606,13382,
42,nfbotv2,nfunswv2,rf,0.05,rethreshold_2s,69537,0.15616457688846214,0.2488394081899041,0.14849054589436467,0.4879410851941501,0.8509265129233743,0.32205341933333337,0.45906136666666664,0.046615171633340564,0.7566666666666667,-1,0.14834888658415746,,66908,
42,nfbotv2,nfunswv2,rf,0.05,selector,69537,0.15616457688846214,0.2488394081899041,,0.4879410851941501,0.8509265129233743,0.32205341933333337,0.45906136666666664,0.046615171633340564,0.7566666666666667,0,0.14834888658415746,0.9473607608291451,66908,
42,nfbotv2,nfunswv2,rf,0.1,rethreshold_2s,139072,0.15616457688846214,0.2488394081899041,0.14849054589436467,0.4879410851941501,0.8509265129233743,0.32205341933333337,0.45906136666666664,0.046615171633340564,0.7566666666666667,-1,0.15017390482273896,,133817,
42,nfbotv2,nfunswv2,rf,0.1,selector,139072,0.15616457688846214,0.2488394081899041,,0.4879410851941501,0.8509265129233743,0.32205341933333337,0.45906136666666664,0.046615171633340564,0.7566666666666667,0,0.15017390482273896,0.9494563386460267,133817,
42,nfbotv2,nfunswv2,rf,0.0001,acq_uncertainty,139,0.8839081404008065,0.9833545651766793,0.7682088969261129,0.904861733575645,0.007363257500961329,0.05768342627777778,0.2068026166666666,0.8495552317141654,0.35,,,,106,1
42,nfbotv2,nfunswv2,rf,0.0001,acq_hybrid,139,0.8931831573074891,0.9848236603130016,0.7874750933452956,0.9229172857775505,0.005804346244582783,0.019212659277777776,0.08989101666666663,0.8754775880266029,0.19,,,,82,1
42,nfbotv2,nfunswv2,rf,0.001,acq_uncertainty,1391,0.901838130525556,0.9861477154266872,0.8056000933444816,0.9181671908092208,0.004541628126916161,0.012634531666666669,0.035907033333333255,0.8377656977443166,0.12333333333333334,,,,1197,1
42,nfbotv2,nfunswv2,rf,0.001,acq_hybrid,1391,0.9555248877014584,0.9934179306303077,0.9116651222679314,0.9457880735582844,0.0049105704575924175,0.008059412055555557,0.03218848333333352,0.9274833269661018,0.41333333333333333,,,,1190,1
42,nfbotv2,nftonv2,rf,0,zero_shot_2s,250000,0.4564150912654485,0.5843086282767956,-0.08164093111742547,0.4077864882718271,0.8482537133681253,0.33761607658038295,0.36711425223792776,0.6275547794198014,0.08666666666666667,-1,,,,
42,nfbotv2,nftonv2,rf,0.0001,rethreshold_2s,213,0.4564150912654485,0.5843086282767956,0.6275547794198014,0.4077864882718271,0.8482537133681253,0.33761607658038295,0.36711425223792776,0.058100392198516405,0.06333333333333334,-1,0.6660278314692459,,58,
42,nfbotv2,nftonv2,rf,0.0001,selector,213,0.4564150912654485,0.5843086282767956,,0.4077864882718271,0.8482537133681253,0.33761607658038295,0.36711425223792776,0.058100392198516405,0.06333333333333334,0,0.6660278314692459,0.8317509721471161,58,
42,nfbotv2,nftonv2,rf,0.001,rethreshold_2s,2100,0.4564150912654485,0.5843086282767956,0.6275547794198014,0.4077864882718271,0.8482537133681253,0.33761607658038295,0.36711425223792776,0.058100392198516405,0.06333333333333334,-1,0.6175799117687552,,575,
42,nfbotv2,nftonv2,rf,0.001,selector,2100,0.4564150912654485,0.5843086282767956,,0.4077864882718271,0.8482537133681253,0.33761607658038295,0.36711425223792776,0.058100392198516405,0.06333333333333334,0,0.6175799117687552,0.9291181068479295,575,
42,nfbotv2,nftonv2,rf,0.01,rethreshold_2s,21000,0.4564150912654485,0.5843086282767956,0.6275547794198014,0.4077864882718271,0.8482537133681253,0.33761607658038295,0.36711425223792776,0.058100392198516405,0.06333333333333334,-1,0.6245981589503938,,5754,
42,nfbotv2,nftonv2,rf,0.01,selector,21000,0.4564150912654485,0.5843086282767956,,0.4077864882718271,0.8482537133681253,0.33761607658038295,0.36711425223792776,0.058100392198516405,0.06333333333333334,0,0.6245981589503938,0.9605987403572599,5754,
42,nfbotv2,nftonv2,rf,0.05,rethreshold_2s,105000,0.4564150912654485,0.5843086282767956,0.6275547794198014,0.4077864882718271,0.8482537133681253,0.33761607658038295,0.36711425223792776,0.058100392198516405,0.06333333333333334,-1,0.6272556350849773,,28771,
42,nfbotv2,nftonv2,rf,0.05,selector,105000,0.4564150912654485,0.5843086282767956,,0.4077864882718271,0.8482537133681253,0.33761607658038295,0.36711425223792776,0.058100392198516405,0.06333333333333334,0,0.6272556350849773,0.976413349956983,28771,
42,nfbotv2,nftonv2,rf,0.1,rethreshold_2s,210000,0.4564150912654485,0.5843086282767956,0.6275547794198014,0.4077864882718271,0.8482537133681253,0.33761607658038295,0.36711425223792776,0.058100392198516405,0.06333333333333334,-1,0.6284839717720847,,57542,
42,nfbotv2,nftonv2,rf,0.1,selector,210000,0.4564150912654485,0.5843086282767956,,0.4077864882718271,0.8482537133681253,0.33761607658038295,0.36711425223792776,0.058100392198516405,0.06333333333333334,0,0.6284839717720847,0.9800184788845696,57542,
42,nfbotv2,nftonv2,rf,0.0001,acq_uncertainty,210,0.5152616436853497,0.5218694526601089,0.25393972843076273,0.7493614945200031,0.11401043757527098,0.3665729808649043,0.3403214016070081,0.45172195141350074,0.03333333333333333,,,,164,1
42,nfbotv2,nftonv2,rf,0.0001,acq_hybrid,210,0.4941390551418442,0.48592177713942114,0.29790205685079935,0.6706424101962947,0.03154994343272143,0.34296687600104675,0.28308159874132705,0.4320105252339016,0.29,,,,166,1
42,nfbotv2,nftonv2,rf,0.001,acq_uncertainty,2100,0.5846322700669113,0.5984516426871963,0.36665536548743477,0.7956753077407064,0.06341009452209774,0.28872073627034794,0.18954218104423862,0.5343771244749222,0.07,,,,1663,1
42,nfbotv2,nftonv2,rf,0.001,acq_hybrid,2100,0.8139400141884738,0.8411360147144779,0.6614708004160916,0.9233082652081777,0.06937703003540016,0.13978916205692138,0.10590346285064763,0.7290513744729747,0.4066666666666667,,,,1253,1
42,nfbotv2,nf2018v2,lgbm,0,zero_shot_2s,250000,0.5152985563100678,0.6431585214133649,0.3123679164107677,0.5733873995937241,0.47888522135638206,0.42679762510279096,0.4267990204877607,0.31237136464223697,1.0,1,,,,
42,nfbotv2,nf2018v2,lgbm,0.0001,rethreshold_2s,217,0.5152985563100678,0.6431585214133649,0.31237136464223697,0.5733873995937241,0.47888522135638206,0.42679762510279096,0.4267990204877607,0.31237136464223697,1.0,1,0.3880796029063948,,185,
42,nfbotv2,nf2018v2,lgbm,0.0001,selector,217,0.5152985563100678,0.6431585214133649,,0.5733873995937241,0.47888522135638206,0.42679762510279096,0.4267990204877607,0.31237136464223697,1.0,0,0.3880796029063948,0.8894090263647848,185,
42,nfbotv2,nf2018v2,lgbm,0.001,rethreshold_2s,2102,0.5152985563100678,0.6431585214133649,0.31237136464223697,0.5733873995937241,0.47888522135638206,0.42679762510279096,0.4267990204877607,0.31237136464223697,1.0,1,0.33156703048318764,,1851,
42,nfbotv2,nf2018v2,lgbm,0.001,selector,2102,0.5152985563100678,0.6431585214133649,,0.5733873995937241,0.47888522135638206,0.42679762510279096,0.4267990204877607,0.31237136464223697,1.0,0,0.33156703048318764,0.9678892798366637,1851,
42,nfbotv2,nf2018v2,lgbm,0.01,rethreshold_2s,21001,0.5152985563100678,0.6431585214133649,0.31237136464223697,0.5733873995937241,0.47888522135638206,0.42679762510279096,0.4267990204877607,0.31237136464223697,1.0,1,0.318251731848242,,18514,
42,nfbotv2,nf2018v2,lgbm,0.01,selector,21001,0.5152985563100678,0.6431585214133649,,0.5733873995937241,0.47888522135638206,0.42679762510279096,0.4267990204877607,0.31237136464223697,1.0,0,0.318251731848242,0.9717158536206957,18514,
42,nfbotv2,nf2018v2,lgbm,0.05,rethreshold_2s,105000,0.5152985563100678,0.6431585214133649,0.31237136464223697,0.5733873995937241,0.47888522135638206,0.42679762510279096,0.4267990204877607,0.31237136464223697,1.0,1,0.3136266833412224,,92569,
42,nfbotv2,nf2018v2,lgbm,0.05,selector,105000,0.5152985563100678,0.6431585214133649,,0.5733873995937241,0.47888522135638206,0.42679762510279096,0.4267990204877607,0.31237136464223697,1.0,0,0.3136266833412224,0.9748192800028174,92569,
42,nfbotv2,nf2018v2,lgbm,0.1,rethreshold_2s,210000,0.5152985563100678,0.6431585214133649,0.31237136464223697,0.5733873995937241,0.47888522135638206,0.42679762510279096,0.4267990204877607,0.31237136464223697,1.0,1,0.31335334622762295,,185138,
42,nfbotv2,nf2018v2,lgbm,0.1,selector,210000,0.5152985563100678,0.6431585214133649,,0.5733873995937241,0.47888522135638206,0.42679762510279096,0.4267990204877607,0.31237136464223697,1.0,0,0.31335334622762295,0.9753286031646131,185138,
42,nfbotv2,nf2018v2,lgbm,0.0001,acq_uncertainty,210,0.4684155623522825,0.8258514174894095,-0.008306942591082648,0.5133358516682431,0.00066923015846009,0.11882181460527015,0.11860262362720116,0.16431111039360474,4.792280922989366e-10,,,,207,0
42,nfbotv2,nf2018v2,lgbm,0.0001,acq_hybrid,210,0.4685248715829642,0.8261082935310464,-0.0025913328531570897,0.6064860000305583,5.6714420208482206e-05,0.11841596979352961,0.11839155768302927,0.4727873105860274,4.636934261641568e-06,,,,209,0
42,nfbotv2,nf2018v2,lgbm,0.001,acq_uncertainty,2100,0.774641373216457,0.910833322572399,0.5568367654030283,0.8042208509853483,0.03144247456358254,0.057226905794809976,0.059717296233805874,0.8169872518736205,0.0033479343799805057,,,,2078,1
42,nfbotv2,nf2018v2,lgbm,0.001,acq_hybrid,2100,0.47878690724272166,0.8277792521250668,0.03845954600314355,0.7264512853183807,0.003368836560383843,0.11928768392927691,0.11895817824368327,0.6082711375866083,8.730477000362662e-05,,,,2077,1
42,nfbotv2,nfunswv2,lgbm,0,zero_shot_2s,250000,0.1550757995259674,0.23613080219718122,-0.03370102648575854,0.49789023568151863,0.8607632429511229,0.8358249738539749,0.8358249869220943,0.03370102648575854,0.9997766091638176,-1,,,,
42,nfbotv2,nfunswv2,lgbm,0.0001,rethreshold_2s,144,0.1550757995259674,0.23613080219718122,-0.03357754400876582,0.49789023568151863,0.8607632429511229,0.8358249738539749,0.8358249869220943,0.0,inf,1,0.03547556600608477,,134,
42,nfbotv2,nfunswv2,lgbm,0.0001,selector,144,0.1550757995259674,0.23613080219718122,,0.49789023568151863,0.8607632429511229,0.8358249738539749,0.8358249869220943,0.0,inf,0,0.03547556600608477,0.8717152353914989,134,
42,nfbotv2,nfunswv2,lgbm,0.001,rethreshold_2s,1392,0.1550757995259674,0.23613080219718122,0.03212253192793884,0.49789023568151863,0.8607632429511229,0.8358249738539749,0.8358249869220943,0.0,inf,-1,0.038822466854384556,,1338,
42,nfbotv2,nfunswv2,lgbm,0.001,selector,1392,0.1550757995259674,0.23613080219718122,,0.49789023568151863,0.8607632429511229,0.8358249738539749,0.8358249869220943,0.0,inf,0,0.038822466854384556,0.848410526924862,1338,
42,nfbotv2,nfunswv2,lgbm,0.01,rethreshold_2s,13907,0.1550757995259674,0.23613080219718122,0.033629148060536546,0.49789023568151863,0.8607632429511229,0.8358249738539749,0.8358249869220943,0.0,inf,-1,0.035628343157027745,,13382,
42,nfbotv2,nfunswv2,lgbm,0.01,selector,13907,0.1550757995259674,0.23613080219718122,,0.49789023568151863,0.8607632429511229,0.8358249738539749,0.8358249869220943,0.0,inf,0,0.035628343157027745,0.9288510975947402,13382,
42,nfbotv2,nfunswv2,lgbm,0.05,rethreshold_2s,69537,0.1550757995259674,0.23613080219718122,0.033629148060536546,0.49789023568151863,0.8607632429511229,0.8358249738539749,0.8358249869220943,0.0,inf,-1,0.030691015014670392,,66908,
42,nfbotv2,nfunswv2,lgbm,0.05,selector,69537,0.1550757995259674,0.23613080219718122,,0.49789023568151863,0.8607632429511229,0.8358249738539749,0.8358249869220943,0.0,inf,0,0.030691015014670392,0.9413234193205957,66908,
42,nfbotv2,nfunswv2,lgbm,0.1,rethreshold_2s,139072,0.1550757995259674,0.23613080219718122,0.03370102648575854,0.49789023568151863,0.8607632429511229,0.8358249738539749,0.8358249869220943,0.0,inf,-1,0.031862955667523896,,133817,
42,nfbotv2,nfunswv2,lgbm,0.1,selector,139072,0.1550757995259674,0.23613080219718122,,0.49789023568151863,0.8607632429511229,0.8358249738539749,0.8358249869220943,0.0,inf,0,0.031862955667523896,0.9487979370298759,133817,
42,nfbotv2,nfunswv2,lgbm,0.0001,acq_uncertainty,139,0.9348829284352954,0.9902688294198017,0.8711639746646798,0.9238736121980688,0.007436006692925661,0.009904947650253808,0.009779894302479454,0.8713163164874879,0.001117820975742631,,,,134,0
42,nfbotv2,nfunswv2,lgbm,0.0001,acq_hybrid,139,0.9353328239224428,0.9904018199163804,0.8714632386028532,0.9318245771212543,0.006760478481828291,0.009788035294613704,0.009781170733139555,0.8936820696335204,0.00012204723886836196,,,,119,0
42,nfbotv2,nfunswv2,lgbm,0.001,acq_uncertainty,1391,0.852349905871812,0.9783622148457183,0.7047942155456707,0.8606029319295976,0.011946456594714251,0.047210724326446206,0.09626597003576229,0.7875977954258018,0.5925779340192734,,,,1328,1
42,nfbotv2,nfunswv2,lgbm,0.001,acq_hybrid,1391,0.9583536553512548,0.99377843945849,0.9181390027628542,0.9644593077517917,0.0055341349601438355,0.005894950315724489,0.0054061225677366175,0.9230671279322317,0.3601577239701659,,,,1250,0
42,nfbotv2,nftonv2,lgbm,0,zero_shot_2s,250000,0.49159331028095704,0.5756250001629333,-0.008312575303766032,0.49816074319977915,0.6461990438305172,0.4404172645347281,0.44041817337927247,0.009185353884909854,2.220446049250313e-16,-1,,,,
42,nfbotv2,nftonv2,lgbm,0.0001,rethreshold_2s,213,0.49159331028095704,0.5756250001629333,-0.009185353884909854,0.49816074319977915,0.6461990438305172,0.4404172645347281,0.44041817337927247,0.0,inf,1,0.00671840887595231,,58,
42,nfbotv2,nftonv2,lgbm,0.0001,selector,213,0.49159331028095704,0.5756250001629333,,0.49816074319977915,0.6461990438305172,0.4404172645347281,0.44041817337927247,0.0,inf,0,0.00671840887595231,0.8436747689238814,58,
42,nfbotv2,nftonv2,lgbm,0.001,rethreshold_2s,2100,0.49159331028095704,0.5756250001629333,0.00813405212250093,0.49816074319977915,0.6461990438305172,0.4404172645347281,0.44041817337927247,0.0,inf,-1,0.012926949774850371,,575,
42,nfbotv2,nftonv2,lgbm,0.001,selector,2100,0.49159331028095704,0.5756250001629333,,0.49816074319977915,0.6461990438305172,0.4404172645347281,0.44041817337927247,0.0,inf,0,0.012926949774850371,0.9289197669682926,575,
42,nfbotv2,nftonv2,lgbm,0.01,rethreshold_2s,21000,0.49159331028095704,0.5756250001629333,0.009185353884909854,0.49816074319977915,0.6461990438305172,0.4404172645347281,0.44041817337927247,0.0,inf,-1,0.013285293707033753,,5754,
42,nfbotv2,nftonv2,lgbm,0.01,selector,21000,0.49159331028095704,0.5756250001629333,,0.49816074319977915,0.6461990438305172,0.4404172645347281,0.44041817337927247,0.0,inf,0,0.013285293707033753,0.9655493210946151,5754,
42,nfbotv2,nftonv2,lgbm,0.05,rethreshold_2s,105000,0.49159331028095704,0.5756250001629333,0.009185353884909854,0.49816074319977915,0.6461990438305172,0.4404172645347281,0.44041817337927247,0.0,inf,-1,0.01204105221138491,,28771,
42,nfbotv2,nftonv2,lgbm,0.05,selector,105000,0.49159331028095704,0.5756250001629333,,0.49816074319977915,0.6461990438305172,0.4404172645347281,0.44041817337927247,0.0,inf,0,0.01204105221138491,0.9766571986917038,28771,
42,nfbotv2,nftonv2,lgbm,0.1,rethreshold_2s,210000,0.49159331028095704,0.5756250001629333,0.009185353884909854,0.49816074319977915,0.6461990438305172,0.4404172645347281,0.44041817337927247,0.0,inf,-1,0.012289420439082101,,57542,
42,nfbotv2,nftonv2,lgbm,0.1,selector,210000,0.49159331028095704,0.5756250001629333,,0.49816074319977915,0.6461990438305172,0.4404172645347281,0.44041817337927247,0.0,inf,0,0.012289420439082101,0.9798412917889757,57542,
42,nfbotv2,nftonv2,lgbm,0.0001,acq_uncertainty,210,0.9267098153959928,0.9416882461824789,0.8534197403497379,0.9328042318544376,0.1067479289077041,0.0567288985107886,0.054862644113525934,0.8570267090384309,0.07587548535897885,,,,25,1
42,nfbotv2,nftonv2,lgbm,0.0001,acq_hybrid,210,0.7545032034868279,0.7889467041902871,0.5459366896323976,0.8041842976936245,0.146491003977957,0.21826110256835596,0.21484016409688841,0.608708982542322,0.00044302482924059566,,,,77,1
42,nfbotv2,nftonv2,lgbm,0.001,acq_uncertainty,2100,0.7106846679073091,0.7386728701096692,0.5143472775306572,0.8919477984157071,0.06955950512755009,0.2672683368440271,0.2616559933575803,0.6872342876813283,8.353789820632532e-06,,,,517,1
42,nfbotv2,nftonv2,lgbm,0.001,acq_hybrid,2100,0.729359172900544,0.7628765909532735,0.513513173447606,0.9160014682479639,0.13202072917046823,0.23468610584651578,0.23289972780583118,0.7564134485002669,0.00010681874146349456,,,,616,1
42,nfbotv2,nf2018v2,mlp,0,zero_shot_2s,250000,0.621492185705228,0.7845851405899086,0.3409010870101897,0.7097363608774543,0.25890699969374215,0.20758844649919936,0.19742045010747938,0.561227118132872,0.9981380012450497,1,,,,
42,nfbotv2,nf2018v2,mlp,0.0001,rethreshold_2s,217,0.621492185705228,0.7845851405899086,0.5442323022916508,0.7097363608774543,0.25890699969374215,0.20758844649919936,0.19742045010747938,0.561227118132872,0.9981380012450497,1,0.727030129095126,,185,
42,nfbotv2,nf2018v2,mlp,0.0001,selector,217,0.621492185705228,0.7845851405899086,,0.7097363608774543,0.25890699969374215,0.20758844649919936,0.19742045010747938,0.561227118132872,0.9981380012450497,0,0.727030129095126,0.7984251474971643,185,
42,nfbotv2,nf2018v2,mlp,0.001,rethreshold_2s,2102,0.621492185705228,0.7845851405899086,0.5608485111161038,0.7097363608774543,0.25890699969374215,0.20758844649919936,0.19742045010747938,0.561227118132872,0.9981380012450497,1,0.6002879001660243,,1851,
42,nfbotv2,nf2018v2,mlp,0.001,selector,2102,0.621492185705228,0.7845851405899086,,0.7097363608774543,0.25890699969374215,0.20758844649919936,0.19742045010747938,0.561227118132872,0.9981380012450497,0,0.6002879001660243,0.9283160441955144,1851,
42,nfbotv2,nf2018v2,mlp,0.01,rethreshold_2s,21001,0.621492185705228,0.7845851405899086,0.5609695129536018,0.7097363608774543,0.25890699969374215,0.20758844649919936,0.19742045010747938,0.561227118132872,0.9981380012450497,1,0.5734020209893675,,18514,
42,nfbotv2,nf2018v2,mlp,0.01,selector,21001,0.621492185705228,0.7845851405899086,,0.7097363608774543,0.25890699969374215,0.20758844649919936,0.19742045010747938,0.561227118132872,0.9981380012450497,0,0.5734020209893675,0.9383997410406345,18514,
42,nfbotv2,nf2018v2,mlp,0.05,rethreshold_2s,105000,0.621492185705228,0.7845851405899086,0.5611916548526216,0.7097363608774543,0.25890699969374215,0.20758844649919936,0.19742045010747938,0.561227118132872,0.9981380012450497,1,0.5657617037546759,,92569,
42,nfbotv2,nf2018v2,mlp,0.05,selector,105000,0.621492185705228,0.7845851405899086,,0.7097363608774543,0.25890699969374215,0.20758844649919936,0.19742045010747938,0.561227118132872,0.9981380012450497,0,0.5657617037546759,0.9690198635218858,92569,
42,nfbotv2,nf2018v2,mlp,0.1,rethreshold_2s,210000,0.621492185705228,0.7845851405899086,0.5611916548526216,0.7097363608774543,0.25890699969374215,0.20758844649919936,0.19742045010747938,0.561227118132872,0.9981380012450497,1,0.5604555839526817,,185138,
42,nfbotv2,nf2018v2,mlp,0.1,selector,210000,0.621492185705228,0.7845851405899086,,0.7097363608774543,0.25890699969374215,0.20758844649919936,0.19742045010747938,0.561227118132872,0.9981380012450497,0,0.5604555839526817,0.9697814992506558,185138,
42,nfbotv2,nf2018v2,mlp,0.0001,acq_uncertainty,210,0.9544094730800629,0.9813081159198757,0.9099304215544205,0.9334598814101729,0.004820725717720987,0.02074049704923447,0.025037174494229885,0.9124874056662482,0.5951275598917152,,,,131,0
42,nfbotv2,nf2018v2,mlp,0.0001,acq_hybrid,210,0.741241381242278,0.9064931341803953,0.5611435135472047,0.9343879258678214,0.0022799196923809846,0.03926730110817212,0.049076470661024635,0.9079013643699978,0.1742597596963898,,,,160,1
42,nfbotv2,nf2018v2,mlp,0.001,acq_uncertainty,2100,0.7226932023209863,0.9002486377482414,0.5270209471581451,0.9229627761989287,0.0036353943353637096,0.06532177980353777,0.07022068620031237,0.9043800554588903,0.06992357979648123,,,,1352,2
42,nfbotv2,nf2018v2,mlp,0.001,acq_hybrid,2100,0.7459443615245118,0.9074887901831189,0.5597775105069757,0.9137509976117018,0.004412381892219916,0.0466484187008458,0.052927480446350435,0.8870978430312831,0.17582109207374613,,,,1621,2
42,nfbotv2,nfunswv2,mlp,0,zero_shot_2s,250000,0.3392449503822177,0.5742041727384767,0.046178545362704736,0.501142850152098,0.5730245996196257,0.5379890001580967,0.525905740096084,0.0970193405820909,1.1087799567377488e-09,-1,,,,
42,nfbotv2,nfunswv2,mlp,0.0001,rethreshold_2s,144,0.3392449503822177,0.5742041727384767,0.09086309442352912,0.501142850152098,0.5730245996196257,0.5379890001580967,0.525905740096084,0.059726071539042566,0.959130899186672,-1,0.22759574777964303,,134,
42,nfbotv2,nfunswv2,mlp,0.0001,selector,144,0.3392449503822177,0.5742041727384767,,0.501142850152098,0.5730245996196257,0.5379890001580967,0.525905740096084,0.059726071539042566,0.959130899186672,0,0.22759574777964303,0.7908351786510934,134,
42,nfbotv2,nfunswv2,mlp,0.001,rethreshold_2s,1392,0.3392449503822177,0.5742041727384767,0.09537008321431399,0.501142850152098,0.5730245996196257,0.5379890001580967,0.525905740096084,0.059726071539042566,0.959130899186672,-1,0.10518151426122994,,1338,
42,nfbotv2,nfunswv2,mlp,0.001,selector,1392,0.3392449503822177,0.5742041727384767,,0.501142850152098,0.5730245996196257,0.5379890001580967,0.525905740096084,0.059726071539042566,0.959130899186672,0,0.10518151426122994,0.7908960655068893,1338,
42,nfbotv2,nfunswv2,mlp,0.01,rethreshold_2s,13907,0.3392449503822177,0.5742041727384767,0.09181563944555547,0.501142850152098,0.5730245996196257,0.5379890001580967,0.525905740096084,0.059726071539042566,0.959130899186672,-1,0.10130638119509763,,13382,
42,nfbotv2,nfunswv2,mlp,0.01,selector,13907,0.3392449503822177,0.5742041727384767,,0.501142850152098,0.5730245996196257,0.5379890001580967,0.525905740096084,0.059726071539042566,0.959130899186672,0,0.10130638119509763,0.7661062013611503,13382,
42,nfbotv2,nfunswv2,mlp,0.05,rethreshold_2s,69537,0.3392449503822177,0.5742041727384767,0.09599656775769212,0.501142850152098,0.5730245996196257,0.5379890001580967,0.525905740096084,0.059726071539042566,0.959130899186672,-1,0.09685658077158288,,66908,
42,nfbotv2,nfunswv2,mlp,0.05,selector,69537,0.3392449503822177,0.5742041727384767,,0.501142850152098,0.5730245996196257,0.5379890001580967,0.525905740096084,0.059726071539042566,0.959130899186672,0,0.09685658077158288,0.9224710425152045,66908,
42,nfbotv2,nfunswv2,mlp,0.1,rethreshold_2s,139072,0.3392449503822177,0.5742041727384767,0.09656467300125895,0.501142850152098,0.5730245996196257,0.5379890001580967,0.525905740096084,0.059726071539042566,0.959130899186672,-1,0.0979582757655307,,133817,
42,nfbotv2,nfunswv2,mlp,0.1,selector,139072,0.3392449503822177,0.5742041727384767,,0.501142850152098,0.5730245996196257,0.5379890001580967,0.525905740096084,0.059726071539042566,0.959130899186672,0,0.0979582757655307,0.9347929757005539,133817,
42,nfbotv2,nfunswv2,mlp,0.0001,acq_uncertainty,139,0.7679107633552252,0.9693669806752562,0.553619509275329,0.7426024278661687,0.0067033184024277446,0.024378877823765365,0.023432075801978064,0.675601146847643,0.028510901938450465,,,,137,0
42,nfbotv2,nfunswv2,mlp,0.0001,acq_hybrid,139,0.6874619140561886,0.9455134263194511,0.3971769880359188,0.7357576174799654,0.04908491909250579,0.061260665524138794,0.0695318609937835,0.6164973739564975,0.9554002131928634,,,,133,1
42,nfbotv2,nfunswv2,mlp,0.001,acq_uncertainty,1391,0.8466331561600431,0.9785338788800225,0.6960585222166928,0.8203882665712612,0.007633468785400276,0.018183618114972495,0.015687606664541536,0.7286334696150237,0.04079377999922556,,,,1362,3
42,nfbotv2,nfunswv2,mlp,0.001,acq_hybrid,1391,0.822286416482009,0.972943680444434,0.6474689680723892,0.7893900505753016,0.01850427661321333,0.02220471956349506,0.02073758805405798,0.7123092381247699,0.6362654849527982,,,,1350,1
42,nfbotv2,nftonv2,mlp,0,zero_shot_2s,250000,0.2619149287455506,0.2648305869427609,-0.34810198092748296,0.4356673872454617,0.5379183241487537,0.5743896445349268,0.5937231444764832,0.36479758246446164,0.4202489127957635,-1,,,,
42,nfbotv2,nftonv2,mlp,0.0001,rethreshold_2s,213,0.2619149287455506,0.2648305869427609,0.3499611048013869,0.4356673872454617,0.5379183241487537,0.5743896445349268,0.5937231444764832,0.10718030657041332,9.346588589839505e-29,-1,0.36616600945502314,,58,
42,nfbotv2,nftonv2,mlp,0.0001,selector,213,0.2619149287455506,0.2648305869427609,,0.4356673872454617,0.5379183241487537,0.5743896445349268,0.5937231444764832,0.10718030657041332,9.346588589839505e-29,0,0.36616600945502314,0.6409580430424441,58,
42,nfbotv2,nftonv2,mlp,0.001,rethreshold_2s,2100,0.2619149287455506,0.2648305869427609,0.36151722569926453,0.4356673872454617,0.5379183241487537,0.5743896445349268,0.5937231444764832,0.10718030657041332,9.346588589839505e-29,-1,0.36751775086188726,,575,
42,nfbotv2,nftonv2,mlp,0.001,selector,2100,0.2619149287455506,0.2648305869427609,,0.4356673872454617,0.5379183241487537,0.5743896445349268,0.5937231444764832,0.10718030657041332,9.346588589839505e-29,0,0.36751775086188726,0.8965124836895993,575,
42,nfbotv2,nftonv2,mlp,0.01,rethreshold_2s,21000,0.2619149287455506,0.2648305869427609,0.3646148456419511,0.4356673872454617,0.5379183241487537,0.5743896445349268,0.5937231444764832,0.10718030657041332,9.346588589839505e-29,-1,0.362936614768523,,5754,
42,nfbotv2,nftonv2,mlp,0.01,selector,21000,0.2619149287455506,0.2648305869427609,,0.4356673872454617,0.5379183241487537,0.5743896445349268,0.5937231444764832,0.10718030657041332,9.346588589839505e-29,0,0.362936614768523,0.9213493458190616,5754,
42,nfbotv2,nftonv2,mlp,0.05,rethreshold_2s,105000,0.2619149287455506,0.2648305869427609,0.36466323273700374,0.4356673872454617,0.5379183241487537,0.5743896445349268,0.5937231444764832,0.10718030657041332,9.346588589839505e-29,-1,0.36406639732241425,,28771,
42,nfbotv2,nftonv2,mlp,0.05,selector,105000,0.2619149287455506,0.2648305869427609,,0.4356673872454617,0.5379183241487537,0.5743896445349268,0.5937231444764832,0.10718030657041332,9.346588589839505e-29,0,0.36406639732241425,0.9467083542416327,28771,
42,nfbotv2,nftonv2,mlp,0.1,rethreshold_2s,210000,0.2619149287455506,0.2648305869427609,0.3646611843020298,0.4356673872454617,0.5379183241487537,0.5743896445349268,0.5937231444764832,0.10718030657041332,9.346588589839505e-29,-1,0.36420596887290974,,57542,
42,nfbotv2,nftonv2,mlp,0.1,selector,210000,0.2619149287455506,0.2648305869427609,,0.4356673872454617,0.5379183241487537,0.5743896445349268,0.5937231444764832,0.10718030657041332,9.346588589839505e-29,0,0.36420596887290974,0.9503915586738002,57542,
42,nfbotv2,nftonv2,mlp,0.0001,acq_uncertainty,210,0.7831481740233703,0.8366748064898422,0.5928979591975749,0.7797364877461452,0.4494726469836867,0.1340403294028067,0.11040849224930721,0.6279126628042305,0.08411617975536952,,,,38,1
42,nfbotv2,nftonv2,mlp,0.0001,acq_hybrid,210,0.7113691553540455,0.7734645405473002,0.423985543790272,0.7029579453591279,0.451169665340681,0.1737777135214673,0.1103954413156456,0.4327836254773502,0.5652427256920687,,,,40,1
42,nfbotv2,nftonv2,mlp,0.001,acq_uncertainty,2100,0.7442250126288157,0.8003790125131385,0.4911285172181748,0.7590609204000525,0.41821466369840515,0.17680957938597758,0.15880582803117185,0.5104677039153512,0.9975060058803288,,,,388,3
42,nfbotv2,nftonv2,mlp,0.001,acq_hybrid,2100,0.7537007973196084,0.7968698748436565,0.5156422957250959,0.7384832523498717,0.2647166161818912,0.18347750909670732,0.16553512814743251,0.5572419487463147,0.9098532815067958,,,,403,2
43,any,nf2018v2,rf,0.0001,acq_uniform,210,0.9692649988373461,0.987409830772197,0.9397860383626733,0.9735252442564251,0.0011513027302321888,0.012395399800778775,0.017582745419606242,0.9433228992795589,0.5833333333333334,,,,186,1
43,any,nf2018v2,lgbm,0.0001,acq_uniform,210,0.9676442637107325,0.9867365352142972,0.9364470575049384,0.9727807154848517,0.0017468041424212521,0.012343591814753849,0.012712010656699264,0.94256238579767,0.8034244003684552,,,,186,0
43,any,nf2018v2,mlp,0.0001,acq_uniform,210,0.9470412247512323,0.9785084630313544,0.8968598344399447,0.9202384774352901,0.0031419788795499144,0.020104462257965527,0.01778546435588618,0.8976382618398256,0.5753931441196175,,,,186,1
43,any,nf2018v2,rf,0.0001,acq_diversity,210,0.9413185151440359,0.9761390684473183,0.8850020079941775,0.9685592718943274,0.0050702691666383096,0.01917973837908588,0.014955308556790392,0.926994000956646,0.47333333333333333,,,,186,1
43,any,nf2018v2,lgbm,0.0001,acq_diversity,210,0.9707427162674591,0.987914451852853,0.9418704563180395,0.9727042423128993,0.003487936842821656,0.011642824653842703,0.011693169769364384,0.9450830136689795,0.9307013720179026,,,,186,0
43,any,nf2018v2,mlp,0.0001,acq_diversity,210,0.963122456966053,0.9847635923508143,0.9266104642730406,0.9618840426833153,0.005319812615555631,0.013938083386227831,0.011298997254602443,0.9376886930584561,0.8680279495492945,,,,186,1
43,any,nf2018v2,rf,0.001,acq_uniform,2100,0.978670174452821,0.9912092986242376,0.9579204397444118,0.9815303980016538,0.00092444504939826,0.0082439237803811,0.008466657666711647,0.9600995632213063,0.5933333333333334,,,,1855,1
43,any,nf2018v2,lgbm,0.001,acq_uniform,2100,0.9809465610068313,0.9921172960440527,0.9621783322810783,0.9821640129904514,0.0016106895339208947,0.007372358732525129,0.006911171628180326,0.9639436038216136,0.9737496081498669,,,,1855,1
43,any,nf2018v2,mlp,0.001,acq_uniform,2100,0.9724745159303185,0.9886185815675035,0.9452659792293902,0.9693506888239327,0.0034028652125089325,0.010711417113512695,0.007275387014085502,0.94994208160615,0.865307784371243,,,,1855,4
43,any,nf2018v2,rf,0.001,acq_diversity,2100,0.984684054674257,0.9936675296275215,0.969696521678494,0.9821384585505559,0.0005444584340014292,0.007331520731285232,0.010912195439022684,0.9703637795602889,0.6,,,,1861,1
43,any,nf2018v2,lgbm,0.001,acq_diversity,2100,0.9813108018982726,0.9922484468489327,0.9627697950497519,0.9821680597474396,0.0023252912285477707,0.007413867556219763,0.007069455142048476,0.9668658311274498,0.9894554905995737,,,,1861,1
43,any,nf2018v2,mlp,0.001,acq_diversity,2100,0.9820192822232485,0.9925736540499474,0.9644419687649349,0.9787375237966944,0.0008280305350438403,0.007481933758018864,0.006216331839352227,0.9647627496687635,0.5713719558979296,,,,1861,3
43,any,nfunswv2,rf,0.0001,acq_uniform,139,0.9259674894741097,0.9887164705135459,0.8558220909117739,0.8646764049405655,0.010044584861932427,0.009520461555555552,0.01183266666666686,0.8731952082519339,0.3566666666666667,,,,134,1
43,any,nfunswv2,lgbm,0.0001,acq_uniform,139,0.902649951539707,0.98517516960646,0.808868499289367,0.8370318342247831,0.011889296515313705,0.01438367290190867,0.01365253240688912,0.8394678090368641,0.002752014453016041,,,,134,0
43,any,nfunswv2,mlp,0.0001,acq_uniform,139,0.8376916487791406,0.9774001554248868,0.6789619834693579,0.8383898527484251,0.0077270034607829895,0.019019853013150508,0.01824682597448359,0.8001463643576191,0.01036187618357142,,,,134,0
43,any,nfunswv2,rf,0.0001,acq_diversity,139,0.854355676075208,0.9801708168193184,0.7180336475446524,0.9362020332856829,0.0043649515178599265,0.010375276444444442,0.007223800000000036,0.8916457020906151,0.17,,,,129,1
43,any,nfunswv2,lgbm,0.0001,acq_diversity,139,0.8034701281203254,0.9742929394310361,0.6317366546156217,0.8877566766476808,0.0036062813730890347,0.021992878197187843,0.02171173964216632,0.7939377107040001,0.00036364721156296765,,,,129,1
43,any,nfunswv2,mlp,0.0001,acq_diversity,139,0.8550127538903145,0.9804686919147639,0.7231496986013826,0.8890440350552412,0.0032944991218133257,0.016030499395585283,0.014234098933337557,0.7914276674621757,0.016333180183829538,,,,129,1
43,any,nfunswv2,rf,0.001,acq_uniform,1391,0.9589178515122291,0.9938293050001029,0.9198800967242865,0.9608209259217079,0.005981022853639019,0.005202335944444444,0.002856783333333308,0.928715360989249,0.5433333333333333,,,,1334,1
43,any,nfunswv2,lgbm,0.001,acq_uniform,1391,0.9576101056816378,0.9936994929134089,0.9161708309984421,0.9619347711252004,0.005134014404340009,0.005954901257378283,0.0056770035867078315,0.9228761405826701,0.06280765903887292,,,,1334,1
43,any,nfunswv2,mlp,0.001,acq_uniform,1391,0.9312288999479472,0.9897707650734215,0.8634192479277915,0.9174122397937381,0.0072853119381424015,0.009080061206581905,0.006587879199024987,0.865208646188597,0.30883812048267767,,,,1334,1
43,any,nfunswv2,rf,0.001,acq_diversity,1391,0.9628388049940104,0.9945549702868459,0.9257936496638617,0.9782532495827232,0.003455586618305775,0.004316103999999999,0.0027450999999997405,0.934939607457079,0.28,,,,1287,1
43,any,nfunswv2,lgbm,0.001,acq_diversity,1391,0.9591235931637063,0.9940548110641381,0.9182471885120231,0.973663183385737,0.0030866442876295195,0.005383654887638395,0.004914757770191692,0.9301886509840305,0.0021634933952892114,,,,1287,1
43,any,nfunswv2,mlp,0.001,acq_diversity,1391,0.93906748663609,0.991186231351357,0.8781991198748488,0.946908367980317,0.004105132975130169,0.0070290768113887465,0.002535101426521304,0.896211432464454,0.24892138073917727,,,,1287,1
43,any,nftonv2,rf,0.0001,acq_uniform,210,0.9316681087676604,0.9463426249217456,0.8649787643395038,0.9750179614558805,0.1388088025984453,0.043897498209713275,0.024932841330873336,0.8730955667984319,0.59,,,,54,1
43,any,nftonv2,lgbm,0.0001,acq_uniform,210,0.9242566561874508,0.9403329781158993,0.8494414814870916,0.9510587449987611,0.13988540564212984,0.0565345816259532,0.05442431445368046,0.8504860820110544,0.5742534218641998,,,,54,1
43,any,nftonv2,mlp,0.0001,acq_uniform,210,0.8578462868228613,0.8892860167814374,0.7196811534911668,0.8854850297914345,0.26544651655049084,0.08689778454181878,0.059762588286967636,0.7366534409044315,0.27951424222013316,,,,54,1
43,any,nftonv2,rf,0.0001,acq_diversity,210,0.9464770253993805,0.9579686131077932,0.894612813691487,0.9825495758909838,0.11769643443669939,0.03644845368671287,0.04132783997253318,0.9032015035664268,0.59,,,,59,1
43,any,nftonv2,lgbm,0.0001,acq_diversity,210,0.9345630256364463,0.9485771033331665,0.8705889509702146,0.9662268435323892,0.13247691690084304,0.04329436618627511,0.03655209402886695,0.8860930222702245,0.9300935997325077,,,,59,1
43,any,nftonv2,mlp,0.0001,acq_diversity,210,0.8432874502176622,0.8787021734063979,0.693206049513429,0.8868168471161915,0.3020875150541951,0.0970852910772063,0.050711073707344734,0.7137290700272627,0.5783887737166156,,,,59,1
43,any,nftonv2,rf,0.001,acq_uniform,2100,0.9685311457190984,0.9749847446018205,0.9370717426265164,0.9939372881395222,0.04881208715010401,0.019391999182218133,0.010374818540759268,0.9389207353189434,0.43333333333333335,,,,548,1
43,any,nftonv2,lgbm,0.001,acq_uniform,2100,0.9667402901346862,0.973619257175038,0.9335777579287461,0.9918709980281125,0.05824604941425495,0.023768878567638402,0.02168493503358975,0.9338120185011861,0.6071919778479732,,,,548,1
43,any,nftonv2,mlp,0.001,acq_uniform,2100,0.9557966114515647,0.9648407170901506,0.9115947116564076,0.9743990262706435,0.06541732053574686,0.029074134852475057,0.013509607277741925,0.9118135884988189,0.4785763459229869,,,,548,4
43,any,nftonv2,rf,0.001,acq_diversity,2100,0.9736988252805501,0.9791131480783665,0.9474350942091148,0.9936636236527567,0.04439618992007591,0.017094064192543185,0.010038133524000828,0.9478898931459697,0.51,,,,607,1
43,any,nftonv2,lgbm,0.001,acq_diversity,2100,0.973116340522586,0.97864145966496,0.9462556863258453,0.9925217940723245,0.043903507171271124,0.01958958529782404,0.01812393950012677,0.9465748817059391,0.25177253427149476,,,,607,1
43,any,nftonv2,mlp,0.001,acq_diversity,2100,0.9659040875920126,0.9728845745340089,0.9318111505779055,0.977521318628874,0.05125725338491296,0.02407485173349467,0.00781429193457973,0.9318731355764532,0.4926595051828662,,,,607,3
43,any,nfbotv2,rf,0.0001,acq_uniform,210,0.602479327883161,0.9948160716893909,0.3359155421171718,0.8215736570579026,0.8843861740166865,0.0026741983888888894,0.002423850000000212,0.7187531787009561,0.72,,,,1,1
43,any,nfbotv2,lgbm,0.0001,acq_uniform,210,0.750021895582166,0.9950979125863366,0.5180327179316029,0.7262816587316911,0.3218116805721097,0.00546941416478469,0.005517987994614115,0.5964284152753223,0.011301667364567945,,,,1,0
43,any,nfbotv2,mlp,0.0001,acq_uniform,210,0.5959631315450187,0.9947290930127537,0.31345498624539786,0.5671643488464758,0.8915375446960667,0.0037502950516388315,0.002876663260348731,0.3196244305131655,0.9855394501964131,,,,1,0
43,any,nfbotv2,rf,0.0001,acq_diversity,210,0.8679632150798684,0.9979842187852167,0.7528355172045553,0.93573446463261,0.3909415971394517,0.0013862339999999999,0.002007166666666726,0.8322823614904478,0.79,,,,7,1
43,any,nfbotv2,lgbm,0.0001,acq_diversity,210,0.8206406372420575,0.9965183217598764,0.6618153435290783,0.8958458809669265,0.14779499404052443,0.002804964528763984,0.0031453352582984538,0.8008317654883815,0.019774839632067408,,,,7,1
43,any,nfbotv2,mlp,0.0001,acq_diversity,210,0.8085890567752994,0.9969857090461949,0.6225846584896899,0.8067915158688161,0.45292014302741357,0.002528634616062659,0.0020467476957907018,0.670150801444462,0.07869341485126145,,,,7,1
43,any,nfbotv2,rf,0.001,acq_uniform,2100,0.9151415336270652,0.9986459996428314,0.8344710518913527,0.9319072480057122,0.24433849821215733,0.0012249097777777775,0.0009715333333332535,0.8703121555692626,0.68,,,,9,1
43,any,nfbotv2,lgbm,0.001,acq_uniform,2100,0.8533016398085822,0.9975443638948,0.7066078184263294,0.9021828319329199,0.2896305125148987,0.002402922343781528,0.0023905150057144707,0.8052554633264672,0.9999278778857789,,,,9,0
43,any,nfbotv2,mlp,0.001,acq_uniform,2100,0.8302538502139969,0.9974615382984142,0.6857096616645321,0.8198150334393549,0.47794994040524436,0.002032217618045757,0.0009736091132093847,0.7307520953189406,0.9500146080135398,,,,9,1
43,any,nfbotv2,rf,0.001,acq_diversity,2100,0.9069845253032204,0.9985278371058134,0.8198148275057814,0.9559602510207259,0.27175208581644816,0.000933012,0.0004105333333333771,0.9072337004772383,0.73,,,,21,1
43,any,nfbotv2,lgbm,0.001,acq_diversity,2100,0.905852369846023,0.9985033833552731,0.8165541366040928,0.9552431608201547,0.266984505363528,0.0014141905958989995,0.0014174510496107367,0.8977959705300345,0.9999571180917949,,,,21,1
43,any,nfbotv2,mlp,0.001,acq_diversity,2100,0.8422620518233968,0.9975769844914548,0.6978392772962544,0.8514786155814831,0.42550655542312277,0.0018423321422174923,0.0011021685019504122,0.7808196910278205,0.8167763584013862,,,,21,2
43,nf2018v2,nfunswv2,rf,0,zero_shot_2s,249999,0.4906029280850481,0.9436386521172078,0.002087413968596855,0.47848284434650956,0.00013510564221947392,0.05860858133333333,0.14794373333333333,0.32898514356361125,0.9233333333333333,-1,,,,
43,nf2018v2,nfunswv2,rf,0.0001,rethreshold_2s,144,0.4906029280850481,0.9436386521172078,0.3047749715684082,0.47848284434650956,0.00013510564221947392,0.05860858133333333,0.14794373333333333,0.040521272573147055,0.23333333333333334,-1,0.3328214853224097,,134,
43,nf2018v2,nfunswv2,rf,0.0001,selector,144,0.4906029280850481,0.9436386521172078,,0.47848284434650956,0.00013510564221947392,0.05860858133333333,0.14794373333333333,0.040521272573147055,0.23333333333333334,0,0.3328214853224097,0.7159003795039401,134,
43,nf2018v2,nfunswv2,rf,0.001,rethreshold_2s,1392,0.4906029280850481,0.9436386521172078,0.32898514356361125,0.47848284434650956,0.00013510564221947392,0.05860858133333333,0.14794373333333333,0.040521272573147055,0.23333333333333334,-1,0.34324947579014237,,1338,
43,nf2018v2,nfunswv2,rf,0.001,selector,1392,0.4906029280850481,0.9436386521172078,,0.47848284434650956,0.00013510564221947392,0.05860858133333333,0.14794373333333333,0.040521272573147055,0.23333333333333334,0,0.34324947579014237,0.9564183055663992,1338,
43,nf2018v2,nfunswv2,rf,0.01,rethreshold_2s,13907,0.4906029280850481,0.9436386521172078,0.32898514356361125,0.47848284434650956,0.00013510564221947392,0.05860858133333333,0.14794373333333333,0.040521272573147055,0.23333333333333334,-1,0.34628822996322534,,13382,
43,nf2018v2,nfunswv2,rf,0.01,selector,13907,0.4906029280850481,0.9436386521172078,,0.47848284434650956,0.00013510564221947392,0.05860858133333333,0.14794373333333333,0.040521272573147055,0.23333333333333334,0,0.34628822996322534,0.9401333938732249,13382,
43,nf2018v2,nfunswv2,rf,0.05,rethreshold_2s,69537,0.4906029280850481,0.9436386521172078,0.32898514356361125,0.47848284434650956,0.00013510564221947392,0.05860858133333333,0.14794373333333333,0.040521272573147055,0.23333333333333334,-1,0.34079279518881,,66908,
43,nf2018v2,nfunswv2,rf,0.05,selector,69537,0.4906029280850481,0.9436386521172078,,0.47848284434650956,0.00013510564221947392,0.05860858133333333,0.14794373333333333,0.040521272573147055,0.23333333333333334,0,0.34079279518881,0.9454109534401223,66908,
43,nf2018v2,nfunswv2,rf,0.1,rethreshold_2s,139072,0.4906029280850481,0.9436386521172078,0.32898514356361125,0.47848284434650956,0.00013510564221947392,0.05860858133333333,0.14794373333333333,0.040521272573147055,0.23333333333333334,-1,0.3298873879267977,,133817,
43,nf2018v2,nfunswv2,rf,0.1,selector,139072,0.4906029280850481,0.9436386521172078,,0.47848284434650956,0.00013510564221947392,0.05860858133333333,0.14794373333333333,0.040521272573147055,0.23333333333333334,0,0.3298873879267977,0.9480552484545295,133817,
43,nf2018v2,nfunswv2,rf,0.0001,acq_uncertainty,139,0.930133881000504,0.9893243574786171,0.8645997742444824,0.8949825763588675,0.009945853815695118,0.07530664688888888,0.24231413333333332,0.8873121005499125,0.41,,,,114,1
43,nf2018v2,nfunswv2,rf,0.0001,acq_hybrid,139,0.8732905099604747,0.9815826996604157,0.746581819404155,0.8817167586442893,0.009509358663909126,0.05866574700000001,0.20060913333333336,0.8452459246476368,0.42,,,,118,1
43,nf2018v2,nfunswv2,rf,0.001,acq_uncertainty,1391,0.8864419289649101,0.9838559063847165,0.773916415606228,0.8314486515158823,0.006349965184315274,0.04858905483333334,0.14774695000000002,0.777451761004307,0.4066666666666667,,,,1350,1
43,nf2018v2,nfunswv2,rf,0.001,acq_hybrid,1391,0.9013226678269903,0.9858560486843004,0.8030732232000125,0.9513115519443001,0.006053772045603351,0.02326624961111112,0.09690711666666665,0.8945167208087179,0.34,,,,1340,1
43,nf2018v2,nftonv2,rf,0,zero_shot_2s,249999,0.2825510692632926,0.231667893362399,-0.0931580898880932,0.6312298562225218,0.16585161125506367,0.5541289036445182,0.5770145850729254,0.4642220285648107,0.0033333333333333335,1,,,,
43,nf2018v2,nftonv2,rf,0.0001,rethreshold_2s,213,0.2825510692632926,0.231667893362399,0.4642220285648107,0.6312298562225218,0.16585161125506367,0.5541289036445182,0.5770145850729254,0.4642220285648107,0.0033333333333333335,1,0.4276859367827457,,58,
43,nf2018v2,nftonv2,rf,0.0001,selector,213,0.2825510692632926,0.231667893362399,,0.6312298562225218,0.16585161125506367,0.5541289036445182,0.5770145850729254,0.4642220285648107,0.0033333333333333335,0,0.4276859367827457,0.8697814882385083,58,
43,nf2018v2,nftonv2,rf,0.001,rethreshold_2s,2100,0.2825510692632926,0.231667893362399,0.4642220285648107,0.6312298562225218,0.16585161125506367,0.5541289036445182,0.5770145850729254,0.4642220285648107,0.0033333333333333335,1,0.4668663679837519,,575,
43,nf2018v2,nftonv2,rf,0.001,selector,2100,0.2825510692632926,0.231667893362399,,0.6312298562225218,0.16585161125506367,0.5541289036445182,0.5770145850729254,0.4642220285648107,0.0033333333333333335,0,0.4668663679837519,0.941053779594192,575,
43,nf2018v2,nftonv2,rf,0.01,rethreshold_2s,21000,0.2825510692632926,0.231667893362399,0.4642220285648107,0.6312298562225218,0.16585161125506367,0.5541289036445182,0.5770145850729254,0.4642220285648107,0.0033333333333333335,1,0.4676187423762284,,5754,
43,nf2018v2,nftonv2,rf,0.01,selector,21000,0.2825510692632926,0.231667893362399,,0.6312298562225218,0.16585161125506367,0.5541289036445182,0.5770145850729254,0.4642220285648107,0.0033333333333333335,0,0.4676187423762284,0.9613240254059052,5754,
43,nf2018v2,nftonv2,rf,0.05,rethreshold_2s,105000,0.2825510692632926,0.231667893362399,0.4642220285648107,0.6312298562225218,0.16585161125506367,0.5541289036445182,0.5770145850729254,0.4642220285648107,0.0033333333333333335,1,0.4598065473834019,,28771,
43,nf2018v2,nftonv2,rf,0.05,selector,105000,0.2825510692632926,0.231667893362399,,0.6312298562225218,0.16585161125506367,0.5541289036445182,0.5770145850729254,0.4642220285648107,0.0033333333333333335,0,0.4598065473834019,0.9789861091840342,28771,
43,nf2018v2,nftonv2,rf,0.1,rethreshold_2s,210000,0.2825510692632926,0.231667893362399,0.4642220285648107,0.6312298562225218,0.16585161125506367,0.5541289036445182,0.5770145850729254,0.4642220285648107,0.0033333333333333335,1,0.4584790511183112,,57542,
43,nf2018v2,nftonv2,rf,0.1,selector,210000,0.2825510692632926,0.231667893362399,,0.6312298562225218,0.16585161125506367,0.5541289036445182,0.5770145850729254,0.4642220285648107,0.0033333333333333335,0,0.4584790511183112,0.9809927918142064,57542,
43,nf2018v2,nftonv2,rf,0.0001,acq_uncertainty,210,0.4256503194377521,0.6137666216929393,0.05755578381553703,0.43995426703219764,0.995255647604102,0.26944780462791207,0.2636149347413404,0.06296550301902833,0.52,,,,1,1
43,nf2018v2,nftonv2,rf,0.0001,acq_hybrid,210,0.4938660001697265,0.6531496901213056,0.17621266984095718,0.813077241944206,0.9216087004123937,0.14142098716049137,0.11553426100463834,0.6645598965356778,0.6433333333333333,,,,9,1
43,nf2018v2,nftonv2,rf,0.001,acq_uncertainty,2100,0.4731979774292289,0.6387026862851141,0.10173484322435578,0.8299469798013444,0.9404583774314806,0.13977018357314008,0.15387158602459686,0.7246619477212932,0.7566666666666667,,,,46,1
43,nf2018v2,nftonv2,rf,0.001,acq_hybrid,2100,0.5000392699940248,0.630019500385082,0.02386962299184719,0.6501476430288133,0.8353162293346958,0.17966872606585255,0.1343083215416077,0.5022432065212277,0.85,,,,56,1
43,nf2018v2,nfbotv2,rf,0,zero_shot_2s,249999,0.04957770880785546,0.09044697708970598,0.00032816172537052465,0.5180895044302475,0.04648390941597139,0.6151191379444443,0.7473723166666665,0.19584951396403685,0.03333333333333333,1,,,,
43,nf2018v2,nfbotv2,rf,0.0001,rethreshold_2s,211,0.04957770880785546,0.09044697708970598,0.014942062550296528,0.5180895044302475,0.04648390941597139,0.6151191379444443,0.7473723166666665,0.19584951396403685,0.03333333333333333,-1,0.19729013012600144,,1,
43,nf2018v2,nfbotv2,rf,0.0001,selector,211,0.04957770880785546,0.09044697708970598,,0.5180895044302475,0.04648390941597139,0.6151191379444443,0.7473723166666665,0.19584951396403685,0.03333333333333333,1,0.19729013012600144,0.0,1,
43,nf2018v2,nfbotv2,rf,0.001,rethreshold_2s,2101,0.04957770880785546,0.09044697708970598,0.04035586490871087,0.5180895044302475,0.04648390941597139,0.6151191379444443,0.7473723166666665,0.19584951396403685,0.03333333333333333,-1,0.07684514602730143,,9,
43,nf2018v2,nfbotv2,rf,0.001,selector,2101,0.04957770880785546,0.09044697708970598,,0.5180895044302475,0.04648390941597139,0.6151191379444443,0.7473723166666665,0.19584951396403685,0.03333333333333333,0,0.07684514602730143,0.7974787938231138,9,
43,nf2018v2,nfbotv2,rf,0.01,rethreshold_2s,21000,0.04957770880785546,0.09044697708970598,0.19249060166333298,0.5180895044302475,0.04648390941597139,0.6151191379444443,0.7473723166666665,0.19584951396403685,0.03333333333333333,1,0.25734576092609734,,88,
43,nf2018v2,nfbotv2,rf,0.01,selector,21000,0.04957770880785546,0.09044697708970598,,0.5180895044302475,0.04648390941597139,0.6151191379444443,0.7473723166666665,0.19584951396403685,0.03333333333333333,0,0.25734576092609734,0.9262862489770107,88,
43,nf2018v2,nfbotv2,rf,0.05,rethreshold_2s,105000,0.04957770880785546,0.09044697708970598,0.19249060166333298,0.5180895044302475,0.04648390941597139,0.6151191379444443,0.7473723166666665,0.19584951396403685,0.03333333333333333,1,0.1929228479342395,,440,
43,nf2018v2,nfbotv2,rf,0.05,selector,105000,0.04957770880785546,0.09044697708970598,,0.5180895044302475,0.04648390941597139,0.6151191379444443,0.7473723166666665,0.19584951396403685,0.03333333333333333,0,0.1929228479342395,0.9651192039585355,440,
43,nf2018v2,nfbotv2,rf,0.1,rethreshold_2s,210001,0.04957770880785546,0.09044697708970598,0.19249060166333298,0.5180895044302475,0.04648390941597139,0.6151191379444443,0.7473723166666665,0.19584951396403685,0.03333333333333333,1,0.19636711110020164,,881,
43,nf2018v2,nfbotv2,rf,0.1,selector,210001,0.04957770880785546,0.09044697708970598,,0.5180895044302475,0.04648390941597139,0.6151191379444443,0.7473723166666665,0.19584951396403685,0.03333333333333333,0,0.19636711110020164,0.9676383496854748,881,
43,nf2018v2,nfbotv2,rf,0.0001,acq_uncertainty,210,0.3261448350844946,0.6361068152124694,0.0435204360816554,0.6377732415598556,0.133492252681764,0.27246097555555543,0.3073103333333333,0.445263709949272,0.06333333333333334,,,,63,1
43,nf2018v2,nfbotv2,rf,0.0001,acq_hybrid,210,0.3262976952974106,0.6360290303263334,0.04674643063779229,0.5782556842388931,0.10846245530393325,0.2717905276111111,0.4107402499999999,0.3515192658228425,0.013333333333333334,,,,14,1
43,nf2018v2,nfbotv2,rf,0.001,acq_uncertainty,2100,0.3260944675183638,0.6356352286507126,0.046693728013473663,0.5655183524658252,0.10846245530393325,0.27395513594444443,0.4167344833333333,0.3015556612150888,0.0033333333333333335,,,,77,1
43,nf2018v2,nfbotv2,rf,0.001,acq_hybrid,2100,0.7733193392341864,0.996033555886123,0.5487325992060406,0.7085001108324227,0.399284862932062,0.07607789088888887,0.20331789999999997,0.5930737820636608,0.5766666666666667,,,,39,1
43,nf2018v2,nfunswv2,lgbm,0,zero_shot_2s,249999,0.5224075930808418,0.946493172197516,0.15435891195821408,0.5255079273805201,0.0004053169266584218,0.03714769225055931,0.03559348108521372,0.15825319842549418,0.3878683485175327,1,,,,
43,nf2018v2,nfunswv2,lgbm,0.0001,rethreshold_2s,144,0.5224075930808418,0.946493172197516,0.13052936593558925,0.5255079273805201,0.0004053169266584218,0.03714769225055931,0.03559348108521372,0.15825319842549418,0.3878683485175327,1,0.30611483744878115,,134,
43,nf2018v2,nfunswv2,lgbm,0.0001,selector,144,0.5224075930808418,0.946493172197516,,0.5255079273805201,0.0004053169266584218,0.03714769225055931,0.03559348108521372,0.15825319842549418,0.3878683485175327,0,0.30611483744878115,0.6350203227635347,134,
43,nf2018v2,nfunswv2,lgbm,0.001,rethreshold_2s,1392,0.5224075930808418,0.946493172197516,0.14910167612188086,0.5255079273805201,0.0004053169266584218,0.03714769225055931,0.03559348108521372,0.15825319842549418,0.3878683485175327,1,0.2988669891590643,,1338,
43,nf2018v2,nfunswv2,lgbm,0.001,selector,1392,0.5224075930808418,0.946493172197516,,0.5255079273805201,0.0004053169266584218,0.03714769225055931,0.03559348108521372,0.15825319842549418,0.3878683485175327,0,0.2988669891590643,0.8382432748691097,1338,
43,nf2018v2,nfunswv2,lgbm,0.01,rethreshold_2s,13907,0.5224075930808418,0.946493172197516,0.15617616374037221,0.5255079273805201,0.0004053169266584218,0.03714769225055931,0.03559348108521372,0.15825319842549418,0.3878683485175327,1,0.17355714753764584,,13382,
43,nf2018v2,nfunswv2,lgbm,0.01,selector,13907,0.5224075930808418,0.946493172197516,,0.5255079273805201,0.0004053169266584218,0.03714769225055931,0.03559348108521372,0.15825319842549418,0.3878683485175327,0,0.17355714753764584,0.9322038152536457,13382,
43,nf2018v2,nfunswv2,lgbm,0.05,rethreshold_2s,69537,0.5224075930808418,0.946493172197516,0.15581335252494719,0.5255079273805201,0.0004053169266584218,0.03714769225055931,0.03559348108521372,0.15825319842549418,0.3878683485175327,1,0.15507567181593468,,66908,
43,nf2018v2,nfunswv2,lgbm,0.05,selector,69537,0.5224075930808418,0.946493172197516,,0.5255079273805201,0.0004053169266584218,0.03714769225055931,0.03559348108521372,0.15825319842549418,0.3878683485175327,0,0.15507567181593468,0.944029371898595,66908,
43,nf2018v2,nfunswv2,lgbm,0.1,rethreshold_2s,139072,0.5224075930808418,0.946493172197516,0.15581335252494719,0.5255079273805201,0.0004053169266584218,0.03714769225055931,0.03559348108521372,0.15825319842549418,0.3878683485175327,1,0.1654316618983779,,133817,
43,nf2018v2,nfunswv2,lgbm,0.1,selector,139072,0.5224075930808418,0.946493172197516,,0.5255079273805201,0.0004053169266584218,0.03714769225055931,0.03559348108521372,0.15825319842549418,0.3878683485175327,0,0.1654316618983779,0.9481182694437602,133817,
43,nf2018v2,nfunswv2,lgbm,0.0001,acq_uncertainty,139,0.8806639420143714,0.9825739012835543,0.7613561956950566,0.8132451709720568,0.009415823988526414,0.017486180922114698,0.01564885330059906,0.7621928810304069,0.2035406622813815,,,,82,0
43,nf2018v2,nfunswv2,lgbm,0.0001,acq_hybrid,139,0.8810398504461665,0.982633742083847,0.7621041314864327,0.8226153594842408,0.009358663909125866,0.017427280289571457,0.01741265047218082,0.7623910518782415,0.0006024839322048361,,,,95,0
43,nf2018v2,nfunswv2,lgbm,0.001,acq_uncertainty,1391,0.8808720036498636,0.9826015304649725,0.7617746254010386,0.8243889561987596,0.009415823988526414,0.01744783090037593,0.01713841865640653,0.7623074339721434,0.2615686364137518,,,,1262,1
43,nf2018v2,nfunswv2,lgbm,0.001,acq_hybrid,1391,0.8932534952579114,0.9852288616077366,0.7919972776057477,0.9615583707775137,0.003304891863522516,0.011947862625615003,0.011699076917508247,0.9081645431107424,0.0005617296311417001,,,,1077,1
43,nf2018v2,nftonv2,lgbm,0,zero_shot_2s,249999,0.3814320046438191,0.36196204888276295,0.05017888043772539,0.5796916559342133,0.17143534907485128,0.5516529737502128,0.5581856235978632,0.3093936407446748,0.0007447928422364029,1,,,,
43,nf2018v2,nftonv2,lgbm,0.0001,rethreshold_2s,213,0.3814320046438191,0.36196204888276295,0.23737306899172675,0.5796916559342133,0.17143534907485128,0.5516529737502128,0.5581856235978632,0.3093936407446748,0.0007447928422364029,1,0.2566016377844968,,58,
43,nf2018v2,nftonv2,lgbm,0.0001,selector,213,0.3814320046438191,0.36196204888276295,,0.5796916559342133,0.17143534907485128,0.5516529737502128,0.5581856235978632,0.3093936407446748,0.0007447928422364029,0,0.2566016377844968,0.8846918992235979,58,
43,nf2018v2,nftonv2,lgbm,0.001,rethreshold_2s,2100,0.3814320046438191,0.36196204888276295,0.30122266537387143,0.5796916559342133,0.17143534907485128,0.5516529737502128,0.5581856235978632,0.3093936407446748,0.0007447928422364029,1,0.28031991131192685,,575,
43,nf2018v2,nftonv2,lgbm,0.001,selector,2100,0.3814320046438191,0.36196204888276295,,0.5796916559342133,0.17143534907485128,0.5516529737502128,0.5581856235978632,0.3093936407446748,0.0007447928422364029,0,0.28031991131192685,0.935283855498754,575,
43,nf2018v2,nftonv2,lgbm,0.01,rethreshold_2s,21000,0.3814320046438191,0.36196204888276295,0.308659822048429,0.5796916559342133,0.17143534907485128,0.5516529737502128,0.5581856235978632,0.3093936407446748,0.0007447928422364029,1,0.3025029150020081,,5754,
43,nf2018v2,nftonv2,lgbm,0.01,selector,21000,0.3814320046438191,0.36196204888276295,,0.5796916559342133,0.17143534907485128,0.5516529737502128,0.5581856235978632,0.3093936407446748,0.0007447928422364029,0,0.3025029150020081,0.9640920580753477,5754,
43,nf2018v2,nftonv2,lgbm,0.05,rethreshold_2s,105000,0.3814320046438191,0.36196204888276295,0.3093936407446748,0.5796916559342133,0.17143534907485128,0.5516529737502128,0.5581856235978632,0.3093936407446748,0.0007447928422364029,1,0.3036210201901548,,28771,
43,nf2018v2,nftonv2,lgbm,0.05,selector,105000,0.3814320046438191,0.36196204888276295,,0.5796916559342133,0.17143534907485128,0.5516529737502128,0.5581856235978632,0.3093936407446748,0.0007447928422364029,0,0.3036210201901548,0.9784594157573592,28771,
43,nf2018v2,nftonv2,lgbm,0.1,rethreshold_2s,210000,0.3814320046438191,0.36196204888276295,0.3093936407446748,0.5796916559342133,0.17143534907485128,0.5516529737502128,0.5581856235978632,0.3093936407446748,0.0007447928422364029,1,0.30069040768501554,,57542,
43,nf2018v2,nftonv2,lgbm,0.1,selector,210000,0.3814320046438191,0.36196204888276295,,0.5796916559342133,0.17143534907485128,0.5516529737502128,0.5581856235978632,0.3093936407446748,0.0007447928422364029,0,0.30069040768501554,0.9813186997527371,57542,
43,nf2018v2,nftonv2,lgbm,0.0001,acq_uncertainty,210,0.4612495352711861,0.6346610344456506,0.14154474877150341,0.531938253017496,0.9592533119229225,0.26521594129255677,0.26413861849174947,0.26951104976588536,0.9999968660427654,,,,1,1
43,nf2018v2,nftonv2,lgbm,0.0001,acq_hybrid,210,0.47441170870282473,0.6102362375529787,-0.03119117851440635,0.6213534917244964,0.8641107988759534,0.3225346087499845,0.3383788974684755,0.3101507004098492,0.9999927778361635,,,,7,1
43,nf2018v2,nftonv2,lgbm,0.001,acq_uncertainty,2100,0.5506334836399226,0.6841228759454829,0.22078175277205808,0.6008147897688344,0.8403342943688187,0.24247609269298143,0.22526822790945564,0.2339905525053061,0.9999958322435566,,,,29,1
43,nf2018v2,nftonv2,lgbm,0.001,acq_hybrid,2100,0.7293012558187568,0.8031378196145204,0.5377353995080052,0.892068009664233,0.590525893215576,0.14380498156461427,0.13325459040877713,0.6886450823549365,0.9906566747441853,,,,86,1
43,nf2018v2,nfbotv2,lgbm,0,zero_shot_2s,249999,0.12389540870784563,0.23871863463818688,-0.004866852788715456,0.5712553255260672,0.16209773539928488,0.6093249703431464,0.6796202623390274,0.3224626479987653,0.03370457617052683,1,,,,
43,nf2018v2,nfbotv2,lgbm,0.0001,rethreshold_2s,211,0.12389540870784563,0.23871863463818688,0.264688694352809,0.5712553255260672,0.16209773539928488,0.6093249703431464,0.6796202623390274,0.3224626479987653,0.03370457617052683,1,0.496415724396973,,1,
43,nf2018v2,nfbotv2,lgbm,0.0001,selector,211,0.12389540870784563,0.23871863463818688,,0.5712553255260672,0.16209773539928488,0.6093249703431464,0.6796202623390274,0.3224626479987653,0.03370457617052683,1,0.496415724396973,0.0,1,
43,nf2018v2,nfbotv2,lgbm,0.001,rethreshold_2s,2101,0.12389540870784563,0.23871863463818688,0.29424797511917483,0.5712553255260672,0.16209773539928488,0.6093249703431464,0.6796202623390274,0.3224626479987653,0.03370457617052683,1,0.429488600458997,,9,
43,nf2018v2,nfbotv2,lgbm,0.001,selector,2101,0.12389540870784563,0.23871863463818688,,0.5712553255260672,0.16209773539928488,0.6093249703431464,0.6796202623390274,0.3224626479987653,0.03370457617052683,0,0.429488600458997,0.8772746046837404,9,
43,nf2018v2,nfbotv2,lgbm,0.01,rethreshold_2s,21000,0.12389540870784563,0.23871863463818688,0.3221972505653795,0.5712553255260672,0.16209773539928488,0.6093249703431464,0.6796202623390274,0.3224626479987653,0.03370457617052683,1,0.3144784272342543,,88,
43,nf2018v2,nfbotv2,lgbm,0.01,selector,21000,0.12389540870784563,0.23871863463818688,,0.5712553255260672,0.16209773539928488,0.6093249703431464,0.6796202623390274,0.3224626479987653,0.03370457617052683,0,0.3144784272342543,0.8836370245514322,88,
43,nf2018v2,nfbotv2,lgbm,0.05,rethreshold_2s,105000,0.12389540870784563,0.23871863463818688,0.3218362713056108,0.5712553255260672,0.16209773539928488,0.6093249703431464,0.6796202623390274,0.3224626479987653,0.03370457617052683,1,0.3207443707376476,,440,
43,nf2018v2,nfbotv2,lgbm,0.05,selector,105000,0.12389540870784563,0.23871863463818688,,0.5712553255260672,0.16209773539928488,0.6093249703431464,0.6796202623390274,0.3224626479987653,0.03370457617052683,0,0.3207443707376476,0.6220143542405209,440,
43,nf2018v2,nfbotv2,lgbm,0.1,rethreshold_2s,210001,0.12389540870784563,0.23871863463818688,0.3106102431515619,0.5712553255260672,0.16209773539928488,0.6093249703431464,0.6796202623390274,0.3224626479987653,0.03370457617052683,1,0.3258339057272542,,881,
43,nf2018v2,nfbotv2,lgbm,0.1,selector,210001,0.12389540870784563,0.23871863463818688,,0.5712553255260672,0.16209773539928488,0.6093249703431464,0.6796202623390274,0.3224626479987653,0.03370457617052683,1,0.3258339057272542,0.23829201169997286,881,
43,nf2018v2,nfbotv2,lgbm,0.0001,acq_uncertainty,210,0.49894904562319464,0.9937119087536106,0.0,0.5,1.0,0.004195,0.004194999999999949,0.0,inf,,,,0,0
43,nf2018v2,nfbotv2,lgbm,0.0001,acq_hybrid,210,0.49894904562319464,0.9937119087536106,0.0,0.5,1.0,0.004195,0.004194999999999949,0.0,inf,,,,0,0
43,nf2018v2,nfbotv2,lgbm,0.001,acq_uncertainty,2100,0.49894904562319464,0.9937119087536106,0.0,0.5,1.0,0.004195,0.004194999999999949,0.0,inf,,,,0,0
43,nf2018v2,nfbotv2,lgbm,0.001,acq_hybrid,2100,0.5296420245697104,0.9903191650786979,0.06317944718077928,0.5120867852968498,0.9046483909415971,0.008055920362990318,0.009862410357124998,0.13322700151044065,0.3669518408277244,,,,3,0
43,nf2018v2,nfunswv2,mlp,0,zero_shot_2s,249999,0.46109318130020777,0.8717597840884529,-0.05673834702331723,0.4867177488137362,0.14174660417164653,0.1382570172251414,0.0963303938863864,0.15149608510384296,0.9999988352334165,-1,,,,
43,nf2018v2,nfunswv2,mlp,0.0001,rethreshold_2s,144,0.46109318130020777,0.8717597840884529,0.09207621916566759,0.4867177488137362,0.14174660417164653,0.1382570172251414,0.0963303938863864,0.08824814066823389,0.9999999994108162,-1,0.1751282566650533,,134,
43,nf2018v2,nfunswv2,mlp,0.0001,selector,144,0.46109318130020777,0.8717597840884529,,0.4867177488137362,0.14174660417164653,0.1382570172251414,0.0963303938863864,0.08824814066823389,0.9999999994108162,0,0.1751282566650533,0.7094079637637803,134,
43,nf2018v2,nfunswv2,mlp,0.001,rethreshold_2s,1392,0.46109318130020777,0.8717597840884529,0.0752061670630151,0.4867177488137362,0.14174660417164653,0.1382570172251414,0.0963303938863864,0.08824814066823389,0.9999999994108162,1,0.13346506792033797,,1338,
43,nf2018v2,nfunswv2,mlp,0.001,selector,1392,0.46109318130020777,0.8717597840884529,,0.4867177488137362,0.14174660417164653,0.1382570172251414,0.0963303938863864,0.08824814066823389,0.9999999994108162,0,0.13346506792033797,0.8818115338217559,1338,
43,nf2018v2,nfunswv2,mlp,0.01,rethreshold_2s,13907,0.46109318130020777,0.8717597840884529,0.14999358577040434,0.4867177488137362,0.14174660417164653,0.1382570172251414,0.0963303938863864,0.08824814066823389,0.9999999994108162,-1,0.171635293243742,,13382,
43,nf2018v2,nfunswv2,mlp,0.01,selector,13907,0.46109318130020777,0.8717597840884529,,0.4867177488137362,0.14174660417164653,0.1382570172251414,0.0963303938863864,0.08824814066823389,0.9999999994108162,0,0.171635293243742,0.8324004690225203,13382,
43,nf2018v2,nfunswv2,mlp,0.05,rethreshold_2s,69537,0.46109318130020777,0.8717597840884529,0.15071516869588764,0.4867177488137362,0.14174660417164653,0.1382570172251414,0.0963303938863864,0.08824814066823389,0.9999999994108162,-1,0.16478698867227803,,66908,
43,nf2018v2,nfunswv2,mlp,0.05,selector,69537,0.46109318130020777,0.8717597840884529,,0.4867177488137362,0.14174660417164653,0.1382570172251414,0.0963303938863864,0.08824814066823389,0.9999999994108162,0,0.16478698867227803,0.922815779605667,66908,
43,nf2018v2,nfunswv2,mlp,0.1,rethreshold_2s,139072,0.46109318130020777,0.8717597840884529,0.15071516869588764,0.4867177488137362,0.14174660417164653,0.1382570172251414,0.0963303938863864,0.08824814066823389,0.9999999994108162,-1,0.15711574547176702,,133817,
43,nf2018v2,nfunswv2,mlp,0.1,selector,139072,0.46109318130020777,0.8717597840884529,,0.4867177488137362,0.14174660417164653,0.1382570172251414,0.0963303938863864,0.08824814066823389,0.9999999994108162,0,0.15711574547176702,0.9303115987203677,133817,
43,nf2018v2,nfunswv2,mlp,0.0001,acq_uncertainty,139,0.49037055157195203,0.943678896856096,0.0,0.5,0.0,0.03779,0.03778999999999999,0.0,inf,,,,139,0
43,nf2018v2,nfunswv2,mlp,0.0001,acq_hybrid,139,0.8666611245459772,0.9808952194321758,0.7337380079153647,0.8342394974103977,0.008558422797518212,0.016202932058206897,0.013330567494110634,0.7551226047676866,0.25841423677686903,,,,135,0
43,nf2018v2,nfunswv2,mlp,0.001,acq_uncertainty,1391,0.8932693433319444,0.9842804274051679,0.7868232262966464,0.8516312006390999,0.00930150382972532,0.014051678671965762,0.012928910662369418,0.8227469151453034,0.030836359929787668,,,,1385,1
43,nf2018v2,nfunswv2,mlp,0.001,acq_hybrid,1391,0.8959368731655482,0.9845992357466421,0.7924151983092781,0.8581387020428769,0.009571715114164268,0.01401831024115958,0.01199101935467748,0.8026692749241255,0.18583977889512,,,,1375,1
43,nf2018v2,nftonv2,mlp,0,zero_shot_2s,249999,0.44783129790351106,0.45633411185329914,0.08550440077438953,0.5713792261322126,0.24382321813072516,0.49217535954510766,0.45604734264262276,0.24440136560380787,0.00084264019619871,1,,,,
43,nf2018v2,nftonv2,mlp,0.0001,rethreshold_2s,213,0.44783129790351106,0.45633411185329914,0.23464999352697413,0.5713792261322126,0.24382321813072516,0.49217535954510766,0.45604734264262276,0.24440136560380787,0.00084264019619871,1,0.26142681044702876,,58,
43,nf2018v2,nftonv2,mlp,0.0001,selector,213,0.44783129790351106,0.45633411185329914,,0.5713792261322126,0.24382321813072516,0.49217535954510766,0.45604734264262276,0.24440136560380787,0.00084264019619871,0,0.26142681044702876,0.7354496044018065,58,
43,nf2018v2,nftonv2,mlp,0.001,rethreshold_2s,2100,0.44783129790351106,0.45633411185329914,0.21354504422330886,0.5713792261322126,0.24382321813072516,0.49217535954510766,0.45604734264262276,0.24440136560380787,0.00084264019619871,1,0.232649947830162,,575,
43,nf2018v2,nftonv2,mlp,0.001,selector,2100,0.44783129790351106,0.45633411185329914,,0.5713792261322126,0.24382321813072516,0.49217535954510766,0.45604734264262276,0.24440136560380787,0.00084264019619871,0,0.232649947830162,0.9181413422571961,575,
43,nf2018v2,nftonv2,mlp,0.01,rethreshold_2s,21000,0.44783129790351106,0.45633411185329914,0.24423234194359358,0.5713792261322126,0.24382321813072516,0.49217535954510766,0.45604734264262276,0.24440136560380787,0.00084264019619871,1,0.2405151424693841,,5754,
43,nf2018v2,nftonv2,mlp,0.01,selector,21000,0.44783129790351106,0.45633411185329914,,0.5713792261322126,0.24382321813072516,0.49217535954510766,0.45604734264262276,0.24440136560380787,0.00084264019619871,0,0.2405151424693841,0.9208127028877388,5754,
43,nf2018v2,nftonv2,mlp,0.05,rethreshold_2s,105000,0.44783129790351106,0.45633411185329914,0.2442583592694333,0.5713792261322126,0.24382321813072516,0.49217535954510766,0.45604734264262276,0.24440136560380787,0.00084264019619871,1,0.24466827573772879,,28771,
43,nf2018v2,nftonv2,mlp,0.05,selector,105000,0.44783129790351106,0.45633411185329914,,0.5713792261322126,0.24382321813072516,0.49217535954510766,0.45604734264262276,0.24440136560380787,0.00084264019619871,0,0.24466827573772879,0.9421857413082103,28771,
43,nf2018v2,nftonv2,mlp,0.1,rethreshold_2s,210000,0.44783129790351106,0.45633411185329914,0.2442583592694333,0.5713792261322126,0.24382321813072516,0.49217535954510766,0.45604734264262276,0.24440136560380787,0.00084264019619871,1,0.24379541009520955,,57542,
43,nf2018v2,nftonv2,mlp,0.1,selector,210000,0.44783129790351106,0.45633411185329914,,0.5713792261322126,0.24382321813072516,0.49217535954510766,0.45604734264262276,0.24440136560380787,0.00084264019619871,0,0.24379541009520955,0.9485076335111855,57542,
43,nf2018v2,nftonv2,mlp,0.0001,acq_uncertainty,210,0.5178660620242175,0.665350707809106,0.18120623298093072,0.5527622393231535,0.8870296704499836,0.25386271675927496,0.2425516651332686,0.2776574769381524,0.03897227834842321,,,,16,1
43,nf2018v2,nftonv2,mlp,0.0001,acq_hybrid,210,0.48245042743635624,0.5999002276493929,-0.031920822177273725,0.5498352436409025,0.7977628553702419,0.30762854333602124,0.28446010153949064,0.27991112624680153,0.9430160345682559,,,,28,1
43,nf2018v2,nftonv2,mlp,0.001,acq_uncertainty,2100,0.5072573947771508,0.605999021544733,0.014609068208454874,0.5633810354948063,0.7066712893690011,0.3590996508359113,0.33955237303432606,0.3600498913716051,0.998724307663998,,,,184,2
43,nf2018v2,nftonv2,mlp,0.001,acq_hybrid,2100,0.614145927034976,0.6516162391050376,0.30721808188855837,0.6075632898836396,0.2388963906426773,0.323493748436649,0.3133675768217644,0.39908841756893404,0.9876817535173733,,,,236,2
43,nf2018v2,nfbotv2,mlp,0,zero_shot_2s,249999,0.28673513556361013,0.5629458810312974,-0.0013974970868958455,0.5226013042305283,0.4052443384982122,0.5670429370347534,0.5298318869278983,0.30990098015425294,6.0815057434382425e-09,-1,,,,
43,nf2018v2,nfbotv2,mlp,0.0001,rethreshold_2s,211,0.28673513556361013,0.5629458810312974,0.16324069095270477,0.5226013042305283,0.4052443384982122,0.5670429370347534,0.5298318869278983,0.19258896323727426,2.5314032458979144e-07,-1,1.0,,1,
43,nf2018v2,nfbotv2,mlp,0.0001,selector,211,0.28673513556361013,0.5629458810312974,,0.5226013042305283,0.4052443384982122,0.5670429370347534,0.5298318869278983,0.19258896323727426,2.5314032458979144e-07,1,1.0,0.0,1,
43,nf2018v2,nfbotv2,mlp,0.001,rethreshold_2s,2101,0.28673513556361013,0.5629458810312974,0.29069803242175146,0.5226013042305283,0.4052443384982122,0.5670429370347534,0.5298318869278983,0.19258896323727426,2.5314032458979144e-07,-1,0.47061781583334367,,9,
43,nf2018v2,nfbotv2,mlp,0.001,selector,2101,0.28673513556361013,0.5629458810312974,,0.5226013042305283,0.4052443384982122,0.5670429370347534,0.5298318869278983,0.19258896323727426,2.5314032458979144e-07,0,0.47061781583334367,0.7526134367266649,9,
43,nf2018v2,nfbotv2,mlp,0.01,rethreshold_2s,21000,0.28673513556361013,0.5629458810312974,0.3079960011306148,0.5226013042305283,0.4052443384982122,0.5670429370347534,0.5298318869278983,0.19258896323727426,2.5314032458979144e-07,-1,0.3017754748686359,,88,
43,nf2018v2,nfbotv2,mlp,0.01,selector,21000,0.28673513556361013,0.5629458810312974,,0.5226013042305283,0.4052443384982122,0.5670429370347534,0.5298318869278983,0.19258896323727426,2.5314032458979144e-07,0,0.3017754748686359,0.7166043607084261,88,
43,nf2018v2,nfbotv2,mlp,0.05,rethreshold_2s,105000,0.28673513556361013,0.5629458810312974,0.3079960011306148,0.5226013042305283,0.4052443384982122,0.5670429370347534,0.5298318869278983,0.19258896323727426,2.5314032458979144e-07,-1,0.33373032591313,,440,
43,nf2018v2,nfbotv2,mlp,0.05,selector,105000,0.28673513556361013,0.5629458810312974,,0.5226013042305283,0.4052443384982122,0.5670429370347534,0.5298318869278983,0.19258896323727426,2.5314032458979144e-07,0,0.33373032591313,0.8211142557175419,440,
43,nf2018v2,nfbotv2,mlp,0.1,rethreshold_2s,210001,0.28673513556361013,0.5629458810312974,0.3047226537125984,0.5226013042305283,0.4052443384982122,0.5670429370347534,0.5298318869278983,0.19258896323727426,2.5314032458979144e-07,-1,0.2872389291225697,,881,
43,nf2018v2,nfbotv2,mlp,0.1,selector,210001,0.28673513556361013,0.5629458810312974,,0.5226013042305283,0.4052443384982122,0.5670429370347534,0.5298318869278983,0.19258896323727426,2.5314032458979144e-07,0,0.2872389291225697,0.9298545339985956,881,
43,nf2018v2,nfbotv2,mlp,0.0001,acq_uncertainty,210,0.49894904562319464,0.9937119087536106,0.0,0.5,1.0,0.004195,0.004194999999999949,0.0,inf,,,,0,0
43,nf2018v2,nfbotv2,mlp,0.0001,acq_hybrid,210,0.6709624645979806,0.9955492606816908,0.436929857978564,0.7006764382264925,0.7878426698450537,0.0032474437894845784,0.002792117087029985,0.5961786893878048,0.9835137439025875,,,,2,0
43,nf2018v2,nfbotv2,mlp,0.001,acq_uncertainty,2100,0.7702053091778063,0.996721912267307,0.5948488591394132,0.757831318334498,0.6174016686531585,0.002599900118933519,0.0021472572449489037,0.6811210308468009,0.9915166037894235,,,,4,1
43,nf2018v2,nfbotv2,mlp,0.001,acq_hybrid,2100,0.7771477785444543,0.9967900110521472,0.6006283126000149,0.7791730743483665,0.5983313468414779,0.0024879650424706632,0.001212698411928003,0.6608845530688742,0.9396397880920204,,,,7,1
43,nfunswv2,nf2018v2,rf,0,zero_shot_2s,250002,0.3380042815010819,0.561509830872376,-0.24580772077228613,0.5072553964737352,0.48393847619695785,0.21859785678849383,0.27978810105949475,0.2515937392140749,0.5533333333333333,-1,,,,
43,nfunswv2,nf2018v2,rf,0.0001,rethreshold_2s,217,0.3380042815010819,0.561509830872376,0.21907816199959435,0.5072553964737352,0.48393847619695785,0.21859785678849383,0.27978810105949475,0.24594416412097464,0.3233333333333333,-1,0.2930700052188785,,185,
43,nfunswv2,nf2018v2,rf,0.0001,selector,217,0.3380042815010819,0.561509830872376,,0.5072553964737352,0.48393847619695785,0.21859785678849383,0.27978810105949475,0.24594416412097464,0.3233333333333333,0,0.2930700052188785,0.9054221850479712,185,
43,nfunswv2,nf2018v2,rf,0.001,rethreshold_2s,2102,0.3380042815010819,0.561509830872376,0.24852854560503876,0.5072553964737352,0.48393847619695785,0.21859785678849383,0.27978810105949475,0.24594416412097464,0.3233333333333333,-1,0.2505620517742439,,1851,
43,nfunswv2,nf2018v2,rf,0.001,selector,2102,0.3380042815010819,0.561509830872376,,0.5072553964737352,0.48393847619695785,0.21859785678849383,0.27978810105949475,0.24594416412097464,0.3233333333333333,0,0.2505620517742439,0.9680342007118181,1851,
43,nfunswv2,nf2018v2,rf,0.01,rethreshold_2s,21001,0.3380042815010819,0.561509830872376,0.2515937392140749,0.5072553964737352,0.48393847619695785,0.21859785678849383,0.27978810105949475,0.24594416412097464,0.3233333333333333,-1,0.25493411277281525,,18514,
43,nfunswv2,nf2018v2,rf,0.01,selector,21001,0.3380042815010819,0.561509830872376,,0.5072553964737352,0.48393847619695785,0.21859785678849383,0.27978810105949475,0.24594416412097464,0.3233333333333333,0,0.25493411277281525,0.9749568880425712,18514,
43,nfunswv2,nf2018v2,rf,0.05,rethreshold_2s,105000,0.3380042815010819,0.561509830872376,0.2515937392140749,0.5072553964737352,0.48393847619695785,0.21859785678849383,0.27978810105949475,0.24594416412097464,0.3233333333333333,-1,0.25325329038192274,,92569,
43,nfunswv2,nf2018v2,rf,0.05,selector,105000,0.3380042815010819,0.561509830872376,,0.5072553964737352,0.48393847619695785,0.21859785678849383,0.27978810105949475,0.24594416412097464,0.3233333333333333,0,0.25325329038192274,0.9754216769743044,92569,
43,nfunswv2,nf2018v2,rf,0.1,rethreshold_2s,210000,0.3380042815010819,0.561509830872376,0.2515937392140749,0.5072553964737352,0.48393847619695785,0.21859785678849383,0.27978810105949475,0.24594416412097464,0.3233333333333333,-1,0.2510722264470769,,185138,
43,nfunswv2,nf2018v2,rf,0.1,selector,210000,0.3380042815010819,0.561509830872376,,0.5072553964737352,0.48393847619695785,0.21859785678849383,0.27978810105949475,0.24594416412097464,0.3233333333333333,0,0.2510722264470769,0.9760028448064021,185138,
43,nfunswv2,nf2018v2,rf,0.0001,acq_uncertainty,210,0.5018103982810639,0.8355160165494565,0.1718416605676534,0.9584201424103331,0.0,0.06322104156145887,0.09121337726644697,0.9084429412198658,0.18333333333333332,,,,209,1
43,nfunswv2,nf2018v2,rf,0.0001,acq_hybrid,210,0.486364530942645,0.8311474554895006,0.12473167062488477,0.9606153532362249,0.0,0.07865382595309245,0.08564007179964099,0.9051753305131224,0.13333333333333333,,,,209,1
43,nfunswv2,nf2018v2,rf,0.001,acq_uncertainty,2100,0.5447645326535044,0.8475281435734239,0.2561438096647708,0.9602953328224284,0.0007656446728145098,0.06281845946325823,0.09100504497477503,0.9432959391721348,0.14,,,,2063,1
43,nfunswv2,nf2018v2,rf,0.001,acq_hybrid,2100,0.702970948713314,0.8950018133213007,0.5158120369120445,0.9753772971235584,1.1342884041696441e-05,0.046589777995554464,0.05794572693803185,0.9283205148121266,0.22666666666666666,,,,2055,1
43,nfunswv2,nftonv2,rf,0,zero_shot_2s,250002,0.2373219244708094,0.1543611202034678,-0.04736898254276056,0.5835293745209601,0.04718805882996971,0.4038412727063635,0.46266589666281654,0.28908467866229753,0.38333333333333336,1,,,,
43,nfunswv2,nftonv2,rf,0.0001,rethreshold_2s,213,0.2373219244708094,0.1543611202034678,0.2678118265927099,0.5835293745209601,0.04718805882996971,0.4038412727063635,0.46266589666281654,0.28908467866229753,0.38333333333333336,1,0.30975485119152724,,58,
43,nfunswv2,nftonv2,rf,0.0001,selector,213,0.2373219244708094,0.1543611202034678,,0.5835293745209601,0.04718805882996971,0.4038412727063635,0.46266589666281654,0.28908467866229753,0.38333333333333336,0,0.30975485119152724,0.8697814882385083,58,
43,nfunswv2,nftonv2,rf,0.001,rethreshold_2s,2100,0.2373219244708094,0.1543611202034678,0.28908467866229753,0.5835293745209601,0.04718805882996971,0.4038412727063635,0.46266589666281654,0.28908467866229753,0.38333333333333336,1,0.2634196866246891,,575,
43,nfunswv2,nftonv2,rf,0.001,selector,2100,0.2373219244708094,0.1543611202034678,,0.5835293745209601,0.04718805882996971,0.4038412727063635,0.46266589666281654,0.28908467866229753,0.38333333333333336,0,0.2634196866246891,0.941053779594192,575,
43,nfunswv2,nftonv2,rf,0.01,rethreshold_2s,21000,0.2373219244708094,0.1543611202034678,0.28884694334955363,0.5835293745209601,0.04718805882996971,0.4038412727063635,0.46266589666281654,0.28908467866229753,0.38333333333333336,1,0.28486249717193535,,5754,
43,nfunswv2,nftonv2,rf,0.01,selector,21000,0.2373219244708094,0.1543611202034678,,0.5835293745209601,0.04718805882996971,0.4038412727063635,0.46266589666281654,0.28908467866229753,0.38333333333333336,0,0.28486249717193535,0.9613240254059052,5754,
43,nfunswv2,nftonv2,rf,0.05,rethreshold_2s,105000,0.2373219244708094,0.1543611202034678,0.28908467866229753,0.5835293745209601,0.04718805882996971,0.4038412727063635,0.46266589666281654,0.28908467866229753,0.38333333333333336,1,0.28328103272648386,,28771,
43,nfunswv2,nftonv2,rf,0.05,selector,105000,0.2373219244708094,0.1543611202034678,,0.5835293745209601,0.04718805882996971,0.4038412727063635,0.46266589666281654,0.28908467866229753,0.38333333333333336,0,0.28328103272648386,0.9789861091840342,28771,
43,nfunswv2,nftonv2,rf,0.1,rethreshold_2s,210000,0.2373219244708094,0.1543611202034678,0.28908467866229753,0.5835293745209601,0.04718805882996971,0.4038412727063635,0.46266589666281654,0.28908467866229753,0.38333333333333336,1,0.28598892825500316,,57542,
43,nfunswv2,nftonv2,rf,0.1,selector,210000,0.2373219244708094,0.1543611202034678,,0.5835293745209601,0.04718805882996971,0.4038412727063635,0.46266589666281654,0.28908467866229753,0.38333333333333336,0,0.28598892825500316,0.9809927918142064,57542,
43,nfunswv2,nftonv2,rf,0.0001,acq_uncertainty,210,0.5667719444736821,0.6093880782502503,0.2042052050932749,0.611530215162416,0.325480821867815,0.26556430004372245,0.2696791483957419,0.39154884786903676,0.6633333333333333,,,,36,1
43,nfunswv2,nftonv2,rf,0.0001,acq_hybrid,210,0.5655051902453634,0.6004308813904133,0.22752346169859178,0.7200371226953748,0.26754498011021494,0.20965996991096061,0.20105678861727638,0.44500424717712234,0.26666666666666666,,,,40,1
43,nfunswv2,nftonv2,rf,0.001,acq_uncertainty,2100,0.5747425159897239,0.6047576662690349,0.264180125957354,0.6775200800449981,0.21727309222291158,0.2442694459027851,0.2349053411933726,0.41857491774439176,0.6533333333333333,,,,284,1
43,nfunswv2,nftonv2,rf,0.001,acq_hybrid,2100,0.632980571667013,0.656515543634533,0.4057362550689351,0.8669911033673996,0.09037991314185613,0.1840807441814987,0.17561127805639032,0.6429137823057368,0.25666666666666665,,,,238,1
43,nfunswv2,nfbotv2,rf,0,zero_shot_2s,250002,0.29639652256713256,0.5772766869001984,0.045242000508665704,0.5460189692489088,0.06436233611442194,0.31087422716666663,0.38312705,0.2411583469768678,0.13666666666666666,1,,,,
43,nfunswv2,nfbotv2,rf,0.0001,rethreshold_2s,211,0.29639652256713256,0.5772766869001984,0.18092286126987048,0.5460189692489088,0.06436233611442194,0.31087422716666663,0.38312705,0.2411583469768678,0.13666666666666666,1,0.3093772546815388,,1,
43,nfunswv2,nfbotv2,rf,0.0001,selector,211,0.29639652256713256,0.5772766869001984,,0.5460189692489088,0.06436233611442194,0.31087422716666663,0.38312705,0.2411583469768678,0.13666666666666666,1,0.3093772546815388,0.0,1,
43,nfunswv2,nfbotv2,rf,0.001,rethreshold_2s,2101,0.29639652256713256,0.5772766869001984,0.2411583469768678,0.5460189692489088,0.06436233611442194,0.31087422716666663,0.38312705,0.2411583469768678,0.13666666666666666,1,0.33150337929696877,,9,
43,nfunswv2,nfbotv2,rf,0.001,selector,2101,0.29639652256713256,0.5772766869001984,,0.5460189692489088,0.06436233611442194,0.31087422716666663,0.38312705,0.2411583469768678,0.13666666666666666,0,0.33150337929696877,0.7974787938231138,9,
43,nfunswv2,nfbotv2,rf,0.01,rethreshold_2s,21000,0.29639652256713256,0.5772766869001984,0.2411583469768678,0.5460189692489088,0.06436233611442194,0.31087422716666663,0.38312705,0.2411583469768678,0.13666666666666666,1,0.2777170168526696,,88,
43,nfunswv2,nfbotv2,rf,0.01,selector,21000,0.29639652256713256,0.5772766869001984,,0.5460189692489088,0.06436233611442194,0.31087422716666663,0.38312705,0.2411583469768678,0.13666666666666666,0,0.2777170168526696,0.9262862489770107,88,
43,nfunswv2,nfbotv2,rf,0.05,rethreshold_2s,105000,0.29639652256713256,0.5772766869001984,0.2411583469768678,0.5460189692489088,0.06436233611442194,0.31087422716666663,0.38312705,0.2411583469768678,0.13666666666666666,1,0.23764144202941712,,440,
43,nfunswv2,nfbotv2,rf,0.05,selector,105000,0.29639652256713256,0.5772766869001984,,0.5460189692489088,0.06436233611442194,0.31087422716666663,0.38312705,0.2411583469768678,0.13666666666666666,0,0.23764144202941712,0.9651192039585355,440,
43,nfunswv2,nfbotv2,rf,0.1,rethreshold_2s,210001,0.29639652256713256,0.5772766869001984,0.2411583469768678,0.5460189692489088,0.06436233611442194,0.31087422716666663,0.38312705,0.2411583469768678,0.13666666666666666,1,0.2590271069689192,,881,
43,nfunswv2,nfbotv2,rf,0.1,selector,210001,0.29639652256713256,0.5772766869001984,,0.5460189692489088,0.06436233611442194,0.31087422716666663,0.38312705,0.2411583469768678,0.13666666666666666,0,0.2590271069689192,0.9676383496854748,881,
43,nfunswv2,nfbotv2,rf,0.0001,acq_uncertainty,210,0.49894904562319464,0.9937119087536106,0.0,0.5,1.0,0.004195,0.004194999999999949,0.0,inf,,,,0,0
43,nfunswv2,nfbotv2,rf,0.0001,acq_hybrid,210,0.49894904562319464,0.9937119087536106,0.0,0.5,1.0,0.004195,0.004194999999999949,0.0,inf,,,,0,0
43,nfunswv2,nfbotv2,rf,0.001,acq_uncertainty,2100,0.49894904562319464,0.9937119087536106,0.0,0.5,1.0,0.004195,0.004194999999999949,0.0,inf,,,,0,0
43,nfunswv2,nfbotv2,rf,0.001,acq_hybrid,2100,0.550909019965988,0.9939231263692153,0.13079044975509213,0.6152137865462881,0.9356376638855781,0.004330773944444446,0.02182964999999976,0.49243557810656413,0.9133333333333333,,,,3,1
43,nfunswv2,nf2018v2,lgbm,0,zero_shot_2s,250002,0.44694374481002797,0.774674325285531,-0.1058606237455043,0.41708214713041425,0.11707557763636982,0.19179912196382004,0.142260207817635,0.5975678736425873,0.998992620561767,-1,,,,
43,nfunswv2,nf2018v2,lgbm,0.0001,rethreshold_2s,217,0.44694374481002797,0.774674325285531,0.5936226573933987,0.41708214713041425,0.11707557763636982,0.19179912196382004,0.142260207817635,0.05668448951164967,0.9898604296804467,-1,0.5950287821267569,,185,
43,nfunswv2,nf2018v2,lgbm,0.0001,selector,217,0.44694374481002797,0.774674325285531,,0.41708214713041425,0.11707557763636982,0.19179912196382004,0.142260207817635,0.05668448951164967,0.9898604296804467,0,0.5950287821267569,0.870595818484898,185,
43,nfunswv2,nf2018v2,lgbm,0.001,rethreshold_2s,2102,0.44694374481002797,0.774674325285531,0.5972423689878505,0.41708214713041425,0.11707557763636982,0.19179912196382004,0.142260207817635,0.05668448951164967,0.9898604296804467,-1,0.59966868296032,,1851,
43,nfunswv2,nf2018v2,lgbm,0.001,selector,2102,0.44694374481002797,0.774674325285531,,0.41708214713041425,0.11707557763636982,0.19179912196382004,0.142260207817635,0.05668448951164967,0.9898604296804467,0,0.59966868296032,0.9680228791841444,1851,
43,nfunswv2,nf2018v2,lgbm,0.01,rethreshold_2s,21001,0.44694374481002797,0.774674325285531,0.5972965004164605,0.41708214713041425,0.11707557763636982,0.19179912196382004,0.142260207817635,0.05668448951164967,0.9898604296804467,-1,0.596967531709197,,18514,
43,nfunswv2,nf2018v2,lgbm,0.01,selector,21001,0.44694374481002797,0.774674325285531,,0.41708214713041425,0.11707557763636982,0.19179912196382004,0.142260207817635,0.05668448951164967,0.9898604296804467,0,0.596967531709197,0.9742589339324438,18514,
43,nfunswv2,nf2018v2,lgbm,0.05,rethreshold_2s,105000,0.44694374481002797,0.774674325285531,0.5972093020501267,0.41708214713041425,0.11707557763636982,0.19179912196382004,0.142260207817635,0.05668448951164967,0.9898604296804467,-1,0.5998898751540425,,92569,
43,nfunswv2,nf2018v2,lgbm,0.05,selector,105000,0.44694374481002797,0.774674325285531,,0.41708214713041425,0.11707557763636982,0.19179912196382004,0.142260207817635,0.05668448951164967,0.9898604296804467,0,0.5998898751540425,0.9762556387914786,92569,
43,nfunswv2,nf2018v2,lgbm,0.1,rethreshold_2s,210000,0.44694374481002797,0.774674325285531,0.5973850786312048,0.41708214713041425,0.11707557763636982,0.19179912196382004,0.142260207817635,0.05668448951164967,0.9898604296804467,-1,0.5993110166527952,,185138,
43,nfunswv2,nf2018v2,lgbm,0.1,selector,210000,0.44694374481002797,0.774674325285531,,0.41708214713041425,0.11707557763636982,0.19179912196382004,0.142260207817635,0.05668448951164967,0.9898604296804467,0,0.5993110166527952,0.9755601251077106,185138,
43,nfunswv2,nf2018v2,lgbm,0.0001,acq_uncertainty,210,0.46853899442765923,0.8261331950887618,0.0,0.5,0.0,0.11839440802795986,0.11839440802795986,0.0,inf,,,,210,0
43,nfunswv2,nf2018v2,lgbm,0.0001,acq_hybrid,210,0.48272453943089294,0.8259180805926395,0.019762810693460406,0.48641037305755075,0.011501684418280192,0.12590016854391886,0.12610883375698723,0.08492228967860029,0.9972252425195565,,,,209,0
43,nfunswv2,nf2018v2,lgbm,0.001,acq_uncertainty,2100,0.4826792275835726,0.8258594009828324,0.0193120033898999,0.4966038675918929,0.011626456142738852,0.1261938201775871,0.12627684118856572,0.09703513318470257,0.9998068353892677,,,,2079,1
43,nfunswv2,nf2018v2,lgbm,0.001,acq_hybrid,2100,0.7062566806683014,0.895992919886955,0.519906639800738,0.8821105067378932,0.00013044316647950908,0.07784696787505846,0.07556893829461979,0.7264561857999748,0.00040279116685035797,,,,2080,1
43,nfunswv2,nftonv2,lgbm,0,zero_shot_2s,250002,0.22213013755584574,0.13365471677802168,-0.09649296916017014,0.4815608806441333,0.0455822780190504,0.7084267177765817,0.7108664826419829,0.16998091839815194,0.995469841771002,-1,,,,
43,nfunswv2,nftonv2,lgbm,0.0001,rethreshold_2s,213,0.22213013755584574,0.13365471677802168,0.14853200260586197,0.4815608806441333,0.0455822780190504,0.7084267177765817,0.7108664826419829,0.14976005434433165,0.00012633335503614473,1,0.22615630759741082,,58,
43,nfunswv2,nftonv2,lgbm,0.0001,selector,213,0.22213013755584574,0.13365471677802168,,0.4815608806441333,0.0455822780190504,0.7084267177765817,0.7108664826419829,0.14976005434433165,0.00012633335503614473,0,0.22615630759741082,0.8846918992235979,58,
43,nfunswv2,nftonv2,lgbm,0.001,rethreshold_2s,2100,0.22213013755584574,0.13365471677802168,0.16650721959569842,0.4815608806441333,0.0455822780190504,0.7084267177765817,0.7108664826419829,0.14976005434433165,0.00012633335503614473,-1,0.18113919705563072,,575,
43,nfunswv2,nftonv2,lgbm,0.001,selector,2100,0.22213013755584574,0.13365471677802168,,0.4815608806441333,0.0455822780190504,0.7084267177765817,0.7108664826419829,0.14976005434433165,0.00012633335503614473,0,0.18113919705563072,0.935283855498754,575,
43,nfunswv2,nftonv2,lgbm,0.01,rethreshold_2s,21000,0.22213013755584574,0.13365471677802168,0.16661133739906553,0.4815608806441333,0.0455822780190504,0.7084267177765817,0.7108664826419829,0.14976005434433165,0.00012633335503614473,-1,0.17520654695610755,,5754,
43,nfunswv2,nftonv2,lgbm,0.01,selector,21000,0.22213013755584574,0.13365471677802168,,0.4815608806441333,0.0455822780190504,0.7084267177765817,0.7108664826419829,0.14976005434433165,0.00012633335503614473,0,0.17520654695610755,0.9640920580753477,5754,
43,nfunswv2,nftonv2,lgbm,0.05,rethreshold_2s,105000,0.22213013755584574,0.13365471677802168,0.16997498753506132,0.4815608806441333,0.0455822780190504,0.7084267177765817,0.7108664826419829,0.14976005434433165,0.00012633335503614473,-1,0.16893925073046284,,28771,
43,nfunswv2,nftonv2,lgbm,0.05,selector,105000,0.22213013755584574,0.13365471677802168,,0.4815608806441333,0.0455822780190504,0.7084267177765817,0.7108664826419829,0.14976005434433165,0.00012633335503614473,0,0.16893925073046284,0.9784594157573592,28771,
43,nfunswv2,nftonv2,lgbm,0.1,rethreshold_2s,210000,0.22213013755584574,0.13365471677802168,0.16997498753506132,0.4815608806441333,0.0455822780190504,0.7084267177765817,0.7108664826419829,0.14976005434433165,0.00012633335503614473,-1,0.16710578171199078,,57542,
43,nfunswv2,nftonv2,lgbm,0.1,selector,210000,0.22213013755584574,0.13365471677802168,,0.4815608806441333,0.0455822780190504,0.7084267177765817,0.7108664826419829,0.14976005434433165,0.00012633335503614473,0,0.16710578171199078,0.9813186997527371,57542,
43,nfunswv2,nftonv2,lgbm,0.0001,acq_uncertainty,210,0.6490569912341974,0.7107748714952771,0.30470240787755376,0.6676227764261667,0.42868873398781066,0.26034789647964474,0.2356673435808063,0.44900177161641486,0.8901174343836374,,,,114,1
43,nfunswv2,nftonv2,lgbm,0.0001,acq_hybrid,210,0.5220797405900355,0.5899836173738894,0.06689742005150946,0.604140656684994,0.5347797525637751,0.40103321338322157,0.39417810031380174,0.36114308925142846,0.9913297645014356,,,,113,1
43,nfunswv2,nftonv2,lgbm,0.001,acq_uncertainty,2100,0.6378215137577522,0.6599640234000557,0.42281841537493586,0.7882442025028245,0.07087332579102952,0.3404279390069859,0.33307422226795896,0.47795372466464686,0.0007693944454775413,,,,1143,1
43,nfunswv2,nftonv2,lgbm,0.001,acq_hybrid,2100,0.7388239478961154,0.7683726891097393,0.5481496134909837,0.8945928334490978,0.07873800226269115,0.2338039778576829,0.2252841827040255,0.6856015236820854,7.907893136545742e-05,,,,963,3
43,nfunswv2,nfbotv2,lgbm,0,zero_shot_2s,250002,0.2503827516185633,0.4911987107120486,-0.009007101278766277,0.5214165341653092,0.3933253873659118,0.46658978914624566,0.45313468595213624,0.20514703600334394,0.01614019173127557,1,,,,
43,nfunswv2,nfbotv2,lgbm,0.0001,rethreshold_2s,211,0.2503827516185633,0.4911987107120486,-4.8802601561645635e-05,0.5214165341653092,0.3933253873659118,0.46658978914624566,0.45313468595213624,0.20514703600334394,0.01614019173127557,-1,0.08319479070496523,,1,
43,nfunswv2,nfbotv2,lgbm,0.0001,selector,211,0.2503827516185633,0.4911987107120486,,0.5214165341653092,0.3933253873659118,0.46658978914624566,0.45313468595213624,0.20514703600334394,0.01614019173127557,1,0.08319479070496523,0.0,1,
43,nfunswv2,nfbotv2,lgbm,0.001,rethreshold_2s,2101,0.2503827516185633,0.4911987107120486,0.20514703600334394,0.5214165341653092,0.3933253873659118,0.46658978914624566,0.45313468595213624,0.20514703600334394,0.01614019173127557,1,0.21319745924066447,,9,
43,nfunswv2,nfbotv2,lgbm,0.001,selector,2101,0.2503827516185633,0.4911987107120486,,0.5214165341653092,0.3933253873659118,0.46658978914624566,0.45313468595213624,0.20514703600334394,0.01614019173127557,0,0.21319745924066447,0.8772746046837404,9,
43,nfunswv2,nfbotv2,lgbm,0.01,rethreshold_2s,21000,0.2503827516185633,0.4911987107120486,0.20483732485486653,0.5214165341653092,0.3933253873659118,0.46658978914624566,0.45313468595213624,0.20514703600334394,0.01614019173127557,1,0.19443694450116375,,88,
43,nfunswv2,nfbotv2,lgbm,0.01,selector,21000,0.2503827516185633,0.4911987107120486,,0.5214165341653092,0.3933253873659118,0.46658978914624566,0.45313468595213624,0.20514703600334394,0.01614019173127557,0,0.19443694450116375,0.8836370245514322,88,
43,nfunswv2,nfbotv2,lgbm,0.05,rethreshold_2s,105000,0.2503827516185633,0.4911987107120486,0.20483732485486653,0.5214165341653092,0.3933253873659118,0.46658978914624566,0.45313468595213624,0.20514703600334394,0.01614019173127557,1,0.19199969116057988,,440,
43,nfunswv2,nfbotv2,lgbm,0.05,selector,105000,0.2503827516185633,0.4911987107120486,,0.5214165341653092,0.3933253873659118,0.46658978914624566,0.45313468595213624,0.20514703600334394,0.01614019173127557,0,0.19199969116057988,0.6922850798115731,440,
43,nfunswv2,nfbotv2,lgbm,0.1,rethreshold_2s,210001,0.2503827516185633,0.4911987107120486,0.20483732485486653,0.5214165341653092,0.3933253873659118,0.46658978914624566,0.45313468595213624,0.20514703600334394,0.01614019173127557,1,0.20176170964273724,,881,
43,nfunswv2,nfbotv2,lgbm,0.1,selector,210001,0.2503827516185633,0.4911987107120486,,0.5214165341653092,0.3933253873659118,0.46658978914624566,0.45313468595213624,0.20514703600334394,0.01614019173127557,0,0.20176170964273724,0.436121574129168,881,
43,nfunswv2,nfbotv2,lgbm,0.0001,acq_uncertainty,210,0.49894904562319464,0.9937119087536106,0.0,0.5,1.0,0.004195,0.004194999999999949,0.0,inf,,,,0,0
43,nfunswv2,nfbotv2,lgbm,0.0001,acq_hybrid,210,0.49894904562319464,0.9937119087536106,0.0,0.5,1.0,0.004195,0.004194999999999949,0.0,inf,,,,0,0
43,nfunswv2,nfbotv2,lgbm,0.001,acq_uncertainty,2100,0.5111508605155961,0.9675262731194282,0.08614299827953704,0.5072417953487341,0.6448152562574494,0.05112125912665953,0.053134682311950315,0.0948148793540352,0.9969965630306133,,,,1,0
43,nfunswv2,nfbotv2,lgbm,0.001,acq_hybrid,2100,0.5364559590547213,0.9633213827454471,0.21627729724956865,0.5340824721930362,0.09892729439809297,0.06370040952059293,0.06373476910372422,0.23145694528961408,0.00034522786567491763,,,,4,0
43,nfunswv2,nf2018v2,mlp,0,zero_shot_2s,250002,0.41012877444725065,0.7169833004339771,-0.173289670038414,0.45595954481743817,0.2254057916765917,0.2693976700065118,0.2838477305229134,0.28058418514688827,0.9999999392394598,-1,,,,
43,nfunswv2,nf2018v2,mlp,0.0001,rethreshold_2s,217,0.41012877444725065,0.7169833004339771,0.2767760618253302,0.45595954481743817,0.2254057916765917,0.2693976700065118,0.2838477305229134,0.13967775907268223,7.330051725228145e-47,-1,0.34656664041829005,,185,
43,nfunswv2,nf2018v2,mlp,0.0001,selector,217,0.41012877444725065,0.7169833004339771,,0.45595954481743817,0.2254057916765917,0.2693976700065118,0.2838477305229134,0.13967775907268223,7.330051725228145e-47,0,0.34656664041829005,0.8284915107680687,185,
43,nfunswv2,nf2018v2,mlp,0.001,rethreshold_2s,2102,0.41012877444725065,0.7169833004339771,0.2796948211585628,0.45595954481743817,0.2254057916765917,0.2693976700065118,0.2838477305229134,0.13967775907268223,7.330051725228145e-47,-1,0.29924466868395305,,1851,
43,nfunswv2,nf2018v2,mlp,0.001,selector,2102,0.41012877444725065,0.7169833004339771,,0.45595954481743817,0.2254057916765917,0.2693976700065118,0.2838477305229134,0.13967775907268223,7.330051725228145e-47,0,0.29924466868395305,0.9204930171285198,1851,
43,nfunswv2,nf2018v2,mlp,0.01,rethreshold_2s,21001,0.41012877444725065,0.7169833004339771,0.28048554672630477,0.45595954481743817,0.2254057916765917,0.2693976700065118,0.2838477305229134,0.13967775907268223,7.330051725228145e-47,-1,0.28268329191456143,,18514,
43,nfunswv2,nf2018v2,mlp,0.01,selector,21001,0.41012877444725065,0.7169833004339771,,0.45595954481743817,0.2254057916765917,0.2693976700065118,0.2838477305229134,0.13967775907268223,7.330051725228145e-47,0,0.28268329191456143,0.9500523525487717,18514,
43,nfunswv2,nf2018v2,mlp,0.05,rethreshold_2s,105000,0.41012877444725065,0.7169833004339771,0.2804068722643354,0.45595954481743817,0.2254057916765917,0.2693976700065118,0.2838477305229134,0.13967775907268223,7.330051725228145e-47,-1,0.28271806362072655,,92569,
43,nfunswv2,nf2018v2,mlp,0.05,selector,105000,0.41012877444725065,0.7169833004339771,,0.45595954481743817,0.2254057916765917,0.2693976700065118,0.2838477305229134,0.13967775907268223,7.330051725228145e-47,0,0.28271806362072655,0.9678063017348117,92569,
43,nfunswv2,nf2018v2,mlp,0.1,rethreshold_2s,210000,0.41012877444725065,0.7169833004339771,0.28043324781389,0.45595954481743817,0.2254057916765917,0.2693976700065118,0.2838477305229134,0.13967775907268223,7.330051725228145e-47,-1,0.28208763422106903,,185138,
43,nfunswv2,nf2018v2,mlp,0.1,selector,210000,0.41012877444725065,0.7169833004339771,,0.45595954481743817,0.2254057916765917,0.2693976700065118,0.2838477305229134,0.13967775907268223,7.330051725228145e-47,0,0.28208763422106903,0.9705742574259383,185138,
43,nfunswv2,nf2018v2,mlp,0.0001,acq_uncertainty,210,0.4717938708245306,0.8267041885994354,0.023004470734936198,0.44580549801839225,0.0009301164914191082,0.1188089760319482,0.11767996619365384,0.11294659085806139,2.1152175082387632e-23,,,,204,1
43,nfunswv2,nf2018v2,mlp,0.0001,acq_hybrid,210,0.4733210637030215,0.819933684384542,-0.02174278914436485,0.45841484603718696,0.020411519833032746,0.1257549714319331,0.11927125646409946,0.09386418872844046,2.0558701509791587e-21,,,,205,1
43,nfunswv2,nf2018v2,mlp,0.001,acq_uncertainty,2100,0.4827338508164875,0.8242039153984096,0.010008182738636193,0.4705802746538226,0.016180624085479975,0.12253546591003991,0.11748159036059103,0.13209212472618512,0.0456366406079048,,,,2053,1
43,nfunswv2,nf2018v2,mlp,0.001,acq_hybrid,2100,0.41053393243324227,0.6357305403203032,-0.1037515965333538,0.53630817014611,0.3995077188325904,0.36493126685038046,0.39094271219764626,0.3622335239215006,0.9726788062979005,,,,2024,1
43,nfunswv2,nftonv2,mlp,0,zero_shot_2s,250002,0.2170584093103514,0.12252993347910311,-0.056897736601599906,0.5321413284401393,0.014543264844348746,0.7034427996625858,0.7092331414941396,0.23288360530054927,0.0030026489510483665,1,,,,
43,nfunswv2,nftonv2,mlp,0.0001,rethreshold_2s,213,0.2170584093103514,0.12252993347910311,0.22539534732593544,0.5321413284401393,0.014543264844348746,0.7034427996625858,0.7092331414941396,0.23288360530054927,0.0030026489510483665,1,0.2354543910679902,,58,
43,nfunswv2,nftonv2,mlp,0.0001,selector,213,0.2170584093103514,0.12252993347910311,,0.5321413284401393,0.014543264844348746,0.7034427996625858,0.7092331414941396,0.23288360530054927,0.0030026489510483665,0,0.2354543910679902,0.7354496044018065,58,
43,nfunswv2,nftonv2,mlp,0.001,rethreshold_2s,2100,0.2170584093103514,0.12252993347910311,0.2242616194979167,0.5321413284401393,0.014543264844348746,0.7034427996625858,0.7092331414941396,0.23288360530054927,0.0030026489510483665,1,0.2295396626041215,,575,
43,nfunswv2,nftonv2,mlp,0.001,selector,2100,0.2170584093103514,0.12252993347910311,,0.5321413284401393,0.014543264844348746,0.7034427996625858,0.7092331414941396,0.23288360530054927,0.0030026489510483665,0,0.2295396626041215,0.9181413422571961,575,
43,nfunswv2,nftonv2,mlp,0.01,rethreshold_2s,21000,0.2170584093103514,0.12252993347910311,0.23140312219090256,0.5321413284401393,0.014543264844348746,0.7034427996625858,0.7092331414941396,0.23288360530054927,0.0030026489510483665,1,0.23122224218756154,,5754,
43,nfunswv2,nftonv2,mlp,0.01,selector,21000,0.2170584093103514,0.12252993347910311,,0.5321413284401393,0.014543264844348746,0.7034427996625858,0.7092331414941396,0.23288360530054927,0.0030026489510483665,0,0.23122224218756154,0.9208127028877388,5754,
43,nfunswv2,nftonv2,mlp,0.05,rethreshold_2s,105000,0.2170584093103514,0.12252993347910311,0.2322592304272881,0.5321413284401393,0.014543264844348746,0.7034427996625858,0.7092331414941396,0.23288360530054927,0.0030026489510483665,1,0.22968473314233906,,28771,
43,nfunswv2,nftonv2,mlp,0.05,selector,105000,0.2170584093103514,0.12252993347910311,,0.5321413284401393,0.014543264844348746,0.7034427996625858,0.7092331414941396,0.23288360530054927,0.0030026489510483665,0,0.22968473314233906,0.9421857413082103,28771,
43,nfunswv2,nftonv2,mlp,0.1,rethreshold_2s,210000,0.2170584093103514,0.12252993347910311,0.2323741681454537,0.5321413284401393,0.014543264844348746,0.7034427996625858,0.7092331414941396,0.23288360530054927,0.0030026489510483665,1,0.23032472141446925,,57542,
43,nfunswv2,nftonv2,mlp,0.1,selector,210000,0.2170584093103514,0.12252993347910311,,0.5321413284401393,0.014543264844348746,0.7034427996625858,0.7092331414941396,0.23288360530054927,0.0030026489510483665,0,0.23032472141446925,0.9485076335111855,57542,
43,nfunswv2,nftonv2,mlp,0.0001,acq_uncertainty,210,0.4549878250098401,0.5164999733330206,-0.04881937527978908,0.5706042491136557,0.5634100945220978,0.34272083308388135,0.33608478378089396,0.21304413072181294,0.8593994186488176,,,,52,1
43,nfunswv2,nftonv2,mlp,0.0001,acq_hybrid,210,0.4925742557608941,0.5822439721250167,-0.01052268154700421,0.6032330108764559,0.6730776249042005,0.31854614560170785,0.26983904699627337,0.31238020205314904,0.013603401386111207,,,,103,1
43,nfunswv2,nftonv2,mlp,0.001,acq_uncertainty,2100,0.5679613816355413,0.6783196956265336,0.16068627512212086,0.5640823411913066,0.7430750702529105,0.2719988438966843,0.2412834214187119,0.3062585655675473,0.0027720186757215796,,,,1056,2
43,nfunswv2,nftonv2,mlp,0.001,acq_hybrid,2100,0.691688245675023,0.743992099377394,0.3937945276503948,0.7244621043754395,0.3434911134630123,0.2230056104241778,0.19163872203882404,0.41563031425169544,0.6562630287157328,,,,644,2
43,nfunswv2,nfbotv2,mlp,0,zero_shot_2s,250002,0.011171394719062543,0.014063965102246305,-0.0091897756412218,0.49768042177917454,0.01907032181168057,0.9867165405452718,0.9868441970735198,0.28440536249073317,1.8915230568021665e-52,1,,,,
43,nfunswv2,nfbotv2,mlp,0.0001,rethreshold_2s,211,0.011171394719062543,0.014063965102246305,0.14411859038194114,0.49768042177917454,0.01907032181168057,0.9867165405452718,0.9868441970735198,0.28440536249073317,1.8915230568021665e-52,1,0.5745944049142231,,1,
43,nfunswv2,nfbotv2,mlp,0.0001,selector,211,0.011171394719062543,0.014063965102246305,,0.49768042177917454,0.01907032181168057,0.9867165405452718,0.9868441970735198,0.28440536249073317,1.8915230568021665e-52,1,0.5745944049142231,0.0,1,
43,nfunswv2,nfbotv2,mlp,0.001,rethreshold_2s,2101,0.011171394719062543,0.014063965102246305,0.25026095827814754,0.49768042177917454,0.01907032181168057,0.9867165405452718,0.9868441970735198,0.28440536249073317,1.8915230568021665e-52,1,0.5765241057291646,,9,
43,nfunswv2,nfbotv2,mlp,0.001,selector,2101,0.011171394719062543,0.014063965102246305,,0.49768042177917454,0.01907032181168057,0.9867165405452718,0.9868441970735198,0.28440536249073317,1.8915230568021665e-52,0,0.5765241057291646,0.7526134367266649,9,
43,nfunswv2,nfbotv2,mlp,0.01,rethreshold_2s,21000,0.011171394719062543,0.014063965102246305,0.276717789832711,0.49768042177917454,0.01907032181168057,0.9867165405452718,0.9868441970735198,0.28440536249073317,1.8915230568021665e-52,1,0.3377589064742295,,88,
43,nfunswv2,nfbotv2,mlp,0.01,selector,21000,0.011171394719062543,0.014063965102246305,,0.49768042177917454,0.01907032181168057,0.9867165405452718,0.9868441970735198,0.28440536249073317,1.8915230568021665e-52,0,0.3377589064742295,0.7166043607084261,88,
43,nfunswv2,nfbotv2,mlp,0.05,rethreshold_2s,105000,0.011171394719062543,0.014063965102246305,0.276717789832711,0.49768042177917454,0.01907032181168057,0.9867165405452718,0.9868441970735198,0.28440536249073317,1.8915230568021665e-52,1,0.30074326595675316,,440,
43,nfunswv2,nfbotv2,mlp,0.05,selector,105000,0.011171394719062543,0.014063965102246305,,0.49768042177917454,0.01907032181168057,0.9867165405452718,0.9868441970735198,0.28440536249073317,1.8915230568021665e-52,0,0.30074326595675316,0.8211142557175419,440,
43,nfunswv2,nfbotv2,mlp,0.1,rethreshold_2s,210001,0.011171394719062543,0.014063965102246305,0.28440536249073317,0.49768042177917454,0.01907032181168057,0.9867165405452718,0.9868441970735198,0.28440536249073317,1.8915230568021665e-52,1,0.2939450185819081,,881,
43,nfunswv2,nfbotv2,mlp,0.1,selector,210001,0.011171394719062543,0.014063965102246305,,0.49768042177917454,0.01907032181168057,0.9867165405452718,0.9868441970735198,0.28440536249073317,1.8915230568021665e-52,0,0.2939450185819081,0.9298545339985956,881,
43,nfunswv2,nfbotv2,mlp,0.0001,acq_uncertainty,210,0.49894904562319464,0.9937119087536106,0.0,0.5,1.0,0.004195,0.004194999999999949,0.0,inf,,,,0,0
43,nfunswv2,nfbotv2,mlp,0.0001,acq_hybrid,210,0.5246508282033678,0.9842254388375336,0.07345411669324153,0.5258497500543774,0.8176400476758046,0.016960326276338936,0.017339243496981273,0.20957873219827067,0.001678464655214606,,,,9,0
43,nfunswv2,nfbotv2,mlp,0.001,acq_uncertainty,2100,0.5438420707773929,0.9905978583051013,0.09319377450943984,0.5558250529297103,0.8629320619785459,0.00792671540063058,0.0053702342874359385,0.28391340439450435,0.15403204944567667,,,,35,1
43,nfunswv2,nfbotv2,mlp,0.001,acq_hybrid,2100,0.877694628451517,0.9981030730650334,0.766453845267429,0.8518555999655442,0.3528009535160906,0.0016371950852430387,0.0012406121721334601,0.7765640955475654,0.6202861896925935,,,,59,2
43,nftonv2,nf2018v2,rf,0,zero_shot_2s,250001,0.5694796449920014,0.8152908660039256,0.13973410099776581,0.5368823741580714,0.11608307528272138,0.16259955022447112,0.13370839812467605,0.2084563334484817,0.17666666666666667,1,,,,
43,nftonv2,nf2018v2,rf,0.0001,rethreshold_2s,217,0.5694796449920014,0.8152908660039256,0.1682599308937495,0.5368823741580714,0.11608307528272138,0.16259955022447112,0.13370839812467605,0.2084563334484817,0.17666666666666667,1,0.259507906010305,,185,
43,nftonv2,nf2018v2,rf,0.0001,selector,217,0.5694796449920014,0.8152908660039256,,0.5368823741580714,0.11608307528272138,0.16259955022447112,0.13370839812467605,0.2084563334484817,0.17666666666666667,0,0.259507906010305,0.9054221850479712,185,
43,nftonv2,nf2018v2,rf,0.001,rethreshold_2s,2102,0.5694796449920014,0.8152908660039256,0.2084563334484817,0.5368823741580714,0.11608307528272138,0.16259955022447112,0.13370839812467605,0.2084563334484817,0.17666666666666667,1,0.20654857603858545,,1851,
43,nftonv2,nf2018v2,rf,0.001,selector,2102,0.5694796449920014,0.8152908660039256,,0.5368823741580714,0.11608307528272138,0.16259955022447112,0.13370839812467605,0.2084563334484817,0.17666666666666667,0,0.20654857603858545,0.9680342007118181,1851,
43,nftonv2,nf2018v2,rf,0.01,rethreshold_2s,21001,0.5694796449920014,0.8152908660039256,0.2084563334484817,0.5368823741580714,0.11608307528272138,0.16259955022447112,0.13370839812467605,0.2084563334484817,0.17666666666666667,1,0.2059199233927984,,18514,
43,nftonv2,nf2018v2,rf,0.01,selector,21001,0.5694796449920014,0.8152908660039256,,0.5368823741580714,0.11608307528272138,0.16259955022447112,0.13370839812467605,0.2084563334484817,0.17666666666666667,0,0.2059199233927984,0.9749568880425712,18514,
43,nftonv2,nf2018v2,rf,0.05,rethreshold_2s,105000,0.5694796449920014,0.8152908660039256,0.2084563334484817,0.5368823741580714,0.11608307528272138,0.16259955022447112,0.13370839812467605,0.2084563334484817,0.17666666666666667,1,0.20783834687781064,,92569,
43,nftonv2,nf2018v2,rf,0.05,selector,105000,0.5694796449920014,0.8152908660039256,,0.5368823741580714,0.11608307528272138,0.16259955022447112,0.13370839812467605,0.2084563334484817,0.17666666666666667,0,0.20783834687781064,0.9754216769743044,92569,
43,nftonv2,nf2018v2,rf,0.1,rethreshold_2s,210000,0.5694796449920014,0.8152908660039256,0.2084563334484817,0.5368823741580714,0.11608307528272138,0.16259955022447112,0.13370839812467605,0.2084563334484817,0.17666666666666667,1,0.2082772400575166,,185138,
43,nftonv2,nf2018v2,rf,0.1,selector,210000,0.5694796449920014,0.8152908660039256,,0.5368823741580714,0.11608307528272138,0.16259955022447112,0.13370839812467605,0.2084563334484817,0.17666666666666667,0,0.2082772400575166,0.9760028448064021,185138,
43,nftonv2,nf2018v2,rf,0.0001,acq_uncertainty,210,0.46853899442765923,0.8261331950887618,0.0,0.5,0.0,0.11839440802795986,0.11839440802795986,0.0,inf,,,,210,0
43,nftonv2,nf2018v2,rf,0.0001,acq_hybrid,210,0.5158794188213103,0.8394812412220319,0.20477547612497884,0.66259315052589,9.641451435441975e-05,0.0982238833805831,0.12400599663668344,0.4211170851507573,0.3566666666666667,,,,208,1
43,nftonv2,nf2018v2,rf,0.001,acq_uncertainty,2100,0.6453158493147086,0.8768935489358046,0.41938243711782763,0.8058433983140356,0.0016106895339208947,0.07214469510985777,0.0727014198262342,0.5700645444385024,0.33666666666666667,,,,2081,1
43,nftonv2,nf2018v2,rf,0.001,acq_hybrid,2100,0.9655203218122375,0.9857392998881713,0.9313365966476844,0.9714171644589156,0.005104297818763399,0.03166828754745116,0.08805632638503473,0.9421155533903346,0.5666666666666667,,,,1947,1
43,nftonv2,nfunswv2,rf,0,zero_shot_2s,250001,0.5111653726654848,0.9078602167187194,0.0343887390455592,0.49480763091278146,0.08245601272071586,0.11426684533333333,0.1716244333333333,0.1568366149699453,0.9533333333333334,-1,,,,
43,nftonv2,nfunswv2,rf,0.0001,rethreshold_2s,144,0.5111653726654848,0.9078602167187194,0.09087962414402595,0.49480763091278146,0.08245601272071586,0.11426684533333333,0.1716244333333333,0.09714195225953896,0.36,-1,0.24776119402985075,,134,
43,nftonv2,nfunswv2,rf,0.0001,selector,144,0.5111653726654848,0.9078602167187194,,0.49480763091278146,0.08245601272071586,0.11426684533333333,0.1716244333333333,0.09714195225953896,0.36,0,0.24776119402985075,0.7159003795039401,134,
43,nftonv2,nfunswv2,rf,0.001,rethreshold_2s,1392,0.5111653726654848,0.9078602167187194,0.15510347749288195,0.49480763091278146,0.08245601272071586,0.11426684533333333,0.1716244333333333,0.09714195225953896,0.36,-1,0.18881599195234083,,1338,
43,nftonv2,nfunswv2,rf,0.001,selector,1392,0.5111653726654848,0.9078602167187194,,0.49480763091278146,0.08245601272071586,0.11426684533333333,0.1716244333333333,0.09714195225953896,0.36,0,0.18881599195234083,0.9564183055663992,1338,
43,nftonv2,nfunswv2,rf,0.01,rethreshold_2s,13907,0.5111653726654848,0.9078602167187194,0.15510347749288195,0.49480763091278146,0.08245601272071586,0.11426684533333333,0.1716244333333333,0.09714195225953896,0.36,-1,0.17553086205577698,,13382,
43,nftonv2,nfunswv2,rf,0.01,selector,13907,0.5111653726654848,0.9078602167187194,,0.49480763091278146,0.08245601272071586,0.11426684533333333,0.1716244333333333,0.09714195225953896,0.36,0,0.17553086205577698,0.9401333938732249,13382,
43,nftonv2,nfunswv2,rf,0.05,rethreshold_2s,69537,0.5111653726654848,0.9078602167187194,0.15510347749288195,0.49480763091278146,0.08245601272071586,0.11426684533333333,0.1716244333333333,0.09714195225953896,0.36,-1,0.1741157460126645,,66908,
43,nftonv2,nfunswv2,rf,0.05,selector,69537,0.5111653726654848,0.9078602167187194,,0.49480763091278146,0.08245601272071586,0.11426684533333333,0.1716244333333333,0.09714195225953896,0.36,0,0.1741157460126645,0.9454109534401223,66908,
43,nftonv2,nfunswv2,rf,0.1,rethreshold_2s,139072,0.5111653726654848,0.9078602167187194,0.1568366149699453,0.49480763091278146,0.08245601272071586,0.11426684533333333,0.1716244333333333,0.09714195225953896,0.36,-1,0.16431694221407084,,133817,
43,nftonv2,nfunswv2,rf,0.1,selector,139072,0.5111653726654848,0.9078602167187194,,0.49480763091278146,0.08245601272071586,0.11426684533333333,0.1716244333333333,0.09714195225953896,0.36,0,0.16431694221407084,0.9480552484545295,133817,
43,nftonv2,nfunswv2,rf,0.0001,acq_uncertainty,139,0.8806140406869876,0.9827752000534403,0.7613497373317827,0.8494460557914896,0.008220658691969529,0.10360372366666666,0.2748153,0.7844494799773398,0.44666666666666666,,,,123,1
43,nftonv2,nfunswv2,rf,0.0001,acq_hybrid,139,0.9141602082323865,0.9872795241032833,0.8289705019180639,0.9258902157364512,0.00827262240051548,0.037323407888888896,0.16062733333333332,0.8970417088143571,0.39666666666666667,,,,96,1
43,nftonv2,nfunswv2,rf,0.001,acq_uncertainty,1391,0.9158960479707283,0.9876510443516904,0.8319639478169122,0.9364472216483428,0.007254133713014831,0.025252225333333336,0.12412069999999997,0.897739475915927,0.25333333333333335,,,,1267,1
43,nftonv2,nfunswv2,rf,0.001,acq_hybrid,1391,0.9278408263931579,0.9896820531110647,0.8563027373144795,0.959319628756729,0.003886885399237173,0.009499351611111113,0.027996483333333273,0.9221352404746496,0.2866666666666667,,,,910,1
43,nftonv2,nfbotv2,rf,0,zero_shot_2s,250001,0.037734835222979726,0.06675657760473444,0.004671397242166616,0.5144694704850781,0.021454112038140644,0.5648071915555556,0.7264417666666669,0.1437175002842556,0.03,1,,,,
43,nftonv2,nfbotv2,rf,0.0001,rethreshold_2s,211,0.037734835222979726,0.06675657760473444,-0.009137998975839605,0.5144694704850781,0.021454112038140644,0.5648071915555556,0.7264417666666669,0.1437175002842556,0.03,-1,0.10116591114513405,,1,
43,nftonv2,nfbotv2,rf,0.0001,selector,211,0.037734835222979726,0.06675657760473444,,0.5144694704850781,0.021454112038140644,0.5648071915555556,0.7264417666666669,0.1437175002842556,0.03,1,0.10116591114513405,0.0,1,
43,nftonv2,nfbotv2,rf,0.001,rethreshold_2s,2101,0.037734835222979726,0.06675657760473444,0.08113119339117328,0.5144694704850781,0.021454112038140644,0.5648071915555556,0.7264417666666669,0.1437175002842556,0.03,1,0.06544173084192569,,9,
43,nftonv2,nfbotv2,rf,0.001,selector,2101,0.037734835222979726,0.06675657760473444,,0.5144694704850781,0.021454112038140644,0.5648071915555556,0.7264417666666669,0.1437175002842556,0.03,0,0.06544173084192569,0.7974787938231138,9,
43,nftonv2,nfbotv2,rf,0.01,rethreshold_2s,21000,0.037734835222979726,0.06675657760473444,0.1437175002842556,0.5144694704850781,0.021454112038140644,0.5648071915555556,0.7264417666666669,0.1437175002842556,0.03,1,0.21277380626875764,,88,
43,nftonv2,nfbotv2,rf,0.01,selector,21000,0.037734835222979726,0.06675657760473444,,0.5144694704850781,0.021454112038140644,0.5648071915555556,0.7264417666666669,0.1437175002842556,0.03,0,0.21277380626875764,0.9262862489770107,88,
43,nftonv2,nfbotv2,rf,0.05,rethreshold_2s,105000,0.037734835222979726,0.06675657760473444,0.09192315471003125,0.5144694704850781,0.021454112038140644,0.5648071915555556,0.7264417666666669,0.1437175002842556,0.03,-1,0.14272553106682428,,440,
43,nftonv2,nfbotv2,rf,0.05,selector,105000,0.037734835222979726,0.06675657760473444,,0.5144694704850781,0.021454112038140644,0.5648071915555556,0.7264417666666669,0.1437175002842556,0.03,0,0.14272553106682428,0.9651192039585355,440,
43,nftonv2,nfbotv2,rf,0.1,rethreshold_2s,210001,0.037734835222979726,0.06675657760473444,0.11038779102564715,0.5144694704850781,0.021454112038140644,0.5648071915555556,0.7264417666666669,0.1437175002842556,0.03,-1,0.13833204920937156,,881,
43,nftonv2,nfbotv2,rf,0.1,selector,210001,0.037734835222979726,0.06675657760473444,,0.5144694704850781,0.021454112038140644,0.5648071915555556,0.7264417666666669,0.1437175002842556,0.03,0,0.13833204920937156,0.9676383496854748,881,
43,nftonv2,nfbotv2,rf,0.0001,acq_uncertainty,210,0.49894904562319464,0.9937119087536106,0.0,0.5,1.0,0.004195,0.004194999999999949,0.0,inf,,,,0,0
43,nftonv2,nfbotv2,rf,0.0001,acq_hybrid,210,0.49894904562319464,0.9937119087536106,0.0,0.5128466824682483,1.0,0.009048401666666664,0.053101533333333235,0.1405655267621955,0.7433333333333333,,,,1,1
43,nftonv2,nfbotv2,rf,0.001,acq_uncertainty,2100,0.49894904562319464,0.9937119087536106,0.0,0.5377960572586662,1.0,0.01616222205555555,0.07985975000000001,0.25753635221257576,0.7866666666666666,,,,5,1
43,nftonv2,nfbotv2,rf,0.001,acq_hybrid,2100,0.5233939015394726,0.9939690631287501,0.15788418146343913,0.5485168681940167,0.9749702026221693,0.03445758305555555,0.12517644999999988,0.26676100178244605,0.6933333333333334,,,,5,1
43,nftonv2,nf2018v2,lgbm,0,zero_shot_2s,250001,0.4844497104824213,0.7281936737209402,0.00263280135672583,0.45216658453899766,0.261714363494062,0.27083579957639337,0.2300746730228795,0.45270240758310215,0.999787916924555,-1,,,,
43,nftonv2,nf2018v2,lgbm,0.0001,rethreshold_2s,217,0.4844497104824213,0.7281936737209402,0.4260386238280439,0.45216658453899766,0.261714363494062,0.27083579957639337,0.2300746730228795,0.0799351113074324,0.9971360512476242,-1,0.5377689517306159,,185,
43,nftonv2,nf2018v2,lgbm,0.0001,selector,217,0.4844497104824213,0.7281936737209402,,0.45216658453899766,0.261714363494062,0.27083579957639337,0.2300746730228795,0.0799351113074324,0.9971360512476242,0,0.5377689517306159,0.870595818484898,185,
43,nftonv2,nf2018v2,lgbm,0.001,rethreshold_2s,2102,0.4844497104824213,0.7281936737209402,0.45066749573645226,0.45216658453899766,0.261714363494062,0.27083579957639337,0.2300746730228795,0.0799351113074324,0.9971360512476242,-1,0.46079899663336077,,1851,
43,nftonv2,nf2018v2,lgbm,0.001,selector,2102,0.4844497104824213,0.7281936737209402,,0.45216658453899766,0.261714363494062,0.27083579957639337,0.2300746730228795,0.0799351113074324,0.9971360512476242,0,0.46079899663336077,0.9680228791841444,1851,
43,nftonv2,nf2018v2,lgbm,0.01,rethreshold_2s,21001,0.4844497104824213,0.7281936737209402,0.4526085226100936,0.45216658453899766,0.261714363494062,0.27083579957639337,0.2300746730228795,0.0799351113074324,0.9971360512476242,-1,0.44525784298316146,,18514,
43,nftonv2,nf2018v2,lgbm,0.01,selector,21001,0.4844497104824213,0.7281936737209402,,0.45216658453899766,0.261714363494062,0.27083579957639337,0.2300746730228795,0.0799351113074324,0.9971360512476242,0,0.44525784298316146,0.9742589339324438,18514,
43,nftonv2,nf2018v2,lgbm,0.05,rethreshold_2s,105000,0.4844497104824213,0.7281936737209402,0.45270240758310215,0.45216658453899766,0.261714363494062,0.27083579957639337,0.2300746730228795,0.0799351113074324,0.9971360512476242,-1,0.4548045133400853,,92569,
43,nftonv2,nf2018v2,lgbm,0.05,selector,105000,0.4844497104824213,0.7281936737209402,,0.45216658453899766,0.261714363494062,0.27083579957639337,0.2300746730228795,0.0799351113074324,0.9971360512476242,0,0.4548045133400853,0.9762556387914786,92569,
43,nftonv2,nf2018v2,lgbm,0.1,rethreshold_2s,210000,0.4844497104824213,0.7281936737209402,0.45270240758310215,0.45216658453899766,0.261714363494062,0.27083579957639337,0.2300746730228795,0.0799351113074324,0.9971360512476242,-1,0.45405624696316566,,185138,
43,nftonv2,nf2018v2,lgbm,0.1,selector,210000,0.4844497104824213,0.7281936737209402,,0.45216658453899766,0.261714363494062,0.27083579957639337,0.2300746730228795,0.0799351113074324,0.9971360512476242,0,0.45405624696316566,0.9755601251077106,185138,
43,nftonv2,nf2018v2,lgbm,0.0001,acq_uncertainty,210,0.4575471697682996,0.7960037172117725,-0.07965703722035006,0.4978858774014531,0.07123898322387451,0.16534776382540084,0.17678408028119127,0.15902032878923872,1.2023649414385603e-06,,,,209,0
43,nftonv2,nf2018v2,lgbm,0.0001,acq_hybrid,210,0.7582595724925738,0.9121577195926974,0.5901426648317564,0.9036787681329076,0.0014802463674413856,0.06792474274789735,0.06775086844711056,0.72744695951497,8.653983543403152e-05,,,,204,0
43,nftonv2,nf2018v2,lgbm,0.001,acq_uncertainty,2100,0.6711965731416745,0.8849040131861186,0.4622028069761413,0.8806522846505598,0.0011059311940654032,0.08797179579026648,0.08814444955989509,0.6845337156706273,3.92771946337539e-05,,,,2060,1
43,nftonv2,nf2018v2,lgbm,0.001,acq_hybrid,2100,0.6676075842887057,0.8840421848282888,0.46226226232900686,0.9176135243282213,0.00028357210104241104,0.08770289017551411,0.08869204362031195,0.7451257211770853,3.6422940258313684e-05,,,,2053,1
43,nftonv2,nfunswv2,lgbm,0,zero_shot_2s,250001,0.4125575775232773,0.7318535936565007,-0.003330571726915607,0.5029026615208403,0.37455441119921845,0.31133585601425673,0.25805755945640063,0.056243713400783685,0.9998198771169146,1,,,,
43,nftonv2,nfunswv2,lgbm,0.0001,rethreshold_2s,144,0.4125575775232773,0.7318535936565007,0.01929728961156962,0.5029026615208403,0.37455441119921845,0.31133585601425673,0.25805755945640063,0.056243713400783685,0.9998198771169146,-1,0.10927167294163062,,134,
43,nftonv2,nfunswv2,lgbm,0.0001,selector,144,0.4125575775232773,0.7318535936565007,,0.5029026615208403,0.37455441119921845,0.31133585601425673,0.25805755945640063,0.056243713400783685,0.9998198771169146,0,0.10927167294163062,0.6350203227635347,134,
43,nftonv2,nfunswv2,lgbm,0.001,rethreshold_2s,1392,0.4125575775232773,0.7318535936565007,0.03246915993618761,0.5029026615208403,0.37455441119921845,0.31133585601425673,0.25805755945640063,0.056243713400783685,0.9998198771169146,1,0.045878947520291806,,1338,
43,nftonv2,nfunswv2,lgbm,0.001,selector,1392,0.4125575775232773,0.7318535936565007,,0.5029026615208403,0.37455441119921845,0.31133585601425673,0.25805755945640063,0.056243713400783685,0.9998198771169146,0,0.045878947520291806,0.8382432748691097,1338,
43,nftonv2,nfunswv2,lgbm,0.01,rethreshold_2s,13907,0.4125575775232773,0.7318535936565007,0.04268390368647147,0.5029026615208403,0.37455441119921845,0.31133585601425673,0.25805755945640063,0.056243713400783685,0.9998198771169146,1,0.06338711869116877,,13382,
43,nftonv2,nfunswv2,lgbm,0.01,selector,13907,0.4125575775232773,0.7318535936565007,,0.5029026615208403,0.37455441119921845,0.31133585601425673,0.25805755945640063,0.056243713400783685,0.9998198771169146,0,0.06338711869116877,0.9322038152536457,13382,
43,nftonv2,nfunswv2,lgbm,0.05,rethreshold_2s,69537,0.4125575775232773,0.7318535936565007,0.056243713400783685,0.5029026615208403,0.37455441119921845,0.31133585601425673,0.25805755945640063,0.056243713400783685,0.9998198771169146,1,0.06898394578357836,,66908,
43,nftonv2,nfunswv2,lgbm,0.05,selector,69537,0.4125575775232773,0.7318535936565007,,0.5029026615208403,0.37455441119921845,0.31133585601425673,0.25805755945640063,0.056243713400783685,0.9998198771169146,0,0.06898394578357836,0.944029371898595,66908,
43,nftonv2,nfunswv2,lgbm,0.1,rethreshold_2s,139072,0.4125575775232773,0.7318535936565007,0.056243713400783685,0.5029026615208403,0.37455441119921845,0.31133585601425673,0.25805755945640063,0.056243713400783685,0.9998198771169146,1,0.059225570159504505,,133817,
43,nftonv2,nfunswv2,lgbm,0.1,selector,139072,0.4125575775232773,0.7318535936565007,,0.5029026615208403,0.37455441119921845,0.31133585601425673,0.25805755945640063,0.056243713400783685,0.9998198771169146,0,0.059225570159504505,0.9481182694437602,133817,
43,nftonv2,nfunswv2,lgbm,0.0001,acq_uncertainty,139,0.5599645014024668,0.8746435970649388,0.2376331779803818,0.7060557277191557,0.17019673460055498,0.17498014542954868,0.1757329026004154,0.5528189916110167,0.9996494622716472,,,,133,0
43,nftonv2,nfunswv2,lgbm,0.0001,acq_hybrid,139,0.6779708106200488,0.921555835791591,0.4813913155174951,0.927768544107833,0.11046964799783832,0.06015312830919791,0.08501516862644486,0.8969694731355026,0.7708852296120183,,,,129,0
43,nftonv2,nfunswv2,lgbm,0.001,acq_uncertainty,1391,0.9031739501965667,0.986040845773162,0.8065020621091938,0.9487411443616078,0.006469481713970963,0.010935048702134905,0.011210627959176817,0.8887479416957104,0.021873793951846528,,,,1315,1
43,nftonv2,nfunswv2,lgbm,0.001,acq_hybrid,1391,0.9014413356931066,0.9853970103236774,0.8035043372487706,0.8861661112754733,0.009254736492033963,0.016921084472442182,0.01910170095676112,0.8227258102572872,0.8660174854255273,,,,1290,1
43,nftonv2,nfbotv2,lgbm,0,zero_shot_2s,250001,0.01414439079681002,0.02001967232346829,-0.01034361950607696,0.501476266695385,0.026221692491060787,0.9368944321540232,0.9568019393062465,0.04687247668629039,0.0007082774025920482,1,,,,
43,nftonv2,nfbotv2,lgbm,0.0001,rethreshold_2s,211,0.01414439079681002,0.02001967232346829,0.0055919846526581675,0.501476266695385,0.026221692491060787,0.9368944321540232,0.9568019393062465,0.04687247668629039,0.0007082774025920482,1,0.12066664642907567,,1,
43,nftonv2,nfbotv2,lgbm,0.0001,selector,211,0.01414439079681002,0.02001967232346829,,0.501476266695385,0.026221692491060787,0.9368944321540232,0.9568019393062465,0.04687247668629039,0.0007082774025920482,1,0.12066664642907567,0.0,1,
43,nftonv2,nfbotv2,lgbm,0.001,rethreshold_2s,2101,0.01414439079681002,0.02001967232346829,0.04685681348693603,0.501476266695385,0.026221692491060787,0.9368944321540232,0.9568019393062465,0.04687247668629039,0.0007082774025920482,1,0.06416239910448326,,9,
43,nftonv2,nfbotv2,lgbm,0.001,selector,2101,0.01414439079681002,0.02001967232346829,,0.501476266695385,0.026221692491060787,0.9368944321540232,0.9568019393062465,0.04687247668629039,0.0007082774025920482,0,0.06416239910448326,0.8772746046837404,9,
43,nftonv2,nfbotv2,lgbm,0.01,rethreshold_2s,21000,0.01414439079681002,0.02001967232346829,0.046582475194834466,0.501476266695385,0.026221692491060787,0.9368944321540232,0.9568019393062465,0.04687247668629039,0.0007082774025920482,1,0.0445962252814555,,88,
43,nftonv2,nfbotv2,lgbm,0.01,selector,21000,0.01414439079681002,0.02001967232346829,,0.501476266695385,0.026221692491060787,0.9368944321540232,0.9568019393062465,0.04687247668629039,0.0007082774025920482,0,0.0445962252814555,0.8836370245514322,88,
43,nftonv2,nfbotv2,lgbm,0.05,rethreshold_2s,105000,0.01414439079681002,0.02001967232346829,0.04687038798057295,0.501476266695385,0.026221692491060787,0.9368944321540232,0.9568019393062465,0.04687247668629039,0.0007082774025920482,1,0.04872136698975577,,440,
43,nftonv2,nfbotv2,lgbm,0.05,selector,105000,0.01414439079681002,0.02001967232346829,,0.501476266695385,0.026221692491060787,0.9368944321540232,0.9568019393062465,0.04687247668629039,0.0007082774025920482,0,0.04872136698975577,0.7381323666379052,440,
43,nftonv2,nfbotv2,lgbm,0.1,rethreshold_2s,210001,0.01414439079681002,0.02001967232346829,0.04687038798057295,0.501476266695385,0.026221692491060787,0.9368944321540232,0.9568019393062465,0.04687247668629039,0.0007082774025920482,1,0.04398675615777112,,881,
43,nftonv2,nfbotv2,lgbm,0.1,selector,210001,0.01414439079681002,0.02001967232346829,,0.501476266695385,0.026221692491060787,0.9368944321540232,0.9568019393062465,0.04687247668629039,0.0007082774025920482,0,0.04398675615777112,0.23183566027445693,881,
43,nftonv2,nfbotv2,lgbm,0.0001,acq_uncertainty,210,0.49894904562319464,0.9937119087536106,0.0,0.5,1.0,0.004195,0.004194999999999949,0.0,inf,,,,0,0
43,nftonv2,nfbotv2,lgbm,0.0001,acq_hybrid,210,0.49894904562319464,0.9937119087536106,0.0,0.5,1.0,0.004195,0.004194999999999949,0.0,inf,,,,0,0
43,nftonv2,nfbotv2,lgbm,0.001,acq_uncertainty,2100,0.49894904562319464,0.9937119087536106,0.0,0.5,1.0,0.004195,0.004194999999999949,0.0,inf,,,,0,0
43,nftonv2,nfbotv2,lgbm,0.001,acq_hybrid,2100,0.5604025477037762,0.9942891585495592,0.20770853779285928,0.5539052504570637,0.932061978545888,0.004086167160472275,0.004577573359718151,0.2563450585721657,0.9476713148951305,,,,1,0
43,nftonv2,nf2018v2,mlp,0,zero_shot_2s,250001,0.43786754906921765,0.6540654260734621,-0.04067051656107876,0.5109162520050872,0.3849037556289062,0.3546544776091581,0.34411524533397464,0.2694645097624099,0.9999999999997465,-1,,,,
43,nftonv2,nf2018v2,mlp,0.0001,rethreshold_2s,217,0.43786754906921765,0.6540654260734621,0.2692040972707664,0.5109162520050872,0.3849037556289062,0.3546544776091581,0.34411524533397464,0.22772498255531537,0.9954473248318866,-1,0.32953694069803896,,185,
43,nftonv2,nf2018v2,mlp,0.0001,selector,217,0.43786754906921765,0.6540654260734621,,0.5109162520050872,0.3849037556289062,0.3546544776091581,0.34411524533397464,0.22772498255531537,0.9954473248318866,0,0.32953694069803896,0.8284915107680687,185,
43,nftonv2,nf2018v2,mlp,0.001,rethreshold_2s,2102,0.43786754906921765,0.6540654260734621,0.26907483167707735,0.5109162520050872,0.3849037556289062,0.3546544776091581,0.34411524533397464,0.22772498255531537,0.9954473248318866,-1,0.27738426027813906,,1851,
43,nftonv2,nf2018v2,mlp,0.001,selector,2102,0.43786754906921765,0.6540654260734621,,0.5109162520050872,0.3849037556289062,0.3546544776091581,0.34411524533397464,0.22772498255531537,0.9954473248318866,0,0.27738426027813906,0.9204930171285198,1851,
43,nftonv2,nf2018v2,mlp,0.01,rethreshold_2s,21001,0.43786754906921765,0.6540654260734621,0.26899020991771716,0.5109162520050872,0.3849037556289062,0.3546544776091581,0.34411524533397464,0.22772498255531537,0.9954473248318866,-1,0.267178550662502,,18514,
43,nftonv2,nf2018v2,mlp,0.01,selector,21001,0.43786754906921765,0.6540654260734621,,0.5109162520050872,0.3849037556289062,0.3546544776091581,0.34411524533397464,0.22772498255531537,0.9954473248318866,0,0.267178550662502,0.9500523525487717,18514,
43,nftonv2,nf2018v2,mlp,0.05,rethreshold_2s,105000,0.43786754906921765,0.6540654260734621,0.26937203416239386,0.5109162520050872,0.3849037556289062,0.3546544776091581,0.34411524533397464,0.22772498255531537,0.9954473248318866,-1,0.2695530822042443,,92569,
43,nftonv2,nf2018v2,mlp,0.05,selector,105000,0.43786754906921765,0.6540654260734621,,0.5109162520050872,0.3849037556289062,0.3546544776091581,0.34411524533397464,0.22772498255531537,0.9954473248318866,0,0.2695530822042443,0.9678063017348117,92569,
43,nftonv2,nf2018v2,mlp,0.1,rethreshold_2s,210000,0.43786754906921765,0.6540654260734621,0.26937431486546304,0.5109162520050872,0.3849037556289062,0.3546544776091581,0.34411524533397464,0.22772498255531537,0.9954473248318866,-1,0.2701283761880612,,185138,
43,nftonv2,nf2018v2,mlp,0.1,selector,210000,0.43786754906921765,0.6540654260734621,,0.5109162520050872,0.3849037556289062,0.3546544776091581,0.34411524533397464,0.22772498255531537,0.9954473248318866,0,0.2701283761880612,0.9705742574259383,185138,
43,nftonv2,nf2018v2,mlp,0.0001,acq_uncertainty,210,0.46853899442765923,0.8261331950887618,0.0,0.5,0.0,0.11839440802795986,0.11839440802795986,0.0,inf,,,,210,0
43,nftonv2,nf2018v2,mlp,0.0001,acq_hybrid,210,0.46853899442765923,0.8261331950887618,0.0,0.5,0.0,0.11839440802795986,0.11839440802795986,0.0,inf,,,,210,0
43,nftonv2,nf2018v2,mlp,0.001,acq_uncertainty,2100,0.6108131496420584,0.8670047292737723,0.3765970817245499,0.601665114130427,0.00020984335477138418,0.09775052813932363,0.09171538053739253,0.41844331490972886,0.09391241727636741,,,,2075,2
43,nftonv2,nf2018v2,mlp,0.001,acq_hybrid,2100,0.6157941677558599,0.8685118756349077,0.3852602650597554,0.6088488724809394,0.00011342884041696441,0.09701813299750947,0.09254414047518635,0.4190616595176048,0.06311562577619853,,,,2077,1
43,nftonv2,nfunswv2,mlp,0,zero_shot_2s,250001,0.36361011055683223,0.6488314986703012,-0.04047597392196101,0.5058482140290657,0.48138659959884017,0.42321170887945503,0.42719240302046296,0.10704850919003221,0.00048400455044271973,1,,,,
43,nftonv2,nfunswv2,mlp,0.0001,rethreshold_2s,144,0.36361011055683223,0.6488314986703012,-0.021581644707797942,0.5058482140290657,0.48138659959884017,0.42321170887945503,0.42719240302046296,0.10704850919003221,0.00048400455044271973,1,0.176032861423659,,134,
43,nftonv2,nfunswv2,mlp,0.0001,selector,144,0.36361011055683223,0.6488314986703012,,0.5058482140290657,0.48138659959884017,0.42321170887945503,0.42719240302046296,0.10704850919003221,0.00048400455044271973,0,0.176032861423659,0.7094079637637803,134,
43,nftonv2,nfunswv2,mlp,0.001,rethreshold_2s,1392,0.36361011055683223,0.6488314986703012,0.10322480135125078,0.5058482140290657,0.48138659959884017,0.42321170887945503,0.42719240302046296,0.10704850919003221,0.00048400455044271973,1,0.15367810311999067,,1338,
43,nftonv2,nfunswv2,mlp,0.001,selector,1392,0.36361011055683223,0.6488314986703012,,0.5058482140290657,0.48138659959884017,0.42321170887945503,0.42719240302046296,0.10704850919003221,0.00048400455044271973,0,0.15367810311999067,0.8818115338217559,1338,
43,nftonv2,nfunswv2,mlp,0.01,rethreshold_2s,13907,0.36361011055683223,0.6488314986703012,0.10547097822643285,0.5058482140290657,0.48138659959884017,0.42321170887945503,0.42719240302046296,0.10704850919003221,0.00048400455044271973,1,0.10703361171542801,,13382,
43,nftonv2,nfunswv2,mlp,0.01,selector,13907,0.36361011055683223,0.6488314986703012,,0.5058482140290657,0.48138659959884017,0.42321170887945503,0.42719240302046296,0.10704850919003221,0.00048400455044271973,0,0.10703361171542801,0.8324004690225203,13382,
43,nftonv2,nfunswv2,mlp,0.05,rethreshold_2s,69537,0.36361011055683223,0.6488314986703012,0.10687074210340061,0.5058482140290657,0.48138659959884017,0.42321170887945503,0.42719240302046296,0.10704850919003221,0.00048400455044271973,1,0.10582864231213054,,66908,
43,nftonv2,nfunswv2,mlp,0.05,selector,69537,0.36361011055683223,0.6488314986703012,,0.5058482140290657,0.48138659959884017,0.42321170887945503,0.42719240302046296,0.10704850919003221,0.00048400455044271973,0,0.10582864231213054,0.922815779605667,66908,
43,nftonv2,nfunswv2,mlp,0.1,rethreshold_2s,139072,0.36361011055683223,0.6488314986703012,0.10687074210340061,0.5058482140290657,0.48138659959884017,0.42321170887945503,0.42719240302046296,0.10704850919003221,0.00048400455044271973,1,0.1081242190688824,,133817,
43,nftonv2,nfunswv2,mlp,0.1,selector,139072,0.36361011055683223,0.6488314986703012,,0.5058482140290657,0.48138659959884017,0.42321170887945503,0.42719240302046296,0.10704850919003221,0.00048400455044271973,0,0.1081242190688824,0.9303115987203677,133817,
43,nftonv2,nfunswv2,mlp,0.0001,acq_uncertainty,139,0.6987496534669121,0.9427303829895943,0.4427217900068837,0.6719425401361084,0.061488656322424416,0.06746186508938776,0.06391994291325653,0.4949377804691496,0.999503306459919,,,,127,1
43,nftonv2,nfunswv2,mlp,0.0001,acq_hybrid,139,0.8574353895503264,0.9794619948638388,0.7150333621068234,0.8073624320224284,0.009789962690057264,0.018945376508978495,0.015714531712942223,0.7190601718019548,0.6886015930068803,,,,113,1
43,nftonv2,nfunswv2,mlp,0.001,acq_uncertainty,1391,0.881756556745134,0.9830804992822855,0.7640258839022268,0.8274925766139123,0.0073216865341245675,0.014867615481988783,0.012735021802563726,0.7874572539597982,0.12297620006961098,,,,1311,1
43,nftonv2,nfunswv2,mlp,0.001,acq_hybrid,1391,0.8149188865440039,0.969568707154796,0.6471068815646706,0.7918912464120922,0.028263061078143026,0.028940216301317833,0.026468385276400365,0.6607545471265118,0.9376330174506259,,,,1220,3
43,nftonv2,nfbotv2,mlp,0,zero_shot_2s,250001,0.08686538915784443,0.1684032698595644,-0.08947610920744643,0.5160781271650309,0.4970202622169249,0.8684965671894459,0.8640105370301137,0.27318145837831975,4.1774295914676074e-05,-1,,,,
43,nftonv2,nfbotv2,mlp,0.0001,rethreshold_2s,211,0.08686538915784443,0.1684032698595644,0.15945639773681874,0.5160781271650309,0.4970202622169249,0.8684965671894459,0.8640105370301137,0.17084627443372857,4.1365117568364715e-09,-1,1.0,,1,
43,nftonv2,nfbotv2,mlp,0.0001,selector,211,0.08686538915784443,0.1684032698595644,,0.5160781271650309,0.4970202622169249,0.8684965671894459,0.8640105370301137,0.17084627443372857,4.1365117568364715e-09,1,1.0,0.0,1,
43,nftonv2,nfbotv2,mlp,0.001,rethreshold_2s,2101,0.08686538915784443,0.1684032698595644,0.23422718372772797,0.5160781271650309,0.4970202622169249,0.8684965671894459,0.8640105370301137,0.17084627443372857,4.1365117568364715e-09,-1,0.5765241057291646,,9,
43,nftonv2,nfbotv2,mlp,0.001,selector,2101,0.08686538915784443,0.1684032698595644,,0.5160781271650309,0.4970202622169249,0.8684965671894459,0.8640105370301137,0.17084627443372857,4.1365117568364715e-09,0,0.5765241057291646,0.7526134367266649,9,
43,nftonv2,nfbotv2,mlp,0.01,rethreshold_2s,21000,0.08686538915784443,0.1684032698595644,0.24451228515813395,0.5160781271650309,0.4970202622169249,0.8684965671894459,0.8640105370301137,0.17084627443372857,4.1365117568364715e-09,-1,0.2741836733524335,,88,
43,nftonv2,nfbotv2,mlp,0.01,selector,21000,0.08686538915784443,0.1684032698595644,,0.5160781271650309,0.4970202622169249,0.8684965671894459,0.8640105370301137,0.17084627443372857,4.1365117568364715e-09,0,0.2741836733524335,0.7166043607084261,88,
43,nftonv2,nfbotv2,mlp,0.05,rethreshold_2s,105000,0.08686538915784443,0.1684032698595644,0.2495464276574686,0.5160781271650309,0.4970202622169249,0.8684965671894459,0.8640105370301137,0.17084627443372857,4.1365117568364715e-09,-1,0.2796379825156928,,440,
43,nftonv2,nfbotv2,mlp,0.05,selector,105000,0.08686538915784443,0.1684032698595644,,0.5160781271650309,0.4970202622169249,0.8684965671894459,0.8640105370301137,0.17084627443372857,4.1365117568364715e-09,0,0.2796379825156928,0.8211142557175419,440,
43,nftonv2,nfbotv2,mlp,0.1,rethreshold_2s,210001,0.08686538915784443,0.1684032698595644,0.27318145837831975,0.5160781271650309,0.4970202622169249,0.8684965671894459,0.8640105370301137,0.17084627443372857,4.1365117568364715e-09,-1,0.247268856037893,,881,
43,nftonv2,nfbotv2,mlp,0.1,selector,210001,0.08686538915784443,0.1684032698595644,,0.5160781271650309,0.4970202622169249,0.8684965671894459,0.8640105370301137,0.17084627443372857,4.1365117568364715e-09,0,0.247268856037893,0.9298545339985956,881,
43,nftonv2,nfbotv2,mlp,0.0001,acq_uncertainty,210,0.49894904562319464,0.9937119087536106,0.0,0.5,1.0,0.004195,0.004194999999999949,0.0,inf,,,,0,0
43,nftonv2,nfbotv2,mlp,0.0001,acq_hybrid,210,0.6097362018763908,0.9930667011544166,0.22093875484249645,0.5871963168950063,0.7485101311084624,0.005771833815111833,0.0034278431464166564,0.26013901680045937,0.16263649635944344,,,,2,1
43,nftonv2,nfbotv2,mlp,0.001,acq_uncertainty,2100,0.6181116722190789,0.9903980859397284,0.27589152924392,0.6630939775786033,0.5113230035756854,0.008255841008985215,0.004251879118344431,0.44946585479171897,0.10316290251534833,,,,31,1
43,nftonv2,nfbotv2,mlp,0.001,acq_hybrid,2100,0.6860706867380273,0.99247879455445,0.42244326493099155,0.7922217507968794,0.2943980929678188,0.006928394528230026,0.0034389970616535946,0.7201311243721437,0.06789648777349502,,,,37,1
43,nfbotv2,nf2018v2,rf,0,zero_shot_2s,250000,0.5167959761752681,0.6466525050170927,0.307623031246126,0.7563464807253744,0.47321945077755473,0.200726149535919,0.24699221503892488,0.664899835690022,0.73,1,,,,
43,nfbotv2,nf2018v2,rf,0.0001,rethreshold_2s,217,0.5167959761752681,0.6466525050170927,0.6412179337047603,0.7563464807253744,0.47321945077755473,0.200726149535919,0.24699221503892488,0.664899835690022,0.73,1,0.701039657103363,,185,
43,nfbotv2,nf2018v2,rf,0.0001,selector,217,0.5167959761752681,0.6466525050170927,,0.7563464807253744,0.47321945077755473,0.200726149535919,0.24699221503892488,0.664899835690022,0.73,0,0.701039657103363,0.9054221850479712,185,
43,nfbotv2,nf2018v2,rf,0.001,rethreshold_2s,2102,0.5167959761752681,0.6466525050170927,0.664899835690022,0.7563464807253744,0.47321945077755473,0.200726149535919,0.24699221503892488,0.664899835690022,0.73,1,0.695311078733762,,1851,
43,nfbotv2,nf2018v2,rf,0.001,selector,2102,0.5167959761752681,0.6466525050170927,,0.7563464807253744,0.47321945077755473,0.200726149535919,0.24699221503892488,0.664899835690022,0.73,0,0.695311078733762,0.9680342007118181,1851,
43,nfbotv2,nf2018v2,rf,0.01,rethreshold_2s,21001,0.5167959761752681,0.6466525050170927,0.664899835690022,0.7563464807253744,0.47321945077755473,0.200726149535919,0.24699221503892488,0.664899835690022,0.73,1,0.6722837744908643,,18514,
43,nfbotv2,nf2018v2,rf,0.01,selector,21001,0.5167959761752681,0.6466525050170927,,0.7563464807253744,0.47321945077755473,0.200726149535919,0.24699221503892488,0.664899835690022,0.73,0,0.6722837744908643,0.9749568880425712,18514,
43,nfbotv2,nf2018v2,rf,0.05,rethreshold_2s,105000,0.5167959761752681,0.6466525050170927,0.664899835690022,0.7563464807253744,0.47321945077755473,0.200726149535919,0.24699221503892488,0.664899835690022,0.73,1,0.6630321875487541,,92569,
43,nfbotv2,nf2018v2,rf,0.05,selector,105000,0.5167959761752681,0.6466525050170927,,0.7563464807253744,0.47321945077755473,0.200726149535919,0.24699221503892488,0.664899835690022,0.73,0,0.6630321875487541,0.9754216769743044,92569,
43,nfbotv2,nf2018v2,rf,0.1,rethreshold_2s,210000,0.5167959761752681,0.6466525050170927,0.664899835690022,0.7563464807253744,0.47321945077755473,0.200726149535919,0.24699221503892488,0.664899835690022,0.73,1,0.6591435001077366,,185138,
43,nfbotv2,nf2018v2,rf,0.1,selector,210000,0.5167959761752681,0.6466525050170927,,0.7563464807253744,0.47321945077755473,0.200726149535919,0.24699221503892488,0.664899835690022,0.73,0,0.6591435001077366,0.9760028448064021,185138,
43,nfbotv2,nf2018v2,rf,0.0001,acq_uncertainty,210,0.46853899442765923,0.8261331950887618,0.0,0.5,0.0,0.11839440802795986,0.11839440802795986,0.0,inf,,,,210,0
43,nfbotv2,nf2018v2,rf,0.0001,acq_hybrid,210,0.4755786994459591,0.8281100284092335,0.07793388706125655,0.6622172899473301,0.0,0.10594598343674946,0.15092682869918972,0.49625104166253153,0.13666666666666666,,,,208,1
43,nfbotv2,nf2018v2,rf,0.001,acq_uncertainty,2100,0.4755786994459591,0.8281100284092335,0.07793388706125655,0.6571040960582477,0.0,0.10029290953545232,0.14619653568398835,0.49287895814826166,0.2,,,,2087,1
43,nfbotv2,nf2018v2,rf,0.001,acq_hybrid,2100,0.6537134753518425,0.8798743324464896,0.4428848983605476,0.6639622780413083,0.00010775739839611619,0.13344340378298108,0.23417292913535429,0.500557794011063,0.43,,,,1983,1
43,nfbotv2,nfunswv2,rf,0,zero_shot_2s,250000,0.1314163719090797,0.1876058386111167,-0.01475335651270686,0.512222249259273,0.8931366333752507,0.3467490595555556,0.5135061999999999,0.15021343970247028,0.68,1,,,,
43,nfbotv2,nfunswv2,rf,0.0001,rethreshold_2s,144,0.1314163719090797,0.1876058386111167,0.13010577786942723,0.512222249259273,0.8931366333752507,0.3467490595555556,0.5135061999999999,0.15021343970247028,0.68,1,0.14029850746268657,,134,
43,nfbotv2,nfunswv2,rf,0.0001,selector,144,0.1314163719090797,0.1876058386111167,,0.512222249259273,0.8931366333752507,0.3467490595555556,0.5135061999999999,0.15021343970247028,0.68,0,0.14029850746268657,0.7159003795039401,134,
43,nfbotv2,nfunswv2,rf,0.001,rethreshold_2s,1392,0.1314163719090797,0.1876058386111167,0.143746892098304,0.512222249259273,0.8931366333752507,0.3467490595555556,0.5135061999999999,0.15021343970247028,0.68,1,0.1386707213057623,,1338,
43,nfbotv2,nfunswv2,rf,0.001,selector,1392,0.1314163719090797,0.1876058386111167,,0.512222249259273,0.8931366333752507,0.3467490595555556,0.5135061999999999,0.15021343970247028,0.68,0,0.1386707213057623,0.9564183055663992,1338,
43,nfbotv2,nfunswv2,rf,0.01,rethreshold_2s,13907,0.1314163719090797,0.1876058386111167,0.15021343970247028,0.512222249259273,0.8931366333752507,0.3467490595555556,0.5135061999999999,0.15021343970247028,0.68,1,0.1555918981532873,,13382,
43,nfbotv2,nfunswv2,rf,0.01,selector,13907,0.1314163719090797,0.1876058386111167,,0.512222249259273,0.8931366333752507,0.3467490595555556,0.5135061999999999,0.15021343970247028,0.68,0,0.1555918981532873,0.9401333938732249,13382,
43,nfbotv2,nfunswv2,rf,0.05,rethreshold_2s,69537,0.1314163719090797,0.1876058386111167,0.15021343970247028,0.512222249259273,0.8931366333752507,0.3467490595555556,0.5135061999999999,0.15021343970247028,0.68,1,0.1487585352133685,,66908,
43,nfbotv2,nfunswv2,rf,0.05,selector,69537,0.1314163719090797,0.1876058386111167,,0.512222249259273,0.8931366333752507,0.3467490595555556,0.5135061999999999,0.15021343970247028,0.68,0,0.1487585352133685,0.9454109534401223,66908,
43,nfbotv2,nfunswv2,rf,0.1,rethreshold_2s,139072,0.1314163719090797,0.1876058386111167,0.15021343970247028,0.512222249259273,0.8931366333752507,0.3467490595555556,0.5135061999999999,0.15021343970247028,0.68,1,0.1488565431256085,,133817,
43,nfbotv2,nfunswv2,rf,0.1,selector,139072,0.1314163719090797,0.1876058386111167,,0.512222249259273,0.8931366333752507,0.3467490595555556,0.5135061999999999,0.15021343970247028,0.68,0,0.1488565431256085,0.9480552484545295,133817,
43,nfbotv2,nfunswv2,rf,0.0001,acq_uncertainty,139,0.5702076775172022,0.8537668387187545,0.34371201300772586,0.9516857622817969,0.21907379885887696,0.1645201727777778,0.23636039999999997,0.915875858910152,0.7866666666666666,,,,52,1
43,nfbotv2,nfunswv2,rf,0.0001,acq_hybrid,139,0.6105284324706698,0.8848069292815063,0.3904227261519511,0.9296251702187746,0.16942767171407488,0.15480942516666668,0.19173845000000003,0.8795955225642533,0.75,,,,97,1
43,nfbotv2,nfunswv2,rf,0.001,acq_uncertainty,1391,0.6302943759932254,0.8973088946955461,0.4155332993253337,0.9470748167085214,0.14922418183140895,0.08139549838888888,0.19508605000000004,0.9218148502226836,0.6466666666666666,,,,1162,1
43,nfbotv2,nfunswv2,rf,0.001,acq_hybrid,1391,0.9630979522657828,0.9944483026588287,0.9284576931748199,0.954976345868025,0.005788757132018998,0.01357525288888889,0.054329866666666705,0.9345689870038604,0.5766666666666667,,,,1087,1
43,nfbotv2,nftonv2,rf,0,zero_shot_2s,250000,0.44940511642850306,0.5808380194281861,-0.09449871136169478,0.4019734887574593,0.8634356410349987,0.36567425203792675,0.3888761443807218,0.655539486909981,0.08333333333333337,-1,,,,
43,nfbotv2,nftonv2,rf,0.0001,rethreshold_2s,213,0.44940511642850306,0.5808380194281861,0.6527245310847124,0.4019734887574593,0.8634356410349987,0.36567425203792675,0.3888761443807218,0.012265423451244588,0.016666666666666666,-1,0.6119707891208049,,58,
43,nfbotv2,nftonv2,rf,0.0001,selector,213,0.44940511642850306,0.5808380194281861,,0.4019734887574593,0.8634356410349987,0.36567425203792675,0.3888761443807218,0.012265423451244588,0.016666666666666666,0,0.6119707891208049,0.8697814882385083,58,
43,nfbotv2,nftonv2,rf,0.001,rethreshold_2s,2100,0.44940511642850306,0.5808380194281861,0.6527245310847124,0.4019734887574593,0.8634356410349987,0.36567425203792675,0.3888761443807218,0.012265423451244588,0.016666666666666666,-1,0.6385764124821116,,575,
43,nfbotv2,nftonv2,rf,0.001,selector,2100,0.44940511642850306,0.5808380194281861,,0.4019734887574593,0.8634356410349987,0.36567425203792675,0.3888761443807218,0.012265423451244588,0.016666666666666666,0,0.6385764124821116,0.941053779594192,575,
43,nfbotv2,nftonv2,rf,0.01,rethreshold_2s,21000,0.44940511642850306,0.5808380194281861,0.655539486909981,0.4019734887574593,0.8634356410349987,0.36567425203792675,0.3888761443807218,0.012265423451244588,0.016666666666666666,-1,0.6596620824981588,,5754,
43,nfbotv2,nftonv2,rf,0.01,selector,21000,0.44940511642850306,0.5808380194281861,,0.4019734887574593,0.8634356410349987,0.36567425203792675,0.3888761443807218,0.012265423451244588,0.016666666666666666,0,0.6596620824981588,0.9613240254059052,5754,
43,nfbotv2,nftonv2,rf,0.05,rethreshold_2s,105000,0.44940511642850306,0.5808380194281861,0.655539486909981,0.4019734887574593,0.8634356410349987,0.36567425203792675,0.3888761443807218,0.012265423451244588,0.016666666666666666,-1,0.6528221512630106,,28771,
43,nfbotv2,nftonv2,rf,0.05,selector,105000,0.44940511642850306,0.5808380194281861,,0.4019734887574593,0.8634356410349987,0.36567425203792675,0.3888761443807218,0.012265423451244588,0.016666666666666666,0,0.6528221512630106,0.9789861091840342,28771,
43,nfbotv2,nftonv2,rf,0.1,rethreshold_2s,210000,0.44940511642850306,0.5808380194281861,0.655539486909981,0.4019734887574593,0.8634356410349987,0.36567425203792675,0.3888761443807218,0.012265423451244588,0.016666666666666666,-1,0.6507115353477103,,57542,
43,nfbotv2,nftonv2,rf,0.1,selector,210000,0.44940511642850306,0.5808380194281861,,0.4019734887574593,0.8634356410349987,0.36567425203792675,0.3888761443807218,0.012265423451244588,0.016666666666666666,0,0.6507115353477103,0.9809927918142064,57542,
43,nfbotv2,nftonv2,rf,0.0001,acq_uncertainty,210,0.5656849437846821,0.5820888795132176,0.3112939062293318,0.6909395711086694,0.11472209043465567,0.27909087756549894,0.20558279458063955,0.42952900553709833,0.38,,,,177,1
43,nfbotv2,nftonv2,rf,0.0001,acq_hybrid,210,0.34808152162907313,0.2959646306139278,0.1914029339531952,0.6378971918734975,0.004872084960402905,0.39371498135268446,0.3997511320889938,0.45747707703379875,0.25333333333333335,,,,182,1
43,nfbotv2,nftonv2,rf,0.001,acq_uncertainty,2100,0.7100136287001414,0.7434877152361911,0.48431359548791697,0.706261742875632,0.13592569614247654,0.24273110804442907,0.2705934363005148,0.5081791215785926,0.53,,,,1794,1
43,nfbotv2,nftonv2,rf,0.001,acq_hybrid,2100,0.7937168245477553,0.8204050976975428,0.640033849599817,0.8139414242206509,0.043155359293456444,0.14007641954876443,0.08691358456792284,0.6417381148702316,0.5766666666666667,,,,855,1
43,nfbotv2,nf2018v2,lgbm,0,zero_shot_2s,250000,0.1358206380757155,0.07421884962532867,0.05837723266806026,0.5031817150026962,0.9716654756638423,0.8566393396618873,0.8566399712305827,0.058407465959735234,1.0,1,,,,
43,nfbotv2,nf2018v2,lgbm,0.0001,rethreshold_2s,217,0.1358206380757155,0.07421884962532867,0.058407465959735234,0.5031817150026962,0.9716654756638423,0.8566393396618873,0.8566399712305827,0.058407465959735234,1.0,1,0.05699402373298877,,185,
43,nfbotv2,nf2018v2,lgbm,0.0001,selector,217,0.1358206380757155,0.07421884962532867,,0.5031817150026962,0.9716654756638423,0.8566393396618873,0.8566399712305827,0.058407465959735234,1.0,0,0.05699402373298877,0.870595818484898,185,
43,nfbotv2,nf2018v2,lgbm,0.001,rethreshold_2s,2102,0.1358206380757155,0.07421884962532867,0.058407465959735234,0.5031817150026962,0.9716654756638423,0.8566393396618873,0.8566399712305827,0.058407465959735234,1.0,1,0.06366152920089645,,1851,
43,nfbotv2,nf2018v2,lgbm,0.001,selector,2102,0.1358206380757155,0.07421884962532867,,0.5031817150026962,0.9716654756638423,0.8566393396618873,0.8566399712305827,0.058407465959735234,1.0,0,0.06366152920089645,0.9680228791841444,1851,
43,nfbotv2,nf2018v2,lgbm,0.01,rethreshold_2s,21001,0.1358206380757155,0.07421884962532867,0.058407465959735234,0.5031817150026962,0.9716654756638423,0.8566393396618873,0.8566399712305827,0.058407465959735234,1.0,1,0.06055256549544012,,18514,
43,nfbotv2,nf2018v2,lgbm,0.01,selector,21001,0.1358206380757155,0.07421884962532867,,0.5031817150026962,0.9716654756638423,0.8566393396618873,0.8566399712305827,0.058407465959735234,1.0,0,0.06055256549544012,0.9742589339324438,18514,
43,nfbotv2,nf2018v2,lgbm,0.05,rethreshold_2s,105000,0.1358206380757155,0.07421884962532867,0.058407465959735234,0.5031817150026962,0.9716654756638423,0.8566393396618873,0.8566399712305827,0.058407465959735234,1.0,1,0.057721164363737316,,92569,
43,nfbotv2,nf2018v2,lgbm,0.05,selector,105000,0.1358206380757155,0.07421884962532867,,0.5031817150026962,0.9716654756638423,0.8566393396618873,0.8566399712305827,0.058407465959735234,1.0,0,0.057721164363737316,0.9762556387914786,92569,
43,nfbotv2,nf2018v2,lgbm,0.1,rethreshold_2s,210000,0.1358206380757155,0.07421884962532867,0.058407465959735234,0.5031817150026962,0.9716654756638423,0.8566393396618873,0.8566399712305827,0.058407465959735234,1.0,1,0.057902926313579815,,185138,
43,nfbotv2,nf2018v2,lgbm,0.1,selector,210000,0.1358206380757155,0.07421884962532867,,0.5031817150026962,0.9716654756638423,0.8566393396618873,0.8566399712305827,0.058407465959735234,1.0,0,0.057902926313579815,0.9755601251077106,185138,
43,nfbotv2,nf2018v2,lgbm,0.0001,acq_uncertainty,210,0.46853899442765923,0.8261331950887618,0.0,0.5,0.0,0.11839440802795986,0.11839440802795986,0.0,inf,,,,210,0
43,nfbotv2,nf2018v2,lgbm,0.0001,acq_hybrid,210,0.46853899442765923,0.8261331950887618,0.0,0.5,0.0,0.11839440802795986,0.11839440802795986,0.0,inf,,,,210,0
43,nfbotv2,nf2018v2,lgbm,0.001,acq_uncertainty,2100,0.46853899442765923,0.8261331950887618,0.0,0.45965197478021436,0.0,0.11839437943916285,0.11839363436639716,0.000819432961295996,1.384532655820163e-09,,,,2099,0
43,nfbotv2,nf2018v2,lgbm,0.001,acq_hybrid,2100,0.9832359774172742,0.9930677257876077,0.966788981006501,0.9806928410676892,0.0009301164914191082,0.006652121271159848,0.006259900875095093,0.9683087606975793,0.8380779037533843,,,,1961,1
43,nfbotv2,nfunswv2,lgbm,0,zero_shot_2s,250000,0.12214586523054208,0.16731022716715677,0.00623931815370291,0.5003461905568835,0.9061951133328483,0.8751350000000588,0.8751349993071188,0.006316395573014641,1.6933140763920533e-25,1,,,,
43,nfbotv2,nfunswv2,lgbm,0.0001,rethreshold_2s,144,0.12214586523054208,0.16731022716715677,0.006152486035225494,0.5003461905568835,0.9061951133328483,0.8751350000000588,0.8751349993071188,0.006316395573014641,1.6933140763920533e-25,1,0.08236662258223168,,134,
43,nfbotv2,nfunswv2,lgbm,0.0001,selector,144,0.12214586523054208,0.16731022716715677,,0.5003461905568835,0.9061951133328483,0.8751350000000588,0.8751349993071188,0.006316395573014641,1.6933140763920533e-25,0,0.08236662258223168,0.6350203227635347,134,
43,nfbotv2,nfunswv2,lgbm,0.001,rethreshold_2s,1392,0.12214586523054208,0.16731022716715677,0.006152486035225494,0.5003461905568835,0.9061951133328483,0.8751350000000588,0.8751349993071188,0.006316395573014641,1.6933140763920533e-25,1,0.0460915673396078,,1338,
43,nfbotv2,nfunswv2,lgbm,0.001,selector,1392,0.12214586523054208,0.16731022716715677,,0.5003461905568835,0.9061951133328483,0.8751350000000588,0.8751349993071188,0.006316395573014641,1.6933140763920533e-25,0,0.0460915673396078,0.8382432748691097,1338,
43,nfbotv2,nfunswv2,lgbm,0.01,rethreshold_2s,13907,0.12214586523054208,0.16731022716715677,0.006152486035225494,0.5003461905568835,0.9061951133328483,0.8751350000000588,0.8751349993071188,0.006316395573014641,1.6933140763920533e-25,1,0.008895612165661109,,13382,
43,nfbotv2,nfunswv2,lgbm,0.01,selector,13907,0.12214586523054208,0.16731022716715677,,0.5003461905568835,0.9061951133328483,0.8751350000000588,0.8751349993071188,0.006316395573014641,1.6933140763920533e-25,0,0.008895612165661109,0.9322038152536457,13382,
43,nfbotv2,nfunswv2,lgbm,0.05,rethreshold_2s,69537,0.12214586523054208,0.16731022716715677,0.006152486035225494,0.5003461905568835,0.9061951133328483,0.8751350000000588,0.8751349993071188,0.006316395573014641,1.6933140763920533e-25,1,0.0148934738840168,,66908,
43,nfbotv2,nfunswv2,lgbm,0.05,selector,69537,0.12214586523054208,0.16731022716715677,,0.5003461905568835,0.9061951133328483,0.8751350000000588,0.8751349993071188,0.006316395573014641,1.6933140763920533e-25,0,0.0148934738840168,0.944029371898595,66908,
43,nfbotv2,nfunswv2,lgbm,0.1,rethreshold_2s,139072,0.12214586523054208,0.16731022716715677,0.006152486035225494,0.5003461905568835,0.9061951133328483,0.8751350000000588,0.8751349993071188,0.006316395573014641,1.6933140763920533e-25,1,0.016740134884566518,,133817,
43,nfbotv2,nfunswv2,lgbm,0.1,selector,139072,0.12214586523054208,0.16731022716715677,,0.5003461905568835,0.9061951133328483,0.8751350000000588,0.8751349993071188,0.006316395573014641,1.6933140763920533e-25,0,0.016740134884566518,0.9481182694437602,133817,
43,nfbotv2,nfunswv2,lgbm,0.0001,acq_uncertainty,139,0.7886347031652003,0.9714750914016532,0.58756178941533,0.8364262812586819,0.00775818168591056,0.02358041604325847,0.023034529099983762,0.7250134222315655,8.245911285072336e-05,,,,136,0
43,nfbotv2,nfunswv2,lgbm,0.0001,acq_hybrid,139,0.8915049099903027,0.9842748049131266,0.7830329847099892,0.8901706675852589,0.007856912732147867,0.014193211394382729,0.0131227232480883,0.8080936795485846,0.06137743143440692,,,,126,0
43,nfbotv2,nfunswv2,lgbm,0.001,acq_uncertainty,1391,0.9098904243218293,0.9866163867667745,0.8205862204788437,0.9276250473179936,0.008828634081957162,0.01217032770147824,0.01228023350248321,0.8719067296017741,0.001023725677032154,,,,1353,0
43,nfbotv2,nfunswv2,lgbm,0.001,acq_hybrid,1391,0.950573323493697,0.992519496749717,0.9041540908860931,0.9526967125052533,0.007352864759252138,0.007429839430372622,0.007238376181315501,0.9050555442875107,0.6021353314655783,,,,1304,1
43,nfbotv2,nftonv2,lgbm,0,zero_shot_2s,250000,0.4207965563948596,0.6031110210257554,-0.07222137377032112,0.49639676459049475,0.9903470676252691,0.29828649354383585,0.2982863825612406,0.07227534788503655,0.999987422099226,-1,,,,
43,nfbotv2,nftonv2,lgbm,0.0001,rethreshold_2s,213,0.4207965563948596,0.6031110210257554,0.07220206101138726,0.49639676459049475,0.9903470676252691,0.29828649354383585,0.2982863825612406,0.0,inf,-1,0.07311376149409678,,58,
43,nfbotv2,nftonv2,lgbm,0.0001,selector,213,0.4207965563948596,0.6031110210257554,,0.49639676459049475,0.9903470676252691,0.29828649354383585,0.2982863825612406,0.0,inf,0,0.07311376149409678,0.8846918992235979,58,
43,nfbotv2,nftonv2,lgbm,0.001,rethreshold_2s,2100,0.4207965563948596,0.6031110210257554,0.07220206101138726,0.49639676459049475,0.9903470676252691,0.29828649354383585,0.2982863825612406,0.0,inf,-1,0.09138674512052217,,575,
43,nfbotv2,nftonv2,lgbm,0.001,selector,2100,0.4207965563948596,0.6031110210257554,,0.49639676459049475,0.9903470676252691,0.29828649354383585,0.2982863825612406,0.0,inf,0,0.09138674512052217,0.935283855498754,575,
43,nfbotv2,nftonv2,lgbm,0.01,rethreshold_2s,21000,0.4207965563948596,0.6031110210257554,0.07222649578979702,0.49639676459049475,0.9903470676252691,0.29828649354383585,0.2982863825612406,0.0,inf,-1,0.07980637186030248,,5754,
43,nfbotv2,nftonv2,lgbm,0.01,selector,21000,0.4207965563948596,0.6031110210257554,,0.49639676459049475,0.9903470676252691,0.29828649354383585,0.2982863825612406,0.0,inf,0,0.07980637186030248,0.9640920580753477,5754,
43,nfbotv2,nftonv2,lgbm,0.05,rethreshold_2s,105000,0.4207965563948596,0.6031110210257554,0.0722335871315097,0.49639676459049475,0.9903470676252691,0.29828649354383585,0.2982863825612406,0.0,inf,-1,0.07331243856778753,,28771,
43,nfbotv2,nftonv2,lgbm,0.05,selector,105000,0.4207965563948596,0.6031110210257554,,0.49639676459049475,0.9903470676252691,0.29828649354383585,0.2982863825612406,0.0,inf,0,0.07331243856778753,0.9784594157573592,28771,
43,nfbotv2,nftonv2,lgbm,0.1,rethreshold_2s,210000,0.4207965563948596,0.6031110210257554,0.07225092474634276,0.49639676459049475,0.9903470676252691,0.29828649354383585,0.2982863825612406,0.0,inf,-1,0.07076788052697387,,57542,
43,nfbotv2,nftonv2,lgbm,0.1,selector,210000,0.4207965563948596,0.6031110210257554,,0.49639676459049475,0.9903470676252691,0.29828649354383585,0.2982863825612406,0.0,inf,0,0.07076788052697387,0.9813186997527371,57542,
43,nfbotv2,nftonv2,lgbm,0.0001,acq_uncertainty,210,0.4505741532324014,0.5841392714378344,-0.09018322171024942,0.4535730755976283,0.8692383489653662,0.38141176217315553,0.3753380375289333,0.14943854929669256,0.9999999995606614,,,,21,0
43,nfbotv2,nftonv2,lgbm,0.0001,acq_hybrid,210,0.26180447985369604,0.31971264484695616,-0.4334568765089226,0.452180650505136,0.7984015181927667,0.7072315979048148,0.708647157732233,0.1489244629166562,0.999999999055941,,,,62,1
43,nfbotv2,nftonv2,lgbm,0.001,acq_uncertainty,2100,0.29783124584605847,0.34393816326193993,-0.3427578019480478,0.44985208511064767,0.6945914382686763,0.6796574185337897,0.6792033954980803,0.14999680930700499,3.2441782723514655e-06,,,,188,1
43,nfbotv2,nftonv2,lgbm,0.001,acq_hybrid,2100,0.9657207473615796,0.9726664149754595,0.9314821727120324,0.9907093242035212,0.0432648443487464,0.024019318618495763,0.0220997542301522,0.932905241291215,0.2654765646159597,,,,537,1
43,nfbotv2,nf2018v2,mlp,0,zero_shot_2s,250000,0.5509119768799591,0.6972462177910305,0.30511841533471296,0.6025614655677562,0.3989859461666723,0.34344487184723316,0.3426894560461523,0.3733014703493246,0.9999999981228578,1,,,,
43,nfbotv2,nf2018v2,mlp,0.0001,rethreshold_2s,217,0.5509119768799591,0.6972462177910305,0.3702355502278167,0.6025614655677562,0.3989859461666723,0.34344487184723316,0.3426894560461523,0.3733014703493246,0.9999999981228578,1,0.4616180414760847,,185,
43,nfbotv2,nf2018v2,mlp,0.0001,selector,217,0.5509119768799591,0.6972462177910305,,0.6025614655677562,0.3989859461666723,0.34344487184723316,0.3426894560461523,0.3733014703493246,0.9999999981228578,0,0.4616180414760847,0.8284915107680687,185,
43,nfbotv2,nf2018v2,mlp,0.001,rethreshold_2s,2102,0.5509119768799591,0.6972462177910305,0.37227071616753776,0.6025614655677562,0.3989859461666723,0.34344487184723316,0.3426894560461523,0.3733014703493246,0.9999999981228578,1,0.3961117902260289,,1851,
43,nfbotv2,nf2018v2,mlp,0.001,selector,2102,0.5509119768799591,0.6972462177910305,,0.6025614655677562,0.3989859461666723,0.34344487184723316,0.3426894560461523,0.3733014703493246,0.9999999981228578,0,0.3961117902260289,0.9204930171285198,1851,
43,nfbotv2,nf2018v2,mlp,0.01,rethreshold_2s,21001,0.5509119768799591,0.6972462177910305,0.3723283940102201,0.6025614655677562,0.3989859461666723,0.34344487184723316,0.3426894560461523,0.3733014703493246,0.9999999981228578,1,0.3733772590277761,,18514,
43,nfbotv2,nf2018v2,mlp,0.01,selector,21001,0.5509119768799591,0.6972462177910305,,0.6025614655677562,0.3989859461666723,0.34344487184723316,0.3426894560461523,0.3733014703493246,0.9999999981228578,0,0.3733772590277761,0.9500523525487717,18514,
43,nfbotv2,nf2018v2,mlp,0.05,rethreshold_2s,105000,0.5509119768799591,0.6972462177910305,0.37227071616753776,0.6025614655677562,0.3989859461666723,0.34344487184723316,0.3426894560461523,0.3733014703493246,0.9999999981228578,1,0.3764347092244926,,92569,
43,nfbotv2,nf2018v2,mlp,0.05,selector,105000,0.5509119768799591,0.6972462177910305,,0.6025614655677562,0.3989859461666723,0.34344487184723316,0.3426894560461523,0.3733014703493246,0.9999999981228578,0,0.3764347092244926,0.9678063017348117,92569,
43,nfbotv2,nf2018v2,mlp,0.1,rethreshold_2s,210000,0.5509119768799591,0.6972462177910305,0.37312990477010566,0.6025614655677562,0.3989859461666723,0.34344487184723316,0.3426894560461523,0.3733014703493246,0.9999999981228578,1,0.37508124841270757,,185138,
43,nfbotv2,nf2018v2,mlp,0.1,selector,210000,0.5509119768799591,0.6972462177910305,,0.6025614655677562,0.3989859461666723,0.34344487184723316,0.3426894560461523,0.3733014703493246,0.9999999981228578,0,0.37508124841270757,0.9705742574259383,185138,
43,nfbotv2,nf2018v2,mlp,0.0001,acq_uncertainty,210,0.46853899442765923,0.8261331950887618,0.0,0.5,0.0,0.11839440802795986,0.11839440802795986,0.0,inf,,,,210,0
43,nfbotv2,nf2018v2,mlp,0.0001,acq_hybrid,210,0.4706575838694601,0.826717209512774,0.04013477465669475,0.7004873125732884,2.8357210104241103e-05,0.11580266867512475,0.1165066165156859,0.4013816954962546,0.00019918235883695836,,,,209,0
43,nfbotv2,nf2018v2,mlp,0.001,acq_uncertainty,2100,0.5401186823534815,0.8463301150577293,0.25236211118923524,0.8736646784453922,0.0003573008473134379,0.08599725038136695,0.0896327613936716,0.7485781122971921,0.04244127984620602,,,,2075,3
43,nfbotv2,nf2018v2,mlp,0.001,acq_hybrid,2100,0.5699175900301493,0.8467290463135143,0.18872538085932386,0.6535663477172793,0.02502240219598235,0.1186910482751859,0.1165718576304815,0.44802108542265423,1.5209193000006304e-06,,,,2055,2
43,nfbotv2,nfunswv2,mlp,0,zero_shot_2s,250000,0.4862149971238184,0.8505467954249302,0.044349465938030186,0.5231553068796795,0.19163696074661457,0.19647285477124984,0.19911595447276098,0.15852302181407868,5.776363460737384e-25,1,,,,
43,nfbotv2,nfunswv2,mlp,0.0001,rethreshold_2s,144,0.4862149971238184,0.8505467954249302,0.13720942082796422,0.5231553068796795,0.19163696074661457,0.19647285477124984,0.19911595447276098,0.15852302181407868,5.776363460737384e-25,1,0.26941101315537386,,134,
43,nfbotv2,nfunswv2,mlp,0.0001,selector,144,0.4862149971238184,0.8505467954249302,,0.5231553068796795,0.19163696074661457,0.19647285477124984,0.19911595447276098,0.15852302181407868,5.776363460737384e-25,0,0.26941101315537386,0.7094079637637803,134,
43,nfbotv2,nfunswv2,mlp,0.001,rethreshold_2s,1392,0.4862149971238184,0.8505467954249302,0.15658754410647324,0.5231553068796795,0.19163696074661457,0.19647285477124984,0.19911595447276098,0.15852302181407868,5.776363460737384e-25,1,0.19673047170593422,,1338,
43,nfbotv2,nfunswv2,mlp,0.001,selector,1392,0.4862149971238184,0.8505467954249302,,0.5231553068796795,0.19163696074661457,0.19647285477124984,0.19911595447276098,0.15852302181407868,5.776363460737384e-25,0,0.19673047170593422,0.8818115338217559,1338,
43,nfbotv2,nfunswv2,mlp,0.01,rethreshold_2s,13907,0.4862149971238184,0.8505467954249302,0.15539950837059968,0.5231553068796795,0.19163696074661457,0.19647285477124984,0.19911595447276098,0.15852302181407868,5.776363460737384e-25,1,0.16508920250491657,,13382,
43,nfbotv2,nfunswv2,mlp,0.01,selector,13907,0.4862149971238184,0.8505467954249302,,0.5231553068796795,0.19163696074661457,0.19647285477124984,0.19911595447276098,0.15852302181407868,5.776363460737384e-25,0,0.16508920250491657,0.8324004690225203,13382,
43,nfbotv2,nfunswv2,mlp,0.05,rethreshold_2s,69537,0.4862149971238184,0.8505467954249302,0.15840750458703529,0.5231553068796795,0.19163696074661457,0.19647285477124984,0.19911595447276098,0.15852302181407868,5.776363460737384e-25,1,0.16127586627232102,,66908,
43,nfbotv2,nfunswv2,mlp,0.05,selector,69537,0.4862149971238184,0.8505467954249302,,0.5231553068796795,0.19163696074661457,0.19647285477124984,0.19911595447276098,0.15852302181407868,5.776363460737384e-25,0,0.16127586627232102,0.922815779605667,66908,
43,nfbotv2,nfunswv2,mlp,0.1,rethreshold_2s,139072,0.4862149971238184,0.8505467954249302,0.15840750458703529,0.5231553068796795,0.19163696074661457,0.19647285477124984,0.19911595447276098,0.15852302181407868,5.776363460737384e-25,1,0.16046137871154573,,133817,
43,nfbotv2,nfunswv2,mlp,0.1,selector,139072,0.4862149971238184,0.8505467954249302,,0.5231553068796795,0.19163696074661457,0.19647285477124984,0.19911595447276098,0.15852302181407868,5.776363460737384e-25,0,0.16046137871154573,0.9303115987203677,133817,
43,nfbotv2,nfunswv2,mlp,0.0001,acq_uncertainty,139,0.7161349243639652,0.9572443009258385,0.43350360631233864,0.6018387812462193,0.025883123226738445,0.04364797311827548,0.04312070691324475,0.4401650339077655,0.011549046815903383,,,,68,0
43,nfbotv2,nfunswv2,mlp,0.0001,acq_hybrid,139,0.7228688808008901,0.956339738290223,0.4517045218718495,0.6983594345718089,0.03120420698184388,0.042408743590988666,0.03840898083077524,0.54316142157454,0.9725815403803071,,,,53,1
43,nfbotv2,nfunswv2,mlp,0.001,acq_uncertainty,1391,0.8127964445962458,0.9748621811540017,0.6384509596325805,0.7496282293520036,0.005684829714927095,0.021730797395925844,0.019103313303862536,0.6433245109550466,0.3930290513439555,,,,643,1
43,nfbotv2,nfunswv2,mlp,0.001,acq_hybrid,1391,0.8092272696865159,0.974545155752944,0.6336860305028404,0.7678195703366602,0.005263923675704888,0.020874637818434686,0.01739428938415144,0.642373710998246,0.28199710895722463,,,,903,1
43,nfbotv2,nftonv2,mlp,0,zero_shot_2s,250000,0.3936995062458393,0.44188041133082445,-0.14621117749457563,0.49310983204479963,0.5682274369548557,0.5006727564660256,0.5035891990875558,0.1738944701260078,0.999981887840621,1,,,,
43,nfbotv2,nftonv2,mlp,0.0001,rethreshold_2s,213,0.3936995062458393,0.44188041133082445,0.03306438056609618,0.49310983204479963,0.5682274369548557,0.5006727564660256,0.5035891990875558,0.1738944701260078,0.999981887840621,-1,0.17964658585723092,,58,
43,nfbotv2,nftonv2,mlp,0.0001,selector,213,0.3936995062458393,0.44188041133082445,,0.49310983204479963,0.5682274369548557,0.5006727564660256,0.5035891990875558,0.1738944701260078,0.999981887840621,0,0.17964658585723092,0.7354496044018065,58,
43,nfbotv2,nftonv2,mlp,0.001,rethreshold_2s,2100,0.3936995062458393,0.44188041133082445,0.1491472707287544,0.49310983204479963,0.5682274369548557,0.5006727564660256,0.5035891990875558,0.1738944701260078,0.999981887840621,-1,0.17056225520722318,,575,
43,nfbotv2,nftonv2,mlp,0.001,selector,2100,0.3936995062458393,0.44188041133082445,,0.49310983204479963,0.5682274369548557,0.5006727564660256,0.5035891990875558,0.1738944701260078,0.999981887840621,0,0.17056225520722318,0.9181413422571961,575,
43,nfbotv2,nftonv2,mlp,0.01,rethreshold_2s,21000,0.3936995062458393,0.44188041133082445,0.17383907208558774,0.49310983204479963,0.5682274369548557,0.5006727564660256,0.5035891990875558,0.1738944701260078,0.999981887840621,1,0.17221624138387467,,5754,
43,nfbotv2,nftonv2,mlp,0.01,selector,21000,0.3936995062458393,0.44188041133082445,,0.49310983204479963,0.5682274369548557,0.5006727564660256,0.5035891990875558,0.1738944701260078,0.999981887840621,0,0.17221624138387467,0.9208127028877388,5754,
43,nfbotv2,nftonv2,mlp,0.05,rethreshold_2s,105000,0.3936995062458393,0.44188041133082445,0.17380547974750996,0.49310983204479963,0.5682274369548557,0.5006727564660256,0.5035891990875558,0.1738944701260078,0.999981887840621,1,0.16822985098088,,28771,
43,nfbotv2,nftonv2,mlp,0.05,selector,105000,0.3936995062458393,0.44188041133082445,,0.49310983204479963,0.5682274369548557,0.5006727564660256,0.5035891990875558,0.1738944701260078,0.999981887840621,0,0.16822985098088,0.9421857413082103,28771,
43,nfbotv2,nftonv2,mlp,0.1,rethreshold_2s,210000,0.3936995062458393,0.44188041133082445,0.17384531252904667,0.49310983204479963,0.5682274369548557,0.5006727564660256,0.5035891990875558,0.1738944701260078,0.999981887840621,1,0.1713973529216536,,57542,
43,nfbotv2,nftonv2,mlp,0.1,selector,210000,0.3936995062458393,0.44188041133082445,,0.49310983204479963,0.5682274369548557,0.5006727564660256,0.5035891990875558,0.1738944701260078,0.999981887840621,0,0.1713973529216536,0.9485076335111855,57542,
43,nfbotv2,nftonv2,mlp,0.0001,acq_uncertainty,210,0.5326692033504304,0.6206217996150631,0.06701566484020025,0.5577725597570404,0.6399766431882048,0.3412291617559024,0.33111555867258,0.34656502710791276,0.9684875071545561,,,,43,1
43,nfbotv2,nftonv2,mlp,0.0001,acq_hybrid,210,0.4921884549330318,0.6396254860236118,0.05482338597132457,0.5908361127532465,0.8916827852998066,0.25378728208580326,0.22399103113832136,0.3125639138627978,0.948580975845922,,,,70,1
43,nfbotv2,nftonv2,mlp,0.001,acq_uncertainty,2100,0.6689340523022546,0.7423128255360985,0.34089313702403473,0.6497038006810698,0.5289223021057625,0.2254461993844373,0.19857927494421623,0.39040869670688894,0.991155460855992,,,,502,2
43,nfbotv2,nftonv2,mlp,0.001,acq_hybrid,2100,0.5339365930905806,0.5913537674635463,0.10698310597528309,0.5707431995633339,0.45989197474544724,0.4059163384263558,0.38888072673162566,0.3900663672484181,0.9917596776949326,,,,588,4
44,any,nf2018v2,rf,0.0001,acq_uniform,210,0.9711903235018432,0.9881746567438351,0.9433809788955456,0.9708285262742933,0.0013554746429827247,0.012668408546846152,0.0189576385451406,0.948211034440229,0.6433333333333333,,,,184,1
44,any,nf2018v2,lgbm,0.0001,acq_uniform,210,0.95995454700998,0.9834249327217615,0.920157009191248,0.9675343595699228,0.0066412586064132665,0.015349211769918965,0.015135221326071792,0.9315963461071012,0.9909833812847362,,,,184,0
44,any,nf2018v2,mlp,0.0001,acq_uniform,210,0.9565741681814306,0.982214852788411,0.9144050328909094,0.9532446419114421,0.003975680856614603,0.01585598407758202,0.01236829850928153,0.9167296303941391,0.6860815194377236,,,,184,1
44,any,nf2018v2,rf,0.0001,acq_diversity,210,0.9696254138151716,0.9874685664117535,0.9397321843320351,0.9761245105421441,0.0033461507923004505,0.01862814991480598,0.04280980261765364,0.9402092056628983,0.4766666666666667,,,,184,1
44,any,nf2018v2,lgbm,0.0001,acq_diversity,210,0.9353790346364967,0.9723898861521707,0.87229961138869,0.9722411021598187,0.023258583727498554,0.022661975473076405,0.0166175932293928,0.906607359574622,0.8908252182590868,,,,184,1
44,any,nf2018v2,mlp,0.0001,acq_diversity,210,0.9366247228230717,0.9732742444980268,0.8735498468855302,0.9638775273127078,0.01842651512573587,0.023600419987318703,0.01678100052234729,0.8828264998057643,0.8348901941313561,,,,184,1
44,any,nf2018v2,rf,0.001,acq_uniform,2100,0.9823262831617035,0.9927002483913779,0.9650540725691462,0.9799070605915938,0.0007656446728145098,0.007369809984283412,0.00810190949045252,0.9662344988594852,0.5433333333333333,,,,1854,1
44,any,nf2018v2,lgbm,0.001,acq_uniform,2100,0.9816017329697657,0.9924014798546998,0.9636094011591841,0.9809228574585215,0.0009131021653565636,0.007192239091933697,0.006876091054117066,0.9642973781754134,0.69364283269096,,,,1854,1
44,any,nf2018v2,mlp,0.001,acq_uniform,2100,0.9768791019538587,0.9904629351166261,0.9542609433595584,0.9719578634373589,0.0016106895339208947,0.00896669450987741,0.005566124616328549,0.9550431047666781,0.8135346200654259,,,,1854,2
44,any,nf2018v2,rf,0.001,acq_diversity,2100,0.9843036870654074,0.9935056522119887,0.9688888884930336,0.9810944930549385,0.0008563877451480814,0.007238546029492074,0.009641918457074286,0.9702444956440002,0.5966666666666667,,,,1883,1
44,any,nf2018v2,lgbm,0.001,acq_diversity,2100,0.9852616939857661,0.9939056269550177,0.9708439521281013,0.9816072481038096,0.00044804391964700944,0.005953479378194149,0.0057289468742391676,0.9713872821880769,0.8878475520471864,,,,1883,1
44,any,nf2018v2,mlp,0.001,acq_diversity,2100,0.982350249202734,0.9927028056744067,0.9650295497365312,0.9810279254042902,0.001077573983961162,0.006895157138989727,0.0036816295818540828,0.9654934377444856,0.5789629809737683,,,,1883,4
44,any,nfunswv2,rf,0.0001,acq_uniform,139,0.9293392125346901,0.9893727636422633,0.8607525204122487,0.9377816779367656,0.00848567360555388,0.008533117611111111,0.0077648500000001295,0.873703037431623,0.23666666666666666,,,,131,1
44,any,nfunswv2,lgbm,0.0001,acq_uniform,139,0.7822481115454625,0.9714284272709669,0.5860593346655897,0.8432439825550186,0.005206763596304341,0.022724829231226366,0.021914221841385095,0.7023348680283631,0.04242516463924325,,,,131,0
44,any,nfunswv2,mlp,0.0001,acq_uniform,139,0.8610233558915017,0.9809771145766947,0.7298927059286876,0.8332923752597516,0.004442897080678854,0.016278488510998956,0.014016356981058891,0.7562698893261155,0.036785448603332646,,,,131,1
44,any,nfunswv2,rf,0.0001,acq_diversity,139,0.9383353974339304,0.9909654730392529,0.8767783936201538,0.9580899756429102,0.00532628012596003,0.007054844166666668,0.008575450000000248,0.9177915130857324,0.42,,,,124,1
44,any,nfunswv2,lgbm,0.0001,acq_diversity,139,0.9134079855360715,0.987492645464916,0.8269129209606692,0.9306920067363436,0.005887488178256306,0.011014628068690677,0.01034612535489262,0.8837287274833938,0.009655114334262254,,,,124,0
44,any,nfunswv2,mlp,0.0001,acq_diversity,139,0.8727685462277515,0.9823960035906979,0.7507877095189814,0.9054369719484106,0.0046923228816994214,0.014154930706261955,0.012848826719785975,0.8191828103320886,0.007270944419596312,,,,124,1
44,any,nfunswv2,rf,0.001,acq_uniform,1391,0.9579146427049476,0.9937867738583953,0.9162891924537521,0.9665143662726963,0.004505253530933995,0.004973622055555556,0.002583249999999647,0.9345951320687651,0.2966666666666667,,,,1341,1
44,any,nfunswv2,lgbm,0.001,acq_uniform,1391,0.9460410737799065,0.9921158861393077,0.8921254630241174,0.9594057034753335,0.00448966441837021,0.007457876134016195,0.007130723610571037,0.9092661706482604,0.018881854463169354,,,,1341,1
44,any,nfunswv2,mlp,0.001,acq_uniform,1391,0.9265353908137207,0.9892373243809813,0.8531739332878301,0.8976258569065364,0.0062252522838049905,0.009403244839477775,0.007060352767028261,0.8654007363960637,0.07864197583504454,,,,1341,3
44,any,nfunswv2,rf,0.001,acq_diversity,1391,0.9620054621639613,0.9943817612162404,0.9245765265497491,0.9807776235340021,0.0043285769218777605,0.004394451944444445,0.00133004999999999,0.9283180017856907,0.38,,,,1278,1
44,any,nfunswv2,lgbm,0.001,acq_diversity,1391,0.956160855771288,0.9935793231667402,0.9124230384176976,0.9804452089152935,0.003928456366073934,0.005680177156671666,0.005164280653104094,0.9243239247798448,0.02268367861679237,,,,1278,1
44,any,nfunswv2,mlp,0.001,acq_diversity,1391,0.9437077050774326,0.9915530091743179,0.8892830788872649,0.9431910050644133,0.007113831699940762,0.007302187220229996,0.003181713062858731,0.891246497248407,0.30620021401269176,,,,1278,1
44,any,nftonv2,rf,0.0001,acq_uniform,210,0.9287765556996157,0.9433255213675219,0.8575531132040252,0.9780292537621983,0.10337213970293055,0.03977002646124342,0.027719755265442937,0.8864497077545967,0.63,,,,67,1
44,any,nftonv2,lgbm,0.0001,acq_uniform,210,0.9325554378372956,0.9461604034483223,0.865203036124872,0.9726940474138085,0.08820845954527207,0.047368523340935026,0.04417886908730466,0.872559987066469,0.9577171814300567,,,,67,1
44,any,nftonv2,mlp,0.0001,acq_uniform,210,0.8618483447924616,0.8913389441541488,0.7248341390239127,0.8755593511258599,0.23292945512937485,0.09022633830620053,0.05461348166925459,0.7270267446868428,0.4419202611385475,,,,67,1
44,any,nftonv2,rf,0.0001,acq_diversity,210,0.949310663568691,0.9597894872404706,0.898709037168088,0.9818059121954713,0.0830079194189993,0.039896644372110754,0.055262442978881464,0.8998953741507854,0.5166666666666667,,,,70,1
44,any,nftonv2,lgbm,0.0001,acq_diversity,210,0.9322254354524006,0.9467390627211082,0.8659044243015277,0.9677138288857582,0.13572497354111163,0.04695742701055977,0.042218294738690494,0.875352398980825,0.85392946205731,,,,70,1
44,any,nftonv2,mlp,0.0001,acq_diversity,210,0.8716804810917497,0.8980413486748487,0.7433782863762758,0.9060193987584507,0.19041275865844312,0.08464239700713702,0.041681109254065554,0.7471228304763318,0.3824671943085737,,,,70,1
44,any,nftonv2,rf,0.001,acq_uniform,2100,0.9678203428510475,0.9744418201334459,0.9356735952264208,0.9936022326686733,0.05253457902996241,0.018990626453132264,0.006596216314414961,0.9372356138134383,0.4533333333333333,,,,581,1
44,any,nftonv2,lgbm,0.001,acq_uniform,2100,0.9665835341500127,0.9735091952392155,0.9332999044816843,0.993298667658216,0.060143790372614137,0.023821791826221413,0.022322011101636154,0.9339941991956727,0.33512892010646145,,,,581,1
44,any,nftonv2,mlp,0.001,acq_uniform,2100,0.9578300434713694,0.9666253557908839,0.9159354625924581,0.9753895019908702,0.07786212182037151,0.02690488949887991,0.01369269313436625,0.9175454800668139,0.6048320292098855,,,,581,2
44,any,nftonv2,rf,0.001,acq_diversity,2100,0.9731361576868334,0.9786766917734006,0.946330458606209,0.9945470449840182,0.0467318710995949,0.0167548326630522,0.01123568951178105,0.9467227519215259,0.5433333333333333,,,,569,1
44,any,nftonv2,lgbm,0.001,acq_diversity,2100,0.9728493038401735,0.9784426188977833,0.9457435827958278,0.9938932692457733,0.046220940841575124,0.01946306955638459,0.01809168004819466,0.9461323467057209,0.8462324281241881,,,,569,1
44,any,nftonv2,mlp,0.001,acq_diversity,2100,0.9590206918907254,0.9675372044273463,0.918229045716247,0.9805074249183545,0.0732637494981935,0.027617810261065738,0.009808939039779477,0.9184626157753911,0.4837759676868726,,,,569,4
44,any,nfbotv2,rf,0.0001,acq_uniform,210,0.49894904562319464,0.9937119087536106,0.0,0.5,1.0,0.004195,0.004194999999999949,0.0,inf,,,,0,0
44,any,nfbotv2,lgbm,0.0001,acq_uniform,210,0.49894904562319464,0.9937119087536106,0.0,0.5,1.0,0.004195,0.004194999999999949,0.0,inf,,,,0,0
44,any,nfbotv2,mlp,0.0001,acq_uniform,210,0.49894904562319464,0.9937119087536106,0.0,0.5,1.0,0.004195,0.004194999999999949,0.0,inf,,,,0,0
44,any,nfbotv2,rf,0.0001,acq_diversity,210,0.6563505110071641,0.9954044302817046,0.4225682627817897,0.756750011424951,0.8116805721096544,0.003124064666666667,0.005042633333333394,0.640493011327308,0.84,,,,3,1
44,any,nfbotv2,lgbm,0.0001,acq_diversity,210,0.6304495898217216,0.9936124166149393,0.2614651806357356,0.6405305695857332,0.7175208581644815,0.005805811046046543,0.004651595155474401,0.48504201250239354,0.005625163673841624,,,,3,0
44,any,nfbotv2,mlp,0.0001,acq_diversity,210,0.7191209022209906,0.9961171209482595,0.5181009458882301,0.7374169034998855,0.7127532777115614,0.003029564612571579,0.0022511545412063514,0.5860069468272552,0.9904706699501543,,,,3,0
44,any,nfbotv2,rf,0.001,acq_uniform,2100,0.8084444966734318,0.9971667327107108,0.6469311567623425,0.9122372576123601,0.5244338498212158,0.0018296864999999996,0.0013852833333331297,0.7595740709507735,0.72,,,,8,1
44,any,nfbotv2,lgbm,0.001,acq_uniform,2100,0.8587914844813991,0.9978350941222851,0.732304439514742,0.8591103599437296,0.40047675804529204,0.0019492121318288318,0.0019220016808421231,0.7406362882611864,0.9990958995209687,,,,8,0
44,any,nfbotv2,mlp,0.001,acq_uniform,2100,0.5920584741052124,0.9946639962173331,0.29289905123490884,0.606284157606717,0.8951132300357568,0.0036798988571688763,0.002886589292306223,0.400909948162973,0.8983959150888423,,,,8,1
44,any,nfbotv2,rf,0.001,acq_diversity,2100,0.938085720837921,0.9989602181122299,0.8762159412988834,0.9475791323984201,0.11442193087008343,0.0008423112777777778,0.0008082833333332918,0.9009065830393739,0.7266666666666667,,,,24,1
44,any,nfbotv2,lgbm,0.001,acq_diversity,2100,0.9156386578905877,0.9986476577334916,0.8346127808310594,0.9334838018347242,0.2359952324195471,0.0012325849132914278,0.0011564508243706367,0.8589021572702267,0.9987622463818087,,,,24,1
44,any,nfbotv2,mlp,0.001,acq_diversity,2100,0.8686692749778113,0.9979526736917268,0.7465250690441274,0.8641098359958103,0.36114421930870083,0.0016695632951430727,0.0010037810478679284,0.7805395978126851,0.736372949042742,,,,24,1
44,nf2018v2,nfunswv2,rf,0,zero_shot_2s,249999,0.49061728167694535,0.9429786488259496,-0.004457657186970555,0.48248255358721737,0.0015796967397969258,0.06967970661111111,0.17290291666666666,0.2661200613757283,0.9266666666666666,-1,,,,
44,nf2018v2,nfunswv2,rf,0.0001,rethreshold_2s,144,0.49061728167694535,0.9429786488259496,0.23767664730225607,0.48248255358721737,0.0015796967397969258,0.06967970661111111,0.17290291666666666,0.03669261490172298,0.0033333333333333335,-1,0.37781195004839585,,134,
44,nf2018v2,nfunswv2,rf,0.0001,selector,144,0.49061728167694535,0.9429786488259496,,0.48248255358721737,0.0015796967397969258,0.06967970661111111,0.17290291666666666,0.03669261490172298,0.0033333333333333335,0,0.37781195004839585,0.8879738972216412,134,
44,nf2018v2,nfunswv2,rf,0.001,rethreshold_2s,1392,0.49061728167694535,0.9429786488259496,0.23767664730225607,0.48248255358721737,0.0015796967397969258,0.06967970661111111,0.17290291666666666,0.03669261490172298,0.0033333333333333335,-1,0.23081936367927178,,1338,
44,nf2018v2,nfunswv2,rf,0.001,selector,1392,0.49061728167694535,0.9429786488259496,,0.48248255358721737,0.0015796967397969258,0.06967970661111111,0.17290291666666666,0.03669261490172298,0.0033333333333333335,0,0.23081936367927178,0.9282910918712464,1338,
44,nf2018v2,nfunswv2,rf,0.01,rethreshold_2s,13907,0.49061728167694535,0.9429786488259496,0.26265346136281525,0.48248255358721737,0.0015796967397969258,0.06967970661111111,0.17290291666666666,0.03669261490172298,0.0033333333333333335,-1,0.2725614955208725,,13382,
44,nf2018v2,nfunswv2,rf,0.01,selector,13907,0.49061728167694535,0.9429786488259496,,0.48248255358721737,0.0015796967397969258,0.06967970661111111,0.17290291666666666,0.03669261490172298,0.0033333333333333335,0,0.2725614955208725,0.9347080389081049,13382,
44,nf2018v2,nfunswv2,rf,0.05,rethreshold_2s,69537,0.49061728167694535,0.9429786488259496,0.2661200613757283,0.48248255358721737,0.0015796967397969258,0.06967970661111111,0.17290291666666666,0.03669261490172298,0.0033333333333333335,-1,0.26217896179078537,,66908,
44,nf2018v2,nfunswv2,rf,0.05,selector,69537,0.49061728167694535,0.9429786488259496,,0.48248255358721737,0.0015796967397969258,0.06967970661111111,0.17290291666666666,0.03669261490172298,0.0033333333333333335,0,0.26217896179078537,0.953122896512456,66908,
44,nf2018v2,nfunswv2,rf,0.1,rethreshold_2s,139072,0.49061728167694535,0.9429786488259496,0.2654430522123259,0.48248255358721737,0.0015796967397969258,0.06967970661111111,0.17290291666666666,0.03669261490172298,0.0033333333333333335,-1,0.2574978159303462,,133817,
44,nf2018v2,nfunswv2,rf,0.1,selector,139072,0.49061728167694535,0.9429786488259496,,0.48248255358721737,0.0015796967397969258,0.06967970661111111,0.17290291666666666,0.03669261490172298,0.0033333333333333335,0,0.2574978159303462,0.9505527903495165,133817,
44,nf2018v2,nfunswv2,rf,0.0001,acq_uncertainty,139,0.49157618762211797,0.7946467938056561,0.19245207602902617,0.712980013321465,0.2996227434759564,0.17485394516666666,0.19261825000000005,0.6375036304894507,0.7466666666666667,,,,136,1
44,nf2018v2,nfunswv2,rf,0.0001,acq_hybrid,139,0.47802285786729243,0.7696495754355531,0.20383607761341896,0.719519714990103,0.33847081198490975,0.19809703211111107,0.23093710000000003,0.6285857555625713,0.8533333333333334,,,,132,1
44,nf2018v2,nfunswv2,rf,0.001,acq_uncertainty,1391,0.9179013473306175,0.987633179483762,0.8380111885880243,0.8943261830389782,0.009561322372455078,0.061216965055555565,0.18775121666666666,0.8642544503427291,0.46,,,,1369,1
44,nf2018v2,nfunswv2,rf,0.001,acq_hybrid,1391,0.951121480121911,0.9926697823477254,0.9040714929442869,0.9475465203559618,0.006464285343116368,0.013792255000000002,0.0631971333333333,0.9140360317097038,0.45,,,,1283,1
44,nf2018v2,nftonv2,rf,0,zero_shot_2s,249999,0.24167972548684977,0.17723848040717968,-0.17751027251147722,0.5562717218606633,0.1670012043356082,0.5553798455103385,0.6017486920767936,0.32529449637374985,0.023333333333333317,-1,,,,
44,nf2018v2,nftonv2,rf,0.0001,rethreshold_2s,213,0.24167972548684977,0.17723848040717968,0.32345733523403514,0.5562717218606633,0.1670012043356082,0.5553798455103385,0.6017486920767936,0.23178829408180263,0.0033333333333333335,-1,0.3628305384890698,,58,
44,nf2018v2,nftonv2,rf,0.0001,selector,213,0.24167972548684977,0.17723848040717968,,0.5562717218606633,0.1670012043356082,0.5553798455103385,0.6017486920767936,0.23178829408180263,0.0033333333333333335,0,0.3628305384890698,0.7867105095747323,58,
44,nf2018v2,nftonv2,rf,0.001,rethreshold_2s,2100,0.24167972548684977,0.17723848040717968,0.32483836756153023,0.5562717218606633,0.1670012043356082,0.5553798455103385,0.6017486920767936,0.23178829408180263,0.0033333333333333335,-1,0.3380312452013681,,575,
44,nf2018v2,nftonv2,rf,0.001,selector,2100,0.24167972548684977,0.17723848040717968,,0.5562717218606633,0.1670012043356082,0.5553798455103385,0.6017486920767936,0.23178829408180263,0.0033333333333333335,0,0.3380312452013681,0.9307646218861096,575,
44,nf2018v2,nftonv2,rf,0.01,rethreshold_2s,21000,0.24167972548684977,0.17723848040717968,0.3241927033969244,0.5562717218606633,0.1670012043356082,0.5553798455103385,0.6017486920767936,0.23178829408180263,0.0033333333333333335,-1,0.3263808722184308,,5754,
44,nf2018v2,nftonv2,rf,0.01,selector,21000,0.24167972548684977,0.17723848040717968,,0.5562717218606633,0.1670012043356082,0.5553798455103385,0.6017486920767936,0.23178829408180263,0.0033333333333333335,0,0.3263808722184308,0.9643338330583453,5754,
44,nf2018v2,nftonv2,rf,0.05,rethreshold_2s,105000,0.24167972548684977,0.17723848040717968,0.3241927033969244,0.5562717218606633,0.1670012043356082,0.5553798455103385,0.6017486920767936,0.23178829408180263,0.0033333333333333335,-1,0.3280662210792645,,28771,
44,nf2018v2,nftonv2,rf,0.05,selector,105000,0.24167972548684977,0.17723848040717968,,0.5562717218606633,0.1670012043356082,0.5553798455103385,0.6017486920767936,0.23178829408180263,0.0033333333333333335,0,0.3280662210792645,0.9780019066847784,28771,
44,nf2018v2,nftonv2,rf,0.1,rethreshold_2s,210000,0.24167972548684977,0.17723848040717968,0.3252332750458375,0.5562717218606633,0.1670012043356082,0.5553798455103385,0.6017486920767936,0.23178829408180263,0.0033333333333333335,-1,0.3284502659389797,,57542,
44,nf2018v2,nftonv2,rf,0.1,selector,210000,0.24167972548684977,0.17723848040717968,,0.5562717218606633,0.1670012043356082,0.5553798455103385,0.6017486920767936,0.23178829408180263,0.0033333333333333335,0,0.3284502659389797,0.9821818576940698,57542,
44,nf2018v2,nftonv2,rf,0.0001,acq_uncertainty,210,0.5514380201777742,0.5813433060463367,0.2194628199759084,0.7043130541705168,0.2451187912849896,0.26376610738609246,0.2759765798828994,0.40475364065977015,0.9266666666666666,,,,6,1
44,nf2018v2,nftonv2,rf,0.0001,acq_hybrid,210,0.6556577194842601,0.7014044867915579,0.35009178339911484,0.7320628312831754,0.2856647567607022,0.18999746609844154,0.15847119235596177,0.47382271993284514,0.35333333333333333,,,,9,1
44,nf2018v2,nftonv2,rf,0.001,acq_uncertainty,2100,0.5565489112285991,0.5795673876203384,0.25900969431224863,0.7822857823672977,0.18333272508302617,0.2112860510413663,0.24287036435182174,0.5730406066806775,0.27,,,,71,1
44,nf2018v2,nftonv2,rf,0.001,acq_hybrid,2100,0.7849927900045715,0.827279197197202,0.5706279417314489,0.869479929591502,0.28732528009926644,0.13799865777106662,0.11647854905941196,0.6760074754506339,0.16333333333333333,,,,119,1
44,nf2018v2,nfbotv2,rf,0,zero_shot_2s,249999,0.0503168315502609,0.09152158566855123,0.014204028913893704,0.5093979465376237,0.0011918951132300357,0.6059687658333335,0.7510819499999999,0.13234656031507092,0.03,1,,,,
44,nf2018v2,nfbotv2,rf,0.0001,rethreshold_2s,211,0.0503168315502609,0.09152158566855123,0.08933610224658926,0.5093979465376237,0.0011918951132300357,0.6059687658333335,0.7510819499999999,0.13234656031507092,0.03,-1,0.14964565611410977,,1,
44,nf2018v2,nfbotv2,rf,0.0001,selector,211,0.0503168315502609,0.09152158566855123,,0.5093979465376237,0.0011918951132300357,0.6059687658333335,0.7510819499999999,0.13234656031507092,0.03,1,0.14964565611410977,0.0,1,
44,nf2018v2,nfbotv2,rf,0.001,rethreshold_2s,2101,0.0503168315502609,0.09152158566855123,0.08406964227315482,0.5093979465376237,0.0011918951132300357,0.6059687658333335,0.7510819499999999,0.13234656031507092,0.03,-1,0.14781111543896927,,9,
44,nf2018v2,nfbotv2,rf,0.001,selector,2101,0.0503168315502609,0.09152158566855123,,0.5093979465376237,0.0011918951132300357,0.6059687658333335,0.7510819499999999,0.13234656031507092,0.03,0,0.14781111543896927,0.6666666666666666,9,
44,nf2018v2,nfbotv2,rf,0.01,rethreshold_2s,21000,0.0503168315502609,0.09152158566855123,0.1253336826604055,0.5093979465376237,0.0011918951132300357,0.6059687658333335,0.7510819499999999,0.13234656031507092,0.03,1,0.14923731247212327,,88,
44,nf2018v2,nfbotv2,rf,0.01,selector,21000,0.0503168315502609,0.09152158566855123,,0.5093979465376237,0.0011918951132300357,0.6059687658333335,0.7510819499999999,0.13234656031507092,0.03,0,0.14923731247212327,0.9432776199281164,88,
44,nf2018v2,nfbotv2,rf,0.05,rethreshold_2s,105000,0.0503168315502609,0.09152158566855123,0.13234656031507092,0.5093979465376237,0.0011918951132300357,0.6059687658333335,0.7510819499999999,0.13234656031507092,0.03,1,0.15331986220904242,,440,
44,nf2018v2,nfbotv2,rf,0.05,selector,105000,0.0503168315502609,0.09152158566855123,,0.5093979465376237,0.0011918951132300357,0.6059687658333335,0.7510819499999999,0.13234656031507092,0.03,0,0.15331986220904242,0.9739738177594695,440,
44,nf2018v2,nfbotv2,rf,0.1,rethreshold_2s,210001,0.0503168315502609,0.09152158566855123,0.13234656031507092,0.5093979465376237,0.0011918951132300357,0.6059687658333335,0.7510819499999999,0.13234656031507092,0.03,1,0.1525385318164357,,881,
44,nf2018v2,nfbotv2,rf,0.1,selector,210001,0.0503168315502609,0.09152158566855123,,0.5093979465376237,0.0011918951132300357,0.6059687658333335,0.7510819499999999,0.13234656031507092,0.03,0,0.1525385318164357,0.9723440188097645,881,
44,nf2018v2,nfbotv2,rf,0.0001,acq_uncertainty,210,0.011427681499196395,0.014888063533718889,-0.036685598603048715,0.5052134100415087,0.057210965435041714,0.6489919487222223,0.7871774833333334,0.11161755024508088,0.016666666666666666,,,,28,1
44,nf2018v2,nfbotv2,rf,0.0001,acq_hybrid,210,0.3270950263117793,0.6367367049217924,0.05408447741567044,0.7877020377572309,0.052443384982121574,0.21474115327777776,0.37001441666666673,0.7063818796823238,0.23,,,,42,1
44,nf2018v2,nfbotv2,rf,0.001,acq_uncertainty,2100,0.32694120372348756,0.6361197353495049,0.05677688153297439,0.755935721793193,0.03098927294398093,0.2955032708888889,0.40162826666666673,0.6076318824859168,0.03333333333333333,,,,240,1
44,nf2018v2,nfbotv2,rf,0.001,acq_hybrid,2100,0.33232359532633465,0.6471135844704337,0.05317966640058062,0.841335953097659,0.07032181168057211,0.21611853722222227,0.3261934666666667,0.6944126947705592,0.08333333333333333,,,,109,1
44,nf2018v2,nfunswv2,lgbm,0,zero_shot_2s,249999,0.5134703768202962,0.9454851492525297,0.1091451526347379,0.5163683574916107,0.0007794556281892726,0.03772407712644967,0.036436153234407534,0.11567003600508323,0.4701607136373796,1,,,,
44,nf2018v2,nfunswv2,lgbm,0.0001,rethreshold_2s,144,0.5134703768202962,0.9454851492525297,0.09504480496041982,0.5163683574916107,0.0007794556281892726,0.03772407712644967,0.036436153234407534,0.11567003600508323,0.4701607136373796,1,0.30611483744878115,,134,
44,nf2018v2,nfunswv2,lgbm,0.0001,selector,144,0.5134703768202962,0.9454851492525297,,0.5163683574916107,0.0007794556281892726,0.03772407712644967,0.036436153234407534,0.11567003600508323,0.4701607136373796,0,0.30611483744878115,0.430450766644715,134,
44,nf2018v2,nfunswv2,lgbm,0.001,rethreshold_2s,1392,0.5134703768202962,0.9454851492525297,0.09504480496041982,0.5163683574916107,0.0007794556281892726,0.03772407712644967,0.036436153234407534,0.11567003600508323,0.4701607136373796,1,0.18881599195234083,,1338,
44,nf2018v2,nfunswv2,lgbm,0.001,selector,1392,0.5134703768202962,0.9454851492525297,,0.5163683574916107,0.0007794556281892726,0.03772407712644967,0.036436153234407534,0.11567003600508323,0.4701607136373796,0,0.18881599195234083,0.8778960610104763,1338,
44,nf2018v2,nfunswv2,lgbm,0.01,rethreshold_2s,13907,0.5134703768202962,0.9454851492525297,0.11181706804104714,0.5163683574916107,0.0007794556281892726,0.03772407712644967,0.036436153234407534,0.11567003600508323,0.4701607136373796,1,0.12501949305719057,,13382,
44,nf2018v2,nfunswv2,lgbm,0.01,selector,13907,0.5134703768202962,0.9454851492525297,,0.5163683574916107,0.0007794556281892726,0.03772407712644967,0.036436153234407534,0.11567003600508323,0.4701607136373796,0,0.12501949305719057,0.9301817474291837,13382,
44,nf2018v2,nfunswv2,lgbm,0.05,rethreshold_2s,69537,0.5134703768202962,0.9454851492525297,0.11315306454812098,0.5163683574916107,0.0007794556281892726,0.03772407712644967,0.036436153234407534,0.11567003600508323,0.4701607136373796,1,0.12212076250313383,,66908,
44,nf2018v2,nfunswv2,lgbm,0.05,selector,69537,0.5134703768202962,0.9454851492525297,,0.5163683574916107,0.0007794556281892726,0.03772407712644967,0.036436153234407534,0.11567003600508323,0.4701607136373796,0,0.12212076250313383,0.9538138436867912,66908,
44,nf2018v2,nfunswv2,lgbm,0.1,rethreshold_2s,139072,0.5134703768202962,0.9454851492525297,0.10733404402496438,0.5163683574916107,0.0007794556281892726,0.03772407712644967,0.036436153234407534,0.11567003600508323,0.4701607136373796,1,0.1208500943170616,,133817,
44,nf2018v2,nfunswv2,lgbm,0.1,selector,139072,0.5134703768202962,0.9454851492525297,,0.5163683574916107,0.0007794556281892726,0.03772407712644967,0.036436153234407534,0.11567003600508323,0.4701607136373796,0,0.1208500943170616,0.9499652749669686,133817,
44,nf2018v2,nfunswv2,lgbm,0.0001,acq_uncertainty,139,0.15298548263975745,0.23750611109087066,-0.07175238624669736,0.5724128295715282,0.8592822772575633,0.8346945374439524,0.8357975208224899,0.37179906304178606,0.9999511712982334,,,,116,0
44,nf2018v2,nfunswv2,lgbm,0.0001,acq_hybrid,139,0.2240483298917132,0.359371550487523,0.028472534694090376,0.5901915395090861,0.7711933985304663,0.7394850292658527,0.7380885599961469,0.360997353437632,0.9999994999781241,,,,71,0
44,nf2018v2,nfunswv2,lgbm,0.001,acq_uncertainty,1391,0.7913413071862399,0.9613838894391734,0.6340497349112855,0.8950260635873857,0.046434769956662264,0.03707135146679574,0.033358773512173534,0.8474532154503943,0.928102421514198,,,,1231,1
44,nf2018v2,nfunswv2,lgbm,0.001,acq_hybrid,1391,0.9230510276505446,0.9887414422423177,0.8461712745461817,0.9449337675734374,0.0063707506677336545,0.010710062378864568,0.010778238700197998,0.8972416895122953,0.010867597845970104,,,,1117,1
44,nf2018v2,nftonv2,lgbm,0,zero_shot_2s,249999,0.34024041118143555,0.3085926763190931,-0.006652423795550012,0.5680697388292362,0.17192803182365607,0.6293769492692606,0.6287556301434071,0.31408817554720236,0.00018799471619851613,1,,,,
44,nf2018v2,nftonv2,lgbm,0.0001,rethreshold_2s,213,0.34024041118143555,0.3085926763190931,0.2737319461256022,0.5680697388292362,0.17192803182365607,0.6293769492692606,0.6287556301434071,0.31408817554720236,0.00018799471619851613,1,0.24266774545163447,,58,
44,nf2018v2,nftonv2,lgbm,0.0001,selector,213,0.34024041118143555,0.3085926763190931,,0.5680697388292362,0.17192803182365607,0.6293769492692606,0.6287556301434071,0.31408817554720236,0.00018799471619851613,0,0.24266774545163447,0.8089999077426336,58,
44,nf2018v2,nftonv2,lgbm,0.001,rethreshold_2s,2100,0.34024041118143555,0.3085926763190931,0.3118455841868327,0.5680697388292362,0.17192803182365607,0.6293769492692606,0.6287556301434071,0.31408817554720236,0.00018799471619851613,1,0.2844454623629797,,575,
44,nf2018v2,nftonv2,lgbm,0.001,selector,2100,0.34024041118143555,0.3085926763190931,,0.5680697388292362,0.17192803182365607,0.6293769492692606,0.6287556301434071,0.31408817554720236,0.00018799471619851613,0,0.2844454623629797,0.923015447814637,575,
44,nf2018v2,nftonv2,lgbm,0.01,rethreshold_2s,21000,0.34024041118143555,0.3085926763190931,0.3140121524654233,0.5680697388292362,0.17192803182365607,0.6293769492692606,0.6287556301434071,0.31408817554720236,0.00018799471619851613,1,0.3184021643138534,,5754,
44,nf2018v2,nftonv2,lgbm,0.01,selector,21000,0.34024041118143555,0.3085926763190931,,0.5680697388292362,0.17192803182365607,0.6293769492692606,0.6287556301434071,0.31408817554720236,0.00018799471619851613,0,0.3184021643138534,0.969508536418766,5754,
44,nf2018v2,nftonv2,lgbm,0.05,rethreshold_2s,105000,0.34024041118143555,0.3085926763190931,0.31408817554720236,0.5680697388292362,0.17192803182365607,0.6293769492692606,0.6287556301434071,0.31408817554720236,0.00018799471619851613,1,0.3195460999766652,,28771,
44,nf2018v2,nftonv2,lgbm,0.05,selector,105000,0.34024041118143555,0.3085926763190931,,0.5680697388292362,0.17192803182365607,0.6293769492692606,0.6287556301434071,0.31408817554720236,0.00018799471619851613,0,0.3195460999766652,0.9793730773689079,28771,
44,nf2018v2,nftonv2,lgbm,0.1,rethreshold_2s,210000,0.34024041118143555,0.3085926763190931,0.31408817554720236,0.5680697388292362,0.17192803182365607,0.6293769492692606,0.6287556301434071,0.31408817554720236,0.00018799471619851613,1,0.31872434971611135,,57542,
44,nf2018v2,nftonv2,lgbm,0.1,selector,210000,0.34024041118143555,0.3085926763190931,,0.5680697388292362,0.17192803182365607,0.6293769492692606,0.6287556301434071,0.31408817554720236,0.00018799471619851613,0,0.31872434971611135,0.9818252381913014,57542,
44,nf2018v2,nftonv2,lgbm,0.0001,acq_uncertainty,210,0.45809918433498287,0.4555629541656307,0.16532410980019785,0.5926826323415852,0.1450859457684026,0.5326683956809188,0.5358183222331202,0.22779821906593967,0.0006315722771683969,,,,5,0
44,nf2018v2,nftonv2,lgbm,0.0001,acq_hybrid,210,0.5204455847901002,0.5742697241673577,0.089596943705558,0.5622751198124321,0.4494908944929017,0.4217033614801651,0.43644906503870523,0.3159841450704674,0.9999722798965943,,,,19,0
44,nf2018v2,nftonv2,lgbm,0.001,acq_uncertainty,2100,0.5123977039425553,0.602404551034429,0.027160525300192105,0.6206051122780798,0.6618371592277654,0.35574690579990137,0.35345013728231134,0.33277456325682536,0.9974614316921463,,,,169,1
44,nf2018v2,nftonv2,lgbm,0.001,acq_hybrid,2100,0.6880398858139833,0.740390210842278,0.38750369212691504,0.6618425884398047,0.34352760848144226,0.254722151119562,0.2404313582981546,0.4246065851714614,0.9802414358882265,,,,174,1
44,nf2018v2,nfbotv2,lgbm,0,zero_shot_2s,249999,0.06708881549315608,0.1249620742660382,0.01085019515508716,0.5461572018148394,0.025029797377830752,0.48312037477626985,0.650098582797799,0.34669066535062076,0.08863817102576722,1,,,,
44,nf2018v2,nfbotv2,lgbm,0.0001,rethreshold_2s,211,0.06708881549315608,0.1249620742660382,0.27151847078843194,0.5461572018148394,0.025029797377830752,0.48312037477626985,0.650098582797799,0.34669066535062076,0.08863817102576722,1,0.4429339411136566,,1,
44,nf2018v2,nfbotv2,lgbm,0.0001,selector,211,0.06708881549315608,0.1249620742660382,,0.5461572018148394,0.025029797377830752,0.48312037477626985,0.650098582797799,0.34669066535062076,0.08863817102576722,1,0.4429339411136566,0.0,1,
44,nf2018v2,nfbotv2,lgbm,0.001,rethreshold_2s,2101,0.06708881549315608,0.1249620742660382,0.34664669015232075,0.5461572018148394,0.025029797377830752,0.48312037477626985,0.650098582797799,0.34669066535062076,0.08863817102576722,1,0.27100193219015595,,9,
44,nf2018v2,nfbotv2,lgbm,0.001,selector,2101,0.06708881549315608,0.1249620742660382,,0.5461572018148394,0.025029797377830752,0.48312037477626985,0.650098582797799,0.34669066535062076,0.08863817102576722,0,0.27100193219015595,0.6218013095702178,9,
44,nf2018v2,nfbotv2,lgbm,0.01,rethreshold_2s,21000,0.06708881549315608,0.1249620742660382,0.3325697899225591,0.5461572018148394,0.025029797377830752,0.48312037477626985,0.650098582797799,0.34669066535062076,0.08863817102576722,1,0.32934919798555895,,88,
44,nf2018v2,nfbotv2,lgbm,0.01,selector,21000,0.06708881549315608,0.1249620742660382,,0.5461572018148394,0.025029797377830752,0.48312037477626985,0.650098582797799,0.34669066535062076,0.08863817102576722,0,0.32934919798555895,0.8479426056528006,88,
44,nf2018v2,nfbotv2,lgbm,0.05,rethreshold_2s,105000,0.06708881549315608,0.1249620742660382,0.34645672882811973,0.5461572018148394,0.025029797377830752,0.48312037477626985,0.650098582797799,0.34669066535062076,0.08863817102576722,1,0.3418556772407337,,440,
44,nf2018v2,nfbotv2,lgbm,0.05,selector,105000,0.06708881549315608,0.1249620742660382,,0.5461572018148394,0.025029797377830752,0.48312037477626985,0.650098582797799,0.34669066535062076,0.08863817102576722,0,0.3418556772407337,0.8333373056734542,440,
44,nf2018v2,nfbotv2,lgbm,0.1,rethreshold_2s,210001,0.06708881549315608,0.1249620742660382,0.34645672882811973,0.5461572018148394,0.025029797377830752,0.48312037477626985,0.650098582797799,0.34669066535062076,0.08863817102576722,1,0.3430489391635842,,881,
44,nf2018v2,nfbotv2,lgbm,0.1,selector,210001,0.06708881549315608,0.1249620742660382,,0.5461572018148394,0.025029797377830752,0.48312037477626985,0.650098582797799,0.34669066535062076,0.08863817102576722,0,0.3430489391635842,0.5099945486186163,881,
44,nf2018v2,nfbotv2,lgbm,0.0001,acq_uncertainty,210,0.49894904562319464,0.9937119087536106,0.0,0.5,1.0,0.004195,0.004194999999999949,0.0,inf,,,,0,0
44,nf2018v2,nfbotv2,lgbm,0.0001,acq_hybrid,210,0.49894904562319464,0.9937119087536106,0.0,0.5,1.0,0.004195,0.004194999999999949,0.0,inf,,,,0,0
44,nf2018v2,nfbotv2,lgbm,0.001,acq_uncertainty,2100,0.5312408571762014,0.9940497648510169,0.1791147479474896,0.5266074184597148,0.966626936829559,0.004055227416527911,0.004056558838479614,0.23436434718923366,0.9997279515031409,,,,2,1
44,nf2018v2,nfbotv2,lgbm,0.001,acq_hybrid,2100,0.7246857399110308,0.9961462736260118,0.5141698991766613,0.7241146305098211,0.6960667461263409,0.0028995583939059356,0.002912319021241938,0.6244866801361083,0.8665841042650887,,,,7,0
44,nf2018v2,nfunswv2,mlp,0,zero_shot_2s,249999,0.4818651508938153,0.92022474935617,-0.03596020404757796,0.48897210277010084,0.04851331829850033,0.07511748484325803,0.05331781505247751,0.13391202567509916,0.9972491253100506,-1,,,,
44,nf2018v2,nfunswv2,mlp,0.0001,rethreshold_2s,144,0.4818651508938153,0.92022474935617,0.12899532567084665,0.48897210277010084,0.04851331829850033,0.07511748484325803,0.05331781505247751,0.02712551571905258,8.204339226625225e-66,-1,0.1618846169087842,,134,
44,nf2018v2,nfunswv2,mlp,0.0001,selector,144,0.4818651508938153,0.92022474935617,,0.48897210277010084,0.04851331829850033,0.07511748484325803,0.05331781505247751,0.02712551571905258,8.204339226625225e-66,0,0.1618846169087842,0.7637840999780483,134,
44,nf2018v2,nfunswv2,mlp,0.001,rethreshold_2s,1392,0.4818651508938153,0.92022474935617,0.12899532567084665,0.48897210277010084,0.04851331829850033,0.07511748484325803,0.05331781505247751,0.02712551571905258,8.204339226625225e-66,-1,0.1284486153245777,,1338,
44,nf2018v2,nfunswv2,mlp,0.001,selector,1392,0.4818651508938153,0.92022474935617,,0.48897210277010084,0.04851331829850033,0.07511748484325803,0.05331781505247751,0.02712551571905258,8.204339226625225e-66,0,0.1284486153245777,0.860480423703842,1338,
44,nf2018v2,nfunswv2,mlp,0.01,rethreshold_2s,13907,0.4818651508938153,0.92022474935617,0.13329162094044547,0.48897210277010084,0.04851331829850033,0.07511748484325803,0.05331781505247751,0.02712551571905258,8.204339226625225e-66,-1,0.12578184700806805,,13382,
44,nf2018v2,nfunswv2,mlp,0.01,selector,13907,0.4818651508938153,0.92022474935617,,0.48897210277010084,0.04851331829850033,0.07511748484325803,0.05331781505247751,0.02712551571905258,8.204339226625225e-66,0,0.12578184700806805,0.778518493518296,13382,
44,nf2018v2,nfunswv2,mlp,0.05,rethreshold_2s,69537,0.4818651508938153,0.92022474935617,0.132786358298759,0.48897210277010084,0.04851331829850033,0.07511748484325803,0.05331781505247751,0.02712551571905258,8.204339226625225e-66,-1,0.13010198483110014,,66908,
44,nf2018v2,nfunswv2,mlp,0.05,selector,69537,0.4818651508938153,0.92022474935617,,0.48897210277010084,0.04851331829850033,0.07511748484325803,0.05331781505247751,0.02712551571905258,8.204339226625225e-66,0,0.13010198483110014,0.916966336362338,66908,
44,nf2018v2,nfunswv2,mlp,0.1,rethreshold_2s,139072,0.4818651508938153,0.92022474935617,0.1333048026281346,0.48897210277010084,0.04851331829850033,0.07511748484325803,0.05331781505247751,0.02712551571905258,8.204339226625225e-66,-1,0.13181927458647166,,133817,
44,nf2018v2,nfunswv2,mlp,0.1,selector,139072,0.4818651508938153,0.92022474935617,,0.48897210277010084,0.04851331829850033,0.07511748484325803,0.05331781505247751,0.02712551571905258,8.204339226625225e-66,0,0.13181927458647166,0.9275476259122403,133817,
44,nf2018v2,nfunswv2,mlp,0.0001,acq_uncertainty,139,0.8606725207045747,0.9800571364322287,0.7218125100272845,0.782260423027638,0.008896186903066898,0.019286407485755983,0.016779899625116224,0.7275673214551613,0.0347631438511628,,,,138,0
44,nf2018v2,nfunswv2,mlp,0.0001,acq_hybrid,139,0.7425790283251976,0.9574270038424411,0.5001850476216969,0.7928844139249605,0.03593290445952547,0.029485377144716468,0.027890423401557517,0.7029049405167146,0.7054536473797547,,,,132,1
44,nf2018v2,nfunswv2,mlp,0.001,acq_uncertainty,1391,0.843126528560556,0.9784505684551624,0.6927995989236613,0.8290823179223488,0.005991415595348209,0.01797760831686097,0.01696285873187972,0.8031474337851136,0.01247011742748562,,,,1371,2
44,nf2018v2,nfunswv2,mlp,0.001,acq_hybrid,1391,0.8019868243845247,0.9700810269985196,0.6059121424120166,0.7802580643488937,0.01929932135396639,0.026646541490949138,0.024878157297691512,0.6946126475233544,0.030210248305612974,,,,1362,1
44,nf2018v2,nftonv2,mlp,0,zero_shot_2s,249999,0.33621590780499483,0.3144436875237182,-0.07084514400715738,0.5365185831973206,0.2476916900843035,0.5943833215329504,0.5928019985366537,0.24060965355086056,0.015656729305523753,-1,,,,
44,nf2018v2,nftonv2,mlp,0.0001,rethreshold_2s,213,0.33621590780499483,0.3144436875237182,0.22599607971681646,0.5365185831973206,0.2476916900843035,0.5943833215329504,0.5928019985366537,0.2160789545229437,1.0755361302636028e-37,-1,0.2868582272342646,,58,
44,nf2018v2,nftonv2,mlp,0.0001,selector,213,0.33621590780499483,0.3144436875237182,,0.5365185831973206,0.2476916900843035,0.5943833215329504,0.5928019985366537,0.2160789545229437,1.0755361302636028e-37,0,0.2868582272342646,0.6180305846624332,58,
44,nf2018v2,nftonv2,mlp,0.001,rethreshold_2s,2100,0.33621590780499483,0.3144436875237182,0.23311916615024525,0.5365185831973206,0.2476916900843035,0.5943833215329504,0.5928019985366537,0.2160789545229437,1.0755361302636028e-37,-1,0.25017042707484183,,575,
44,nf2018v2,nftonv2,mlp,0.001,selector,2100,0.33621590780499483,0.3144436875237182,,0.5365185831973206,0.2476916900843035,0.5943833215329504,0.5928019985366537,0.2160789545229437,1.0755361302636028e-37,0,0.25017042707484183,0.888344897613453,575,
44,nf2018v2,nftonv2,mlp,0.01,rethreshold_2s,21000,0.33621590780499483,0.3144436875237182,0.23960780152057673,0.5365185831973206,0.2476916900843035,0.5943833215329504,0.5928019985366537,0.2160789545229437,1.0755361302636028e-37,-1,0.2449988127535621,,5754,
44,nf2018v2,nftonv2,mlp,0.01,selector,21000,0.33621590780499483,0.3144436875237182,,0.5365185831973206,0.2476916900843035,0.5943833215329504,0.5928019985366537,0.2160789545229437,1.0755361302636028e-37,0,0.2449988127535621,0.9088316902182877,5754,
44,nf2018v2,nftonv2,mlp,0.05,rethreshold_2s,105000,0.33621590780499483,0.3144436875237182,0.24044504204303815,0.5365185831973206,0.2476916900843035,0.5943833215329504,0.5928019985366537,0.2160789545229437,1.0755361302636028e-37,-1,0.24300304047645843,,28771,
44,nf2018v2,nftonv2,mlp,0.05,selector,105000,0.33621590780499483,0.3144436875237182,,0.5365185831973206,0.2476916900843035,0.5943833215329504,0.5928019985366537,0.2160789545229437,1.0755361302636028e-37,0,0.24300304047645843,0.9425604789293964,28771,
44,nf2018v2,nftonv2,mlp,0.1,rethreshold_2s,210000,0.33621590780499483,0.3144436875237182,0.24046455387649898,0.5365185831973206,0.2476916900843035,0.5943833215329504,0.5928019985366537,0.2160789545229437,1.0755361302636028e-37,-1,0.24166101326380868,,57542,
44,nf2018v2,nftonv2,mlp,0.1,selector,210000,0.33621590780499483,0.3144436875237182,,0.5365185831973206,0.2476916900843035,0.5943833215329504,0.5928019985366537,0.2160789545229437,1.0755361302636028e-37,0,0.24166101326380868,0.952562234945094,57542,
44,nf2018v2,nftonv2,mlp,0.0001,acq_uncertainty,210,0.5441854242920336,0.6862591156305154,0.3078430261575766,0.6818465297561538,0.869822269260246,0.17945073184474358,0.1474242429560989,0.40049348783823896,0.7602409283491645,,,,23,1
44,nf2018v2,nftonv2,mlp,0.0001,acq_hybrid,210,0.6896059745417782,0.7456883000930078,0.38418064598953394,0.6431357707835668,0.38058829969709135,0.21978399119793943,0.2073831953242783,0.385001339545165,0.35734944588132417,,,,29,1
44,nf2018v2,nftonv2,mlp,0.001,acq_uncertainty,2100,0.5524773982040928,0.6316533669161191,0.10993202893186377,0.5464780915189624,0.5810189409145652,0.35522527568023415,0.34348653869350343,0.21952103260523875,0.9999800872812806,,,,244,2
44,nf2018v2,nftonv2,mlp,0.001,acq_hybrid,2100,0.5893624341272561,0.6677616329004669,0.18006370665263957,0.5718341241240115,0.5616583336374585,0.3044348774568641,0.28426409798205116,0.3439576220591143,0.9941487359554738,,,,254,5
44,nf2018v2,nfbotv2,mlp,0,zero_shot_2s,249999,0.2097952877343702,0.40951285690308153,0.0005939683406881485,0.5265067769578508,0.2550655542312277,0.6808151651197692,0.6506229241527864,0.22862689987461424,1.3266274404202334e-07,1,,,,
44,nf2018v2,nfbotv2,mlp,0.0001,rethreshold_2s,211,0.2097952877343702,0.40951285690308153,0.024279023361679943,0.5265067769578508,0.2550655542312277,0.6808151651197692,0.6506229241527864,0.22862689987461424,1.3266274404202334e-07,-1,0.07625310708982376,,1,
44,nf2018v2,nfbotv2,mlp,0.0001,selector,211,0.2097952877343702,0.40951285690308153,,0.5265067769578508,0.2550655542312277,0.6808151651197692,0.6506229241527864,0.22862689987461424,1.3266274404202334e-07,1,0.07625310708982376,0.0,1,
44,nf2018v2,nfbotv2,mlp,0.001,rethreshold_2s,2101,0.2097952877343702,0.40951285690308153,0.07018088641214273,0.5265067769578508,0.2550655542312277,0.6808151651197692,0.6506229241527864,0.22862689987461424,1.3266274404202334e-07,-1,0.33269780685756056,,9,
44,nf2018v2,nfbotv2,mlp,0.001,selector,2101,0.2097952877343702,0.40951285690308153,,0.5265067769578508,0.2550655542312277,0.6808151651197692,0.6506229241527864,0.22862689987461424,1.3266274404202334e-07,0,0.33269780685756056,0.4641450666091215,9,
44,nf2018v2,nfbotv2,mlp,0.01,rethreshold_2s,21000,0.2097952877343702,0.40951285690308153,0.20674465551846966,0.5265067769578508,0.2550655542312277,0.6808151651197692,0.6506229241527864,0.22862689987461424,1.3266274404202334e-07,1,0.2835829474053434,,88,
44,nf2018v2,nfbotv2,mlp,0.01,selector,21000,0.2097952877343702,0.40951285690308153,,0.5265067769578508,0.2550655542312277,0.6808151651197692,0.6506229241527864,0.22862689987461424,1.3266274404202334e-07,0,0.2835829474053434,0.7374346032444145,88,
44,nf2018v2,nfbotv2,mlp,0.05,rethreshold_2s,105000,0.2097952877343702,0.40951285690308153,0.21440620462047089,0.5265067769578508,0.2550655542312277,0.6808151651197692,0.6506229241527864,0.22862689987461424,1.3266274404202334e-07,1,0.27558754030474586,,440,
44,nf2018v2,nfbotv2,mlp,0.05,selector,105000,0.2097952877343702,0.40951285690308153,,0.5265067769578508,0.2550655542312277,0.6808151651197692,0.6506229241527864,0.22862689987461424,1.3266274404202334e-07,0,0.27558754030474586,0.7642182340767426,440,
44,nf2018v2,nfbotv2,mlp,0.1,rethreshold_2s,210001,0.2097952877343702,0.40951285690308153,0.2266954980777381,0.5265067769578508,0.2550655542312277,0.6808151651197692,0.6506229241527864,0.22862689987461424,1.3266274404202334e-07,1,0.265709612206067,,881,
44,nf2018v2,nfbotv2,mlp,0.1,selector,210001,0.2097952877343702,0.40951285690308153,,0.5265067769578508,0.2550655542312277,0.6808151651197692,0.6506229241527864,0.22862689987461424,1.3266274404202334e-07,0,0.265709612206067,0.9085336568600496,881,
44,nf2018v2,nfbotv2,mlp,0.0001,acq_uncertainty,210,0.6990102450422496,0.9958838804325346,0.4871909134061256,0.7270121719315836,0.7461263408820024,0.0030991645859195826,0.002732257321469334,0.6600513364273617,0.980828241909769,,,,2,1
44,nf2018v2,nfbotv2,mlp,0.0001,acq_hybrid,210,0.5606135904108095,0.9795630631531249,0.21364192935584037,0.6204515820930279,0.367103694874851,0.027229260238120372,0.02717331679957194,0.45021376740594565,0.03396679510208302,,,,3,1
44,nf2018v2,nfbotv2,mlp,0.001,acq_uncertainty,2100,0.5501272264631043,0.9806121254961832,0.17020054135003562,0.6686460566320944,0.5160905840286055,0.022052593704824534,0.02311912800944736,0.534852523847177,0.07435902802761996,,,,10,1
44,nf2018v2,nfbotv2,mlp,0.001,acq_hybrid,2100,0.6511444552743348,0.9916662372317461,0.3429977798710521,0.7738919530685808,0.4266984505363528,0.006888705409688211,0.005981243298665449,0.7025628527480927,0.2278508585078049,,,,13,1
44,nfunswv2,nf2018v2,rf,0,zero_shot_2s,250002,0.3767827524748665,0.6380801594129443,-0.20753722151485102,0.5105728791946029,0.36807658715304953,0.19817680522708492,0.19225923870380646,0.25995224855668964,0.28,1,,,,
44,nfunswv2,nf2018v2,rf,0.0001,rethreshold_2s,217,0.3767827524748665,0.6380801594129443,0.2429140147602764,0.5105728791946029,0.36807658715304953,0.19817680522708492,0.19225923870380646,0.25995224855668964,0.28,-1,0.3216428620023594,,185,
44,nfunswv2,nf2018v2,rf,0.0001,selector,217,0.3767827524748665,0.6380801594129443,,0.5105728791946029,0.36807658715304953,0.19817680522708492,0.19225923870380646,0.25995224855668964,0.28,0,0.3216428620023594,0.9453435434404641,185,
44,nfunswv2,nf2018v2,rf,0.001,rethreshold_2s,2102,0.3767827524748665,0.6380801594129443,0.2542738256963369,0.5105728791946029,0.36807658715304953,0.19817680522708492,0.19225923870380646,0.25995224855668964,0.28,-1,0.2683562419781893,,1851,
44,nfunswv2,nf2018v2,rf,0.001,selector,2102,0.3767827524748665,0.6380801594129443,,0.5105728791946029,0.36807658715304953,0.19817680522708492,0.19225923870380646,0.25995224855668964,0.28,0,0.2683562419781893,0.9725753255998021,1851,
44,nfunswv2,nf2018v2,rf,0.01,rethreshold_2s,21001,0.3767827524748665,0.6380801594129443,0.2542738256963369,0.5105728791946029,0.36807658715304953,0.19817680522708492,0.19225923870380646,0.25995224855668964,0.28,-1,0.2593803129375331,,18514,
44,nfunswv2,nf2018v2,rf,0.01,selector,21001,0.3767827524748665,0.6380801594129443,,0.5105728791946029,0.36807658715304953,0.19817680522708492,0.19225923870380646,0.25995224855668964,0.28,0,0.2593803129375331,0.970324432220874,18514,
44,nfunswv2,nf2018v2,rf,0.05,rethreshold_2s,105000,0.3767827524748665,0.6380801594129443,0.25982354493465826,0.5105728791946029,0.36807658715304953,0.19817680522708492,0.19225923870380646,0.25995224855668964,0.28,1,0.2603496226429889,,92569,
44,nfunswv2,nf2018v2,rf,0.05,selector,105000,0.3767827524748665,0.6380801594129443,,0.5105728791946029,0.36807658715304953,0.19817680522708492,0.19225923870380646,0.25995224855668964,0.28,0,0.2603496226429889,0.9754672302475028,92569,
44,nfunswv2,nf2018v2,rf,0.1,rethreshold_2s,210000,0.3767827524748665,0.6380801594129443,0.25982354493465826,0.5105728791946029,0.36807658715304953,0.19817680522708492,0.19225923870380646,0.25995224855668964,0.28,1,0.2597546947032665,,185138,
44,nfunswv2,nf2018v2,rf,0.1,selector,210000,0.3767827524748665,0.6380801594129443,,0.5105728791946029,0.36807658715304953,0.19817680522708492,0.19225923870380646,0.25995224855668964,0.28,0,0.2597546947032665,0.9764416820884759,185138,
44,nfunswv2,nf2018v2,rf,0.0001,acq_uncertainty,210,0.3996113785068826,0.5286693286578504,0.07431955838709217,0.6621183277164776,0.586614262542394,0.3220258797594901,0.4052598403674648,0.4636086937137738,0.8333333333333334,,,,201,1
44,nfunswv2,nf2018v2,rf,0.0001,acq_hybrid,210,0.796821096845908,0.9160921443292768,0.5939285806142918,0.7787154369342086,0.043692789328614694,0.1129704093146201,0.1941379793101034,0.6371643219957723,0.55,,,,203,1
44,nfunswv2,nf2018v2,rf,0.001,acq_uncertainty,2100,0.9440854102837457,0.9774723882422995,0.8926296500655901,0.9674441123196482,0.0014405462732954481,0.037591420931784233,0.09444339444969434,0.906352385204907,0.45,,,,2039,2
44,nfunswv2,nf2018v2,rf,0.001,acq_hybrid,2100,0.7154952504091876,0.8987668220559433,0.5310072873652344,0.9300251905826857,0.0005671442020848221,0.07487509623562993,0.13020343231617176,0.8604015448198444,0.37666666666666665,,,,2008,1
44,nfunswv2,nftonv2,rf,0,zero_shot_2s,250002,0.23668257088987377,0.15336414230984605,-0.04743187928542981,0.5133186226101667,0.046202693332360135,0.46965058591959613,0.5148105407193703,0.3237285687419555,0.9066666666666666,-1,,,,
44,nfunswv2,nftonv2,rf,0.0001,rethreshold_2s,213,0.23668257088987377,0.15336414230984605,0.28296695266073146,0.5133186226101667,0.046202693332360135,0.46965058591959613,0.5148105407193703,0.2863581087200704,0.29333333333333333,1,0.39727148073548807,,58,
44,nfunswv2,nftonv2,rf,0.0001,selector,213,0.23668257088987377,0.15336414230984605,,0.5133186226101667,0.046202693332360135,0.46965058591959613,0.5148105407193703,0.2863581087200704,0.29333333333333333,0,0.39727148073548807,0.7867105095747323,58,
44,nfunswv2,nftonv2,rf,0.001,rethreshold_2s,2100,0.23668257088987377,0.15336414230984605,0.3237285687419555,0.5133186226101667,0.046202693332360135,0.46965058591959613,0.5148105407193703,0.2863581087200704,0.29333333333333333,-1,0.3317612696398628,,575,
44,nfunswv2,nftonv2,rf,0.001,selector,2100,0.23668257088987377,0.15336414230984605,,0.5133186226101667,0.046202693332360135,0.46965058591959613,0.5148105407193703,0.2863581087200704,0.29333333333333333,0,0.3317612696398628,0.9307646218861096,575,
44,nfunswv2,nftonv2,rf,0.01,rethreshold_2s,21000,0.23668257088987377,0.15336414230984605,0.3237285687419555,0.5133186226101667,0.046202693332360135,0.46965058591959613,0.5148105407193703,0.2863581087200704,0.29333333333333333,-1,0.32374758035623774,,5754,
44,nfunswv2,nftonv2,rf,0.01,selector,21000,0.23668257088987377,0.15336414230984605,,0.5133186226101667,0.046202693332360135,0.46965058591959613,0.5148105407193703,0.2863581087200704,0.29333333333333333,0,0.32374758035623774,0.9643338330583453,5754,
44,nfunswv2,nftonv2,rf,0.05,rethreshold_2s,105000,0.23668257088987377,0.15336414230984605,0.3237285687419555,0.5133186226101667,0.046202693332360135,0.46965058591959613,0.5148105407193703,0.2863581087200704,0.29333333333333333,-1,0.3236278755080679,,28771,
44,nfunswv2,nftonv2,rf,0.05,selector,105000,0.23668257088987377,0.15336414230984605,,0.5133186226101667,0.046202693332360135,0.46965058591959613,0.5148105407193703,0.2863581087200704,0.29333333333333333,0,0.3236278755080679,0.9780019066847784,28771,
44,nfunswv2,nftonv2,rf,0.1,rethreshold_2s,210000,0.23668257088987377,0.15336414230984605,0.3237285687419555,0.5133186226101667,0.046202693332360135,0.46965058591959613,0.5148105407193703,0.2863581087200704,0.29333333333333333,-1,0.3229870230481285,,57542,
44,nfunswv2,nftonv2,rf,0.1,selector,210000,0.23668257088987377,0.15336414230984605,,0.5133186226101667,0.046202693332360135,0.46965058591959613,0.5148105407193703,0.2863581087200704,0.29333333333333333,0,0.3229870230481285,0.9821818576940698,57542,
44,nfunswv2,nftonv2,rf,0.0001,acq_uncertainty,210,0.5461362294804583,0.5737958942754743,0.21796588298861935,0.7149619663382101,0.2344257508850042,0.2209887209436047,0.23378653559934467,0.5044595218151524,0.26,,,,11,1
44,nfunswv2,nftonv2,rf,0.0001,acq_hybrid,210,0.5670413668590404,0.585665035226874,0.30219787550442595,0.73676381685687,0.13180175905988833,0.30255678945061387,0.30123540617703093,0.4231189079303186,0.12666666666666668,,,,26,1
44,nfunswv2,nftonv2,rf,0.001,acq_uncertainty,2100,0.6017903554636823,0.6144098357368909,0.4110529630788601,0.6984929665547672,0.02625816576037371,0.31732080060400303,0.3167177835889179,0.4110529630788601,0.5,,,,83,1
44,nfunswv2,nftonv2,rf,0.001,acq_hybrid,2100,0.609402544860759,0.6239178322284207,0.41439973106624645,0.6409798057656519,0.03321046677128572,0.27334787868383786,0.27638703193515957,0.42225865571520854,0.64,,,,272,1
44,nfunswv2,nfbotv2,rf,0,zero_shot_2s,250002,0.28642979130695895,0.5581417994895278,0.039954069707504695,0.5468523809530492,0.08820023837902265,0.3745369995555556,0.5419086,0.3371523939891642,0.24,1,,,,
44,nfunswv2,nfbotv2,rf,0.0001,rethreshold_2s,211,0.28642979130695895,0.5581417994895278,0.194850412361112,0.5468523809530492,0.08820023837902265,0.3745369995555556,0.5419086,0.3371523939891642,0.24,1,0.7054211845550483,,1,
44,nfunswv2,nfbotv2,rf,0.0001,selector,211,0.28642979130695895,0.5581417994895278,,0.5468523809530492,0.08820023837902265,0.3745369995555556,0.5419086,0.3371523939891642,0.24,1,0.7054211845550483,0.0,1,
44,nfunswv2,nfbotv2,rf,0.001,rethreshold_2s,2101,0.28642979130695895,0.5581417994895278,0.3371523939891642,0.5468523809530492,0.08820023837902265,0.3745369995555556,0.5419086,0.3371523939891642,0.24,1,0.3790703682777278,,9,
44,nfunswv2,nfbotv2,rf,0.001,selector,2101,0.28642979130695895,0.5581417994895278,,0.5468523809530492,0.08820023837902265,0.3745369995555556,0.5419086,0.3371523939891642,0.24,0,0.3790703682777278,0.6666666666666666,9,
44,nfunswv2,nfbotv2,rf,0.01,rethreshold_2s,21000,0.28642979130695895,0.5581417994895278,0.3371523939891642,0.5468523809530492,0.08820023837902265,0.3745369995555556,0.5419086,0.3371523939891642,0.24,1,0.3454377360354112,,88,
44,nfunswv2,nfbotv2,rf,0.01,selector,21000,0.28642979130695895,0.5581417994895278,,0.5468523809530492,0.08820023837902265,0.3745369995555556,0.5419086,0.3371523939891642,0.24,0,0.3454377360354112,0.9432776199281164,88,
44,nfunswv2,nfbotv2,rf,0.05,rethreshold_2s,105000,0.28642979130695895,0.5581417994895278,0.3371523939891642,0.5468523809530492,0.08820023837902265,0.3745369995555556,0.5419086,0.3371523939891642,0.24,1,0.33061287416062896,,440,
44,nfunswv2,nfbotv2,rf,0.05,selector,105000,0.28642979130695895,0.5581417994895278,,0.5468523809530492,0.08820023837902265,0.3745369995555556,0.5419086,0.3371523939891642,0.24,0,0.33061287416062896,0.9739738177594695,440,
44,nfunswv2,nfbotv2,rf,0.1,rethreshold_2s,210001,0.28642979130695895,0.5581417994895278,0.3371523939891642,0.5468523809530492,0.08820023837902265,0.3745369995555556,0.5419086,0.3371523939891642,0.24,1,0.32731407736389234,,881,
44,nfunswv2,nfbotv2,rf,0.1,selector,210001,0.28642979130695895,0.5581417994895278,,0.5468523809530492,0.08820023837902265,0.3745369995555556,0.5419086,0.3371523939891642,0.24,0,0.32731407736389234,0.9723440188097645,881,
44,nfunswv2,nfbotv2,rf,0.0001,acq_uncertainty,210,0.5346199823697001,0.9940880433172035,0.19183183371186605,0.5316100244822206,0.9630512514898689,0.009907066944444445,0.05403421666666645,0.2311326461425928,0.71,,,,2,1
44,nfunswv2,nfbotv2,rf,0.0001,acq_hybrid,210,0.5466746496673112,0.9942164561181246,0.22329367516655968,0.5321322559357302,0.9499404052443385,0.011085975333333331,0.05707473333333328,0.23116726498039217,0.6833333333333333,,,,3,1
44,nfunswv2,nfbotv2,rf,0.001,acq_uncertainty,2100,0.6054918481663606,0.994833841012169,0.33173218324146536,0.7170473120352617,0.8796185935637664,0.016791017499999998,0.08491754999999995,0.5665818288394098,0.64,,,,4,1
44,nfunswv2,nfbotv2,rf,0.001,acq_hybrid,2100,0.5466746496673112,0.9942164561181246,0.22329367516655968,0.5334632460519056,0.9499404052443385,0.01066216211111111,0.05880326666666669,0.23116726498039217,0.6766666666666666,,,,2,1
44,nfunswv2,nf2018v2,lgbm,0,zero_shot_2s,250002,0.46331305991481553,0.7910633860263432,-0.07081435708452435,0.5107005128109744,0.08854255282948242,0.16974871603675692,0.13451051451279047,0.24628169791814047,0.9924562127078311,-1,,,,
44,nfunswv2,nf2018v2,lgbm,0.0001,rethreshold_2s,217,0.46331305991481553,0.7910633860263432,0.21625463465858702,0.5107005128109744,0.08854255282948242,0.16974871603675692,0.13451051451279047,0.22477682836474203,0.0001462069267544217,-1,0.2878510319386536,,185,
44,nfunswv2,nf2018v2,lgbm,0.0001,selector,217,0.46331305991481553,0.7910633860263432,,0.5107005128109744,0.08854255282948242,0.16974871603675692,0.13451051451279047,0.22477682836474203,0.0001462069267544217,0,0.2878510319386536,0.9462346647210959,185,
44,nfunswv2,nf2018v2,lgbm,0.001,rethreshold_2s,2102,0.46331305991481553,0.7910633860263432,0.2462350378239719,0.5107005128109744,0.08854255282948242,0.16974871603675692,0.13451051451279047,0.22477682836474203,0.0001462069267544217,-1,0.25056689743602467,,1851,
44,nfunswv2,nf2018v2,lgbm,0.001,selector,2102,0.46331305991481553,0.7910633860263432,,0.5107005128109744,0.08854255282948242,0.16974871603675692,0.13451051451279047,0.22477682836474203,0.0001462069267544217,0,0.25056689743602467,0.9655859030731279,1851,
44,nfunswv2,nf2018v2,lgbm,0.01,rethreshold_2s,21001,0.46331305991481553,0.7910633860263432,0.24614642275258025,0.5107005128109744,0.08854255282948242,0.16974871603675692,0.13451051451279047,0.22477682836474203,0.0001462069267544217,-1,0.2487511938866111,,18514,
44,nfunswv2,nf2018v2,lgbm,0.01,selector,21001,0.46331305991481553,0.7910633860263432,,0.5107005128109744,0.08854255282948242,0.16974871603675692,0.13451051451279047,0.22477682836474203,0.0001462069267544217,0,0.2487511938866111,0.971718514946423,18514,
44,nfunswv2,nf2018v2,lgbm,0.05,rethreshold_2s,105000,0.46331305991481553,0.7910633860263432,0.24627813764591358,0.5107005128109744,0.08854255282948242,0.16974871603675692,0.13451051451279047,0.22477682836474203,0.0001462069267544217,-1,0.24600097464169463,,92569,
44,nfunswv2,nf2018v2,lgbm,0.05,selector,105000,0.46331305991481553,0.7910633860263432,,0.5107005128109744,0.08854255282948242,0.16974871603675692,0.13451051451279047,0.22477682836474203,0.0001462069267544217,0,0.24600097464169463,0.9766735750415898,92569,
44,nfunswv2,nf2018v2,lgbm,0.1,rethreshold_2s,210000,0.46331305991481553,0.7910633860263432,0.24627813764591358,0.5107005128109744,0.08854255282948242,0.16974871603675692,0.13451051451279047,0.22477682836474203,0.0001462069267544217,-1,0.24679774986289227,,185138,
44,nfunswv2,nf2018v2,lgbm,0.1,selector,210000,0.46331305991481553,0.7910633860263432,,0.5107005128109744,0.08854255282948242,0.16974871603675692,0.13451051451279047,0.22477682836474203,0.0001462069267544217,0,0.24679774986289227,0.9762787225690507,185138,
44,nfunswv2,nf2018v2,lgbm,0.0001,acq_uncertainty,210,0.5232242063224801,0.7858409934356795,0.05062349037300383,0.6770909200885749,0.15309490591077687,0.2271778982559897,0.22776390256881637,0.4637547491622602,0.00013063884748059382,,,,161,0
44,nfunswv2,nf2018v2,lgbm,0.0001,acq_hybrid,210,0.6850211939806017,0.8564306335090872,0.381198773790132,0.7125910172528722,0.11627590431143023,0.13892407071343096,0.13454427066884994,0.40239382735471596,0.6921374810550636,,,,182,1
44,nfunswv2,nf2018v2,lgbm,0.001,acq_uncertainty,2100,0.6024619648868891,0.740879401322027,0.4014947146965894,0.9702275850014012,0.3526502648563424,0.19814124877729422,0.22425462956004275,0.9269763300957569,0.9920887001606683,,,,1731,1
44,nfunswv2,nf2018v2,lgbm,0.001,acq_hybrid,2100,0.9468065822020443,0.9778730900684629,0.8936564587465208,0.9671059512282133,0.011359898367758987,0.021278659907878854,0.02563970512560515,0.913405243505979,0.8089983294278082,,,,1889,3
44,nfunswv2,nftonv2,lgbm,0,zero_shot_2s,250002,0.21910539513811764,0.12948298066489877,-0.10893866636829758,0.4312022599639247,0.044961862705740666,0.7189879533959402,0.7183983226846691,0.25978157938579094,0.9962151244804668,-1,,,,
44,nfunswv2,nftonv2,lgbm,0.0001,rethreshold_2s,213,0.21910539513811764,0.12948298066489877,0.23027344313791964,0.4312022599639247,0.044961862705740666,0.7189879533959402,0.7183983226846691,0.053698536074970694,4.661246096664783e-06,-1,0.28558034800970683,,58,
44,nfunswv2,nftonv2,lgbm,0.0001,selector,213,0.21910539513811764,0.12948298066489877,,0.4312022599639247,0.044961862705740666,0.7189879533959402,0.7183983226846691,0.053698536074970694,4.661246096664783e-06,0,0.28558034800970683,0.8089999077426336,58,
44,nfunswv2,nftonv2,lgbm,0.001,rethreshold_2s,2100,0.21910539513811764,0.12948298066489877,0.25768811956938353,0.4312022599639247,0.044961862705740666,0.7189879533959402,0.7183983226846691,0.053698536074970694,4.661246096664783e-06,-1,0.25873384996753823,,575,
44,nfunswv2,nftonv2,lgbm,0.001,selector,2100,0.21910539513811764,0.12948298066489877,,0.4312022599639247,0.044961862705740666,0.7189879533959402,0.7183983226846691,0.053698536074970694,4.661246096664783e-06,0,0.25873384996753823,0.923015447814637,575,
44,nfunswv2,nftonv2,lgbm,0.01,rethreshold_2s,21000,0.21910539513811764,0.12948298066489877,0.25977778444329597,0.4312022599639247,0.044961862705740666,0.7189879533959402,0.7183983226846691,0.053698536074970694,4.661246096664783e-06,-1,0.2618754837959107,,5754,
44,nfunswv2,nftonv2,lgbm,0.01,selector,21000,0.21910539513811764,0.12948298066489877,,0.4312022599639247,0.044961862705740666,0.7189879533959402,0.7183983226846691,0.053698536074970694,4.661246096664783e-06,0,0.2618754837959107,0.969508536418766,5754,
44,nfunswv2,nftonv2,lgbm,0.05,rethreshold_2s,105000,0.21910539513811764,0.12948298066489877,0.25976454507996527,0.4312022599639247,0.044961862705740666,0.7189879533959402,0.7183983226846691,0.053698536074970694,4.661246096664783e-06,-1,0.2600806692024875,,28771,
44,nfunswv2,nftonv2,lgbm,0.05,selector,105000,0.21910539513811764,0.12948298066489877,,0.4312022599639247,0.044961862705740666,0.7189879533959402,0.7183983226846691,0.053698536074970694,4.661246096664783e-06,0,0.2600806692024875,0.9793730773689079,28771,
44,nfunswv2,nftonv2,lgbm,0.1,rethreshold_2s,210000,0.21910539513811764,0.12948298066489877,0.25976454507996527,0.4312022599639247,0.044961862705740666,0.7189879533959402,0.7183983226846691,0.053698536074970694,4.661246096664783e-06,-1,0.2605027085138389,,57542,
44,nfunswv2,nftonv2,lgbm,0.1,selector,210000,0.21910539513811764,0.12948298066489877,,0.4312022599639247,0.044961862705740666,0.7189879533959402,0.7183983226846691,0.053698536074970694,4.661246096664783e-06,0,0.2605027085138389,0.9818252381913014,57542,
44,nfunswv2,nftonv2,lgbm,0.0001,acq_uncertainty,210,0.4188094586590052,0.5337675164647104,-0.16218726513586332,0.4284457953585989,0.8312287872705376,0.3656667199325955,0.38278892705968826,0.09547294200338562,8.708438822998651e-05,,,,55,1
44,nfunswv2,nftonv2,lgbm,0.0001,acq_hybrid,210,0.6372843602770284,0.6793964582215911,0.33079530198482676,0.6622975570054863,0.26218021240100725,0.27552365148819946,0.24246290293554795,0.3408260147494588,0.508849966023024,,,,74,1
44,nfunswv2,nftonv2,lgbm,0.001,acq_uncertainty,2100,0.6111920445210373,0.6290298463372647,0.39692882033662735,0.8368913363615432,0.06264369913506806,0.32857942310297855,0.32448102010997076,0.626735261762877,0.0025242587408010665,,,,559,1
44,nfunswv2,nftonv2,lgbm,0.001,acq_hybrid,2100,0.8977418195768787,0.9155156456548574,0.8066221922715086,0.9788859675378461,0.03598408817196453,0.06895825296966382,0.06347540468076295,0.8717060931264107,0.11318519596813653,,,,1269,2
44,nfunswv2,nfbotv2,lgbm,0,zero_shot_2s,250002,0.025558051818243013,0.0429846659858085,-0.019073114281417218,0.5919636992060268,0.06555423122765197,0.8615247918443227,0.913443709942842,0.41993382427279735,0.003340214806620936,1,,,,
44,nfunswv2,nfbotv2,lgbm,0.0001,rethreshold_2s,211,0.025558051818243013,0.0429846659858085,0.2683058255591111,0.5919636992060268,0.06555423122765197,0.8615247918443227,0.913443709942842,0.41993382427279735,0.003340214806620936,1,1.0,,1,
44,nfunswv2,nfbotv2,lgbm,0.0001,selector,211,0.025558051818243013,0.0429846659858085,,0.5919636992060268,0.06555423122765197,0.8615247918443227,0.913443709942842,0.41993382427279735,0.003340214806620936,1,1.0,0.0,1,
44,nfunswv2,nfbotv2,lgbm,0.001,rethreshold_2s,2101,0.025558051818243013,0.0429846659858085,0.4195600733443845,0.5919636992060268,0.06555423122765197,0.8615247918443227,0.913443709942842,0.41993382427279735,0.003340214806620936,1,0.6265084140222761,,9,
44,nfunswv2,nfbotv2,lgbm,0.001,selector,2101,0.025558051818243013,0.0429846659858085,,0.5919636992060268,0.06555423122765197,0.8615247918443227,0.913443709942842,0.41993382427279735,0.003340214806620936,1,0.6265084140222761,0.6218013095702178,9,
44,nfunswv2,nfbotv2,lgbm,0.01,rethreshold_2s,21000,0.025558051818243013,0.0429846659858085,0.4195600733443845,0.5919636992060268,0.06555423122765197,0.8615247918443227,0.913443709942842,0.41993382427279735,0.003340214806620936,1,0.469797102696891,,88,
44,nfunswv2,nfbotv2,lgbm,0.01,selector,21000,0.025558051818243013,0.0429846659858085,,0.5919636992060268,0.06555423122765197,0.8615247918443227,0.913443709942842,0.41993382427279735,0.003340214806620936,0,0.469797102696891,0.8978450692158256,88,
44,nfunswv2,nfbotv2,lgbm,0.05,rethreshold_2s,105000,0.025558051818243013,0.0429846659858085,0.41993382427279735,0.5919636992060268,0.06555423122765197,0.8615247918443227,0.913443709942842,0.41993382427279735,0.003340214806620936,1,0.404541626909243,,440,
44,nfunswv2,nfbotv2,lgbm,0.05,selector,105000,0.025558051818243013,0.0429846659858085,,0.5919636992060268,0.06555423122765197,0.8615247918443227,0.913443709942842,0.41993382427279735,0.003340214806620936,0,0.404541626909243,0.7005854711372677,440,
44,nfunswv2,nfbotv2,lgbm,0.1,rethreshold_2s,210001,0.025558051818243013,0.0429846659858085,0.41173096780017154,0.5919636992060268,0.06555423122765197,0.8615247918443227,0.913443709942842,0.41993382427279735,0.003340214806620936,1,0.3992331501430573,,881,
44,nfunswv2,nfbotv2,lgbm,0.1,selector,210001,0.025558051818243013,0.0429846659858085,,0.5919636992060268,0.06555423122765197,0.8615247918443227,0.913443709942842,0.41993382427279735,0.003340214806620936,1,0.3992331501430573,0.38534890418071854,881,
44,nfunswv2,nfbotv2,lgbm,0.0001,acq_uncertainty,210,0.5437638336532736,0.9926456555157692,0.08780664134796021,0.5309981689090965,0.9153754469606674,0.007205221539704147,0.011004996901901869,0.2298978153715202,0.004042667363314021,,,,8,1
44,nfunswv2,nfbotv2,lgbm,0.0001,acq_hybrid,210,0.534401120167212,0.9829307720740673,0.1072816855450987,0.5384446259644207,0.7210965435041716,0.0211813785221699,0.0223827832358157,0.19433497764403795,0.04138175260646112,,,,9,1
44,nfunswv2,nfbotv2,lgbm,0.001,acq_uncertainty,2100,0.5885014892921242,0.9945868662815953,0.2678493993910687,0.5491369925508617,0.8974970202622169,0.003935673502158902,0.0039294944204773564,0.3080292333785803,0.999941938974252,,,,26,1
44,nfunswv2,nfbotv2,lgbm,0.001,acq_hybrid,2100,0.6195409503415819,0.99499140797688,0.35889036325641493,0.6753055082431388,0.8617401668653158,0.0036135272112547473,0.0036376970883106046,0.5397978971598737,0.9999797376830253,,,,27,1
44,nfunswv2,nf2018v2,mlp,0,zero_shot_2s,250002,0.4083927392270046,0.7157327059848004,-0.17673309826930406,0.4557591351231781,0.22688036660201222,0.2712957695343575,0.2884075549624202,0.2829447739386951,0.9999999657313683,-1,,,,
44,nfunswv2,nf2018v2,mlp,0.0001,rethreshold_2s,217,0.4083927392270046,0.7157327059848004,0.2825964798943966,0.4557591351231781,0.22688036660201222,0.2712957695343575,0.2884075549624202,0.13129210809698372,3.780767618860226e-29,-1,0.35803814282297897,,185,
44,nfunswv2,nf2018v2,mlp,0.0001,selector,217,0.4083927392270046,0.7157327059848004,,0.4557591351231781,0.22688036660201222,0.2712957695343575,0.2884075549624202,0.13129210809698372,3.780767618860226e-29,0,0.35803814282297897,0.8868966371446408,185,
44,nfunswv2,nf2018v2,mlp,0.001,rethreshold_2s,2102,0.4083927392270046,0.7157327059848004,0.2825964798943966,0.4557591351231781,0.22688036660201222,0.2712957695343575,0.2884075549624202,0.13129210809698372,3.780767618860226e-29,-1,0.28523523574823323,,1851,
44,nfunswv2,nf2018v2,mlp,0.001,selector,2102,0.4083927392270046,0.7157327059848004,,0.4557591351231781,0.22688036660201222,0.2712957695343575,0.2884075549624202,0.13129210809698372,3.780767618860226e-29,0,0.28523523574823323,0.9447857089053113,1851,
44,nfunswv2,nf2018v2,mlp,0.01,rethreshold_2s,21001,0.4083927392270046,0.7157327059848004,0.2828137989879401,0.4557591351231781,0.22688036660201222,0.2712957695343575,0.2884075549624202,0.13129210809698372,3.780767618860226e-29,-1,0.28102714353873476,,18514,
44,nfunswv2,nf2018v2,mlp,0.01,selector,21001,0.4083927392270046,0.7157327059848004,,0.4557591351231781,0.22688036660201222,0.2712957695343575,0.2884075549624202,0.13129210809698372,3.780767618860226e-29,0,0.28102714353873476,0.9457048804205043,18514,
44,nfunswv2,nf2018v2,mlp,0.05,rethreshold_2s,105000,0.4083927392270046,0.7157327059848004,0.28284493408180683,0.4557591351231781,0.22688036660201222,0.2712957695343575,0.2884075549624202,0.13129210809698372,3.780767618860226e-29,-1,0.28398822155020564,,92569,
44,nfunswv2,nf2018v2,mlp,0.05,selector,105000,0.4083927392270046,0.7157327059848004,,0.4557591351231781,0.22688036660201222,0.2712957695343575,0.2884075549624202,0.13129210809698372,3.780767618860226e-29,0,0.28398822155020564,0.967899819673339,92569,
44,nfunswv2,nf2018v2,mlp,0.1,rethreshold_2s,210000,0.4083927392270046,0.7157327059848004,0.2829342630060556,0.4557591351231781,0.22688036660201222,0.2712957695343575,0.2884075549624202,0.13129210809698372,3.780767618860226e-29,-1,0.28328707798501224,,185138,
44,nfunswv2,nf2018v2,mlp,0.1,selector,210000,0.4083927392270046,0.7157327059848004,,0.4557591351231781,0.22688036660201222,0.2712957695343575,0.2884075549624202,0.13129210809698372,3.780767618860226e-29,0,0.28328707798501224,0.9700880493516335,185138,
44,nfunswv2,nf2018v2,mlp,0.0001,acq_uncertainty,210,0.4703648744600267,0.8246568735268572,-0.00985087219403308,0.47848323985580427,0.00538786991980581,0.12158189404167405,0.11989402736612292,0.17635331312445318,6.912100227043088e-19,,,,207,1
44,nfunswv2,nf2018v2,mlp,0.0001,acq_hybrid,210,0.46832357834622235,0.8256894049731166,-0.010609946026231857,0.46474539751231897,0.0010378738898152245,0.11917193932134289,0.11964012195412779,0.09469948445584281,1.4005734797609427e-23,,,,206,1
44,nfunswv2,nf2018v2,mlp,0.001,acq_uncertainty,2100,0.46840621004760397,0.8258990681847953,-0.007946545108523124,0.46628866390783086,0.0005331155499597327,0.11872735800179432,0.11892137532568332,0.029207141812968514,8.345412867247354e-38,,,,2095,1
44,nfunswv2,nf2018v2,mlp,0.001,acq_hybrid,2100,0.5529522400168561,0.8022428188952638,0.10899809255269391,0.5634050311556367,0.13665906693435872,0.14979282960785512,0.12811210285025826,0.42127545279713957,0.9741067059310698,,,,1966,1
44,nfunswv2,nftonv2,mlp,0,zero_shot_2s,250002,0.2184103513604637,0.12538749984557113,-0.06797675087836055,0.49472907748731165,0.022061238640925514,0.6838852725591901,0.6916327596130388,0.21611784997166572,0.9888169972739025,-1,,,,
44,nfunswv2,nftonv2,mlp,0.0001,rethreshold_2s,213,0.2184103513604637,0.12538749984557113,0.145289832242323,0.49472907748731165,0.022061238640925514,0.6838852725591901,0.6916327596130388,0.17677791888748043,3.094152869164057e-08,1,0.21558288038050605,,58,
44,nfunswv2,nftonv2,mlp,0.0001,selector,213,0.2184103513604637,0.12538749984557113,,0.49472907748731165,0.022061238640925514,0.6838852725591901,0.6916327596130388,0.17677791888748043,3.094152869164057e-08,0,0.21558288038050605,0.6180305846624332,58,
44,nfunswv2,nftonv2,mlp,0.001,rethreshold_2s,2100,0.2184103513604637,0.12538749984557113,0.2147801024652243,0.49472907748731165,0.022061238640925514,0.6838852725591901,0.6916327596130388,0.17677791888748043,3.094152869164057e-08,-1,0.21315988434797098,,575,
44,nfunswv2,nftonv2,mlp,0.001,selector,2100,0.2184103513604637,0.12538749984557113,,0.49472907748731165,0.022061238640925514,0.6838852725591901,0.6916327596130388,0.17677791888748043,3.094152869164057e-08,0,0.21315988434797098,0.888344897613453,575,
44,nfunswv2,nftonv2,mlp,0.01,rethreshold_2s,21000,0.2184103513604637,0.12538749984557113,0.2158031453449047,0.49472907748731165,0.022061238640925514,0.6838852725591901,0.6916327596130388,0.17677791888748043,3.094152869164057e-08,-1,0.20594666310032295,,5754,
44,nfunswv2,nftonv2,mlp,0.01,selector,21000,0.2184103513604637,0.12538749984557113,,0.49472907748731165,0.022061238640925514,0.6838852725591901,0.6916327596130388,0.17677791888748043,3.094152869164057e-08,0,0.20594666310032295,0.9088316902182877,5754,
44,nfunswv2,nftonv2,mlp,0.05,rethreshold_2s,105000,0.2184103513604637,0.12538749984557113,0.215672762688823,0.49472907748731165,0.022061238640925514,0.6838852725591901,0.6916327596130388,0.17677791888748043,3.094152869164057e-08,-1,0.21196755278061966,,28771,
44,nfunswv2,nftonv2,mlp,0.05,selector,105000,0.2184103513604637,0.12538749984557113,,0.49472907748731165,0.022061238640925514,0.6838852725591901,0.6916327596130388,0.17677791888748043,3.094152869164057e-08,0,0.21196755278061966,0.9425604789293964,28771,
44,nfunswv2,nftonv2,mlp,0.1,rethreshold_2s,210000,0.2184103513604637,0.12538749984557113,0.21567601247536794,0.49472907748731165,0.022061238640925514,0.6838852725591901,0.6916327596130388,0.17677791888748043,3.094152869164057e-08,-1,0.21417436382029603,,57542,
44,nfunswv2,nftonv2,mlp,0.1,selector,210000,0.2184103513604637,0.12538749984557113,,0.49472907748731165,0.022061238640925514,0.6838852725591901,0.6916327596130388,0.17677791888748043,3.094152869164057e-08,0,0.21417436382029603,0.952562234945094,57542,
44,nfunswv2,nftonv2,mlp,0.0001,acq_uncertainty,210,0.4043233251146592,0.47934662993449473,-0.16510001952521125,0.4563929937964898,0.6862888215758549,0.5048173218046358,0.4903363460468479,0.14135533794308958,2.007167941086512e-06,,,,132,1
44,nfunswv2,nftonv2,mlp,0.0001,acq_hybrid,210,0.4400138689973262,0.4344734604695325,0.1350670990991822,0.5946829844595303,0.15665486661070763,0.4618909410925239,0.43071292177165993,0.24619260203653337,6.858040055101024e-05,,,,143,1
44,nfunswv2,nftonv2,mlp,0.001,acq_uncertainty,2100,0.5689841054250329,0.6377297582723472,0.15137076902334606,0.6800520055971273,0.5077369439071566,0.28282097957958735,0.26173685142493275,0.363573334017358,0.9764044173177224,,,,1282,2
44,nfunswv2,nftonv2,mlp,0.001,acq_hybrid,2100,0.5605224656045349,0.6529065388174268,0.12130593914070081,0.6711670118583184,0.6524031969636145,0.3079658489527115,0.2868433725811051,0.31924467571584775,3.0570271260455565e-05,,,,521,2
44,nfunswv2,nfbotv2,mlp,0,zero_shot_2s,250002,0.008664812414599129,0.009092425194731406,-0.013806161015441794,0.4972047857966979,0.01907032181168057,0.9892784533432863,0.989502398951669,0.5236874106796309,1.4440422288101039e-61,1,,,,
44,nfunswv2,nfbotv2,mlp,0.0001,rethreshold_2s,211,0.008664812414599129,0.009092425194731406,0.19396123047042033,0.4972047857966979,0.01907032181168057,0.9892784533432863,0.989502398951669,0.5236874106796309,1.4440422288101039e-61,1,1.0,,1,
44,nfunswv2,nfbotv2,mlp,0.0001,selector,211,0.008664812414599129,0.009092425194731406,,0.4972047857966979,0.01907032181168057,0.9892784533432863,0.989502398951669,0.5236874106796309,1.4440422288101039e-61,1,1.0,0.0,1,
44,nfunswv2,nfbotv2,mlp,0.001,rethreshold_2s,2101,0.008664812414599129,0.009092425194731406,0.39965935676659964,0.4972047857966979,0.01907032181168057,0.9892784533432863,0.989502398951669,0.5236874106796309,1.4440422288101039e-61,1,0.5765241057291646,,9,
44,nfunswv2,nfbotv2,mlp,0.001,selector,2101,0.008664812414599129,0.009092425194731406,,0.4972047857966979,0.01907032181168057,0.9892784533432863,0.989502398951669,0.5236874106796309,1.4440422288101039e-61,1,0.5765241057291646,0.4641450666091215,9,
44,nfunswv2,nfbotv2,mlp,0.01,rethreshold_2s,21000,0.008664812414599129,0.009092425194731406,0.5161736778083702,0.4972047857966979,0.01907032181168057,0.9892784533432863,0.989502398951669,0.5236874106796309,1.4440422288101039e-61,1,0.5137008738929048,,88,
44,nfunswv2,nfbotv2,mlp,0.01,selector,21000,0.008664812414599129,0.009092425194731406,,0.4972047857966979,0.01907032181168057,0.9892784533432863,0.989502398951669,0.5236874106796309,1.4440422288101039e-61,0,0.5137008738929048,0.7374346032444145,88,
44,nfunswv2,nfbotv2,mlp,0.05,rethreshold_2s,105000,0.008664812414599129,0.009092425194731406,0.5161736778083702,0.4972047857966979,0.01907032181168057,0.9892784533432863,0.989502398951669,0.5236874106796309,1.4440422288101039e-61,1,0.5226007455869639,,440,
44,nfunswv2,nfbotv2,mlp,0.05,selector,105000,0.008664812414599129,0.009092425194731406,,0.4972047857966979,0.01907032181168057,0.9892784533432863,0.989502398951669,0.5236874106796309,1.4440422288101039e-61,0,0.5226007455869639,0.7642182340767426,440,
44,nfunswv2,nfbotv2,mlp,0.1,rethreshold_2s,210001,0.008664812414599129,0.009092425194731406,0.5236874106796309,0.4972047857966979,0.01907032181168057,0.9892784533432863,0.989502398951669,0.5236874106796309,1.4440422288101039e-61,1,0.5299349304173991,,881,
44,nfunswv2,nfbotv2,mlp,0.1,selector,210001,0.008664812414599129,0.009092425194731406,,0.4972047857966979,0.01907032181168057,0.9892784533432863,0.989502398951669,0.5236874106796309,1.4440422288101039e-61,0,0.5299349304173991,0.9085336568600496,881,
44,nfunswv2,nfbotv2,mlp,0.0001,acq_uncertainty,210,0.5183985016414183,0.9938724224627608,0.09856383219302324,0.5042201404704229,0.9797377830750894,0.004196216102814369,0.0041903166618325206,0.1031567239818462,0.08532042263465661,,,,12,1
44,nfunswv2,nfbotv2,mlp,0.0001,acq_hybrid,210,0.5415786171772919,0.9941264390838206,0.179550490654117,0.5177193704004919,0.9547079856972587,0.0040491068588075834,0.004058389794644533,0.20440800400163436,0.23639605471778866,,,,17,1
44,nfunswv2,nfbotv2,mlp,0.001,acq_uncertainty,2100,0.7499012978228795,0.9964421896873563,0.5529302692616157,0.69260040053943,0.6483909415971395,0.003088079322131512,0.003614502066503364,0.5636516269177188,0.6070946553322866,,,,61,1
44,nfunswv2,nfbotv2,mlp,0.001,acq_hybrid,2100,0.7169772592903052,0.9928095164381019,0.5075044484976977,0.8841702827826994,0.10250297973778308,0.007570457634922859,0.0023688472888645853,0.8119151055793279,0.04339520846676389,,,,83,1
44,nftonv2,nf2018v2,rf,0,zero_shot_2s,250001,0.5687022774581058,0.8176548914878088,0.13757249077892872,0.5762380075452206,0.10861378614126428,0.14737902366043726,0.11668918322075056,0.33692682372702926,0.23,1,,,,
44,nftonv2,nf2018v2,rf,0.0001,rethreshold_2s,217,0.5687022774581058,0.8176548914878088,0.33692682372702926,0.5762380075452206,0.10861378614126428,0.14737902366043726,0.11668918322075056,0.33692682372702926,0.23,1,0.3696977751138198,,185,
44,nftonv2,nf2018v2,rf,0.0001,selector,217,0.5687022774581058,0.8176548914878088,,0.5762380075452206,0.10861378614126428,0.14737902366043726,0.11668918322075056,0.33692682372702926,0.23,0,0.3696977751138198,0.9453435434404641,185,
44,nftonv2,nf2018v2,rf,0.001,rethreshold_2s,2102,0.5687022774581058,0.8176548914878088,0.33650380662893165,0.5762380075452206,0.10861378614126428,0.14737902366043726,0.11668918322075056,0.33692682372702926,0.23,1,0.3370404741765994,,1851,
44,nftonv2,nf2018v2,rf,0.001,selector,2102,0.5687022774581058,0.8176548914878088,,0.5762380075452206,0.10861378614126428,0.14737902366043726,0.11668918322075056,0.33692682372702926,0.23,0,0.3370404741765994,0.9725753255998021,1851,
44,nftonv2,nf2018v2,rf,0.01,rethreshold_2s,21001,0.5687022774581058,0.8176548914878088,0.33650380662893165,0.5762380075452206,0.10861378614126428,0.14737902366043726,0.11668918322075056,0.33692682372702926,0.23,1,0.3304253768397786,,18514,
44,nftonv2,nf2018v2,rf,0.01,selector,21001,0.5687022774581058,0.8176548914878088,,0.5762380075452206,0.10861378614126428,0.14737902366043726,0.11668918322075056,0.33692682372702926,0.23,0,0.3304253768397786,0.970324432220874,18514,
44,nftonv2,nf2018v2,rf,0.05,rethreshold_2s,105000,0.5687022774581058,0.8176548914878088,0.33650380662893165,0.5762380075452206,0.10861378614126428,0.14737902366043726,0.11668918322075056,0.33692682372702926,0.23,1,0.3311777230975178,,92569,
44,nftonv2,nf2018v2,rf,0.05,selector,105000,0.5687022774581058,0.8176548914878088,,0.5762380075452206,0.10861378614126428,0.14737902366043726,0.11668918322075056,0.33692682372702926,0.23,0,0.3311777230975178,0.9754672302475028,92569,
44,nftonv2,nf2018v2,rf,0.1,rethreshold_2s,210000,0.5687022774581058,0.8176548914878088,0.33650380662893165,0.5762380075452206,0.10861378614126428,0.14737902366043726,0.11668918322075056,0.33692682372702926,0.23,1,0.33503650335552176,,185138,
44,nftonv2,nf2018v2,rf,0.1,selector,210000,0.5687022774581058,0.8176548914878088,,0.5762380075452206,0.10861378614126428,0.14737902366043726,0.11668918322075056,0.33692682372702926,0.23,0,0.33503650335552176,0.9764416820884759,185138,
44,nftonv2,nf2018v2,rf,0.0001,acq_uncertainty,210,0.6642077629239199,0.8752984583775135,0.3619090020631906,0.7675086863071638,0.026950692483070745,0.07708815455922721,0.07865304006813306,0.5666598032678368,0.21333333333333335,,,,166,1
44,nftonv2,nf2018v2,rf,0.0001,acq_hybrid,210,0.7180515944133292,0.8991987157275584,0.5274590479160659,0.9230576523462322,0.00200769047538027,0.051112538381752545,0.04994040029799872,0.8203160065755543,0.22666666666666666,,,,168,1
44,nftonv2,nf2018v2,rf,0.001,acq_uncertainty,2100,0.6690426071391782,0.8844038802803328,0.46259621847164095,0.9292003462881762,0.0005501298760222774,0.05769085965681282,0.06952975235123832,0.8474046687054051,0.18,,,,1668,1
44,nftonv2,nf2018v2,rf,0.001,acq_hybrid,2100,0.7939743384221543,0.923046613455867,0.6320511544452102,0.8983662040938369,0.005421898571930899,0.05105839031915952,0.04726878032276507,0.7279187297118538,0.15666666666666668,,,,1932,1
44,nftonv2,nfunswv2,rf,0,zero_shot_2s,250001,0.5139930203370519,0.9069645030964869,0.04197858409722301,0.48968719620075524,0.08517891104852371,0.11367394244444444,0.17326126666666666,0.2893490902509384,0.9299999999999999,-1,,,,
44,nftonv2,nfunswv2,rf,0.0001,rethreshold_2s,144,0.5139930203370519,0.9069645030964869,0.16452235005662838,0.48968719620075524,0.08517891104852371,0.11367394244444444,0.17326126666666666,0.1018300825343971,0.4,-1,0.434433417644404,,134,
44,nftonv2,nfunswv2,rf,0.0001,selector,144,0.5139930203370519,0.9069645030964869,,0.48968719620075524,0.08517891104852371,0.11367394244444444,0.17326126666666666,0.1018300825343971,0.4,0,0.434433417644404,0.8879738972216412,134,
44,nftonv2,nfunswv2,rf,0.001,rethreshold_2s,1392,0.5139930203370519,0.9069645030964869,0.2893490902509384,0.48968719620075524,0.08517891104852371,0.11367394244444444,0.17326126666666666,0.1018300825343971,0.4,-1,0.33532272861636775,,1338,
44,nftonv2,nfunswv2,rf,0.001,selector,1392,0.5139930203370519,0.9069645030964869,,0.48968719620075524,0.08517891104852371,0.11367394244444444,0.17326126666666666,0.1018300825343971,0.4,0,0.33532272861636775,0.9282910918712464,1338,
44,nftonv2,nfunswv2,rf,0.01,rethreshold_2s,13907,0.5139930203370519,0.9069645030964869,0.2893490902509384,0.48968719620075524,0.08517891104852371,0.11367394244444444,0.17326126666666666,0.1018300825343971,0.4,-1,0.28807996511193945,,13382,
44,nftonv2,nfunswv2,rf,0.01,selector,13907,0.5139930203370519,0.9069645030964869,,0.48968719620075524,0.08517891104852371,0.11367394244444444,0.17326126666666666,0.1018300825343971,0.4,0,0.28807996511193945,0.9347080389081049,13382,
44,nftonv2,nfunswv2,rf,0.05,rethreshold_2s,69537,0.5139930203370519,0.9069645030964869,0.2893490902509384,0.48968719620075524,0.08517891104852371,0.11367394244444444,0.17326126666666666,0.1018300825343971,0.4,-1,0.28705419829573,,66908,
44,nftonv2,nfunswv2,rf,0.05,selector,69537,0.5139930203370519,0.9069645030964869,,0.48968719620075524,0.08517891104852371,0.11367394244444444,0.17326126666666666,0.1018300825343971,0.4,0,0.28705419829573,0.953122896512456,66908,
44,nftonv2,nfunswv2,rf,0.1,rethreshold_2s,139072,0.5139930203370519,0.9069645030964869,0.2893490902509384,0.48968719620075524,0.08517891104852371,0.11367394244444444,0.17326126666666666,0.1018300825343971,0.4,-1,0.29092810567972816,,133817,
44,nftonv2,nfunswv2,rf,0.1,selector,139072,0.5139930203370519,0.9069645030964869,,0.48968719620075524,0.08517891104852371,0.11367394244444444,0.17326126666666666,0.1018300825343971,0.4,0,0.29092810567972816,0.9505527903495165,133817,
44,nftonv2,nfunswv2,rf,0.0001,acq_uncertainty,139,0.9381333280037489,0.9906118818769017,0.8795799793298236,0.9147947088829621,0.008620779247773356,0.09701268094444444,0.27236648333333335,0.8886583550228278,0.42,,,,100,1
44,nftonv2,nfunswv2,rf,0.0001,acq_hybrid,139,0.9012401440205888,0.9861089773040665,0.8048673478405715,0.9260031264903297,0.004276613213331809,0.032979231,0.13657246666666664,0.834240320640014,0.2633333333333333,,,,78,1
44,nftonv2,nfunswv2,rf,0.001,acq_uncertainty,1391,0.9057513532661168,0.9867321730985342,0.8137864031703559,0.9633714731530203,0.0040375801540204325,0.011689146777777775,0.056158400000000025,0.9186106927863767,0.21666666666666667,,,,1105,1
44,nftonv2,nfunswv2,rf,0.001,acq_hybrid,1391,0.9067406616023496,0.9869188586417368,0.8163404143091075,0.960515363127719,0.0036322632273620105,0.009915751166666665,0.019141483333333376,0.9086883037425301,0.10333333333333333,,,,907,1
44,nftonv2,nfbotv2,rf,0,zero_shot_2s,250001,0.02886874062233401,0.049279175228956994,-0.0032938332947156654,0.5056393777475788,0.033373063170441,0.5635655138333334,0.7264391166666667,0.1038338074080616,0.02,1,,,,
44,nftonv2,nfbotv2,rf,0.0001,rethreshold_2s,211,0.02886874062233401,0.049279175228956994,0.0100174672748677,0.5056393777475788,0.033373063170441,0.5635655138333334,0.7264391166666667,0.1038338074080616,0.02,1,0.08319479070496523,,1,
44,nftonv2,nfbotv2,rf,0.0001,selector,211,0.02886874062233401,0.049279175228956994,,0.5056393777475788,0.033373063170441,0.5635655138333334,0.7264391166666667,0.1038338074080616,0.02,1,0.08319479070496523,0.0,1,
44,nftonv2,nfbotv2,rf,0.001,rethreshold_2s,2101,0.02886874062233401,0.049279175228956994,0.0131610053125151,0.5056393777475788,0.033373063170441,0.5635655138333334,0.7264391166666667,0.1038338074080616,0.02,1,0.05543523119134646,,9,
44,nftonv2,nfbotv2,rf,0.001,selector,2101,0.02886874062233401,0.049279175228956994,,0.5056393777475788,0.033373063170441,0.5635655138333334,0.7264391166666667,0.1038338074080616,0.02,0,0.05543523119134646,0.6666666666666666,9,
44,nftonv2,nfbotv2,rf,0.01,rethreshold_2s,21000,0.02886874062233401,0.049279175228956994,0.1038338074080616,0.5056393777475788,0.033373063170441,0.5635655138333334,0.7264391166666667,0.1038338074080616,0.02,1,0.15044663595176572,,88,
44,nftonv2,nfbotv2,rf,0.01,selector,21000,0.02886874062233401,0.049279175228956994,,0.5056393777475788,0.033373063170441,0.5635655138333334,0.7264391166666667,0.1038338074080616,0.02,0,0.15044663595176572,0.9432776199281164,88,
44,nftonv2,nfbotv2,rf,0.05,rethreshold_2s,105000,0.02886874062233401,0.049279175228956994,0.1038338074080616,0.5056393777475788,0.033373063170441,0.5635655138333334,0.7264391166666667,0.1038338074080616,0.02,1,0.13456228032823794,,440,
44,nftonv2,nfbotv2,rf,0.05,selector,105000,0.02886874062233401,0.049279175228956994,,0.5056393777475788,0.033373063170441,0.5635655138333334,0.7264391166666667,0.1038338074080616,0.02,0,0.13456228032823794,0.9739738177594695,440,
44,nftonv2,nfbotv2,rf,0.1,rethreshold_2s,210001,0.02886874062233401,0.049279175228956994,0.1038338074080616,0.5056393777475788,0.033373063170441,0.5635655138333334,0.7264391166666667,0.1038338074080616,0.02,1,0.13862488198030656,,881,
44,nftonv2,nfbotv2,rf,0.1,selector,210001,0.02886874062233401,0.049279175228956994,,0.5056393777475788,0.033373063170441,0.5635655138333334,0.7264391166666667,0.1038338074080616,0.02,0,0.13862488198030656,0.9723440188097645,881,
44,nftonv2,nfbotv2,rf,0.0001,acq_uncertainty,210,0.49894904562319464,0.9937119087536106,0.0,0.5,1.0,0.004195,0.004194999999999949,0.0,inf,,,,0,0
44,nftonv2,nfbotv2,rf,0.0001,acq_hybrid,210,0.49894904562319464,0.9937119087536106,0.0,0.5,1.0,0.004195,0.004194999999999949,0.0,inf,,,,0,0
44,nftonv2,nfbotv2,rf,0.001,acq_uncertainty,2100,0.49894904562319464,0.9937119087536106,0.0,0.5,1.0,0.004195,0.004194999999999949,0.0,inf,,,,0,0
44,nftonv2,nfbotv2,rf,0.001,acq_hybrid,2100,0.5060571374187736,0.993786419951645,0.08438947995402046,0.6761158822303661,0.9928486293206198,0.003702162222222222,0.0009132333333333768,0.4406555253380066,0.87,,,,4,1
44,nftonv2,nf2018v2,lgbm,0,zero_shot_2s,250001,0.5047179266227193,0.7532038211204933,0.030728422167000658,0.5442622878538432,0.21954719206905549,0.23508854456682649,0.20488591541562629,0.4089072820757845,0.9989504523047517,-1,,,,
44,nftonv2,nf2018v2,lgbm,0.0001,rethreshold_2s,217,0.5047179266227193,0.7532038211204933,0.378668423393984,0.5442622878538432,0.21954719206905549,0.23508854456682649,0.20488591541562629,0.35271336466875597,0.9953550841047232,-1,0.41834399049908005,,185,
44,nftonv2,nf2018v2,lgbm,0.0001,selector,217,0.5047179266227193,0.7532038211204933,,0.5442622878538432,0.21954719206905549,0.23508854456682649,0.20488591541562629,0.35271336466875597,0.9953550841047232,0,0.41834399049908005,0.9462346647210959,185,
44,nftonv2,nf2018v2,lgbm,0.001,rethreshold_2s,2102,0.5047179266227193,0.7532038211204933,0.4080991478501683,0.5442622878538432,0.21954719206905549,0.23508854456682649,0.20488591541562629,0.35271336466875597,0.9953550841047232,-1,0.4252610035257292,,1851,
44,nftonv2,nf2018v2,lgbm,0.001,selector,2102,0.5047179266227193,0.7532038211204933,,0.5442622878538432,0.21954719206905549,0.23508854456682649,0.20488591541562629,0.35271336466875597,0.9953550841047232,0,0.4252610035257292,0.9655859030731279,1851,
44,nftonv2,nf2018v2,lgbm,0.01,rethreshold_2s,21001,0.5047179266227193,0.7532038211204933,0.40874390282057294,0.5442622878538432,0.21954719206905549,0.23508854456682649,0.20488591541562629,0.35271336466875597,0.9953550841047232,-1,0.4049716930982435,,18514,
44,nftonv2,nf2018v2,lgbm,0.01,selector,21001,0.5047179266227193,0.7532038211204933,,0.5442622878538432,0.21954719206905549,0.23508854456682649,0.20488591541562629,0.35271336466875597,0.9953550841047232,0,0.4049716930982435,0.971718514946423,18514,
44,nftonv2,nf2018v2,lgbm,0.05,rethreshold_2s,105000,0.5047179266227193,0.7532038211204933,0.4088114637474123,0.5442622878538432,0.21954719206905549,0.23508854456682649,0.20488591541562629,0.35271336466875597,0.9953550841047232,-1,0.4073001654490502,,92569,
44,nftonv2,nf2018v2,lgbm,0.05,selector,105000,0.5047179266227193,0.7532038211204933,,0.5442622878538432,0.21954719206905549,0.23508854456682649,0.20488591541562629,0.35271336466875597,0.9953550841047232,0,0.4073001654490502,0.9766735750415898,92569,
44,nftonv2,nf2018v2,lgbm,0.1,rethreshold_2s,210000,0.5047179266227193,0.7532038211204933,0.40874390282057294,0.5442622878538432,0.21954719206905549,0.23508854456682649,0.20488591541562629,0.35271336466875597,0.9953550841047232,-1,0.40620801191794315,,185138,
44,nftonv2,nf2018v2,lgbm,0.1,selector,210000,0.5047179266227193,0.7532038211204933,,0.5442622878538432,0.21954719206905549,0.23508854456682649,0.20488591541562629,0.35271336466875597,0.9953550841047232,0,0.40620801191794315,0.9762787225690507,185138,
44,nftonv2,nf2018v2,lgbm,0.0001,acq_uncertainty,210,0.4879818442495686,0.8308858557914819,0.0910358471495295,0.6311602510736407,0.0019793332652760292,0.11626068785876768,0.11595960211231435,0.4483963232536134,5.8509317748353906e-05,,,,197,1
44,nftonv2,nf2018v2,lgbm,0.0001,acq_hybrid,210,0.5807764427489831,0.8580874136577513,0.32526409562808134,0.7235032757748754,0.00045371536166785765,0.10539017286422268,0.1082498934091043,0.5613079742694614,7.412822958875897e-07,,,,204,0
44,nftonv2,nf2018v2,lgbm,0.001,acq_uncertainty,2100,0.4886177944494137,0.831734028610762,0.12859381603742162,0.8393714886485337,0.0001361146085003573,0.11602719586003363,0.11598465239444608,0.7342399794834832,1.121620224033799e-05,,,,2001,1
44,nftonv2,nf2018v2,lgbm,0.001,acq_hybrid,2100,0.7106977640691612,0.8971116561328153,0.5208199940362379,0.9076257863097752,0.0011513027302321888,0.07809288535029581,0.07766437681904934,0.8009319316344331,0.008301558259837687,,,,2029,1
44,nftonv2,nfunswv2,lgbm,0,zero_shot_2s,250001,0.3943448710272307,0.70876492039644,-0.03483039561961076,0.4927315667624955,0.40400744120306376,0.3076086917517027,0.25769818501205183,0.12593345380732632,0.9998409062109509,-1,,,,
44,nftonv2,nfunswv2,lgbm,0.0001,rethreshold_2s,144,0.3943448710272307,0.70876492039644,0.05743427578035378,0.4927315667624955,0.40400744120306376,0.3076086917517027,0.25769818501205183,0.05129603622143054,0.9709754345647073,-1,0.5339535400938208,,134,
44,nftonv2,nfunswv2,lgbm,0.0001,selector,144,0.3943448710272307,0.70876492039644,,0.4927315667624955,0.40400744120306376,0.3076086917517027,0.25769818501205183,0.05129603622143054,0.9709754345647073,1,0.5339535400938208,0.430450766644715,134,
44,nftonv2,nfunswv2,lgbm,0.001,rethreshold_2s,1392,0.3943448710272307,0.70876492039644,0.10893789093942459,0.4927315667624955,0.40400744120306376,0.3076086917517027,0.25769818501205183,0.05129603622143054,0.9709754345647073,-1,0.23133464665393422,,1338,
44,nftonv2,nfunswv2,lgbm,0.001,selector,1392,0.3943448710272307,0.70876492039644,,0.4927315667624955,0.40400744120306376,0.3076086917517027,0.25769818501205183,0.05129603622143054,0.9709754345647073,0,0.23133464665393422,0.8778960610104763,1338,
44,nftonv2,nfunswv2,lgbm,0.01,rethreshold_2s,13907,0.3943448710272307,0.70876492039644,0.12593345380732632,0.4927315667624955,0.40400744120306376,0.3076086917517027,0.25769818501205183,0.05129603622143054,0.9709754345647073,-1,0.1277065899373576,,13382,
44,nftonv2,nfunswv2,lgbm,0.01,selector,13907,0.3943448710272307,0.70876492039644,,0.4927315667624955,0.40400744120306376,0.3076086917517027,0.25769818501205183,0.05129603622143054,0.9709754345647073,0,0.1277065899373576,0.9301817474291837,13382,
44,nftonv2,nfunswv2,lgbm,0.05,rethreshold_2s,69537,0.3943448710272307,0.70876492039644,0.12593345380732632,0.4927315667624955,0.40400744120306376,0.3076086917517027,0.25769818501205183,0.05129603622143054,0.9709754345647073,-1,0.11675857839905539,,66908,
44,nftonv2,nfunswv2,lgbm,0.05,selector,69537,0.3943448710272307,0.70876492039644,,0.4927315667624955,0.40400744120306376,0.3076086917517027,0.25769818501205183,0.05129603622143054,0.9709754345647073,0,0.11675857839905539,0.9538138436867912,66908,
44,nftonv2,nfunswv2,lgbm,0.1,rethreshold_2s,139072,0.3943448710272307,0.70876492039644,0.12593345380732632,0.4927315667624955,0.40400744120306376,0.3076086917517027,0.25769818501205183,0.05129603622143054,0.9709754345647073,-1,0.1291107603682527,,133817,
44,nftonv2,nfunswv2,lgbm,0.1,selector,139072,0.3943448710272307,0.70876492039644,,0.4927315667624955,0.40400744120306376,0.3076086917517027,0.25769818501205183,0.05129603622143054,0.9709754345647073,0,0.1291107603682527,0.9499652749669686,133817,
44,nftonv2,nfunswv2,lgbm,0.0001,acq_uncertainty,139,0.5259692900962931,0.8498564290094467,0.18233153551815906,0.7339969525461645,0.20804190353457144,0.1973020648411178,0.20551334789541598,0.5545453169783073,0.9995168865431122,,,,134,0
44,nftonv2,nfunswv2,lgbm,0.0001,acq_hybrid,139,0.6419924139703973,0.908133625743314,0.4125745492311573,0.6242234071666832,0.12821005809542615,0.1263928678535851,0.12637482317891058,0.42108662904262445,0.0008983793224173238,,,,132,0
44,nftonv2,nfunswv2,lgbm,0.001,acq_uncertainty,1391,0.8572096861758959,0.9804768856932496,0.7225118775902836,0.8377794865533308,0.004588395464607518,0.01704399979454755,0.015526332824426545,0.7690190037013446,0.06382588707989292,,,,1363,1
44,nftonv2,nfunswv2,lgbm,0.001,acq_hybrid,1391,0.8619990268082338,0.9810462394594579,0.7309167514865487,0.9265783615299168,0.004707911994263207,0.016855419840999933,0.016660747397990696,0.8941853754364674,0.0012019475741220193,,,,1351,1
44,nftonv2,nfbotv2,lgbm,0,zero_shot_2s,250001,0.011175589135596312,0.014200518552562933,-0.020831620249899735,0.5056989955657332,0.03456495828367104,0.9597562464697365,0.9727888080180214,0.1066351656556898,6.689274184648758e-06,1,,,,
44,nftonv2,nfbotv2,lgbm,0.0001,rethreshold_2s,211,0.011175589135596312,0.014200518552562933,0.026963103704497737,0.5056989955657332,0.03456495828367104,0.9597562464697365,0.9727888080180214,0.1066351656556898,6.689274184648758e-06,1,0.11914641004266853,,1,
44,nftonv2,nfbotv2,lgbm,0.0001,selector,211,0.011175589135596312,0.014200518552562933,,0.5056989955657332,0.03456495828367104,0.9597562464697365,0.9727888080180214,0.1066351656556898,6.689274184648758e-06,1,0.11914641004266853,0.0,1,
44,nftonv2,nfbotv2,lgbm,0.001,rethreshold_2s,2101,0.011175589135596312,0.014200518552562933,0.1066351656556898,0.5056989955657332,0.03456495828367104,0.9597562464697365,0.9727888080180214,0.1066351656556898,6.689274184648758e-06,1,0.33269780685756056,,9,
44,nftonv2,nfbotv2,lgbm,0.001,selector,2101,0.011175589135596312,0.014200518552562933,,0.5056989955657332,0.03456495828367104,0.9597562464697365,0.9727888080180214,0.1066351656556898,6.689274184648758e-06,0,0.33269780685756056,0.6218013095702178,9,
44,nftonv2,nfbotv2,lgbm,0.01,rethreshold_2s,21000,0.011175589135596312,0.014200518552562933,0.1066351656556898,0.5056989955657332,0.03456495828367104,0.9597562464697365,0.9727888080180214,0.1066351656556898,6.689274184648758e-06,1,0.18426313348761653,,88,
44,nftonv2,nfbotv2,lgbm,0.01,selector,21000,0.011175589135596312,0.014200518552562933,,0.5056989955657332,0.03456495828367104,0.9597562464697365,0.9727888080180214,0.1066351656556898,6.689274184648758e-06,0,0.18426313348761653,0.6736272240968485,88,
44,nftonv2,nfbotv2,lgbm,0.05,rethreshold_2s,105000,0.011175589135596312,0.014200518552562933,0.1066351656556898,0.5056989955657332,0.03456495828367104,0.9597562464697365,0.9727888080180214,0.1066351656556898,6.689274184648758e-06,1,0.13456228032823794,,440,
44,nftonv2,nfbotv2,lgbm,0.05,selector,105000,0.011175589135596312,0.014200518552562933,,0.5056989955657332,0.03456495828367104,0.9597562464697365,0.9727888080180214,0.1066351656556898,6.689274184648758e-06,0,0.13456228032823794,0.8302559830242183,440,
44,nftonv2,nfbotv2,lgbm,0.1,rethreshold_2s,210001,0.011175589135596312,0.014200518552562933,0.1066351656556898,0.5056989955657332,0.03456495828367104,0.9597562464697365,0.9727888080180214,0.1066351656556898,6.689274184648758e-06,1,0.11876998125780372,,881,
44,nftonv2,nfbotv2,lgbm,0.1,selector,210001,0.011175589135596312,0.014200518552562933,,0.5056989955657332,0.03456495828367104,0.9597562464697365,0.9727888080180214,0.1066351656556898,6.689274184648758e-06,0,0.11876998125780372,0.47463807482696635,881,
44,nftonv2,nfbotv2,lgbm,0.0001,acq_uncertainty,210,0.5939889507309674,0.9947274948988508,0.323253378594599,0.5745679488654793,0.8951132300357568,0.0037542576628077982,0.0037163727345326247,0.38529816158993324,0.9995905513712556,,,,1,0
44,nftonv2,nfbotv2,lgbm,0.0001,acq_hybrid,210,0.6167911073308889,0.9937658268873825,0.23396200506737713,0.5379087129948131,0.7759237187127532,0.005844370516140998,0.0059140961457203175,0.26202282716674885,0.022122404187784796,,,,4,0
44,nftonv2,nfbotv2,lgbm,0.001,acq_uncertainty,2100,0.6877866056093269,0.9944037840416895,0.3787381206304961,0.6334693931016104,0.566150178784267,0.0053434815550867445,0.009330393127455584,0.47632386348877775,0.4035963724877284,,,,10,0
44,nftonv2,nfbotv2,lgbm,0.001,acq_hybrid,2100,0.636508325597616,0.9944776728740806,0.28024705123850807,0.5987905965316253,0.7747318235995232,0.004816308784659776,0.004986749166617907,0.3589208344942983,0.9998099374473363,,,,11,1
44,nftonv2,nf2018v2,mlp,0,zero_shot_2s,250001,0.47228637385289135,0.699989913507067,0.0023853582308987127,0.5189522443081456,0.3158369346990166,0.3050919401117779,0.2892670071736238,0.29049623549345516,0.9986903331081254,1,,,,
44,nftonv2,nf2018v2,mlp,0.0001,rethreshold_2s,217,0.47228637385289135,0.699989913507067,0.2548649498421679,0.5189522443081456,0.3158369346990166,0.3050919401117779,0.2892670071736238,0.29049623549345516,0.9986903331081254,1,0.36542582836471216,,185,
44,nftonv2,nf2018v2,mlp,0.0001,selector,217,0.47228637385289135,0.699989913507067,,0.5189522443081456,0.3158369346990166,0.3050919401117779,0.2892670071736238,0.29049623549345516,0.9986903331081254,0,0.36542582836471216,0.8868966371446408,185,
44,nftonv2,nf2018v2,mlp,0.001,rethreshold_2s,2102,0.47228637385289135,0.699989913507067,0.28971962894693626,0.5189522443081456,0.3158369346990166,0.3050919401117779,0.2892670071736238,0.29049623549345516,0.9986903331081254,1,0.30090131736048614,,1851,
44,nftonv2,nf2018v2,mlp,0.001,selector,2102,0.47228637385289135,0.699989913507067,,0.5189522443081456,0.3158369346990166,0.3050919401117779,0.2892670071736238,0.29049623549345516,0.9986903331081254,0,0.30090131736048614,0.9447857089053113,1851,
44,nftonv2,nf2018v2,mlp,0.01,rethreshold_2s,21001,0.47228637385289135,0.699989913507067,0.29017601808551824,0.5189522443081456,0.3158369346990166,0.3050919401117779,0.2892670071736238,0.29049623549345516,0.9986903331081254,1,0.2893084258996815,,18514,
44,nftonv2,nf2018v2,mlp,0.01,selector,21001,0.47228637385289135,0.699989913507067,,0.5189522443081456,0.3158369346990166,0.3050919401117779,0.2892670071736238,0.29049623549345516,0.9986903331081254,0,0.2893084258996815,0.9457048804205043,18514,
44,nftonv2,nf2018v2,mlp,0.05,rethreshold_2s,105000,0.47228637385289135,0.699989913507067,0.28882484707407524,0.5189522443081456,0.3158369346990166,0.3050919401117779,0.2892670071736238,0.29049623549345516,0.9986903331081254,1,0.2882176176347658,,92569,
44,nftonv2,nf2018v2,mlp,0.05,selector,105000,0.47228637385289135,0.699989913507067,,0.5189522443081456,0.3158369346990166,0.3050919401117779,0.2892670071736238,0.29049623549345516,0.9986903331081254,0,0.2882176176347658,0.967899819673339,92569,
44,nftonv2,nf2018v2,mlp,0.1,rethreshold_2s,210000,0.47228637385289135,0.699989913507067,0.2887486288835795,0.5189522443081456,0.3158369346990166,0.3050919401117779,0.2892670071736238,0.29049623549345516,0.9986903331081254,1,0.2897767083379493,,185138,
44,nftonv2,nf2018v2,mlp,0.1,selector,210000,0.47228637385289135,0.699989913507067,,0.5189522443081456,0.3158369346990166,0.3050919401117779,0.2892670071736238,0.29049623549345516,0.9986903331081254,0,0.2897767083379493,0.9700880493516335,185138,
44,nftonv2,nf2018v2,mlp,0.0001,acq_uncertainty,210,0.47531232890067554,0.8279186041023913,0.06307013652348101,0.42383986483279146,0.0003176007531675004,0.117749849940549,0.11679151242628026,0.0764218282217184,0.6042406810946417,,,,204,0
44,nftonv2,nf2018v2,mlp,0.0001,acq_hybrid,210,0.47545010948393174,0.8278116625604135,0.05300520133768468,0.44233669038505175,0.0007146016946268758,0.11823116516511004,0.11771902889975494,0.06741676426015804,0.9955203840259054,,,,202,1
44,nftonv2,nf2018v2,mlp,0.001,acq_uncertainty,2100,0.476562227862552,0.8282306570321109,0.06723857807048379,0.42277137612274135,0.00042535815156361656,0.11755853847227947,0.11265813132257368,0.08212802573997634,0.8434443730750075,,,,2072,1
44,nftonv2,nf2018v2,mlp,0.001,acq_hybrid,2100,0.6436772839562219,0.8767857753756173,0.42630658763288753,0.6283728225876393,0.00031192931114665213,0.09234532342093918,0.08504662667078745,0.4933110964593442,0.0337114073918546,,,,2062,1
44,nftonv2,nfunswv2,mlp,0,zero_shot_2s,250001,0.4025718131482922,0.7343977011033144,-0.05405043883098125,0.49778187499860954,0.3665208218580144,0.34290593800955,0.32402565924418525,0.07315479137772524,0.9694757898890186,-1,,,,
44,nftonv2,nfunswv2,mlp,0.0001,rethreshold_2s,144,0.4025718131482922,0.7343977011033144,0.04462669291582059,0.49778187499860954,0.3665208218580144,0.34290593800955,0.32402565924418525,0.05220340427990548,1.2823757071617562e-05,-1,0.1833208554275638,,134,
44,nftonv2,nfunswv2,mlp,0.0001,selector,144,0.4025718131482922,0.7343977011033144,,0.49778187499860954,0.3665208218580144,0.34290593800955,0.32402565924418525,0.05220340427990548,1.2823757071617562e-05,0,0.1833208554275638,0.7637840999780483,134,
44,nftonv2,nfunswv2,mlp,0.001,rethreshold_2s,1392,0.4025718131482922,0.7343977011033144,0.07277330771586141,0.49778187499860954,0.3665208218580144,0.34290593800955,0.32402565924418525,0.05220340427990548,1.2823757071617562e-05,-1,0.10677441038091173,,1338,
44,nftonv2,nfunswv2,mlp,0.001,selector,1392,0.4025718131482922,0.7343977011033144,,0.49778187499860954,0.3665208218580144,0.34290593800955,0.32402565924418525,0.05220340427990548,1.2823757071617562e-05,0,0.10677441038091173,0.860480423703842,1338,
44,nftonv2,nfunswv2,mlp,0.01,rethreshold_2s,13907,0.4025718131482922,0.7343977011033144,0.0720978652941494,0.49778187499860954,0.3665208218580144,0.34290593800955,0.32402565924418525,0.05220340427990548,1.2823757071617562e-05,-1,0.08527255437905847,,13382,
44,nftonv2,nfunswv2,mlp,0.01,selector,13907,0.4025718131482922,0.7343977011033144,,0.49778187499860954,0.3665208218580144,0.34290593800955,0.32402565924418525,0.05220340427990548,1.2823757071617562e-05,0,0.08527255437905847,0.778518493518296,13382,
44,nftonv2,nfunswv2,mlp,0.05,rethreshold_2s,69537,0.4025718131482922,0.7343977011033144,0.07176837051117006,0.49778187499860954,0.3665208218580144,0.34290593800955,0.32402565924418525,0.05220340427990548,1.2823757071617562e-05,-1,0.07078542384282134,,66908,
44,nftonv2,nfunswv2,mlp,0.05,selector,69537,0.4025718131482922,0.7343977011033144,,0.49778187499860954,0.3665208218580144,0.34290593800955,0.32402565924418525,0.05220340427990548,1.2823757071617562e-05,0,0.07078542384282134,0.916966336362338,66908,
44,nftonv2,nfunswv2,mlp,0.1,rethreshold_2s,139072,0.4025718131482922,0.7343977011033144,0.07171000913766765,0.49778187499860954,0.3665208218580144,0.34290593800955,0.32402565924418525,0.05220340427990548,1.2823757071617562e-05,-1,0.06984089115734966,,133817,
44,nftonv2,nfunswv2,mlp,0.1,selector,139072,0.4025718131482922,0.7343977011033144,,0.49778187499860954,0.3665208218580144,0.34290593800955,0.32402565924418525,0.05220340427990548,1.2823757071617562e-05,0,0.06984089115734966,0.9275476259122403,133817,
44,nftonv2,nfunswv2,mlp,0.0001,acq_uncertainty,139,0.5275349926497181,0.9469562450523252,0.16777449751692375,0.7385204044112673,0.00045208426434977813,0.03314991899468389,0.03289755160869594,0.6112950443238031,0.012302999766201172,,,,137,0
44,nftonv2,nfunswv2,mlp,0.0001,acq_hybrid,139,0.8340211889836802,0.9775987127928901,0.6797629294693297,0.7716739178645076,0.00483262489477349,0.019023475638282255,0.014487811492842345,0.6990119232101286,0.22037055820910476,,,,128,1
44,nftonv2,nfunswv2,mlp,0.001,acq_uncertainty,1391,0.7675620122501772,0.9705435618237755,0.5791451472542534,0.8319382831221231,0.0024734725267872917,0.0188989900498511,0.016212079933674184,0.7890313231441832,0.056882537244767856,,,,1368,1
44,nftonv2,nfunswv2,mlp,0.001,acq_hybrid,1391,0.7456677910880044,0.9647842288276722,0.4948349640369583,0.7528128213585713,0.013443011400837654,0.028843217228395352,0.0216780728588874,0.5430726748508267,0.6976071617168441,,,,1338,1
44,nftonv2,nfbotv2,mlp,0,zero_shot_2s,250001,0.038374775130454244,0.07062884705625676,-0.09793203309771928,0.515810258910118,0.3265792610250298,0.9470218657257773,0.9448482190905749,0.1921379697124148,1.1051374750982452e-17,1,,,,
44,nftonv2,nfbotv2,mlp,0.0001,rethreshold_2s,211,0.038374775130454244,0.07062884705625676,0.08774036618682021,0.515810258910118,0.3265792610250298,0.9470218657257773,0.9448482190905749,0.1921379697124148,1.1051374750982452e-17,-1,0.1449179802551119,,1,
44,nftonv2,nfbotv2,mlp,0.0001,selector,211,0.038374775130454244,0.07062884705625676,,0.515810258910118,0.3265792610250298,0.9470218657257773,0.9448482190905749,0.1921379697124148,1.1051374750982452e-17,1,0.1449179802551119,0.0,1,
44,nftonv2,nfbotv2,mlp,0.001,rethreshold_2s,2101,0.038374775130454244,0.07062884705625676,0.1631983187879176,0.515810258910118,0.3265792610250298,0.9470218657257773,0.9448482190905749,0.1921379697124148,1.1051374750982452e-17,1,0.33269780685756056,,9,
44,nftonv2,nfbotv2,mlp,0.001,selector,2101,0.038374775130454244,0.07062884705625676,,0.515810258910118,0.3265792610250298,0.9470218657257773,0.9448482190905749,0.1921379697124148,1.1051374750982452e-17,0,0.33269780685756056,0.4641450666091215,9,
44,nftonv2,nfbotv2,mlp,0.01,rethreshold_2s,21000,0.038374775130454244,0.07062884705625676,0.16584569772632826,0.515810258910118,0.3265792610250298,0.9470218657257773,0.9448482190905749,0.1921379697124148,1.1051374750982452e-17,1,0.21277380626875764,,88,
44,nftonv2,nfbotv2,mlp,0.01,selector,21000,0.038374775130454244,0.07062884705625676,,0.515810258910118,0.3265792610250298,0.9470218657257773,0.9448482190905749,0.1921379697124148,1.1051374750982452e-17,0,0.21277380626875764,0.7374346032444145,88,
44,nftonv2,nfbotv2,mlp,0.05,rethreshold_2s,105000,0.038374775130454244,0.07062884705625676,0.18279354096012485,0.515810258910118,0.3265792610250298,0.9470218657257773,0.9448482190905749,0.1921379697124148,1.1051374750982452e-17,1,0.23308646730962632,,440,
44,nftonv2,nfbotv2,mlp,0.05,selector,105000,0.038374775130454244,0.07062884705625676,,0.515810258910118,0.3265792610250298,0.9470218657257773,0.9448482190905749,0.1921379697124148,1.1051374750982452e-17,0,0.23308646730962632,0.7642182340767426,440,
44,nftonv2,nfbotv2,mlp,0.1,rethreshold_2s,210001,0.038374775130454244,0.07062884705625676,0.18279354096012485,0.515810258910118,0.3265792610250298,0.9470218657257773,0.9448482190905749,0.1921379697124148,1.1051374750982452e-17,1,0.22052128820529893,,881,
44,nftonv2,nfbotv2,mlp,0.1,selector,210001,0.038374775130454244,0.07062884705625676,,0.515810258910118,0.3265792610250298,0.9470218657257773,0.9448482190905749,0.1921379697124148,1.1051374750982452e-17,0,0.22052128820529893,0.9085336568600496,881,
44,nftonv2,nfbotv2,mlp,0.0001,acq_uncertainty,210,0.6653219690492354,0.9954945358495063,0.43181264314190554,0.5981309699122103,0.797377830750894,0.0035830158240608106,0.004127633091927447,0.4403372024328461,0.43963279359070523,,,,4,1
44,nftonv2,nfbotv2,mlp,0.0001,acq_hybrid,210,0.8601570245436636,0.9976466383494084,0.7203865243996258,0.8443923749861724,0.26817640047675806,0.001995808150825303,0.0019376433706880622,0.8190903714645061,0.33899860315385205,,,,6,1
44,nftonv2,nfbotv2,mlp,0.001,acq_uncertainty,2100,0.8939508032128514,0.998268971686747,0.7888490981416433,0.8405308534171361,0.24791418355184744,0.001660121082108311,0.001978773957453171,0.8303987548166935,0.30990102480153997,,,,55,1
44,nftonv2,nfbotv2,mlp,0.001,acq_hybrid,2100,0.41456304930803034,0.8089195785445557,0.045816534296147,0.5057111290673362,0.35518474374255066,0.28184771735502895,0.2691670763647931,0.07997820369386383,9.853605086057931e-06,,,,75,2
44,nfbotv2,nf2018v2,rf,0,zero_shot_2s,250000,0.5770578500227442,0.716388032805748,0.3660614004371804,0.7411164943490579,0.38323068023275597,0.16278363369294266,0.14122647720094736,0.6409748709235347,0.6466666666666666,1,,,,
44,nfbotv2,nf2018v2,rf,0.0001,rethreshold_2s,217,0.5770578500227442,0.716388032805748,0.6405787022061478,0.7411164943490579,0.38323068023275597,0.16278363369294266,0.14122647720094736,0.6409748709235347,0.6466666666666666,1,0.5838706827942327,,185,
44,nfbotv2,nf2018v2,rf,0.0001,selector,217,0.5770578500227442,0.716388032805748,,0.7411164943490579,0.38323068023275597,0.16278363369294266,0.14122647720094736,0.6409748709235347,0.6466666666666666,0,0.5838706827942327,0.9453435434404641,185,
44,nfbotv2,nf2018v2,rf,0.001,rethreshold_2s,2102,0.5770578500227442,0.716388032805748,0.6405787022061478,0.7411164943490579,0.38323068023275597,0.16278363369294266,0.14122647720094736,0.6409748709235347,0.6466666666666666,1,0.6662921899961028,,1851,
44,nfbotv2,nf2018v2,rf,0.001,selector,2102,0.5770578500227442,0.716388032805748,,0.7411164943490579,0.38323068023275597,0.16278363369294266,0.14122647720094736,0.6409748709235347,0.6466666666666666,0,0.6662921899961028,0.9725753255998021,1851,
44,nfbotv2,nf2018v2,rf,0.01,rethreshold_2s,21001,0.5770578500227442,0.716388032805748,0.6409748709235347,0.7411164943490579,0.38323068023275597,0.16278363369294266,0.14122647720094736,0.6409748709235347,0.6466666666666666,1,0.6405577137130544,,18514,
44,nfbotv2,nf2018v2,rf,0.01,selector,21001,0.5770578500227442,0.716388032805748,,0.7411164943490579,0.38323068023275597,0.16278363369294266,0.14122647720094736,0.6409748709235347,0.6466666666666666,0,0.6405577137130544,0.970324432220874,18514,
44,nfbotv2,nf2018v2,rf,0.05,rethreshold_2s,105000,0.5770578500227442,0.716388032805748,0.6405787022061478,0.7411164943490579,0.38323068023275597,0.16278363369294266,0.14122647720094736,0.6409748709235347,0.6466666666666666,1,0.6444163517369464,,92569,
44,nfbotv2,nf2018v2,rf,0.05,selector,105000,0.5770578500227442,0.716388032805748,,0.7411164943490579,0.38323068023275597,0.16278363369294266,0.14122647720094736,0.6409748709235347,0.6466666666666666,0,0.6444163517369464,0.9754672302475028,92569,
44,nfbotv2,nf2018v2,rf,0.1,rethreshold_2s,210000,0.5770578500227442,0.716388032805748,0.6409748709235347,0.7411164943490579,0.38323068023275597,0.16278363369294266,0.14122647720094736,0.6409748709235347,0.6466666666666666,1,0.6401277850798044,,185138,
44,nfbotv2,nf2018v2,rf,0.1,selector,210000,0.5770578500227442,0.716388032805748,,0.7411164943490579,0.38323068023275597,0.16278363369294266,0.14122647720094736,0.6409748709235347,0.6466666666666666,0,0.6401277850798044,0.9764416820884759,185138,
44,nfbotv2,nf2018v2,rf,0.0001,acq_uncertainty,210,0.46853899442765923,0.8261331950887618,0.0,0.5,0.0,0.11839440802795986,0.11839440802795986,0.0,inf,,,,210,0
44,nfbotv2,nf2018v2,rf,0.0001,acq_hybrid,210,0.4695814074681426,0.8264256408890724,0.029894216077398356,0.6474459005808371,0.0,0.12208173153578679,0.17850422414554593,0.4588181430107616,0.28,,,,209,1
44,nfbotv2,nf2018v2,rf,0.001,acq_uncertainty,2100,0.4795091379543517,0.8292135935070638,0.0972579326159715,0.6832796632108806,5.6714420208482205e-06,0.10565190612935824,0.16250730413014605,0.5308268996544145,0.21333333333333335,,,,2097,1
44,nfbotv2,nf2018v2,rf,0.001,acq_hybrid,2100,0.4832692174811947,0.830256101296113,0.11142473165590057,0.6801274342667547,5.1042978187633985e-05,0.10318981082872362,0.1536013653265067,0.4937753917047689,0.20666666666666667,,,,2092,1
44,nfbotv2,nfunswv2,rf,0,zero_shot_2s,250000,0.12552376286892358,0.18306852972584078,-0.07214479105582211,0.4856283068062939,0.8954801966306731,0.4106521172777779,0.5465067166666667,0.19617258751895872,0.3666666666666667,-1,,,,
44,nfbotv2,nfunswv2,rf,0.0001,rethreshold_2s,144,0.12552376286892358,0.18306852972584078,0.19617258751895872,0.4856283068062939,0.8954801966306731,0.4106521172777779,0.5465067166666667,0.05061685618154646,0.83,-1,0.37949752264015046,,134,
44,nfbotv2,nfunswv2,rf,0.0001,selector,144,0.12552376286892358,0.18306852972584078,,0.4856283068062939,0.8954801966306731,0.4106521172777779,0.5465067166666667,0.05061685618154646,0.83,0,0.37949752264015046,0.8879738972216412,134,
44,nfbotv2,nfunswv2,rf,0.001,rethreshold_2s,1392,0.12552376286892358,0.18306852972584078,0.19617258751895872,0.4856283068062939,0.8954801966306731,0.4106521172777779,0.5465067166666667,0.05061685618154646,0.83,-1,0.23600600492685822,,1338,
44,nfbotv2,nfunswv2,rf,0.001,selector,1392,0.12552376286892358,0.18306852972584078,,0.4856283068062939,0.8954801966306731,0.4106521172777779,0.5465067166666667,0.05061685618154646,0.83,0,0.23600600492685822,0.9282910918712464,1338,
44,nfbotv2,nfunswv2,rf,0.01,rethreshold_2s,13907,0.12552376286892358,0.18306852972584078,0.19617258751895872,0.4856283068062939,0.8954801966306731,0.4106521172777779,0.5465067166666667,0.05061685618154646,0.83,-1,0.20227644267459197,,13382,
44,nfbotv2,nfunswv2,rf,0.01,selector,13907,0.12552376286892358,0.18306852972584078,,0.4856283068062939,0.8954801966306731,0.4106521172777779,0.5465067166666667,0.05061685618154646,0.83,0,0.20227644267459197,0.9347080389081049,13382,
44,nfbotv2,nfunswv2,rf,0.05,rethreshold_2s,69537,0.12552376286892358,0.18306852972584078,0.19617258751895872,0.4856283068062939,0.8954801966306731,0.4106521172777779,0.5465067166666667,0.05061685618154646,0.83,-1,0.19242012246074378,,66908,
44,nfbotv2,nfunswv2,rf,0.05,selector,69537,0.12552376286892358,0.18306852972584078,,0.4856283068062939,0.8954801966306731,0.4106521172777779,0.5465067166666667,0.05061685618154646,0.83,0,0.19242012246074378,0.953122896512456,66908,
44,nfbotv2,nfunswv2,rf,0.1,rethreshold_2s,139072,0.12552376286892358,0.18306852972584078,0.19617258751895872,0.4856283068062939,0.8954801966306731,0.4106521172777779,0.5465067166666667,0.05061685618154646,0.83,-1,0.19214244513536147,,133817,
44,nfbotv2,nfunswv2,rf,0.1,selector,139072,0.12552376286892358,0.18306852972584078,,0.4856283068062939,0.8954801966306731,0.4106521172777779,0.5465067166666667,0.05061685618154646,0.83,0,0.19214244513536147,0.9505527903495165,133817,
44,nfbotv2,nfunswv2,rf,0.0001,acq_uncertainty,139,0.9055497722613035,0.9867919803852451,0.8144835410584909,0.9271576370068129,0.0034348011348873946,0.048068801722222214,0.18275855,0.8833956004396635,0.35333333333333333,,,,56,1
44,nfbotv2,nfunswv2,rf,0.0001,acq_hybrid,139,0.9435249578277416,0.9918054145612655,0.8870619319392168,0.965074020879376,0.004053169266584218,0.03304279472222223,0.15060571666666667,0.9288758413716994,0.3566666666666667,,,,68,1
44,nfbotv2,nfunswv2,rf,0.001,acq_uncertainty,1391,0.9561094816694189,0.9935630756670526,0.9123632062742031,0.9736477952725496,0.004053169266584218,0.017756311611111113,0.10205735000000005,0.9163238927434297,0.35333333333333333,,,,785,1
44,nfbotv2,nfunswv2,rf,0.001,acq_hybrid,1391,0.9568565616129819,0.9935218849612107,0.9157082829574162,0.9731601640331091,0.0061161284958584925,0.020304155277777777,0.10789978333333332,0.9192547330038311,0.4666666666666667,,,,1030,1
44,nfbotv2,nftonv2,rf,0,zero_shot_2s,250000,0.45386012342597265,0.583255768747756,-0.08618107817938633,0.40603476413237843,0.8545126090288676,0.3631224592234072,0.39711596891317785,0.695064290805308,0.043333333333333335,-1,,,,
44,nfbotv2,nftonv2,rf,0.0001,rethreshold_2s,213,0.45386012342597265,0.583255768747756,0.695064290805308,0.40603476413237843,0.8545126090288676,0.3631224592234072,0.39711596891317785,0.10692789197846449,0.013333333333333334,-1,0.7041422389533972,,58,
44,nfbotv2,nftonv2,rf,0.0001,selector,213,0.45386012342597265,0.583255768747756,,0.40603476413237843,0.8545126090288676,0.3631224592234072,0.39711596891317785,0.10692789197846449,0.013333333333333334,0,0.7041422389533972,0.7867105095747323,58,
44,nfbotv2,nftonv2,rf,0.001,rethreshold_2s,2100,0.45386012342597265,0.583255768747756,0.695064290805308,0.40603476413237843,0.8545126090288676,0.3631224592234072,0.39711596891317785,0.10692789197846449,0.013333333333333334,-1,0.7059284745741652,,575,
44,nfbotv2,nftonv2,rf,0.001,selector,2100,0.45386012342597265,0.583255768747756,,0.40603476413237843,0.8545126090288676,0.3631224592234072,0.39711596891317785,0.10692789197846449,0.013333333333333334,0,0.7059284745741652,0.9307646218861096,575,
44,nfbotv2,nftonv2,rf,0.01,rethreshold_2s,21000,0.45386012342597265,0.583255768747756,0.695064290805308,0.40603476413237843,0.8545126090288676,0.3631224592234072,0.39711596891317785,0.10692789197846449,0.013333333333333334,-1,0.6993872557241984,,5754,
44,nfbotv2,nftonv2,rf,0.01,selector,21000,0.45386012342597265,0.583255768747756,,0.40603476413237843,0.8545126090288676,0.3631224592234072,0.39711596891317785,0.10692789197846449,0.013333333333333334,0,0.6993872557241984,0.9643338330583453,5754,
44,nfbotv2,nftonv2,rf,0.05,rethreshold_2s,105000,0.45386012342597265,0.583255768747756,0.695064290805308,0.40603476413237843,0.8545126090288676,0.3631224592234072,0.39711596891317785,0.10692789197846449,0.013333333333333334,-1,0.7000703949871265,,28771,
44,nfbotv2,nftonv2,rf,0.05,selector,105000,0.45386012342597265,0.583255768747756,,0.40603476413237843,0.8545126090288676,0.3631224592234072,0.39711596891317785,0.10692789197846449,0.013333333333333334,0,0.7000703949871265,0.9780019066847784,28771,
44,nfbotv2,nftonv2,rf,0.1,rethreshold_2s,210000,0.45386012342597265,0.583255768747756,0.695064290805308,0.40603476413237843,0.8545126090288676,0.3631224592234072,0.39711596891317785,0.10692789197846449,0.013333333333333334,-1,0.7012442226044497,,57542,
44,nfbotv2,nftonv2,rf,0.1,selector,210000,0.45386012342597265,0.583255768747756,,0.40603476413237843,0.8545126090288676,0.3631224592234072,0.39711596891317785,0.10692789197846449,0.013333333333333334,0,0.7012442226044497,0.9821818576940698,57542,
44,nfbotv2,nftonv2,rf,0.0001,acq_uncertainty,210,0.34059261967801485,0.28848801599597673,0.15716420333725276,0.6530000320282456,0.02271814897266523,0.34407853022598445,0.33625329793315645,0.3259684949902984,0.15,,,,140,1
44,nfbotv2,nftonv2,rf,0.0001,acq_hybrid,210,0.30205226214655945,0.23598429845193056,0.1344139390392094,0.6897028581823089,0.010802525455275354,0.4588058333069443,0.49590082950414766,0.4255865566824637,0.15666666666666668,,,,138,1
44,nfbotv2,nftonv2,rf,0.001,acq_uncertainty,2100,0.5130258891669425,0.5087746127641738,0.3192582276666863,0.7277176909482639,0.02828363928323784,0.3471219844988114,0.30550539419363765,0.4526117063539072,0.25333333333333335,,,,1477,1
44,nfbotv2,nftonv2,rf,0.001,acq_hybrid,2100,0.653268835058853,0.708022056418364,0.32349906741591006,0.7815999825952992,0.36825298346775664,0.15607829744704277,0.14140295701478503,0.5448497303364277,0.6566666666666666,,,,1094,1
44,nfbotv2,nf2018v2,lgbm,0,zero_shot_2s,250000,0.4244202226895064,0.5236221477830674,0.23670550029788798,0.5470213662808626,0.6145688002631549,0.5462221541207605,0.5462245053944788,0.23674197831760588,1.0,1,,,,
44,nfbotv2,nf2018v2,lgbm,0.0001,rethreshold_2s,217,0.4244202226895064,0.5236221477830674,0.23674197831760588,0.5470213662808626,0.6145688002631549,0.5462221541207605,0.5462245053944788,0.23674197831760588,1.0,1,0.29002929801320904,,185,
44,nfbotv2,nf2018v2,lgbm,0.0001,selector,217,0.4244202226895064,0.5236221477830674,,0.5470213662808626,0.6145688002631549,0.5462221541207605,0.5462245053944788,0.23674197831760588,1.0,0,0.29002929801320904,0.9462346647210959,185,
44,nfbotv2,nf2018v2,lgbm,0.001,rethreshold_2s,2102,0.4244202226895064,0.5236221477830674,0.23674197831760588,0.5470213662808626,0.6145688002631549,0.5462221541207605,0.5462245053944788,0.23674197831760588,1.0,1,0.2413512618020693,,1851,
44,nfbotv2,nf2018v2,lgbm,0.001,selector,2102,0.4244202226895064,0.5236221477830674,,0.5470213662808626,0.6145688002631549,0.5462221541207605,0.5462245053944788,0.23674197831760588,1.0,0,0.2413512618020693,0.9655859030731279,1851,
44,nfbotv2,nf2018v2,lgbm,0.01,rethreshold_2s,21001,0.4244202226895064,0.5236221477830674,0.23674197831760588,0.5470213662808626,0.6145688002631549,0.5462221541207605,0.5462245053944788,0.23674197831760588,1.0,1,0.24030703654203822,,18514,
44,nfbotv2,nf2018v2,lgbm,0.01,selector,21001,0.4244202226895064,0.5236221477830674,,0.5470213662808626,0.6145688002631549,0.5462221541207605,0.5462245053944788,0.23674197831760588,1.0,0,0.24030703654203822,0.971718514946423,18514,
44,nfbotv2,nf2018v2,lgbm,0.05,rethreshold_2s,105000,0.4244202226895064,0.5236221477830674,0.23674197831760588,0.5470213662808626,0.6145688002631549,0.5462221541207605,0.5462245053944788,0.23674197831760588,1.0,1,0.23844338378317287,,92569,
44,nfbotv2,nf2018v2,lgbm,0.05,selector,105000,0.4244202226895064,0.5236221477830674,,0.5470213662808626,0.6145688002631549,0.5462221541207605,0.5462245053944788,0.23674197831760588,1.0,0,0.23844338378317287,0.9766735750415898,92569,
44,nfbotv2,nf2018v2,lgbm,0.1,rethreshold_2s,210000,0.4244202226895064,0.5236221477830674,0.23674197831760588,0.5470213662808626,0.6145688002631549,0.5462221541207605,0.5462245053944788,0.23674197831760588,1.0,1,0.2367482402685459,,185138,
44,nfbotv2,nf2018v2,lgbm,0.1,selector,210000,0.4244202226895064,0.5236221477830674,,0.5470213662808626,0.6145688002631549,0.5462221541207605,0.5462245053944788,0.23674197831760588,1.0,0,0.2367482402685459,0.9762787225690507,185138,
44,nfbotv2,nf2018v2,lgbm,0.0001,acq_uncertainty,210,0.685688291995849,0.8233295138187392,0.47776743254186743,0.729409990895555,0.22701080976849175,0.12992288678430822,0.17396285767497055,0.5581987537918482,0.5963295890088957,,,,205,0
44,nfbotv2,nf2018v2,lgbm,0.0001,acq_hybrid,210,0.6223695089767586,0.807847294582282,0.28652611564642816,0.5739428079875895,0.19333945849071585,0.220368849249488,0.2201121777849788,0.3209196460576077,0.00011592457027406355,,,,205,0
44,nfbotv2,nf2018v2,lgbm,0.001,acq_uncertainty,2100,0.5455655170219483,0.681650319578702,0.33223838927538785,0.5913618053630895,0.4283753587187078,0.3780931888570861,0.3805171805613525,0.33537087658128306,0.3883987387066658,,,,2070,1
44,nfbotv2,nf2018v2,lgbm,0.001,acq_hybrid,2100,0.5976259816779504,0.7763505578405367,0.2735902760087296,0.7542133353016653,0.25369494447658264,0.26558801351393596,0.26557027770397035,0.5358406861526387,0.9999786599109012,,,,2066,1
44,nfbotv2,nfunswv2,lgbm,0,zero_shot_2s,250000,0.10177693710748331,0.13235403687938516,-0.03762552714870292,0.49818637993863846,0.9273443427110506,0.897005,0.897005,0.03772038093090638,4.964029187704e-12,-1,,,,
44,nfbotv2,nfunswv2,lgbm,0.0001,rethreshold_2s,144,0.10177693710748331,0.13235403687938516,0.03763045726902057,0.49818637993863846,0.9273443427110506,0.897005,0.897005,0.0,inf,-1,0.14029850746268657,,134,
44,nfbotv2,nfunswv2,lgbm,0.0001,selector,144,0.10177693710748331,0.13235403687938516,,0.49818637993863846,0.9273443427110506,0.897005,0.897005,0.0,inf,0,0.14029850746268657,0.430450766644715,134,
44,nfbotv2,nfunswv2,lgbm,0.001,rethreshold_2s,1392,0.10177693710748331,0.13235403687938516,0.03763045726902057,0.49818637993863846,0.9273443427110506,0.897005,0.897005,0.0,inf,-1,0.06367017933119573,,1338,
44,nfbotv2,nfunswv2,lgbm,0.001,selector,1392,0.10177693710748331,0.13235403687938516,,0.49818637993863846,0.9273443427110506,0.897005,0.897005,0.0,inf,0,0.06367017933119573,0.8778960610104763,1338,
44,nfbotv2,nfunswv2,lgbm,0.01,rethreshold_2s,13907,0.10177693710748331,0.13235403687938516,0.03763045726902057,0.49818637993863846,0.9273443427110506,0.897005,0.897005,0.0,inf,-1,0.0495980657153294,,13382,
44,nfbotv2,nfunswv2,lgbm,0.01,selector,13907,0.10177693710748331,0.13235403687938516,,0.49818637993863846,0.9273443427110506,0.897005,0.897005,0.0,inf,0,0.0495980657153294,0.9301817474291837,13382,
44,nfbotv2,nfunswv2,lgbm,0.05,rethreshold_2s,69537,0.10177693710748331,0.13235403687938516,0.03762552714870292,0.49818637993863846,0.9273443427110506,0.897005,0.897005,0.0,inf,-1,0.032308842483168676,,66908,
44,nfbotv2,nfunswv2,lgbm,0.05,selector,69537,0.10177693710748331,0.13235403687938516,,0.49818637993863846,0.9273443427110506,0.897005,0.897005,0.0,inf,0,0.032308842483168676,0.9538138436867912,66908,
44,nfbotv2,nfunswv2,lgbm,0.1,rethreshold_2s,139072,0.10177693710748331,0.13235403687938516,0.03762552714870292,0.49818637993863846,0.9273443427110506,0.897005,0.897005,0.0,inf,-1,0.035947827070578385,,133817,
44,nfbotv2,nfunswv2,lgbm,0.1,selector,139072,0.10177693710748331,0.13235403687938516,,0.49818637993863846,0.9273443427110506,0.897005,0.897005,0.0,inf,0,0.035947827070578385,0.9499652749669686,133817,
44,nfbotv2,nfunswv2,lgbm,0.0001,acq_uncertainty,139,0.9431853666503076,0.9915127066358783,0.8877558843786458,0.9283711444669211,0.0067396929984099106,0.008569897010947465,0.008069802308995335,0.9011985210924548,0.006412577697152573,,,,129,0
44,nfbotv2,nfunswv2,lgbm,0.0001,acq_hybrid,139,0.9338289480874675,0.9901146857175225,0.8690193413937797,0.9150141650802783,0.007487970401471612,0.009309436029192358,0.008862820920128162,0.8971617794740735,0.0016036991318451887,,,,113,0
44,nfbotv2,nfunswv2,lgbm,0.001,acq_uncertainty,1391,0.9556752269673932,0.9933082414503533,0.9140394227631791,0.9289632932524279,0.00670851477328234,0.006837656098429646,0.006738955386920509,0.9163725642249496,0.015141017286706849,,,,1307,0
44,nfbotv2,nfunswv2,lgbm,0.001,acq_hybrid,1391,0.9568562944711116,0.9934967186193809,0.9161968269989311,0.9551429187329314,0.006469481713970963,0.006514870967868369,0.006334453773829712,0.9177234125255821,0.22099918592826043,,,,1216,1
44,nfbotv2,nftonv2,lgbm,0,zero_shot_2s,250000,0.4405370885304381,0.5758126938207553,-0.11122157943291114,0.4844558725375511,0.8801503594759316,0.3993469967349837,0.39934699673498364,0.11122157943291114,1.0,-1,,,,
44,nfbotv2,nftonv2,lgbm,0.0001,rethreshold_2s,213,0.4405370885304381,0.5758126938207553,0.11122157943291114,0.4844558725375511,0.8801503594759316,0.3993469967349837,0.39934699673498364,0.0,inf,-1,0.03623172189430021,,58,
44,nfbotv2,nftonv2,lgbm,0.0001,selector,213,0.4405370885304381,0.5758126938207553,,0.4844558725375511,0.8801503594759316,0.3993469967349837,0.39934699673498364,0.0,inf,0,0.03623172189430021,0.8089999077426336,58,
44,nfbotv2,nftonv2,lgbm,0.001,rethreshold_2s,2100,0.4405370885304381,0.5758126938207553,0.11122157943291114,0.4844558725375511,0.8801503594759316,0.3993469967349837,0.39934699673498364,0.0,inf,-1,0.09853694458058221,,575,
44,nfbotv2,nftonv2,lgbm,0.001,selector,2100,0.4405370885304381,0.5758126938207553,,0.4844558725375511,0.8801503594759316,0.3993469967349837,0.39934699673498364,0.0,inf,0,0.09853694458058221,0.923015447814637,575,
44,nfbotv2,nftonv2,lgbm,0.01,rethreshold_2s,21000,0.4405370885304381,0.5758126938207553,0.11122157943291114,0.4844558725375511,0.8801503594759316,0.3993469967349837,0.39934699673498364,0.0,inf,-1,0.10685000755683856,,5754,
44,nfbotv2,nftonv2,lgbm,0.01,selector,21000,0.4405370885304381,0.5758126938207553,,0.4844558725375511,0.8801503594759316,0.3993469967349837,0.39934699673498364,0.0,inf,0,0.10685000755683856,0.969508536418766,5754,
44,nfbotv2,nftonv2,lgbm,0.05,rethreshold_2s,105000,0.4405370885304381,0.5758126938207553,0.11122157943291114,0.4844558725375511,0.8801503594759316,0.3993469967349837,0.39934699673498364,0.0,inf,-1,0.1135436234462657,,28771,
44,nfbotv2,nftonv2,lgbm,0.05,selector,105000,0.4405370885304381,0.5758126938207553,,0.4844558725375511,0.8801503594759316,0.3993469967349837,0.39934699673498364,0.0,inf,0,0.1135436234462657,0.9793730773689079,28771,
44,nfbotv2,nftonv2,lgbm,0.1,rethreshold_2s,210000,0.4405370885304381,0.5758126938207553,0.11122157943291114,0.4844558725375511,0.8801503594759316,0.3993469967349837,0.39934699673498364,0.0,inf,-1,0.11243044604236152,,57542,
44,nfbotv2,nftonv2,lgbm,0.1,selector,210000,0.4405370885304381,0.5758126938207553,,0.4844558725375511,0.8801503594759316,0.3993469967349837,0.39934699673498364,0.0,inf,0,0.11243044604236152,0.9818252381913014,57542,
44,nfbotv2,nftonv2,lgbm,0.0001,acq_uncertainty,210,0.658361539229099,0.7577235944743094,0.45278629460903225,0.6644327200463465,0.7147184409328127,0.19764791897528156,0.19489014366975976,0.4550516713544423,0.43944077000479037,,,,30,0
44,nfbotv2,nftonv2,lgbm,0.0001,acq_hybrid,210,0.6458101860530183,0.7492517060447295,0.4292873231177606,0.812823882886397,0.7307944965512208,0.1979007525079979,0.19728767553343293,0.6221859110134608,0.9946045600886232,,,,76,1
44,nfbotv2,nftonv2,lgbm,0.001,acq_uncertainty,2100,0.6392429090988616,0.7407078451634258,0.3670496659390928,0.7849945161477758,0.7141345206379329,0.20951614237336472,0.20933573645321588,0.4494793050237687,0.9972084932670876,,,,339,1
44,nfbotv2,nftonv2,lgbm,0.001,acq_hybrid,2100,0.6795376165920654,0.7612157136400891,0.39153550336597953,0.7805128115055469,0.6030619320462757,0.19202881940148026,0.18412857364754448,0.45775407677429003,0.9793893640751797,,,,563,1
44,nfbotv2,nf2018v2,mlp,0,zero_shot_2s,250000,0.5276589000950861,0.6605460773763694,0.3150501733512726,0.6277486476140587,0.4552750082235909,0.39297363810254504,0.39387534401070845,0.404738940083747,0.9999999924476074,1,,,,
44,nfbotv2,nf2018v2,mlp,0.0001,rethreshold_2s,217,0.5276589000950861,0.6605460773763694,0.39588261889062965,0.6277486476140587,0.4552750082235909,0.39297363810254504,0.39387534401070845,0.404738940083747,0.9999999924476074,1,0.44381931140954883,,185,
44,nfbotv2,nf2018v2,mlp,0.0001,selector,217,0.5276589000950861,0.6605460773763694,,0.6277486476140587,0.4552750082235909,0.39297363810254504,0.39387534401070845,0.404738940083747,0.9999999924476074,0,0.44381931140954883,0.8868966371446408,185,
44,nfbotv2,nf2018v2,mlp,0.001,rethreshold_2s,2102,0.5276589000950861,0.6605460773763694,0.403475253751478,0.6277486476140587,0.4552750082235909,0.39297363810254504,0.39387534401070845,0.404738940083747,0.9999999924476074,1,0.40232422765134085,,1851,
44,nfbotv2,nf2018v2,mlp,0.001,selector,2102,0.5276589000950861,0.6605460773763694,,0.6277486476140587,0.4552750082235909,0.39297363810254504,0.39387534401070845,0.404738940083747,0.9999999924476074,0,0.40232422765134085,0.9447857089053113,1851,
44,nfbotv2,nf2018v2,mlp,0.01,rethreshold_2s,21001,0.5276589000950861,0.6605460773763694,0.4036290022087877,0.6277486476140587,0.4552750082235909,0.39297363810254504,0.39387534401070845,0.404738940083747,0.9999999924476074,1,0.4068613421649998,,18514,
44,nfbotv2,nf2018v2,mlp,0.01,selector,21001,0.5276589000950861,0.6605460773763694,,0.6277486476140587,0.4552750082235909,0.39297363810254504,0.39387534401070845,0.404738940083747,0.9999999924476074,0,0.4068613421649998,0.9457048804205043,18514,
44,nfbotv2,nf2018v2,mlp,0.05,rethreshold_2s,105000,0.5276589000950861,0.6605460773763694,0.403627027011974,0.6277486476140587,0.4552750082235909,0.39297363810254504,0.39387534401070845,0.404738940083747,0.9999999924476074,1,0.40412381171133976,,92569,
44,nfbotv2,nf2018v2,mlp,0.05,selector,105000,0.5276589000950861,0.6605460773763694,,0.6277486476140587,0.4552750082235909,0.39297363810254504,0.39387534401070845,0.404738940083747,0.9999999924476074,0,0.40412381171133976,0.967899819673339,92569,
44,nfbotv2,nf2018v2,mlp,0.1,rethreshold_2s,210000,0.5276589000950861,0.6605460773763694,0.4044881443502507,0.6277486476140587,0.4552750082235909,0.39297363810254504,0.39387534401070845,0.404738940083747,0.9999999924476074,1,0.4063482749007177,,185138,
44,nfbotv2,nf2018v2,mlp,0.1,selector,210000,0.5276589000950861,0.6605460773763694,,0.6277486476140587,0.4552750082235909,0.39297363810254504,0.39387534401070845,0.404738940083747,0.9999999924476074,0,0.4063482749007177,0.9700880493516335,185138,
44,nfbotv2,nf2018v2,mlp,0.0001,acq_uncertainty,210,0.4761858619977293,0.8279292486750867,0.05243215239974478,0.6254437658992672,0.0009584737015233493,0.11672033781386713,0.11684340236691355,0.4925275613136164,4.8508031256532145e-06,,,,204,1
44,nfbotv2,nf2018v2,mlp,0.0001,acq_hybrid,210,0.4865062100363788,0.8305199592209405,0.08720136126043723,0.6930019647742361,0.0018375472147548237,0.11664386871969629,0.11623711123465283,0.5514679375869049,3.4144117599123694e-05,,,,200,1
44,nfbotv2,nf2018v2,mlp,0.001,acq_uncertainty,2100,0.5328930825840408,0.841348876393708,0.16429016885149422,0.7615190816049086,0.00873402071210626,0.11372188494667898,0.11273619250897488,0.6773811708976514,3.336523304945154e-05,,,,1957,2
44,nfbotv2,nf2018v2,mlp,0.001,acq_hybrid,2100,0.5757038147013586,0.8537213671017368,0.25202358881691556,0.6972967413083934,0.009204750399836663,0.10710682828285349,0.10383845737882445,0.5327702156813033,0.0006074415708906065,,,,1971,2
44,nfbotv2,nfunswv2,mlp,0,zero_shot_2s,250000,0.28756134564676733,0.5192212718932928,-0.1192546898866992,0.4924325300318511,0.6219848058116212,0.6062326532034169,0.6024825608316874,0.12384735123535286,0.2992346433435402,-1,,,,
44,nfbotv2,nfunswv2,mlp,0.0001,rethreshold_2s,144,0.28756134564676733,0.5192212718932928,0.11938954845734766,0.4924325300318511,0.6219848058116212,0.6062326532034169,0.6024825608316874,0.04770471910578218,3.867926886079377e-08,-1,0.24626908389765728,,134,
44,nfbotv2,nfunswv2,mlp,0.0001,selector,144,0.28756134564676733,0.5192212718932928,,0.4924325300318511,0.6219848058116212,0.6062326532034169,0.6024825608316874,0.04770471910578218,3.867926886079377e-08,0,0.24626908389765728,0.7637840999780483,134,
44,nfbotv2,nfunswv2,mlp,0.001,rethreshold_2s,1392,0.28756134564676733,0.5192212718932928,0.11938954845734766,0.4924325300318511,0.6219848058116212,0.6062326532034169,0.6024825608316874,0.04770471910578218,3.867926886079377e-08,-1,0.14064548891825673,,1338,
44,nfbotv2,nfunswv2,mlp,0.001,selector,1392,0.28756134564676733,0.5192212718932928,,0.4924325300318511,0.6219848058116212,0.6062326532034169,0.6024825608316874,0.04770471910578218,3.867926886079377e-08,0,0.14064548891825673,0.860480423703842,1338,
44,nfbotv2,nfunswv2,mlp,0.01,rethreshold_2s,13907,0.28756134564676733,0.5192212718932928,0.12371967639801587,0.4924325300318511,0.6219848058116212,0.6062326532034169,0.6024825608316874,0.04770471910578218,3.867926886079377e-08,-1,0.12645408623989282,,13382,
44,nfbotv2,nfunswv2,mlp,0.01,selector,13907,0.28756134564676733,0.5192212718932928,,0.4924325300318511,0.6219848058116212,0.6062326532034169,0.6024825608316874,0.04770471910578218,3.867926886079377e-08,0,0.12645408623989282,0.778518493518296,13382,
44,nfbotv2,nfunswv2,mlp,0.05,rethreshold_2s,69537,0.28756134564676733,0.5192212718932928,0.12373438927835875,0.4924325300318511,0.6219848058116212,0.6062326532034169,0.6024825608316874,0.04770471910578218,3.867926886079377e-08,-1,0.12428150081936903,,66908,
44,nfbotv2,nfunswv2,mlp,0.05,selector,69537,0.28756134564676733,0.5192212718932928,,0.4924325300318511,0.6219848058116212,0.6062326532034169,0.6024825608316874,0.04770471910578218,3.867926886079377e-08,0,0.12428150081936903,0.916966336362338,66908,
44,nfbotv2,nfunswv2,mlp,0.1,rethreshold_2s,139072,0.28756134564676733,0.5192212718932928,0.12373438927835875,0.4924325300318511,0.6219848058116212,0.6062326532034169,0.6024825608316874,0.04770471910578218,3.867926886079377e-08,-1,0.12265498815067828,,133817,
44,nfbotv2,nfunswv2,mlp,0.1,selector,139072,0.28756134564676733,0.5192212718932928,,0.4924325300318511,0.6219848058116212,0.6062326532034169,0.6024825608316874,0.04770471910578218,3.867926886079377e-08,0,0.12265498815067828,0.9275476259122403,133817,
44,nfbotv2,nfunswv2,mlp,0.0001,acq_uncertainty,139,0.5511865143912877,0.8961900920070726,0.15641501315658748,0.5514686604234693,0.12021284335020421,0.11961054303271622,0.10918435610216894,0.2219696145043458,0.13335530546292212,,,,131,0
44,nfbotv2,nfunswv2,mlp,0.0001,acq_hybrid,139,0.5831847215797801,0.8877837905241142,0.2792673474861463,0.6149175065063754,0.15081427131291505,0.1377081592110356,0.12029103023133102,0.292621606838084,0.6875859019244687,,,,121,1
44,nfbotv2,nfunswv2,mlp,0.001,acq_uncertainty,1391,0.5344525882412202,0.8512501766480712,0.21006930237112187,0.5621505783031497,0.20867586077883207,0.18637687754376508,0.17394429289614058,0.2224011652122575,0.9999552677966861,,,,1300,1
44,nfbotv2,nfunswv2,mlp,0.001,acq_hybrid,1391,0.8116472671519328,0.9710017877830526,0.6275329296207485,0.7581081224844625,0.020676359630434106,0.027172349513272034,0.020109050300618225,0.6387178010228228,0.18203280861445897,,,,1223,1
44,nfbotv2,nftonv2,mlp,0,zero_shot_2s,250000,0.46540945568620234,0.5224979528501187,-0.02106878952059283,0.4809232440022382,0.5274260063501333,0.43765230771272795,0.41955034541906366,0.1512452997174782,9.59721373053346e-24,1,,,,
44,nfbotv2,nftonv2,mlp,0.0001,rethreshold_2s,213,0.46540945568620234,0.5224979528501187,0.11956560787268097,0.4809232440022382,0.5274260063501333,0.43765230771272795,0.41955034541906366,0.1512452997174782,9.59721373053346e-24,1,0.15915695532247667,,58,
44,nfbotv2,nftonv2,mlp,0.0001,selector,213,0.46540945568620234,0.5224979528501187,,0.4809232440022382,0.5274260063501333,0.43765230771272795,0.41955034541906366,0.1512452997174782,9.59721373053346e-24,0,0.15915695532247667,0.6180305846624332,58,
44,nfbotv2,nftonv2,mlp,0.001,rethreshold_2s,2100,0.46540945568620234,0.5224979528501187,0.13658123369161088,0.4809232440022382,0.5274260063501333,0.43765230771272795,0.41955034541906366,0.1512452997174782,9.59721373053346e-24,-1,0.15418175809555715,,575,
44,nfbotv2,nftonv2,mlp,0.001,selector,2100,0.46540945568620234,0.5224979528501187,,0.4809232440022382,0.5274260063501333,0.43765230771272795,0.41955034541906366,0.1512452997174782,9.59721373053346e-24,0,0.15418175809555715,0.888344897613453,575,
44,nfbotv2,nftonv2,mlp,0.01,rethreshold_2s,21000,0.46540945568620234,0.5224979528501187,0.1482390596001687,0.4809232440022382,0.5274260063501333,0.43765230771272795,0.41955034541906366,0.1512452997174782,9.59721373053346e-24,-1,0.15273079668676615,,5754,
44,nfbotv2,nftonv2,mlp,0.01,selector,21000,0.46540945568620234,0.5224979528501187,,0.4809232440022382,0.5274260063501333,0.43765230771272795,0.41955034541906366,0.1512452997174782,9.59721373053346e-24,0,0.15273079668676615,0.9088316902182877,5754,
44,nfbotv2,nftonv2,mlp,0.05,rethreshold_2s,105000,0.46540945568620234,0.5224979528501187,0.14820583192929843,0.4809232440022382,0.5274260063501333,0.43765230771272795,0.41955034541906366,0.1512452997174782,9.59721373053346e-24,-1,0.1501299595146141,,28771,
44,nfbotv2,nftonv2,mlp,0.05,selector,105000,0.46540945568620234,0.5224979528501187,,0.4809232440022382,0.5274260063501333,0.43765230771272795,0.41955034541906366,0.1512452997174782,9.59721373053346e-24,0,0.1501299595146141,0.9425604789293964,28771,
44,nfbotv2,nftonv2,mlp,0.1,rethreshold_2s,210000,0.46540945568620234,0.5224979528501187,0.14821629539466405,0.4809232440022382,0.5274260063501333,0.43765230771272795,0.41955034541906366,0.1512452997174782,9.59721373053346e-24,-1,0.14861049621904945,,57542,
44,nfbotv2,nftonv2,mlp,0.1,selector,210000,0.46540945568620234,0.5224979528501187,,0.4809232440022382,0.5274260063501333,0.43765230771272795,0.41955034541906366,0.1512452997174782,9.59721373053346e-24,0,0.14861049621904945,0.952562234945094,57542,
44,nfbotv2,nftonv2,mlp,0.0001,acq_uncertainty,210,0.4608875735201324,0.5939326156918155,-0.06720534759177249,0.5496315601412842,0.8620488303346593,0.31727200424075197,0.29296334490861364,0.24532885503457388,0.9769022209528787,,,,71,1
44,nfbotv2,nftonv2,mlp,0.0001,acq_hybrid,210,0.43155599282278717,0.5142909972267082,-0.12086123162508552,0.5097499264703698,0.6925659647458122,0.4407288772043266,0.4241667665412992,0.25001541137070105,0.8620072010744276,,,,85,1
44,nfbotv2,nftonv2,mlp,0.001,acq_uncertainty,2100,0.5194394032531706,0.5413791336108624,0.1871682126924152,0.5383357901079169,0.22752819240173716,0.4624357578898593,0.45630123923418975,0.23505506593358946,0.9964159681156729,,,,701,2
44,nfbotv2,nftonv2,mlp,0.001,acq_hybrid,2100,0.6389502719196201,0.6795087894578241,0.3390335057397551,0.60551313588482,0.24690704718805884,0.3098237371293863,0.30089795742961734,0.35966910100355814,0.006508856367488259,,,,603,2
