seed,source,target,model,budget,strategy,n_train,held_family,mcc,macro_f1,fp_rate,auprc_macro,tpr_at_fpr01_oracle,tpr_at_fpr001_oracle,tpr_at_fpr01_buffer,fpr_at_fpr01_buffer,tpr_at_fpr001_buffer,fpr_at_fpr001_buffer,tpr_heldout_family,fit_s,apply_s
42,nf2018v2,nfunswv2,rf,0.0001,calibrate_cost,144,,0.0,0.49037055157195203,0.0,0.5342698227202077,0.0,0.0,0.0,0.004442897080678854,0.0,0.0,,0.011,0.004
42,nf2018v2,nfunswv2,rf,0.0001,rethreshold_cost,144,,0.1532694460072396,0.47763476597335564,0.30832666465740327,0.5342698227202077,0.0,0.0,0.0,0.004442897080678854,0.0,0.0,,0.0007,0.0002
42,nf2018v2,nfunswv2,rf,0.001,calibrate_cost,1392,,0.0,0.49037055157195203,0.0,0.5342698227202077,0.0,0.0,0.0,0.004442897080678854,0.0,0.0,,0.0037,0.004
42,nf2018v2,nfunswv2,rf,0.001,rethreshold_cost,1392,,0.21053485161457283,0.587295126148683,0.08524126749877885,0.5342698227202077,0.0,0.0,0.0,0.004442897080678854,0.0,0.0,,0.0007,0.0002
42,nf2018v2,nfunswv2,rf,0.001,finetune_x1,251391,,0.11720380531977403,0.5052265056055725,2.5981854272975754e-05,0.7518928199086368,0.2914792273088119,0.16141836464673193,0.2838052394813443,0.008761081260847424,0.17015083355385022,0.0011899689257022896,,0.9,
42,nf2018v2,nfunswv2,rf,0.001,finetune_x3,251391,,0.6998612090339265,0.8352292152558611,0.0013666455347585247,0.959517884293045,0.9859751256946282,0.36001587721619477,0.818205874569992,0.003263320896685755,0.818205874569992,0.003263320896685755,,1.3,
42,nf2018v2,nfunswv2,rf,0.001,finetune_x10,251391,,0.8815183429432936,0.9405612001142731,0.005778364390309807,0.9608501128217745,0.9984122783805239,0.4444297433183382,0.8572373643821116,0.0049469450535745835,0.8572373643821116,0.0049469450535745835,,3.1,
42,nf2018v2,nfunswv2,rf,0.01,calibrate_cost,13907,,0.0,0.49037055157195203,0.0,0.5342698227202077,0.0,0.0,0.0,0.004442897080678854,0.0,0.0,,0.0761,0.0071
42,nf2018v2,nfunswv2,rf,0.01,rethreshold_cost,13907,,0.21301849557248545,0.58493825310672,0.09310857297263592,0.5342698227202077,0.0,0.0,0.0,0.004442897080678854,0.0,0.0,,0.0031,0.0003
42,nf2018v2,nfunswv2,rf,0.01,finetune_x1,263906,,0.13007068921478337,0.5084563057073607,2.5981854272975754e-05,0.7820546576930578,0.37536385287112994,0.18946811325747553,0.3983858163535327,0.011847725548476944,0.20706536120666844,0.0015069475478325938,,0.9,
42,nf2018v2,nfunswv2,rf,0.01,finetune_x3,263906,,0.8169550141090389,0.902701524119431,0.0009197576412633417,0.9756278887340767,0.9822704419158508,0.7294257740142895,0.9155861338978566,0.0023851342222591743,0.9155861338978566,0.0023851342222591743,,1.3,
42,nf2018v2,nfunswv2,rf,0.01,finetune_x10,263906,,0.9339591223740745,0.9669569706859276,0.002894378566009499,0.9832302282562491,0.9986768986504366,0.7150039693040486,0.919687748081503,0.0023955269639683646,0.919687748081503,0.0023955269639683646,,3.4,
42,nf2018v2,nftonv2,rf,0.0001,calibrate_cost,213,,0.0,0.42062190755396933,1.0,0.5002462167402513,0.0,0.0,0.0,0.0,0.0,0.0,,0.0024,0.004
42,nf2018v2,nftonv2,rf,0.0001,rethreshold_cost,213,,0.29654375539640165,0.5602595871593694,0.8443304988869019,0.5002462167402513,0.0,0.0,0.0,0.0,0.0,0.0,,0.0006,0.0002
42,nf2018v2,nftonv2,rf,0.001,calibrate_cost,2100,,0.0,0.42062190755396933,1.0,0.5002462167402513,0.0,0.0,0.0,0.0,0.0,0.0,,0.0032,0.004
42,nf2018v2,nftonv2,rf,0.001,rethreshold_cost,2100,,0.3221783690932353,0.5538983801126837,0.8583080909455859,0.5002462167402513,0.0,0.0,0.0,0.0,0.0,0.0,,0.0008,0.0002
42,nf2018v2,nftonv2,rf,0.001,finetune_x1,252099,,0.05867688981346845,0.38563233656306267,0.1676763621765629,0.8403810245828978,0.014972761145202724,0.0006818322692617616,0.021915053341322478,0.02193350607642057,0.021915053341322478,0.02193350607642057,,1.0,
42,nf2018v2,nftonv2,rf,0.001,finetune_x3,252099,,0.7444881030711697,0.8721745883134985,0.17386226780044525,0.9291558960829582,0.05967065435236265,0.0031267863661094924,0.6164383561643836,0.046713623590379914,0.37333415979669,0.019944527571986424,,1.5,
42,nf2018v2,nftonv2,rf,0.001,finetune_x10,252099,,0.9341265661195921,0.9670336256933427,0.055654903105726065,0.9871560390745351,0.562236134355393,0.07373430580521637,0.9830024036309291,0.050709828108463195,0.9830024036309291,0.050709828108463195,,3.8,
42,nf2018v2,nftonv2,rf,0.01,calibrate_cost,21000,,0.0,0.42062190755396933,1.0,0.5002462167402513,0.0,0.0,0.0,0.0,0.0,0.0,,0.0335,0.007
42,nf2018v2,nftonv2,rf,0.01,rethreshold_cost,21000,,0.3230967368119067,0.5574801804810026,0.8533447684391081,0.5002462167402513,0.0,0.0,0.0,0.0,0.0,0.0,,0.0032,0.0001
42,nf2018v2,nftonv2,rf,0.01,finetune_x1,270999,,0.06503212969276635,0.38925427658670836,0.1655961461260538,0.8515427481696918,0.022348946603579965,0.008664090855871678,0.023788370283132573,0.024104959673004633,0.021054154011446516,0.008266121674391445,,1.4,
42,nf2018v2,nftonv2,rf,0.01,finetune_x3,270999,,0.7866270023507651,0.893313099329582,0.155797233677603,0.9485050597461564,0.20319979062928298,0.01122612726158254,0.6344277085614717,0.022042991131710522,0.4264757536312734,0.014926462537863582,,2.3,
42,nf2018v2,nftonv2,rf,0.01,finetune_x10,270999,,0.9646885142339959,0.9823332119646975,0.030436845370606914,0.9947543533622468,0.9558324207800437,0.10177896237525569,0.9931128053609923,0.032772526550125906,0.9931128053609923,0.032772526550125906,,5.7,
42,nf2018v2,nfbotv2,rf,0.0001,calibrate_cost,211,,0.0,0.49894904562319464,1.0,0.5141361806847943,0.04719799559150637,0.0471025953876512,0.500961533633593,0.7794994040524433,0.500961533633593,0.7794994040524433,,0.0025,0.0055
42,nf2018v2,nfbotv2,rf,0.0001,rethreshold_cost,211,,-0.03600570518080927,0.33487419804661456,0.7794994040524433,0.5141361806847943,0.04719799559150637,0.0471025953876512,0.500961533633593,0.7794994040524433,0.500961533633593,0.7794994040524433,,0.0005,0.0003
42,nf2018v2,nfbotv2,rf,0.001,calibrate_cost,2101,,0.0,0.49894904562319464,1.0,0.5034378693890359,0.0,0.0,0.0,0.0,0.0,0.0,,0.0037,0.0039
42,nf2018v2,nfbotv2,rf,0.001,rethreshold_cost,2101,,0.13453131514057917,0.5564274622858929,0.9249106078665077,0.5141361806847943,0.04719799559150637,0.0471025953876512,0.04735364855569112,0.017878426698450536,0.04735364855569112,0.017878426698450536,,0.0009,0.0003
42,nf2018v2,nfbotv2,rf,0.001,finetune_x1,252100,,0.024023690807510167,0.1453523976920748,0.026221692491060787,0.5964349637191337,0.047323522175526336,0.04722310090831036,0.5004694694242346,0.3063170441001192,0.5004694694242346,0.3063170441001192,,0.8,
42,nf2018v2,nfbotv2,rf,0.001,finetune_x3,252100,,0.6752408775847912,0.8287162113508402,0.14779499404052443,0.875488491477318,0.04738377493585592,0.047243185161753555,0.998327985900854,0.3289630512514899,0.998327985900854,0.3289630512514899,,1.2,
42,nf2018v2,nfbotv2,rf,0.001,finetune_x10,252100,,0.7636177301666278,0.8762968527766772,0.35518474374255066,0.919669645999482,0.04775031256119421,0.04690175285321926,0.9996535466281049,0.18951132300357568,0.9996535466281049,0.18951132300357568,,2.9,
42,nf2018v2,nfbotv2,rf,0.01,calibrate_cost,21000,,0.0,0.49894904562319464,1.0,0.5034378693890359,0.0,0.0,0.0,0.0,0.0,0.0,,0.1111,0.0071
42,nf2018v2,nfbotv2,rf,0.01,rethreshold_cost,21000,,0.1770706314836578,0.56199583263255,0.9261025029797377,0.5141361806847943,0.04719799559150637,0.0471025953876512,0.04719297452814557,0.0011918951132300357,0.04719297452814557,0.0011918951132300357,,0.0037,0.0005
42,nf2018v2,nfbotv2,rf,0.01,finetune_x1,270999,,0.02779557259882163,0.14554452485916175,0.004767580452920143,0.8157486063592818,0.17952812046535216,0.04725824835183595,0.6293049341989646,0.08104886769964244,0.6293049341989646,0.08104886769964244,,0.8,
42,nf2018v2,nfbotv2,rf,0.01,finetune_x3,270999,,0.8731086985265119,0.9352788532182806,0.057210965435041714,0.9699736369216854,0.9134067412796683,0.06626799423581926,0.999698736198352,0.10846245530393325,0.999698736198352,0.10846245530393325,,1.2,
42,nf2018v2,nfbotv2,rf,0.01,finetune_x10,270999,,0.9037451368136618,0.9515368822717044,0.1299165673420739,0.9814265649182867,0.9963998975703074,0.9375580560451092,0.9997137993884345,0.09654350417163289,0.9997137993884345,0.09654350417163289,,3.6,
42,nf2018v2,nfunswv2,lgbm,0.0001,calibrate_cost,144,,0.0,0.49037055157195203,0.0,0.5594734817208111,0.12278380523948135,0.0804445620534533,0.05755490870600688,0.0005975826482784424,0.05755490870600688,0.0005975826482784424,,0.011,0.0043
42,nf2018v2,nfunswv2,lgbm,0.0001,rethreshold_cost,144,,0.2073980181934562,0.5444160282351987,0.0005975826482784424,0.5594734817208111,0.12278380523948135,0.0804445620534533,0.05755490870600688,0.0005975826482784424,0.05755490870600688,0.0005975826482784424,,0.0008,0.0002
42,nf2018v2,nfunswv2,lgbm,0.001,calibrate_cost,1392,,0.0,0.49037055157195203,0.0,0.5594734817208111,0.12278380523948135,0.0804445620534533,0.10756813971950252,0.003102233400193305,0.08388462556231807,0.0013302709387763587,,0.0114,0.0039
42,nf2018v2,nfunswv2,lgbm,0.001,rethreshold_cost,1392,,0.23808920610156406,0.581267686107727,0.003102233400193305,0.5594734817208111,0.12278380523948135,0.0804445620534533,0.10756813971950252,0.003102233400193305,0.08388462556231807,0.0013302709387763587,,0.0008,0.0002
42,nf2018v2,nfunswv2,lgbm,0.001,finetune_x1,251391,,0.289419452365592,0.6444517253558981,0.030481911433055155,0.5677160113818234,0.0,0.0,0.3238952103731146,0.018140530653391673,0.0,0.0,,0.8,
42,nf2018v2,nfunswv2,lgbm,0.001,finetune_x3,251391,,0.46280671111942295,0.7313659601036683,0.021294727762130927,0.6572813554155515,0.0,0.0,0.4846520243450648,0.016560833913594745,0.0,0.0,,1.0,
42,nf2018v2,nfunswv2,lgbm,0.001,finetune_x10,251391,,0.46280671111942295,0.7313659601036683,0.021294727762130927,0.6572813554155515,0.0,0.0,0.4846520243450648,0.016560833913594745,0.0,0.0,,1.0,
42,nf2018v2,nfunswv2,lgbm,0.01,calibrate_cost,13907,,0.0,0.49037055157195203,0.0,0.4971670698700526,0.05080709182323366,0.03440063508864779,0.051071712093146336,0.010262832437825423,0.03334215400899709,0.0007430810322071066,,0.1144,0.0071
42,nf2018v2,nfunswv2,lgbm,0.01,rethreshold_cost,13907,,0.24038483210912936,0.575632769855148,0.0021824757589299633,0.5594734817208111,0.12278380523948135,0.0804445620534533,0.11802064038105319,0.008516851830681451,0.07316750463085472,0.0008729903035719853,,0.0036,0.0002
42,nf2018v2,nfunswv2,lgbm,0.01,finetune_x1,263906,,0.8163410471994833,0.9080112581195668,0.005757578906891427,0.8687031362748232,0.8199259063244244,0.0,0.8029902090500133,0.005965433741075233,0.0,0.0,,0.9,
42,nf2018v2,nfunswv2,lgbm,0.01,finetune_x3,263906,,0.3244194110144238,0.6617062961621183,0.030372787645108656,0.565842475251991,0.0,0.0,0.0,0.0,0.0,0.0,,1.1,
42,nf2018v2,nfunswv2,lgbm,0.01,finetune_x10,263906,,0.3244194110144238,0.6617062961621183,0.030372787645108656,0.565842475251991,0.0,0.0,0.0,0.0,0.0,0.0,,1.9,
42,nf2018v2,nftonv2,lgbm,0.0001,calibrate_cost,213,,0.0,0.42062190755396933,1.0,0.6894333094193617,0.04336866464183144,0.01057184377087681,0.040558689229116304,0.007299003685996862,0.040558689229116304,0.007299003685996862,,0.0061,0.0035
42,nf2018v2,nftonv2,lgbm,0.0001,rethreshold_cost,213,,0.4761583795939519,0.7133265509979083,0.5816028612094449,0.6894333094193617,0.04336866464183144,0.01057184377087681,0.040558689229116304,0.007299003685996862,0.040558689229116304,0.007299003685996862,,0.0008,0.0003
42,nf2018v2,nftonv2,lgbm,0.001,calibrate_cost,2100,,0.0,0.42062190755396933,1.0,0.6894333094193617,0.04336866464183144,0.01057184377087681,0.04266617078865266,0.007809933944016642,0.0030923503929144542,0.00021897011057990585,,0.0071,0.004
42,nf2018v2,nftonv2,lgbm,0.001,rethreshold_cost,2100,,0.4771420726765807,0.7135733713053023,0.5818765738476698,0.6894333094193617,0.04336866464183144,0.01057184377087681,0.04266617078865266,0.007809933944016642,0.0030923503929144542,0.00021897011057990585,,0.0011,0.0003
42,nf2018v2,nftonv2,lgbm,0.001,finetune_x1,252099,,0.8855330742017303,0.9426846611860205,0.09601839348928871,0.9505654447656076,0.0,0.0,0.9729539866526168,0.09428488011386446,0.0,0.0,,0.8,
42,nf2018v2,nftonv2,lgbm,0.001,finetune_x3,252099,,0.6464007730996778,0.822487250343624,0.21995547607751542,0.7618790708408033,0.0,0.0,0.0,0.0,0.0,0.0,,1.5,
42,nf2018v2,nftonv2,lgbm,0.001,finetune_x10,252099,,0.6464007730996778,0.822487250343624,0.21995547607751542,0.7618790708408033,0.0,0.0,0.0,0.0,0.0,0.0,,1.2,
42,nf2018v2,nftonv2,lgbm,0.01,calibrate_cost,21000,,0.0,0.42062190755396933,1.0,0.6894333094193617,0.04336866464183144,0.01057184377087681,0.04327224391688533,0.007846428962446627,0.01322341370689477,0.0013685631911244116,,0.0326,0.007
42,nf2018v2,nftonv2,lgbm,0.01,rethreshold_cost,21000,,0.4771420726765807,0.7135733713053023,0.5818765738476698,0.6894333094193617,0.04336866464183144,0.01057184377087681,0.04327224391688533,0.007846428962446627,0.01322341370689477,0.0013685631911244116,,0.0056,0.0003
42,nf2018v2,nftonv2,lgbm,0.01,finetune_x1,270999,,0.9164093293216536,0.9581903955677753,0.055271705412211235,0.9599865996933103,0.0,0.0,0.0,0.0,0.0,0.0,,0.9,
42,nf2018v2,nftonv2,lgbm,0.01,finetune_x3,270999,,0.8981883942462299,0.9490842329637521,0.07842779460603627,0.9314141869683259,0.0,0.0,0.0,0.0,0.0,0.0,,1.8,
42,nf2018v2,nftonv2,lgbm,0.01,finetune_x10,270999,,0.11982289175413106,0.46774906101354674,0.9498740921864166,0.5129739437398543,0.0,0.0,0.0,0.0,0.0,0.0,,4.0,
42,nf2018v2,nfbotv2,lgbm,0.0001,calibrate_cost,211,,0.0,0.49894904562319464,1.0,0.5376571789251455,0.0011196971294580766,0.00017573721762794925,0.9887628601985329,0.5554231227651967,0.9887628601985329,0.5554231227651967,,0.0096,0.004
42,nf2018v2,nfbotv2,lgbm,0.0001,rethreshold_cost,211,,0.24674407679919763,0.6047065359011328,0.5554231227651967,0.5376571789251455,0.0011196971294580766,0.00017573721762794925,0.9887628601985329,0.5554231227651967,0.9887628601985329,0.5554231227651967,,0.0007,0.0004
42,nf2018v2,nfbotv2,lgbm,0.001,calibrate_cost,2101,,0.0,0.49894904562319464,1.0,0.5376571789251455,0.0011196971294580766,0.00017573721762794925,0.08962095992689331,0.11084624553039332,0.08962095992689331,0.11084624553039332,,0.0098,0.0039
42,nf2018v2,nfbotv2,lgbm,0.001,rethreshold_cost,2101,,0.24674407679919763,0.6047065359011328,0.5554231227651967,0.5376571789251455,0.0011196971294580766,0.00017573721762794925,0.08962095992689331,0.11084624553039332,0.08962095992689331,0.11084624553039332,,0.001,0.0003
42,nf2018v2,nfbotv2,lgbm,0.001,finetune_x1,252100,,0.632960569902065,0.7989689824901289,0.5482717520858165,0.9013436429850905,0.0030779118401695112,0.000602527603295826,0.9993472617630962,0.25387365911799764,0.9993472617630962,0.25387365911799764,,0.7,
42,nf2018v2,nfbotv2,lgbm,0.001,finetune_x3,252100,,0.7048367793201874,0.8419213153476501,0.44815256257449343,0.8998658163309505,0.002264499575720146,0.00040670613222468254,0.9988150290468515,0.17044100119189512,0.9988150290468515,0.17044100119189512,,1.0,
42,nf2018v2,nfbotv2,lgbm,0.001,finetune_x10,252100,,0.6855615648126895,0.829997901005334,0.4791418355184744,0.8890807482128131,0.002691289961388023,4.01685068863884e-05,0.9988652396804595,0.1764004767580453,0.9988652396804595,0.1764004767580453,,1.5,
42,nf2018v2,nfbotv2,lgbm,0.01,calibrate_cost,21000,,0.0,0.49894904562319464,1.0,0.5376571789251455,0.0011196971294580766,0.00017573721762794925,0.001104633939375681,0.0059594755661501785,0.001104633939375681,0.0059594755661501785,,0.068,0.007
42,nf2018v2,nfbotv2,lgbm,0.01,rethreshold_cost,21000,,0.24674407679919763,0.6047065359011328,0.5554231227651967,0.5376571789251455,0.0011196971294580766,0.00017573721762794925,0.001104633939375681,0.0059594755661501785,0.001104633939375681,0.0059594755661501785,,0.004,0.0002
42,nf2018v2,nfbotv2,lgbm,0.01,finetune_x1,270999,,0.8423704864442348,0.9200330184630223,0.2169249106078665,0.9336095278582731,0.00228458382916334,0.0010795286225716882,0.9994024934600649,0.1299165673420739,0.9994024934600649,0.1299165673420739,,0.8,
42,nf2018v2,nfbotv2,lgbm,0.01,finetune_x3,270999,,0.8665978858244859,0.9319767093862442,0.19785458879618595,0.9488040339069361,0.002309689145967333,0.000647717173543013,0.9992317773057978,0.08939213349225268,0.9992317773057978,0.08939213349225268,,1.4,
42,nf2018v2,nfbotv2,lgbm,0.01,finetune_x10,270999,,0.8665978858244859,0.9319767093862442,0.19785458879618595,0.9500579278215713,0.0023448365894929227,0.0005422748429662434,0.9992167141157154,0.08939213349225268,0.9992167141157154,0.08939213349225268,,2.5,
42,nf2018v2,nfunswv2,mlp,0.0001,calibrate_cost,144,,0.0,0.49037055157195203,0.0,0.48034204857187446,0.017332627679280233,0.012304842550939402,0.012701772955808415,0.001418609243304476,0.012701772955808415,0.001418609243304476,,0.0435,0.0069
42,nf2018v2,nfunswv2,mlp,0.0001,rethreshold_cost,144,,0.20367137831072343,0.5808097153928354,0.09372174473347814,0.5375982686881147,0.0,0.0,0.0,0.0,0.0,0.0,,0.0009,0.0004
42,nf2018v2,nfunswv2,mlp,0.001,calibrate_cost,1392,,0.0,0.49037055157195203,0.0,0.537635815069766,0.0,0.0,0.0,0.0,0.0,0.0,,0.0259,0.0038
42,nf2018v2,nfunswv2,mlp,0.001,rethreshold_cost,1392,,0.20367137831072343,0.5808097153928354,0.09372174473347814,0.5375982686881147,0.0,0.0,0.0,0.0,0.0,0.0,,0.001,0.0002
42,nf2018v2,nfunswv2,mlp,0.001,finetune_x1,251391,,0.010415211553629363,0.5026776100377273,0.06772949771879319,0.477180177328517,0.01468642498015348,0.012304842550939402,0.014421804710240805,0.007841323619584083,0.008203228367292934,0.0005456189397324908,,0.3,
42,nf2018v2,nfunswv2,mlp,0.001,finetune_x3,251391,,0.3696578489454433,0.63615313834702,0.001548518514669355,0.6136534372276788,0.2308811854988092,0.15414130722413336,0.22254564699655993,0.004235042246495048,0.12265149510452501,0.0007534737739162969,,0.3,
42,nf2018v2,nfunswv2,mlp,0.001,finetune_x10,251391,,0.4697263890433382,0.7064044961012919,0.0031645898504484467,0.7710705960119412,0.5428684837258534,0.14064567345858692,0.5439269648055041,0.010782469523284937,0.1432918761577137,0.0010756487669011962,,0.3,
42,nf2018v2,nfunswv2,mlp,0.01,calibrate_cost,13907,,0.0,0.49037055157195203,0.0,0.5376064381959855,0.0,0.0,0.0,0.0,0.0,0.0,,0.0619,0.004
42,nf2018v2,nfunswv2,mlp,0.01,rethreshold_cost,13907,,0.20580282266454097,0.542109539864392,0.1870797435071346,0.5375982686881147,0.0,0.0,0.0,0.0,0.0,0.0,,0.0041,0.0002
42,nf2018v2,nfunswv2,mlp,0.01,finetune_x1,263906,,0.7561828534699201,0.8770395047479146,0.006090146641585517,0.8921629388046796,0.7548293199259063,0.22849960306959513,0.7679280232865837,0.010829236860976294,0.2466260915586134,0.0011328088463017428,,0.6,
42,nf2018v2,nfunswv2,mlp,0.01,finetune_x3,263906,,0.8276416144369823,0.9137418819062295,0.005684829714927095,0.9209204255902733,0.9240539825350622,0.24622916115374438,0.9251124636147129,0.010086155828769188,0.27718973273352737,0.0011795761839930993,,0.6,
42,nf2018v2,nfunswv2,mlp,0.01,finetune_x10,263906,,0.8980188079069727,0.9489981263565551,0.0035647104062522736,0.9605551773856524,0.9797565493516803,0.4566022757343213,0.9621593014024874,0.005762775277746022,0.7204286848372585,0.0020369773750012993,,4.2,
42,nf2018v2,nftonv2,mlp,0.0001,calibrate_cost,213,,0.0,0.42062190755396933,1.0,0.5584230126927503,0.015406654407460208,0.000585411544315654,0.03618532063334642,0.02939673734535236,0.03618532063334642,0.02939673734535236,,0.0046,0.0039
42,nf2018v2,nftonv2,mlp,0.0001,rethreshold_cost,213,,0.2074377733811745,0.6034752338535363,0.5551439728477063,0.5592644535724319,0.015406654407460208,0.000585411544315654,0.03618532063334642,0.02939673734535236,0.03618532063334642,0.02939673734535236,,0.0008,0.0002
42,nf2018v2,nftonv2,mlp,0.001,calibrate_cost,2100,,0.0,0.42062190755396933,1.0,0.5584314144776066,0.015406654407460208,0.000585411544315654,0.008202648815058163,0.0045253822853180544,0.0001997286445312231,0.0006021678040947411,,0.0299,0.0069
42,nf2018v2,nftonv2,mlp,0.001,rethreshold_cost,2100,,0.203966766535336,0.6019753125398282,0.5815663661910149,0.5592644535724319,0.015406654407460208,0.000585411544315654,0.008202648815058163,0.0045253822853180544,0.0001997286445312231,0.0006021678040947411,,0.0012,0.0004
42,nf2018v2,nftonv2,mlp,0.001,finetune_x1,252099,,0.1939788660299238,0.5889973405816803,0.46649757308127443,0.6593449727132059,0.10399663904901617,0.017961803618532064,0.08975392053554826,0.00711652859384694,0.006102054450160816,0.00045618773037480386,,0.3,
42,nf2018v2,nftonv2,mlp,0.001,finetune_x3,252099,,0.48578742777551637,0.7428009716471335,0.38620853253530896,0.7774454401034456,0.1882683526519143,0.02898820223558338,0.16531333292010167,0.008065399073026532,0.08554584461111456,0.002591146308528886,,0.3,
42,nf2018v2,nftonv2,mlp,0.001,finetune_x10,252099,,0.6047655415760337,0.8021400751499592,0.26562899164264075,0.8441627600193147,0.3350757935770023,0.033423555583104336,0.32216230362886283,0.00914200211671107,0.05553145037431903,0.0014415532279843802,,0.3,
42,nf2018v2,nftonv2,mlp,0.01,calibrate_cost,21000,,0.0,0.42062190755396933,1.0,0.558736917514651,0.015406654407460208,0.000585411544315654,0.01734195610102137,0.011933871026604868,6.887194639007693e-05,0.00041969271194481955,,0.0283,0.0069
42,nf2018v2,nftonv2,mlp,0.01,rethreshold_cost,21000,,0.20767062257837363,0.6023688152333945,0.5251268201890442,0.5592644535724319,0.015406654407460208,0.000585411544315654,0.01734195610102137,0.011933871026604868,6.887194639007693e-05,0.00041969271194481955,,0.0053,0.0003
42,nf2018v2,nftonv2,mlp,0.01,finetune_x1,270999,,0.712211627096753,0.8549166529038936,0.2567424546549396,0.9076310357357061,0.4151600928393837,0.032411137971170206,0.4392239509080766,0.011568920842305026,0.03761785711826002,0.0011678405897594978,,0.9,
42,nf2018v2,nftonv2,mlp,0.01,finetune_x3,270999,,0.7486412785690932,0.8736591852392372,0.2183861902850261,0.9417443953548762,0.5578489913703452,0.2061819459079733,0.586355089981198,0.012317068720119704,0.2901437357521161,0.002043721032079121,,0.9,
42,nf2018v2,nftonv2,mlp,0.01,finetune_x10,270999,,0.7673931246142949,0.8836464428121698,0.17878909528849313,0.9251352159945218,0.5828770566884991,0.2378561540527697,0.6585328897979986,0.012736761432064524,0.33236912608387226,0.0022444436334440347,,0.9,
42,nf2018v2,nfbotv2,mlp,0.0001,calibrate_cost,211,,0.0,0.49894904562319464,1.0,0.6447285525020594,0.0,0.0,0.9966760560551513,0.5578069129916567,0.9966760560551513,0.5578069129916567,,0.026,0.004
42,nf2018v2,nfbotv2,mlp,0.0001,rethreshold_cost,211,,0.3957104228167786,0.6967646191011541,0.5578069129916567,0.6447278161874452,0.0,0.0,0.9966760560551513,0.5578069129916567,0.9966760560551513,0.5578069129916567,,0.0003,0.0005
42,nf2018v2,nfbotv2,mlp,0.001,calibrate_cost,2101,,0.0,0.49894904562319464,1.0,0.6447285525019355,0.0,0.0,0.5324184955889958,0.22884386174016685,0.5324184955889958,0.22884386174016685,,0.0265,0.0039
42,nf2018v2,nfbotv2,mlp,0.001,rethreshold_cost,2101,,0.39627237766699136,0.6951376430414179,0.66507747318236,0.6447278161874452,0.0,0.0,0.5324184955889958,0.22884386174016685,0.5324184955889958,0.22884386174016685,,0.0012,0.0002
42,nf2018v2,nfbotv2,mlp,0.001,finetune_x1,252100,,0.27893934972771917,0.588591900564384,0.8986889153754469,0.5628844934169025,0.0,0.0,7.02948870511797e-05,0.010727056019070322,7.02948870511797e-05,0.010727056019070322,,0.6,
42,nf2018v2,nfbotv2,mlp,0.001,finetune_x3,252100,,0.47408572472544164,0.7066194754313547,0.7210965435041716,0.7511184376142858,0.0,0.0,0.9951848002369942,0.4028605482717521,0.9951848002369942,0.4028605482717521,,1.8,
42,nf2018v2,nfbotv2,mlp,0.001,finetune_x10,252100,,0.4993789820705156,0.7496767182203021,0.4934445768772348,0.7317272720982744,0.0,0.0,0.9971179096309016,0.35876042908224076,0.9971179096309016,0.35876042908224076,,0.5,
42,nf2018v2,nfbotv2,mlp,0.01,calibrate_cost,21000,,0.0,0.49894904562319464,1.0,0.6447285525019355,0.0,0.0,0.0,0.0,0.0,0.0,,0.0671,0.01
42,nf2018v2,nfbotv2,mlp,0.01,rethreshold_cost,21000,,0.40425465121965487,0.7014236618509628,0.6257449344457687,0.6447278161874452,0.0,0.0,0.0,0.0,0.0,0.0,,0.0056,0.0002
42,nf2018v2,nfbotv2,mlp,0.01,finetune_x1,270999,,0.713533508085066,0.8486820324487843,0.4231227651966627,0.8972542801722,0.0,0.0,0.5243546678315534,0.01907032181168057,0.5243546678315534,0.01907032181168057,,3.3,
42,nf2018v2,nfbotv2,mlp,0.01,finetune_x3,270999,,0.8437446393411058,0.9216713744843232,0.18116805721096543,0.9371081742162528,0.0,0.0,0.9987949447934084,0.10846245530393325,0.9987949447934084,0.10846245530393325,,3.5,
42,nf2018v2,nfbotv2,mlp,0.01,finetune_x10,270999,,0.8543855527366135,0.9271473637809149,0.1573301549463647,0.9425351316421569,0.0,0.0,0.9991263349752211,0.10846245530393325,0.9991263349752211,0.10846245530393325,,1.1,
42,nfunswv2,nf2018v2,rf,0.0001,calibrate_cost,217,,0.0,0.46853899442765923,0.0,0.5095274836806666,0.0005490096710165125,4.223151315511635e-05,4.223151315511635e-05,0.0003743151733759826,0.0,0.00028924354306325925,,0.0026,0.0039
42,nfunswv2,nf2018v2,rf,0.0001,rethreshold_cost,217,,0.2694436714577415,0.48371710030506676,0.518761130204966,0.5227066836578621,0.0002956205920858144,0.0,0.0,0.0005955014121890632,0.0,0.0005331155499597327,,0.0006,0.0002
42,nfunswv2,nf2018v2,rf,0.001,calibrate_cost,2102,,0.0,0.46853899442765923,0.0,0.5095274836806666,0.0005490096710165125,4.223151315511635e-05,4.223151315511635e-05,0.0003743151733759826,4.223151315511635e-05,0.0003743151733759826,,0.0037,0.0039
42,nfunswv2,nf2018v2,rf,0.001,rethreshold_cost,2102,,0.27970407007389264,0.48349630597481547,0.524438243667835,0.5227066836578621,0.0002956205920858144,0.0,0.0,0.00021551479679223238,0.0,0.00021551479679223238,,0.0013,0.0002
42,nfunswv2,nf2018v2,rf,0.001,finetune_x1,252104,,0.6055956298292404,0.7864697350740403,0.11034924739964383,0.6754956394704636,0.0005490096710165125,4.223151315511635e-05,0.0,0.0,0.0,0.0,,1.0,
42,nfunswv2,nf2018v2,rf,0.001,finetune_x3,252104,,0.9617051270736835,0.9805766682142425,0.000589829970168215,0.9779277501661138,0.9472950715824148,0.9388065374382364,0.938637611385616,0.0008677306291897778,0.938637611385616,0.0008677306291897778,,1.3,
42,nfunswv2,nf2018v2,rf,0.001,finetune_x10,252104,,0.9623185972202354,0.980887782830615,0.0005501298760222774,0.9793074062133138,0.9521516955952531,0.9471683770429494,0.9387643059250813,0.0007032588105851794,0.9387643059250813,0.0007032588105851794,,3.4,
42,nfunswv2,nf2018v2,rf,0.01,calibrate_cost,21001,,0.0,0.46853899442765923,0.0,0.5227066836578621,0.0002956205920858144,0.0,0.0,9.074307233357153e-05,0.0,9.074307233357153e-05,,0.0513,0.0102
42,nfunswv2,nf2018v2,rf,0.01,rethreshold_cost,21001,,0.27970407007389264,0.48349630597481547,0.524438243667835,0.5227066836578621,0.0002956205920858144,0.0,0.0,9.074307233357153e-05,0.0,9.074307233357153e-05,,0.004,0.0001
42,nfunswv2,nf2018v2,rf,0.01,finetune_x1,271003,,0.6361855594532212,0.7997815286138208,0.10938510225609964,0.6813684963180412,0.0009290932894125596,0.0002533890789306981,0.0006334726973267452,0.007565703655811527,4.223151315511635e-05,0.0001871575866879913,,1.3,
42,nfunswv2,nf2018v2,rf,0.01,finetune_x3,271003,,0.9717694327462802,0.9857353364339605,0.00044237247762616124,0.9814584013211396,0.9566282359896955,0.9552768275687318,0.9562059208581444,0.004990868978346434,0.9555724481608177,0.0012987602227742426,,2.2,
42,nfunswv2,nf2018v2,rf,0.01,finetune_x10,271003,,0.973308611300604,0.9865008002410101,0.00022685768083392883,0.9827279452082425,0.9603868406605008,0.9567126990160058,0.9550234384898011,0.00025521489093816995,0.9550234384898011,0.00025521489093816995,,6.1,
42,nfunswv2,nftonv2,rf,0.0001,calibrate_cost,213,,0.0,0.42062190755396933,1.0,0.7143160311015387,0.0,0.0,0.0,3.649501842998431e-05,0.0,3.649501842998431e-05,,0.0023,0.0039
42,nfunswv2,nftonv2,rf,0.0001,rethreshold_cost,213,,0.544699207411913,0.7258769792394311,0.6057078208824496,0.7143160311015387,0.0,0.0,0.0,3.649501842998431e-05,0.0,3.649501842998431e-05,,0.0007,0.0007
42,nfunswv2,nftonv2,rf,0.001,calibrate_cost,2100,,0.0,0.42062190755396933,1.0,0.7143160311015387,0.0,0.0,0.0,0.00010948505528995293,0.0,3.649501842998431e-05,,0.003,0.0046
42,nfunswv2,nftonv2,rf,0.001,rethreshold_cost,2100,,0.5648249566571932,0.7433966465262104,0.5711470384292544,0.7143160311015387,0.0,0.0,0.0,0.00010948505528995293,0.0,3.649501842998431e-05,,0.001,0.0004
42,nfunswv2,nftonv2,rf,0.001,finetune_x1,252102,,0.2813533382645601,0.48973193233209533,0.04514433779789059,0.9232263794689308,0.006990502558592808,0.004407804568964923,0.006322444678609062,0.0027553738914638153,0.0049243441668905,0.0010948505528995292,,0.9,
42,nfunswv2,nftonv2,rf,0.001,finetune_x3,252102,,0.9010789205281523,0.9495985368371089,0.028064669172657934,0.985569891962175,0.4714215858454376,0.12527118328891093,0.9711908648250308,0.046147950804715156,0.9653642981604303,0.03824677931462355,,1.5,
42,nfunswv2,nftonv2,rf,0.001,finetune_x10,252102,,0.9318430648007165,0.9659129072391157,0.05370241961972191,0.9911857446828696,0.8996122509418238,0.1792392404801752,0.9782158033568187,0.04716981132075472,0.9782158033568187,0.04716981132075472,,3.8,
42,nfunswv2,nftonv2,rf,0.01,calibrate_cost,21000,,0.0,0.42062190755396933,1.0,0.7143160311015387,0.0,0.0,0.0,0.00010948505528995293,0.0,0.00010948505528995293,,0.0477,0.0111
42,nfunswv2,nftonv2,rf,0.01,rethreshold_cost,21000,,0.5648249566571932,0.7433966465262104,0.5711470384292544,0.7143160311015387,0.0,0.0,0.0,0.00010948505528995293,0.0,0.00010948505528995293,,0.0032,0.0003
42,nfunswv2,nftonv2,rf,0.01,finetune_x1,271002,,0.29420340425244557,0.49881673068616206,0.04087442064158242,0.9386449617095106,0.008608993298759617,0.007589688492186478,0.008608993298759617,0.006496113280537207,0.008285295150726254,0.0014962957556293565,,1.1,
42,nfunswv2,nftonv2,rf,0.01,finetune_x3,271002,,0.9389545270009529,0.9691087392488289,0.0167512134593628,0.9935368522344872,0.843343870741131,0.18020344772963628,0.9859501229364243,0.03154994343272143,0.9827889005971198,0.023137841684610052,,2.0,
42,nfunswv2,nftonv2,rf,0.01,finetune_x10,271002,,0.9672350528983457,0.9836134735447983,0.026696105981533522,0.9965144878858445,0.9657775298387707,0.26939950549942493,0.9936155705696399,0.029159519725557463,0.9936155705696399,0.029159519725557463,,5.9,
42,nfunswv2,nfbotv2,rf,0.0001,calibrate_cost,211,,0.0,0.49894904562319464,1.0,0.5238575899936123,0.08365593665426464,5.02106336079855e-06,0.46660239705564843,0.03933253873659118,0.46660239705564843,0.03933253873659118,,0.0028,0.004
42,nfunswv2,nfbotv2,rf,0.0001,rethreshold_cost,211,,-0.050941320985137505,0.34587049492995836,0.9225268176400476,0.4966177813780438,0.002108846611535391,0.0,0.5291949729113632,0.9225268176400476,0.5291949729113632,0.9225268176400476,,0.0007,0.0003
42,nfunswv2,nfbotv2,rf,0.001,calibrate_cost,2101,,0.0,0.49894904562319464,1.0,0.5238575899936123,0.08365593665426464,5.02106336079855e-06,0.08365593665426464,0.009535160905840286,0.08365593665426464,0.009535160905840286,,0.0037,0.0039
42,nfunswv2,nfbotv2,rf,0.001,rethreshold_cost,2101,,0.19786736503923272,0.5969469471548505,0.8355184743742551,0.5238575899936123,0.08365593665426464,5.02106336079855e-06,0.08365593665426464,0.009535160905840286,0.08365593665426464,0.009535160905840286,,0.001,0.0006
42,nfunswv2,nfbotv2,rf,0.001,finetune_x1,252103,,0.11103542616686096,0.4653329949444507,0.12872467222884387,0.7590650332371562,0.3857180873765446,0.08365593665426464,0.46977068803631233,0.026221692491060787,0.46977068803631233,0.026221692491060787,,0.7,
42,nfunswv2,nfbotv2,rf,0.001,finetune_x3,252103,,0.8289039396693219,0.9135187810106473,0.22407628128724671,0.8898642247026678,0.46922841319334607,0.41497582357991775,0.9968568143361402,0.1835518474374255,0.9968568143361402,0.1835518474374255,,1.1,
42,nfunswv2,nfbotv2,rf,0.001,finetune_x10,252103,,0.7599989720011092,0.8738486540172903,0.36471990464839094,0.9156421371690104,0.4946801833692339,0.48118356505540744,0.9996535466281049,0.20738974970202623,0.9996535466281049,0.20738974970202623,,2.8,
42,nfunswv2,nfbotv2,rf,0.01,calibrate_cost,21000,,0.0,0.49894904562319464,1.0,0.5238575899936123,0.08365593665426464,5.02106336079855e-06,0.014761926280747737,0.003575685339690107,0.014761926280747737,0.003575685339690107,,0.1708,0.0102
42,nfunswv2,nfbotv2,rf,0.01,rethreshold_cost,21000,,0.19786736503923272,0.5969469471548505,0.8355184743742551,0.5238575899936123,0.08365593665426464,5.02106336079855e-06,0.014761926280747737,0.003575685339690107,0.014761926280747737,0.003575685339690107,,0.0035,0.0004
42,nfunswv2,nfbotv2,rf,0.01,finetune_x1,271002,,0.12275153857017292,0.4669963034478606,0.057210965435041714,0.8668488969245113,0.47062426880764807,0.47034308925944335,0.4843418139093497,0.03933253873659118,0.4843418139093497,0.03933253873659118,,0.8,
42,nfunswv2,nfbotv2,rf,0.01,finetune_x3,271002,,0.9038004064749869,0.951894969882493,0.10011918951132301,0.9587341257388123,0.497195736112994,0.4828957476614397,0.9996435045013833,0.10369487485101311,0.9996435045013833,0.10369487485101311,,1.2,
42,nfunswv2,nfbotv2,rf,0.01,finetune_x10,271002,,0.9033219873478423,0.9511757859740753,0.13706793802145412,0.9767060960189786,0.8216919979313219,0.8161587861077219,0.9997188204517953,0.11203814064362336,0.9997188204517953,0.11203814064362336,,3.3,
42,nfunswv2,nf2018v2,lgbm,0.0001,calibrate_cost,217,,0.0,0.46853899442765923,0.0,0.6361959464770002,0.0005912411841716288,0.0001689260526204654,0.0002956205920858144,0.004542825058699425,0.0002956205920858144,0.004497453522532639,,0.013,0.0042
42,nfunswv2,nf2018v2,lgbm,0.0001,rethreshold_cost,217,,0.5510748951988833,0.7620100784270403,0.1131566111999637,0.6361959464770002,0.0005912411841716288,0.0001689260526204654,0.0002956205920858144,0.004542825058699425,0.0002956205920858144,0.004497453522532639,,0.0005,0.0003
42,nfunswv2,nf2018v2,lgbm,0.001,calibrate_cost,2102,,0.0,0.46853899442765923,0.0,0.6361959464770002,0.0005912411841716288,0.0001689260526204654,0.0001689260526204654,0.00092444504939826,0.0001689260526204654,0.00092444504939826,,0.008,0.004
42,nfunswv2,nf2018v2,lgbm,0.001,rethreshold_cost,2102,,0.5633813307313055,0.7658850917278563,0.11703587754222389,0.6361959464770002,0.0005912411841716288,0.0001689260526204654,0.0001689260526204654,0.00092444504939826,0.0001689260526204654,0.00092444504939826,,0.001,0.0001
42,nfunswv2,nf2018v2,lgbm,0.001,finetune_x1,252104,,0.9480758796051993,0.9739409749390137,0.0037318088497181293,0.9673276842457688,0.9472950715824148,0.0,0.9304024663203683,0.0030172071550912537,0.9304024663203683,0.0030172071550912537,,1.5,
42,nfunswv2,nf2018v2,lgbm,0.001,finetune_x3,252104,,0.9501149885990082,0.9749703431518517,0.003618380009301165,0.968318504346665,0.9478440812534313,0.0,0.929219983952025,0.0029888499449870123,0.929219983952025,0.0029888499449870123,,1.0,
42,nfunswv2,nf2018v2,lgbm,0.001,finetune_x10,252104,,0.9507792653747358,0.9753062270360184,0.003590022799196924,0.9682343693547755,0.9479707757928967,0.0,0.930318003294058,0.0029888499449870123,0.930318003294058,0.0029888499449870123,,1.8,
42,nfunswv2,nf2018v2,lgbm,0.01,calibrate_cost,21001,,0.0,0.46853899442765923,0.0,0.6361959464770002,0.0005912411841716288,0.0001689260526204654,0.0,7.94001882918751e-05,0.0,7.94001882918751e-05,,0.0905,0.007
42,nfunswv2,nf2018v2,lgbm,0.01,rethreshold_cost,21001,,0.5638600405365433,0.7660748426929,0.11707557763636982,0.6361959464770002,0.0005912411841716288,0.0001689260526204654,0.0,7.94001882918751e-05,0.0,7.94001882918751e-05,,0.0052,0.0002
42,nfunswv2,nf2018v2,lgbm,0.01,finetune_x1,271003,,0.9454876127800778,0.9727437337334237,0.006386043715475097,0.9666619835611017,0.9536720300688374,0.0,0.9540943452003885,0.01491589251483082,0.0,0.0,,1.0,
42,nfunswv2,nf2018v2,lgbm,0.01,finetune_x3,271003,,0.8444496777446981,0.9220612936708875,0.0221469810914123,0.8808437703214032,0.0,0.0,0.0,0.0,0.0,0.0,,1.8,
42,nfunswv2,nf2018v2,lgbm,0.01,finetune_x10,271003,,0.902036470109965,0.9510178779831435,0.011756899309218362,0.9178759013465625,0.0,0.0,0.9146501119135099,0.011609441816676308,0.0,0.0,,2.8,
42,nfunswv2,nftonv2,lgbm,0.0001,calibrate_cost,213,,0.0,0.42062190755396933,1.0,0.5451249028091464,0.0004545548461745077,1.3774389278015386e-05,6.887194639007693e-06,0.0007663953870296705,6.887194639007693e-06,0.0007663953870296705,,0.0073,0.0048
42,nfunswv2,nftonv2,lgbm,0.0001,rethreshold_cost,213,,0.24747118924368544,0.5461289621945394,0.18081456881135724,0.5451249028091464,0.0004545548461745077,1.3774389278015386e-05,6.887194639007693e-06,0.0007663953870296705,6.887194639007693e-06,0.0007663953870296705,,0.001,0.0002
42,nfunswv2,nftonv2,lgbm,0.001,calibrate_cost,2100,,0.10214709275440352,0.462036261011179,0.9555490675522791,0.5451249028091464,0.0004545548461745077,1.3774389278015386e-05,6.887194639007693e-06,0.0007663953870296705,6.887194639007693e-06,0.0007663953870296705,,0.0076,0.004
42,nfunswv2,nftonv2,lgbm,0.001,rethreshold_cost,2100,,0.2495969905876431,0.5418468271337881,0.16831502499908763,0.5451249028091464,0.0004545548461745077,1.3774389278015386e-05,6.887194639007693e-06,0.0007663953870296705,6.887194639007693e-06,0.0007663953870296705,,0.0012,0.0002
42,nfunswv2,nftonv2,lgbm,0.001,finetune_x1,252102,,0.7921713892796974,0.8960829195849123,0.15322433487828913,0.856002181870928,0.0,0.0,0.0,0.0,0.0,0.0,,0.8,
42,nfunswv2,nftonv2,lgbm,0.001,finetune_x3,252102,,0.7224048349332337,0.8585540132472673,0.27289150031020765,0.8009271459027218,0.0,0.0,0.0,0.0,0.0,0.0,,1.1,
42,nfunswv2,nftonv2,lgbm,0.001,finetune_x10,252102,,0.7224048349332337,0.8585540132472673,0.27289150031020765,0.8009271459027218,0.0,0.0,0.0,0.0,0.0,0.0,,1.0,
42,nfunswv2,nftonv2,lgbm,0.01,calibrate_cost,21000,,0.1034060162976828,0.46173835679844205,0.9560417503010838,0.5451249028091464,0.0004545548461745077,1.3774389278015386e-05,0.00024793900700427696,0.006587350826612167,0.0,5.4742527644976463e-05,,0.0536,0.004
42,nfunswv2,nftonv2,lgbm,0.01,rethreshold_cost,21000,,0.24967902060885155,0.5427741226552767,0.17006678588372687,0.5451249028091464,0.0004545548461745077,1.3774389278015386e-05,0.00024793900700427696,0.006587350826612167,0.0,5.4742527644976463e-05,,0.0054,0.0001
42,nfunswv2,nftonv2,lgbm,0.01,finetune_x1,271002,,0.8674357957832564,0.9337044651470323,0.10145615123535637,0.8701592738021587,0.0,0.0,0.0,0.0,0.0,0.0,,0.9,
42,nfunswv2,nftonv2,lgbm,0.01,finetune_x3,271002,,0.8274341875750979,0.9137021769654923,0.13074340352541877,0.8745094174476853,0.0,0.0,0.0,0.0,0.0,0.0,,1.7,
42,nfunswv2,nftonv2,lgbm,0.01,finetune_x10,271002,,0.44157029025380834,0.6929936354376272,0.18309550746323128,0.6488378969390877,0.0,0.0,0.0,0.0,0.0,0.0,,1.6,
42,nfunswv2,nfbotv2,lgbm,0.0001,calibrate_cost,211,,0.0,0.49894904562319464,1.0,0.5142310278609822,0.0,0.0,0.9634767851135514,0.5554231227651967,0.9634767851135514,0.5554231227651967,,0.0138,0.0038
42,nfunswv2,nfbotv2,lgbm,0.0001,rethreshold_cost,211,,0.13753251425102422,0.5340700450030909,0.5554231227651967,0.5142310278609822,0.0,0.0,0.9634767851135514,0.5554231227651967,0.9634767851135514,0.5554231227651967,,0.0006,0.0002
42,nfunswv2,nfbotv2,lgbm,0.001,calibrate_cost,2101,,0.0,0.49894904562319464,1.0,0.5142310278609822,0.0,0.0,0.0,0.0059594755661501785,0.0,0.0059594755661501785,,0.0242,0.004
42,nfunswv2,nfbotv2,lgbm,0.001,rethreshold_cost,2101,,0.13185986155392032,0.5231297069984656,0.9749702026221693,0.5097016048814489,0.0001205055206591652,7.531595041197825e-05,0.007817795652763342,0.08462455303933254,0.007817795652763342,0.08462455303933254,,0.0012,0.0002
42,nfunswv2,nfbotv2,lgbm,0.001,finetune_x1,252103,,0.7089145174247737,0.8462889690815771,0.42789034564958284,0.8677434850478836,0.005718991167949548,0.004659546798821054,0.9992468404958802,0.2061978545887962,0.9992468404958802,0.2061978545887962,,1.1,
42,nfunswv2,nfbotv2,lgbm,0.001,finetune_x3,252103,,0.7616804550048221,0.8749035457142222,0.36114421930870083,0.8830505312183559,0.0061959921872254105,0.005648696280898369,0.9989957873278403,0.16924910607866508,0.9989957873278403,0.16924910607866508,,1.1,
42,nfunswv2,nfbotv2,lgbm,0.001,finetune_x10,252103,,0.7640079105307568,0.8762168443069792,0.3575685339690107,0.8842073484198598,0.0061959921872254105,0.005653717344259167,0.9990208926446443,0.1764004767580453,0.9990208926446443,0.1764004767580453,,1.6,
42,nfunswv2,nfbotv2,lgbm,0.01,calibrate_cost,21000,,0.0,0.49894904562319464,1.0,0.5142310278609822,0.0,0.0,0.0,0.0059594755661501785,0.0,0.0059594755661501785,,0.1239,0.007
42,nfunswv2,nfbotv2,lgbm,0.01,rethreshold_cost,21000,,0.1448203911634018,0.5503546995366052,0.6531585220500596,0.5142310278609822,0.0,0.0,0.0,0.0059594755661501785,0.0,0.0059594755661501785,,0.0042,0.0002
42,nfunswv2,nfbotv2,lgbm,0.01,finetune_x1,271002,,0.8532416197448301,0.9260373623837592,0.18951132300357568,0.955589366677037,0.0,0.0,0.9994978936639202,0.10011918951132301,0.9994978936639202,0.10011918951132301,,0.9,
42,nfunswv2,nfbotv2,lgbm,0.01,finetune_x3,271002,,0.8742920558987921,0.9366214859437751,0.16686531585220502,0.9604637901632954,0.0,0.0,0.9993924513333434,0.07866507747318235,0.9993924513333434,0.07866507747318235,,1.3,
42,nfunswv2,nfbotv2,lgbm,0.01,finetune_x10,271002,,0.8792238465911463,0.9390556512315511,0.1632896305125149,0.9617346219604681,0.0,0.0,0.9993773881432609,0.08104886769964244,0.9993773881432609,0.08104886769964244,,2.1,
42,nfunswv2,nf2018v2,mlp,0.0001,calibrate_cost,217,,0.0,0.46853899442765923,0.0,0.5637312630091489,0.0,0.0,0.0,0.0,0.0,0.0,,0.004,0.0039
42,nfunswv2,nf2018v2,mlp,0.0001,rethreshold_cost,217,,0.27519092799696,0.5973985665867614,0.25615635031363077,0.5637611653477266,0.0,0.0,0.0,0.0,0.0,0.0,,0.0004,0.0004
42,nfunswv2,nf2018v2,mlp,0.001,calibrate_cost,2102,,0.0,0.46853899442765923,0.0,0.563626834101612,0.0,0.0,0.0,0.0,0.0,0.0,,0.0231,0.0069
42,nfunswv2,nf2018v2,mlp,0.001,rethreshold_cost,2102,,0.2803855464069583,0.5989324615751508,0.257528839282676,0.5637611653477266,0.0,0.0,0.0,0.0,0.0,0.0,,0.001,0.0002
42,nfunswv2,nf2018v2,mlp,0.001,finetune_x1,252104,,0.2138821173945572,0.6017709689196178,0.1446671430677964,0.6963973235849371,0.2549938764305925,0.02576122302462097,0.24739220406267157,0.006187543244745409,0.017652772498838634,0.00010208595637526797,,0.3,
42,nfunswv2,nf2018v2,mlp,0.001,finetune_x3,252104,,0.7451212228010127,0.8704926935363648,0.017235512301357742,0.8999144427196546,0.5833438912116221,0.04852400861522868,0.5325393808860172,0.007798232778666304,0.0263524642087926,0.0008280305350438403,,0.3,
42,nfunswv2,nf2018v2,mlp,0.001,finetune_x10,252104,,0.882010994924515,0.9406357793273452,0.008994907045065278,0.9386267960538776,0.8647324633641623,0.026859242366653997,0.8610160902065122,0.0066979730266217485,0.026901473879809113,0.001003845237690135,,0.3,
42,nfunswv2,nf2018v2,mlp,0.01,calibrate_cost,21001,,0.0,0.46853899442765923,0.0,0.5637478639415773,0.0,0.0,0.0,0.0,0.0,0.0,,0.0749,0.0104
42,nfunswv2,nf2018v2,mlp,0.01,rethreshold_cost,21001,,0.2807151612323332,0.5990558991612883,0.2575401821667177,0.5637611653477266,0.0,0.0,0.0,0.0,0.0,0.0,,0.0051,0.0002
42,nfunswv2,nf2018v2,mlp,0.01,finetune_x1,271003,,0.8921895685472107,0.9454790282870593,0.006505143997912909,0.9509925078896265,0.8816250686262089,0.0818869040077706,0.8874107859284598,0.010197252753485101,0.12352717597871532,0.0011513027302321888,,2.2,
42,nfunswv2,nf2018v2,mlp,0.01,finetune_x3,271003,,0.945907077391416,0.9726459063522184,0.0021721622939848686,0.9779972740114575,0.9428607627011276,0.8721229781663077,0.9440010135563157,0.010690668209298896,0.8786688627053507,0.0011059311940654032,,1.0,
42,nfunswv2,nf2018v2,mlp,0.01,finetune_x10,271003,,0.9564548856689139,0.9780157606694045,0.0016617325121085287,0.9803871548460856,0.9539254191477681,0.928882131846784,0.9533764094767515,0.008376719864792822,0.931753874741332,0.0012477172445866085,,0.8,
42,nfunswv2,nftonv2,mlp,0.0001,calibrate_cost,213,,0.0,0.42062190755396933,1.0,0.4952431811765784,0.0005440883764816078,0.0,0.02259688561058424,0.02525455275354914,0.02259688561058424,0.02525455275354914,,0.0053,0.0039
42,nfunswv2,nftonv2,mlp,0.0001,rethreshold_cost,213,,0.11529637111438965,0.509848101517346,0.34496916170942665,0.49524078550269823,0.0005440883764816078,0.0,0.02259688561058424,0.02525455275354914,0.02259688561058424,0.02525455275354914,,0.0006,0.0004
42,nfunswv2,nftonv2,mlp,0.001,calibrate_cost,2100,,0.0,0.42062190755396933,1.0,0.4952431932465866,0.0005440883764816078,0.0,0.00021350303380923848,0.007773438925586657,0.0,0.0,,0.0161,0.0039
42,nfunswv2,nftonv2,mlp,0.001,rethreshold_cost,2100,,0.19418410062488564,0.5140508543606869,0.20351447027480749,0.5192587468283111,0.0008677865245149693,4.132316783404616e-05,0.0007024938531787847,0.004050947045728258,4.132316783404616e-05,0.0011130980621145213,,0.0009,0.0002
42,nfunswv2,nftonv2,mlp,0.001,finetune_x1,252102,,0.11443421164498864,0.5427906237503283,0.7846064012262326,0.45403296465921283,0.00928393837338237,8.264633566809232e-05,0.01140519432219674,0.011751395934454947,0.002190127895204446,0.0038502244443633445,,0.3,
42,nfunswv2,nftonv2,mlp,0.001,finetune_x3,252102,,0.44452739540637703,0.7152719280687083,0.5122623261924747,0.7148803174390093,0.010261920012121463,0.0002961493694773308,0.011239901650860555,0.013174701653224334,0.00025482620164328463,0.0009488704791795919,,0.3,
42,nfunswv2,nftonv2,mlp,0.001,finetune_x10,252102,,0.5764123190349828,0.7861262188296854,0.36914711141929124,0.7779672472846793,0.061406227401392594,0.003278304648167662,0.08446455505279035,0.015546877851173315,0.008374828681033356,0.001788255903069231,,0.3,
42,nfunswv2,nftonv2,mlp,0.01,calibrate_cost,21000,,0.0,0.42062190755396933,1.0,0.4952431903435639,0.0005440883764816078,0.0,0.0006267347121497001,0.010273347688040583,0.0,0.0,,0.0442,0.004
42,nfunswv2,nftonv2,mlp,0.01,rethreshold_cost,21000,,0.19422531149865122,0.5151008096617714,0.20566767636217656,0.5192587468283111,0.0008677865245149693,4.132316783404616e-05,0.0008608993298759617,0.009452209773365935,3.4435973195038463e-05,0.00014598007371993723,,0.0057,0.0003
42,nfunswv2,nftonv2,mlp,0.01,finetune_x1,271002,,0.6546854296802024,0.8267976083852178,0.2827816503047334,0.8344706036783682,0.07237064126669283,0.0004201188729794693,0.09115202104726682,0.01237181124776468,0.0015358444044987155,0.0017335133754242545,,0.8,
42,nfunswv2,nftonv2,mlp,0.01,finetune_x3,271002,,0.7676991383471617,0.8836675821099514,0.18754789971168936,0.9409592115122407,0.3859101772075181,0.0744023636852001,0.4307664758913752,0.012225831174044743,0.16158047342575949,0.0019707309952191527,,0.8,
42,nfunswv2,nftonv2,mlp,0.01,finetune_x10,271002,,0.8130780496248426,0.9059497607728383,0.1699573008284369,0.9647832414941216,0.5869542759147917,0.09182007892725057,0.6598896671418831,0.01262727637677457,0.3119830299524095,0.0033940367139885406,,0.8,
42,nfunswv2,nfbotv2,mlp,0.0001,calibrate_cost,211,,0.0,0.49894904562319464,1.0,0.5348470712606004,0.0,0.0,0.9915545714271369,0.9106078665077473,0.9915545714271369,0.9106078665077473,,0.055,0.0102
42,nfunswv2,nfbotv2,mlp,0.0001,rethreshold_cost,211,,0.056065731504117346,0.5258131281260372,0.9106078665077473,0.5347234501787649,0.0,0.0,0.9915545714271369,0.9106078665077473,0.9915545714271369,0.9106078665077473,,0.0007,0.0002
42,nfunswv2,nfbotv2,mlp,0.001,calibrate_cost,2101,,0.0,0.49894904562319464,1.0,0.5349557250449174,0.0,0.0,0.0,0.0,0.0,0.0,,0.0649,0.0042
42,nfunswv2,nfbotv2,mlp,0.001,rethreshold_cost,2101,,0.46740588374078773,0.7127711069851517,0.6972586412395709,0.4985054228446691,0.0,0.0,0.0002510531680399275,0.05959475566150179,0.0002510531680399275,0.05959475566150179,,0.0011,0.0003
42,nfunswv2,nfbotv2,mlp,0.001,finetune_x1,252103,,0.10732577777215618,0.553213490001135,0.8736591179976162,0.5572858367446055,0.0,0.0,0.7377498606654918,0.14064362336114422,0.7377498606654918,0.14064362336114422,,0.4,
42,nfunswv2,nfbotv2,mlp,0.001,finetune_x3,252103,,0.6121018212517298,0.7964920158413298,0.5232419547079857,0.7368794381454216,0.0,0.0,0.859947479677246,0.16448152562574495,0.859947479677246,0.16448152562574495,,0.3,
42,nfunswv2,nfbotv2,mlp,0.001,finetune_x10,252103,,0.6368433030130173,0.8054697837708572,0.5220500595947557,0.7751676287048279,0.0,0.0,0.9953856427714262,0.39809296781883197,0.9953856427714262,0.39809296781883197,,0.5,
42,nfunswv2,nfbotv2,mlp,0.01,calibrate_cost,21000,,0.0,0.49894904562319464,1.0,0.5349086668164745,0.0,0.0,0.0,0.0,0.0,0.0,,0.0993,0.007
42,nfunswv2,nfbotv2,mlp,0.01,rethreshold_cost,21000,,0.5178175701749936,0.7237358919073265,0.700834326579261,0.4985054228446691,0.0,0.0,0.0,0.0,0.0,0.0,,0.005,0.0003
42,nfunswv2,nfbotv2,mlp,0.01,finetune_x1,271002,,0.6532553896976077,0.8072105972478905,0.5399284862932062,0.755030275369777,0.0,0.0,0.3335291548044045,0.03933253873659118,0.3335291548044045,0.03933253873659118,,0.8,
42,nfunswv2,nfbotv2,mlp,0.01,finetune_x3,271002,,0.8907896137934502,0.9449162713553669,0.14898688915375446,0.9453565072101133,0.5241990148673686,0.0,0.9947077992177183,0.08104886769964244,0.9947077992177183,0.08104886769964244,,4.1,
42,nfunswv2,nfbotv2,mlp,0.01,finetune_x10,271002,,0.9044039536205748,0.9518772013725721,0.12872467222884387,0.949920881531821,0.0,0.0,0.9991815666721898,0.06793802145411204,0.9991815666721898,0.06793802145411204,,0.8,
42,nftonv2,nf2018v2,rf,0.0001,calibrate_cost,217,,0.0,0.46853899442765923,0.0,0.5454033503384739,0.000844630263102327,0.0,0.0,0.0,0.0,0.0,,0.0028,0.004
42,nftonv2,nf2018v2,rf,0.0001,rethreshold_cost,217,,0.18205274773174368,0.34988418651956843,0.7195188348589512,0.5454033503384739,0.000844630263102327,0.0,0.0,0.0,0.0,0.0,,0.0008,0.0005
42,nftonv2,nf2018v2,rf,0.001,calibrate_cost,2102,,0.0,0.46853899442765923,0.0,0.5454033503384739,0.000844630263102327,0.0,0.0004223151315511635,0.005830242397431971,0.0,0.0,,0.0037,0.0041
42,nftonv2,nf2018v2,rf,0.001,rethreshold_cost,2102,,0.19635474459486194,0.37660346631323527,0.6812989870804551,0.5454033503384739,0.000844630263102327,0.0,0.0004223151315511635,0.005830242397431971,0.0,0.0,,0.0011,0.0005
42,nftonv2,nf2018v2,rf,0.001,finetune_x1,252103,,0.33016745653204704,0.6647331824916247,0.06992888011705857,0.7663440063560949,0.20853921195996453,0.206892182946915,0.206892182946915,0.0005614727600639738,0.206892182946915,0.0005614727600639738,,1.1,
42,nftonv2,nf2018v2,rf,0.001,finetune_x3,252103,,0.9218938871459691,0.9609252084145814,0.008053447669604474,0.9781101175523024,0.9231808775708433,0.9164238354660248,0.9217027746104143,0.001383831853086966,0.9217027746104143,0.001383831853086966,,1.6,
42,nftonv2,nf2018v2,rf,0.001,finetune_x10,252103,,0.9609410591841765,0.9802074270623072,0.0007656446728145098,0.9824872746079604,0.9562481523712995,0.9391866210566324,0.9377929811225136,0.0008677306291897778,0.9377929811225136,0.0008677306291897778,,3.6,
42,nftonv2,nf2018v2,rf,0.01,calibrate_cost,21001,,0.0,0.46853899442765923,0.0,0.5454033503384739,0.000844630263102327,0.0,0.000844630263102327,0.00984562334819251,0.0,0.0,,0.1361,0.0102
42,nftonv2,nf2018v2,rf,0.01,rethreshold_cost,21001,,0.19627076679992858,0.3733499818314017,0.6865734281598439,0.5454033503384739,0.000844630263102327,0.0,0.000844630263102327,0.00984562334819251,0.0,0.0,,0.004,0.0004
42,nftonv2,nf2018v2,rf,0.01,finetune_x1,271002,,0.3420679500015236,0.6707029890606311,0.06891936343734759,0.7727313113282692,0.22462941847206386,0.22310908399847967,0.22589636386671735,0.010673653883236352,0.22361586215634105,0.0011910028243781263,,1.7,
42,nftonv2,nf2018v2,rf,0.01,finetune_x3,271002,,0.9329551014890607,0.9664633731972141,0.008909835414752555,0.9813404060511554,0.947379534608725,0.941171502174923,0.947379534608725,0.008909835414752555,0.9420583639511804,0.0022288767141933506,,2.3,
42,nftonv2,nf2018v2,rf,0.01,finetune_x10,271002,,0.9729675701115923,0.9863278727812228,0.0002438720068964735,0.9843805021111741,0.9593732843447781,0.9559947632923688,0.9546855863845601,0.0003573008473134379,0.9546855863845601,0.0003573008473134379,,6.1,
42,nftonv2,nfunswv2,rf,0.0001,calibrate_cost,144,,0.0,0.49037055157195203,0.0,0.4987104671390125,0.029108229690394283,0.019978830378406986,0.02606509658639852,0.0042558277299134285,0.024080444562053452,0.0024682761559326966,,0.0028,0.004
42,nftonv2,nfunswv2,rf,0.0001,rethreshold_cost,144,,0.24172838194004717,0.5715783514956222,0.0016576423026158531,0.5378312551277582,0.1071712093146335,0.023021963482402753,0.09155861338978566,0.0016576423026158531,0.09155861338978566,0.0016576423026158531,,0.0009,0.0002
42,nftonv2,nfunswv2,rf,0.001,calibrate_cost,1392,,0.0,0.49037055157195203,0.0,0.5378312551277582,0.1071712093146335,0.023021963482402753,0.12238687483461233,0.01016929776244271,0.10333421540089971,0.0019850136664553474,,0.0096,0.004
42,nftonv2,nfunswv2,rf,0.001,rethreshold_cost,1392,,0.2541764142557255,0.5804057465236466,0.0019850136664553474,0.5378312551277582,0.1071712093146335,0.023021963482402753,0.12238687483461233,0.01016929776244271,0.10333421540089971,0.0019850136664553474,,0.0007,0.0001
42,nftonv2,nfunswv2,rf,0.001,finetune_x1,251393,,0.20943600819383598,0.6044430380995035,0.03432202949460097,0.6675373897234064,0.2326012172532416,0.11431595660227574,0.23630590103201904,0.010153708649878924,0.14739349034136015,0.0014341983558682615,,0.9,
42,nftonv2,nfunswv2,rf,0.001,finetune_x3,251393,,0.8054585435835092,0.9024356735552461,0.005741989794327641,0.9298270620792819,0.9794919290817676,0.17226779571315162,0.9113522095792538,0.006349965184315274,0.9113522095792538,0.006349965184315274,,1.3,
42,nftonv2,nfunswv2,rf,0.001,finetune_x10,251393,,0.8910182711197145,0.9449459221967487,0.006344768813460679,0.9573380563991543,0.999206139190262,0.366366763694099,0.8880656258269384,0.0055705095561260016,0.8880656258269384,0.0055705095561260016,,3.1,
42,nftonv2,nfunswv2,rf,0.01,calibrate_cost,13907,,0.0,0.49037055157195203,0.0,0.5378312551277582,0.1071712093146335,0.023021963482402753,0.10439269648055041,0.0020369773750012993,0.057819528975919555,0.0010912378794649816,,0.0905,0.0098
42,nftonv2,nfunswv2,rf,0.01,rethreshold_cost,13907,,0.2547484774883744,0.5811337492117183,0.0020369773750012993,0.5378312551277582,0.1071712093146335,0.023021963482402753,0.10439269648055041,0.0020369773750012993,0.057819528975919555,0.0010912378794649816,,0.0025,0.0001
42,nftonv2,nfunswv2,rf,0.01,finetune_x1,263908,,0.21324617996702547,0.6064467965654662,0.0332203988734268,0.6811956504784262,0.23432124900767398,0.1718708653082826,0.23432124900767398,0.009062470770413942,0.2213548557819529,0.0016368568191974726,,1.0,
42,nftonv2,nfunswv2,rf,0.01,finetune_x3,263908,,0.8963979256626871,0.9477846606833645,0.00223963583833051,0.9683224120647942,0.979624239216724,0.5574225985710506,0.9626885419423128,0.0037517797570176988,0.9626885419423128,0.0037517797570176988,,1.6,
42,nftonv2,nfunswv2,rf,0.01,finetune_x10,263908,,0.937645144619402,0.9687266893176354,0.0031853753338668273,0.981786685860937,0.9988092087853929,0.7152685895739613,0.9276263561788833,0.002618970910715956,0.9276263561788833,0.002618970910715956,,3.5,
42,nftonv2,nfbotv2,rf,0.0001,calibrate_cost,211,,0.0,0.49894904562319464,1.0,0.5129576164835208,0.002083741294731398,0.0020435727878450097,0.9555384839401289,0.8450536352800954,0.9555384839401289,0.8450536352800954,,0.0029,0.0042
42,nftonv2,nfbotv2,rf,0.0001,rethreshold_cost,211,,0.03447411115049411,0.5009768914774885,0.8450536352800954,0.5129576164835208,0.002083741294731398,0.0020435727878450097,0.9555384839401289,0.8450536352800954,0.9555384839401289,0.8450536352800954,,0.0005,0.0004
42,nftonv2,nfbotv2,rf,0.001,calibrate_cost,2101,,0.0,0.49894904562319464,1.0,0.5129576164835208,0.002083741294731398,0.0020435727878450097,0.0827421031225993,0.05601907032181168,0.0827421031225993,0.05601907032181168,,0.0054,0.0043
42,nftonv2,nfbotv2,rf,0.001,rethreshold_cost,2101,,0.03447411115049411,0.5009768914774885,0.8450536352800954,0.5129576164835208,0.002083741294731398,0.0020435727878450097,0.0827421031225993,0.05601907032181168,0.0827421031225993,0.05601907032181168,,0.0009,0.0004
42,nftonv2,nfbotv2,rf,0.001,finetune_x1,252102,,0.03589266857919611,0.2369679069113941,0.04648390941597139,0.5903708405874276,0.0022594785123593473,0.002083741294731398,0.954137607262466,0.2586412395709178,0.954137607262466,0.2586412395709178,,0.8,
42,nftonv2,nfbotv2,rf,0.001,finetune_x3,252102,,0.7100832409128766,0.8501958909173774,0.16090584028605484,0.9023037255728517,0.004041956005442833,0.003971661118391653,0.9995631674876105,0.20381406436233612,0.9995631674876105,0.20381406436233612,,1.2,
42,nftonv2,nfbotv2,rf,0.001,finetune_x10,252102,,0.7563523635887797,0.8719971950248144,0.36829558998808104,0.9143740563358604,0.00456916765832668,0.004237777476513976,0.9996485255647442,0.1907032181168057,0.9996485255647442,0.1907032181168057,,3.1,
42,nftonv2,nfbotv2,rf,0.01,calibrate_cost,21000,,0.0,0.49894904562319464,1.0,0.5129576164835208,0.002083741294731398,0.0020435727878450097,0.002083741294731398,0.003575685339690107,0.002083741294731398,0.003575685339690107,,0.069,0.0073
42,nftonv2,nfbotv2,rf,0.01,rethreshold_cost,21000,,0.13430235507265664,0.5187813057142769,0.9797377830750894,0.5129576164835208,0.002083741294731398,0.0020435727878450097,0.002083741294731398,0.003575685339690107,0.002083741294731398,0.003575685339690107,,0.0035,0.0003
42,nftonv2,nfbotv2,rf,0.01,finetune_x1,271001,,0.03742648712114337,0.23714771202299037,0.03575685339690107,0.7899297898939457,0.008701502804263886,0.0043833883139771344,0.01783481705755645,0.02026221692491061,0.01783481705755645,0.02026221692491061,,0.9,
42,nftonv2,nfbotv2,rf,0.01,finetune_x3,271001,,0.921003532345005,0.9605017661725024,0.07866507747318235,0.9549266599009666,0.27954268154909845,0.013386154919888935,0.9563619383312998,0.04648390941597139,0.9563619383312998,0.04648390941597139,,1.3,
42,nftonv2,nfbotv2,rf,0.01,finetune_x10,271001,,0.9020687499924032,0.9505498345122044,0.13825983313468415,0.9776833974997086,0.9531384156536671,0.03707051079277569,0.9997389047052385,0.08939213349225268,0.9997389047052385,0.08939213349225268,,3.5,
42,nftonv2,nf2018v2,lgbm,0.0001,calibrate_cost,217,,0.0,0.46853899442765923,0.0,0.5180626835605044,0.09303602348072132,0.04662359052324845,0.06520545631149964,0.003578679915155227,0.03999324295789518,0.0005955014121890632,,0.0079,0.0039
42,nftonv2,nf2018v2,lgbm,0.0001,rethreshold_cost,217,,0.35126359966695153,0.6727001111124471,0.0524438243667835,0.5686667701236964,0.002913974407703028,8.44630263102327e-05,0.0010135563157227924,0.005705470672973311,0.0010135563157227924,0.005705470672973311,,0.0007,0.0002
42,nftonv2,nf2018v2,lgbm,0.001,calibrate_cost,2102,,0.0,0.46853899442765923,0.0,0.5180626835605044,0.09303602348072132,0.04662359052324845,0.09768148992778411,0.010622610905048718,0.04569449723383589,0.000822359093022992,,0.0086,0.0028
42,nftonv2,nf2018v2,lgbm,0.001,rethreshold_cost,2102,,0.38918405791812527,0.6934087309244403,0.05692993500527444,0.5686667701236964,0.002913974407703028,8.44630263102327e-05,0.0,0.0003232721951883486,0.0,0.0003232721951883486,,0.0008,0.0002
42,nftonv2,nf2018v2,lgbm,0.001,finetune_x1,252103,,0.9640519374449475,0.9818603125247296,0.00117965994033643,0.9799966703815916,0.9532074834241311,0.9444233286878669,0.9284175852020778,0.00036864373135513437,0.9284175852020778,0.00036864373135513437,,0.9,
42,nftonv2,nf2018v2,lgbm,0.001,finetune_x3,252103,,0.9640524562142736,0.9818637177283625,0.001208017150440671,0.9797235410789973,0.9534186409899067,0.9433253093458338,0.9260103889522362,0.0003573008473134379,0.9260103889522362,0.0003573008473134379,,1.2,
42,nftonv2,nf2018v2,lgbm,0.001,finetune_x10,252103,,0.9636850025570134,0.9816746747367542,0.0012023457084198229,0.9796304471977444,0.9532497149372862,0.9432408463195237,0.928121964609992,0.0003573008473134379,0.928121964609992,0.0003573008473134379,,1.8,
42,nftonv2,nf2018v2,lgbm,0.01,calibrate_cost,21001,,0.0,0.46853899442765923,0.0,0.5180626835605044,0.09303602348072132,0.04662359052324845,0.09975083407238482,0.010940211658216218,0.051606909075552175,0.0012817458967116979,,0.0643,0.007
42,nftonv2,nf2018v2,lgbm,0.01,rethreshold_cost,21001,,0.4122182707384724,0.7058668612935037,0.07714862580959835,0.5686667701236964,0.002913974407703028,8.44630263102327e-05,0.00219603868406605,0.00707795964201858,0.0,0.0,,0.005,0.0002
42,nftonv2,nf2018v2,lgbm,0.01,finetune_x1,271002,,0.955416955021684,0.9777007047773685,0.004588196594866211,0.9782447351009779,0.9585286540816758,0.5299210270703999,0.9587398116474514,0.01105931194065403,0.9568816250686262,0.006261271991016436,,1.1,
42,nftonv2,nf2018v2,lgbm,0.01,finetune_x3,271002,,0.9561499708027225,0.978065898958572,0.004446410544345005,0.977592078192587,0.9582752650027451,0.5396765066092318,0.9552345960555767,0.0036070371252594686,0.9552345960555767,0.0036070371252594686,,2.2,
42,nftonv2,nf2018v2,lgbm,0.01,finetune_x10,271002,,0.9619083874737115,0.980920887794885,0.0031022787854039766,0.9798854191387223,0.9584864225685207,0.7565775581739094,0.9527429367794248,0.0018715758668799128,0.9527429367794248,0.0018715758668799128,,5.4,
42,nftonv2,nfunswv2,lgbm,0.0001,calibrate_cost,144,,0.0,0.49037055157195203,0.0,0.5481298082702514,0.1394548822439799,0.02924053982535062,0.10650965863985182,0.006266823250641752,0.10650965863985182,0.006266823250641752,,0.0133,0.0039
42,nftonv2,nfunswv2,lgbm,0.0001,rethreshold_cost,144,,0.19159322624366257,0.573933240926061,0.006266823250641752,0.5481298082702514,0.1394548822439799,0.02924053982535062,0.10650965863985182,0.006266823250641752,0.10650965863985182,0.006266823250641752,,0.0007,0.0004
42,nftonv2,nfunswv2,lgbm,0.001,calibrate_cost,1392,,0.0,0.49037055157195203,0.0,0.5481298082702514,0.1394548822439799,0.02924053982535062,0.12622386874834612,0.006755282110973696,0.025006615506747817,0.0005871899065692521,,0.008,0.0025
42,nftonv2,nfunswv2,lgbm,0.001,rethreshold_cost,1392,,0.21581234857811538,0.5870994333228085,0.006755282110973696,0.5481298082702514,0.1394548822439799,0.02924053982535062,0.12622386874834612,0.006755282110973696,0.025006615506747817,0.0005871899065692521,,0.0011,0.0002
42,nftonv2,nfunswv2,lgbm,0.001,finetune_x1,251393,,0.8826079982688823,0.9411699351781334,0.0054977603641616695,0.9458233651916048,0.9945752844667901,0.2258534003704684,0.6996559936491136,0.0029775204996830215,0.6996559936491136,0.0029775204996830215,,0.8,
42,nftonv2,nfunswv2,lgbm,0.001,finetune_x3,251393,,0.8749641442007441,0.9372914100657295,0.00601220107876659,0.9427044513755833,0.9953691452765282,0.18920349298756284,0.5793860809738026,0.0023227777720040326,0.5793860809738026,0.0023227777720040326,,1.1,
42,nftonv2,nfunswv2,lgbm,0.001,finetune_x10,251393,,0.8752483278073778,0.9373880282153229,0.0061525030918406585,0.9391094277565215,0.9962953162212226,0.19886213283937548,0.6087589309341096,0.00259298905644298,0.6087589309341096,0.00259298905644298,,2.0,
42,nftonv2,nfunswv2,lgbm,0.01,calibrate_cost,13907,,0.0,0.49037055157195203,0.0,0.5481298082702514,0.1394548822439799,0.02924053982535062,0.14289494575284467,0.011406034025836356,0.027255887801005556,0.0008833830452811756,,0.0833,0.004
42,nftonv2,nfunswv2,lgbm,0.01,rethreshold_cost,13907,,0.2192701442225516,0.5888339266671401,0.006770871223537481,0.5481298082702514,0.1394548822439799,0.02924053982535062,0.14289494575284467,0.011406034025836356,0.027255887801005556,0.0008833830452811756,,0.0035,0.0001
42,nftonv2,nfunswv2,lgbm,0.01,finetune_x1,263908,,0.9263913709646198,0.9631773794910854,0.003143804367030066,0.9778738216227171,0.9891505689335803,0.6458057687218841,0.8721884096321778,0.002343563255422413,0.8721884096321778,0.002343563255422413,,0.8,
42,nftonv2,nfunswv2,lgbm,0.01,finetune_x3,263908,,0.9323518885356452,0.9661310163600088,0.0031230188836116855,0.982707843697161,0.9953691452765282,0.6700185234188939,0.7626356178883302,0.0014290019850136664,0.7626356178883302,0.0014290019850136664,,1.5,
42,nftonv2,nfunswv2,lgbm,0.01,finetune_x10,263908,,0.9338956546247904,0.9668983729685466,0.0030918406584841147,0.9828792029746003,0.9957660756813972,0.6673723207197672,0.7586663138396401,0.0014393947267228567,0.7586663138396401,0.0014393947267228567,,2.5,
42,nftonv2,nfbotv2,lgbm,0.0001,calibrate_cost,211,,0.0,0.49894904562319464,1.0,0.5602470681504367,0.0022193100054729593,5.02106336079855e-06,0.9988150290468515,0.8593563766388558,0.9988150290468515,0.8593563766388558,,0.02,0.0038
42,nftonv2,nfbotv2,lgbm,0.0001,rethreshold_cost,211,,0.21443548583386446,0.5977104816540311,0.8593563766388558,0.5602470681504367,0.0022193100054729593,5.02106336079855e-06,0.9988150290468515,0.8593563766388558,0.9988150290468515,0.8593563766388558,,0.0009,0.0002
42,nftonv2,nfbotv2,lgbm,0.001,calibrate_cost,2101,,0.0,0.49894904562319464,1.0,0.5602470681504367,0.0022193100054729593,5.02106336079855e-06,0.17570709124778447,0.06555423122765197,0.17570709124778447,0.06555423122765197,,0.0102,0.004
42,nftonv2,nfbotv2,lgbm,0.001,rethreshold_cost,2101,,0.21443548583386446,0.5977104816540311,0.8593563766388558,0.5602470681504367,0.0022193100054729593,5.02106336079855e-06,0.17570709124778447,0.06555423122765197,0.17570709124778447,0.06555423122765197,,0.0012,0.0004
42,nftonv2,nfbotv2,lgbm,0.001,finetune_x1,252102,,0.7393403552223715,0.8642273414906526,0.3766388557806913,0.8594282107384112,0.0,0.0,0.9979062165785471,0.19189511323003575,0.9979062165785471,0.19189511323003575,,0.8,
42,nftonv2,nfbotv2,lgbm,0.001,finetune_x3,252102,,0.7588112240327238,0.8749735547972336,0.34803337306317045,0.8652239094216547,0.0,0.0,0.9989505977575931,0.19189511323003575,0.9989505977575931,0.19189511323003575,,1.0,
42,nftonv2,nfbotv2,lgbm,0.001,finetune_x10,252102,,0.7594449225709902,0.8748062685527855,0.3528009535160906,0.8601904519817796,0.0,0.0,0.9989857452011187,0.19904648390941598,0.9989857452011187,0.19904648390941598,,1.8,
42,nftonv2,nfbotv2,lgbm,0.01,calibrate_cost,21000,,0.0,0.49894904562319464,1.0,0.5602470681504367,0.0022193100054729593,5.02106336079855e-06,0.002154036181782578,0.00834326579261025,0.002154036181782578,0.00834326579261025,,0.0815,0.0073
42,nftonv2,nfbotv2,lgbm,0.01,rethreshold_cost,21000,,0.2763598423212492,0.5945945295075183,0.8891537544696066,0.5602470681504367,0.0022193100054729593,5.02106336079855e-06,0.002154036181782578,0.00834326579261025,0.002154036181782578,0.00834326579261025,,0.0044,0.0003
42,nftonv2,nfbotv2,lgbm,0.01,finetune_x1,271001,,0.4243985195546506,0.707814905383006,0.4767580452920143,0.5708931476177194,0.0,0.0,0.0,0.0,0.0,0.0,,1.0,
42,nftonv2,nfbotv2,lgbm,0.01,finetune_x3,271001,,0.6968109494675581,0.8475872678678802,0.34803337306317045,0.7500208815281578,0.0,0.0,0.0,0.0,0.0,0.0,,1.5,
42,nftonv2,nfbotv2,lgbm,0.01,finetune_x10,271001,,0.6968109494675581,0.8475872678678802,0.34803337306317045,0.7500208815281578,0.0,0.0,0.0,0.0,0.0,0.0,,1.4,
42,nftonv2,nf2018v2,mlp,0.0001,calibrate_cost,217,,0.0,0.46853899442765923,0.0,0.5554757246439183,0.22108197136703409,0.005616791249630475,0.19434942353984544,0.0031419788795499144,0.1702774610414291,0.0025237916992774585,,0.0379,0.0069
42,nftonv2,nf2018v2,mlp,0.0001,rethreshold_cost,217,,0.2777687725073056,0.601431124627086,0.247365615181316,0.5312304077927859,0.0,0.0,0.0,0.0,0.0,0.0,,0.0004,0.0004
42,nftonv2,nf2018v2,mlp,0.001,calibrate_cost,2102,,0.0,0.46853899442765923,0.0,0.53078567322709,0.0,0.0,0.0,0.0,0.0,0.0,,0.019,0.0039
42,nftonv2,nf2018v2,mlp,0.001,rethreshold_cost,2102,,0.39853056364952427,0.6430094328023136,0.004321638819886345,0.5483400920337267,0.22108197136703409,0.005616791249630475,0.2103129355124794,0.004321638819886345,0.041344651378858906,0.0016560610700876806,,0.001,0.0002
42,nftonv2,nf2018v2,mlp,0.001,finetune_x1,252103,,0.6379767428348078,0.7968243052308694,0.11797166547566384,0.873595576564898,0.1769500401199375,0.13936399341188394,0.1485282317665442,0.002506777373214914,0.0009290932894125596,1.1342884041696441e-05,,0.3,
42,nftonv2,nf2018v2,mlp,0.001,finetune_x3,252103,,0.8902228453960048,0.9438153497961486,0.004140152675219201,0.9704540697854858,0.9314582541492462,0.7898559905401411,0.930698086912454,0.006578872744183936,0.7710207356729591,0.000538786991980581,,0.3,
42,nftonv2,nf2018v2,mlp,0.001,finetune_x10,252103,,0.9497513056737672,0.9745799508860187,0.0018148614466714306,0.9753615342512599,0.9333586722412264,0.8368596646817855,0.931035939017695,0.0034936082848425042,0.8356771823134423,0.0006805730425017865,,0.3,
42,nftonv2,nf2018v2,mlp,0.01,calibrate_cost,21001,,0.0,0.46853899442765923,0.0,0.5306318352053536,0.0,0.0,0.0,0.0,0.0,0.0,,0.0412,0.0079
42,nftonv2,nf2018v2,mlp,0.01,rethreshold_cost,21001,,0.3983542202487165,0.6440207737587776,0.004639239573053845,0.5483400920337267,0.22108197136703409,0.005616791249630475,0.2221799907090671,0.011099012034799969,0.00565902276278559,0.0010095166797109833,,0.005,0.0003
42,nftonv2,nf2018v2,mlp,0.01,finetune_x1,271002,,0.9399368240060623,0.969846415434872,0.004384024682115675,0.9799264293845795,0.9383419907935301,0.8331855230372904,0.9420583639511804,0.010373067456131396,0.8335656066556865,0.001077573983961162,,2.4,
42,nftonv2,nf2018v2,mlp,0.01,finetune_x3,271002,,0.9694500674459636,0.9845902589406488,0.0008507163031272331,0.9834665353302645,0.9551923645424215,0.9530807888846657,0.9554457536213522,0.01154138451242613,0.9532074834241311,0.0014178605052120553,,6.6,
42,nftonv2,nf2018v2,mlp,0.01,finetune_x10,271002,,0.9696940265104784,0.9847156059971796,0.0008563877451480814,0.9835160227224367,0.9551501330292664,0.953545335529372,0.9552345960555767,0.010894840122049432,0.9539254191477681,0.0020984335477138415,,0.9,
42,nftonv2,nfunswv2,mlp,0.0001,calibrate_cost,144,,0.0,0.49037055157195203,0.0,0.5019608122065236,0.0,0.0,0.0,0.0,0.0,0.0,,0.0083,0.0071
42,nftonv2,nfunswv2,mlp,0.0001,rethreshold_cost,144,,0.050991877111554944,0.28819737994129024,0.6710749212749816,0.5019921448470714,0.0,0.0,0.0,0.0,0.0,0.0,,0.0008,0.0004
42,nftonv2,nfunswv2,mlp,0.001,calibrate_cost,1392,,0.0,0.49037055157195203,0.0,0.5019575679677841,0.0,0.0,0.0,0.0,0.0,0.0,,0.0291,0.004
42,nftonv2,nfunswv2,mlp,0.001,rethreshold_cost,1392,,0.06308027614782756,0.2925065934204414,0.6665177040355016,0.5004129421061153,0.0,0.0,0.0,0.0,0.0,0.0,,0.001,0.0002
42,nftonv2,nfunswv2,mlp,0.001,finetune_x1,251393,,0.37974889145754975,0.6557171449751745,0.003273713638394945,0.6286893866552483,0.24649378142365705,0.16155067478168827,0.2202963747023022,0.0037050124193263425,0.11934374173061657,0.00039492418494923144,,0.3,
42,nftonv2,nfunswv2,mlp,0.001,finetune_x3,251393,,0.6666567871772554,0.8262858811893765,0.00464035917315347,0.8075451808481986,0.6410426038634559,0.14196877480815032,0.6381317808944165,0.00965485704783779,0.18430801799417834,0.001309485455357978,,1.1,
42,nftonv2,nfunswv2,mlp,0.001,finetune_x10,251393,,0.7481121637662168,0.8728740752018395,0.0061888776878228245,0.8339479326861104,0.7549616300608627,0.034268324953691455,0.7791743847578725,0.014087361386807454,0.2459645408838317,0.0019174608453456105,,0.3,
42,nftonv2,nfunswv2,mlp,0.01,calibrate_cost,13907,,0.0,0.49037055157195203,0.0,0.5019660181000539,0.0,0.0,0.0,0.0,0.0,0.0,,0.0439,0.0083
42,nftonv2,nfunswv2,mlp,0.01,rethreshold_cost,13907,,0.0857155528339251,0.26410887627490615,0.7192608682096424,0.5004129421061153,0.0,0.0,0.0,0.0,0.0,0.0,,0.0036,0.0004
42,nftonv2,nfunswv2,mlp,0.01,finetune_x1,263908,,0.7773954629295062,0.8868970292788446,0.0045468244977707566,0.8835643827990198,0.785260650965864,0.2269118814501191,0.7806297962423921,0.007654254268818657,0.18827732204286848,0.0006807245819519648,,0.6,
42,nftonv2,nfunswv2,mlp,0.01,finetune_x3,263908,,0.8505027376936946,0.9242031831862862,0.002904771307718689,0.9478044474916961,0.9614977507277057,0.41942312781159036,0.94906059804181,0.00689038775319317,0.66221222545647,0.001901871732781825,,1.7,
42,nftonv2,nfunswv2,mlp,0.01,finetune_x10,263908,,0.8970436295502661,0.9484620286959233,0.003232142671558184,0.9598057393791635,0.9745964540883831,0.4747287642233395,0.9577930669489283,0.005482171251597884,0.7912146070388992,0.002286403176021866,,0.9,
42,nftonv2,nfbotv2,mlp,0.0001,calibrate_cost,211,,0.0,0.49894904562319464,1.0,0.49674471151718874,0.0,0.0,0.28368003775839645,0.7771156138259833,0.28368003775839645,0.7771156138259833,,0.0431,0.0069
42,nftonv2,nfbotv2,mlp,0.0001,rethreshold_cost,211,,0.07016806483794796,0.42678427262236496,0.21930870083432658,0.6529169535662641,5.02106336079855e-06,0.0,0.7119767424345128,0.21930870083432658,0.7119767424345128,0.21930870083432658,,0.0005,0.0002
42,nftonv2,nfbotv2,mlp,0.001,calibrate_cost,2101,,0.0,0.49894904562319464,1.0,0.6529334076837026,0.0,0.0,0.614266849433373,0.18951132300357568,0.614266849433373,0.18951132300357568,,0.0224,0.004
42,nftonv2,nfbotv2,mlp,0.001,rethreshold_cost,2101,,0.19296321985079198,0.5719528840288861,0.5756853396901073,0.6529169535662641,5.02106336079855e-06,0.0,0.614266849433373,0.18951132300357568,0.614266849433373,0.18951132300357568,,0.0012,0.0002
42,nftonv2,nfbotv2,mlp,0.001,finetune_x1,252102,,0.38907513277913963,0.6757664184722509,0.7520858164481525,0.6656384054667259,0.0,0.0,0.9198738708883767,0.13825983313468415,0.9198738708883767,0.13825983313468415,,0.6,
42,nftonv2,nfbotv2,mlp,0.001,finetune_x3,252102,,0.40785148229525975,0.6910061280595291,0.7151370679380215,0.7009245866643454,0.0,0.0,0.9982125014435557,0.6412395709177592,0.9982125014435557,0.6412395709177592,,0.5,
42,nftonv2,nfbotv2,mlp,0.001,finetune_x10,252102,,0.47137107797253036,0.723686819450743,0.6579261025029798,0.7137104106540901,0.0,0.0,0.9983179437741325,0.567342073897497,0.9983179437741325,0.567342073897497,,0.3,
42,nftonv2,nfbotv2,mlp,0.01,calibrate_cost,21000,,0.0,0.49894904562319464,1.0,0.652932621751283,0.0,0.0,0.0,0.0,0.0,0.0,,0.0915,0.0071
42,nftonv2,nfbotv2,mlp,0.01,rethreshold_cost,21000,,0.4664698034223938,0.6926624022992024,0.7520858164481525,0.6529169535662641,5.02106336079855e-06,0.0,0.0,0.0,0.0,0.0,,0.0053,0.0002
42,nftonv2,nfbotv2,mlp,0.01,finetune_x1,271001,,0.8555585004324383,0.926736204662086,0.20143027413587605,0.929224546406887,0.0,0.0,0.9745683140775554,0.04290822407628129,0.9745683140775554,0.04290822407628129,,5.2,
42,nftonv2,nfbotv2,mlp,0.01,finetune_x3,271001,,0.8913754244272273,0.9451952169936741,0.14898688915375446,0.9478294219108085,0.0,0.0,0.9995631674876105,0.10965435041716329,0.9995631674876105,0.10965435041716329,,1.7,
42,nftonv2,nfbotv2,mlp,0.01,finetune_x10,271001,,0.8874017145081775,0.9434626246047646,0.14064362336114422,0.9465826681370402,0.0,0.0,0.9995631674876105,0.1299165673420739,0.9995631674876105,0.1299165673420739,,0.8,
42,nfbotv2,nf2018v2,rf,0.0001,calibrate_cost,217,,0.01552617693158568,0.47760324501628737,0.007004230895747553,0.788646158101048,0.01837070822247561,0.0,0.018244013683010263,0.007384217511144384,0.0,0.00043102959358446477,,0.0026,0.0039
42,nfbotv2,nf2018v2,rf,0.0001,rethreshold_cost,217,,0.7361487333562381,0.8663264836275477,0.045989723347058226,0.788646158101048,0.01837070822247561,0.0,0.018244013683010263,0.007384217511144384,0.0,0.00043102959358446477,,0.0007,0.0005
42,nfbotv2,nf2018v2,rf,0.001,calibrate_cost,2102,,0.2815147968331979,0.6148608897781228,0.022141309649391455,0.788646158101048,0.01837070822247561,0.0,0.018244013683010263,0.007384217511144384,0.0,0.0003516294052925897,,0.0036,0.004
42,nfbotv2,nf2018v2,rf,0.001,rethreshold_cost,2102,,0.7579883908454679,0.8786606439373283,0.034601467769194996,0.788646158101048,0.01837070822247561,0.0,0.018244013683010263,0.007384217511144384,0.0,0.0003516294052925897,,0.0012,0.0006
42,nfbotv2,nf2018v2,rf,0.001,finetune_x1,252102,,0.8662077257980887,0.9319497355695704,0.026020575991651636,0.9627051140531987,0.8870307023100638,0.21179103847290848,0.8870307023100638,0.00985129479021336,0.2227290003800836,0.0010945883100237066,,0.8,
42,nfbotv2,nf2018v2,rf,0.001,finetune_x3,252102,,0.9570781507301238,0.9783566033590323,0.0018318757727339753,0.9772812328429026,0.939397778622408,0.9365260357278601,0.941171502174923,0.010412767550277334,0.9385531483593057,0.0016277038599834394,,1.2,
42,nfbotv2,nf2018v2,rf,0.001,finetune_x10,252102,,0.9606198468916044,0.9800873265633143,0.0011002597520445548,0.9784219115700441,0.9526584737531145,0.9391021580303223,0.939735630727649,0.0012704030126700016,0.939735630727649,0.0012704030126700016,,3.4,
42,nfbotv2,nf2018v2,rf,0.01,calibrate_cost,21001,,0.2800776870333208,0.6229142905048713,0.030427286441850707,0.788646158101048,0.01837070822247561,0.0,0.018244013683010263,0.007384217511144384,0.0,0.000538786991980581,,0.0783,0.0048
42,nfbotv2,nf2018v2,rf,0.01,rethreshold_cost,21001,,0.759382343103206,0.8792312621596814,0.03551456993455156,0.788646158101048,0.01837070822247561,0.0,0.018244013683010263,0.007384217511144384,0.0,0.000538786991980581,,0.0042,0.0004
42,nfbotv2,nf2018v2,rf,0.01,finetune_x1,271001,,0.8751731956133258,0.9362973838947364,0.025481788999671056,0.9691043709498757,0.8984754423751004,0.7805228261328604,0.9249123696102032,0.01220494322886537,0.7903627686980025,0.0013951747371286623,,1.1,
42,nfbotv2,nf2018v2,rf,0.01,finetune_x3,271001,,0.9712055029871639,0.9854756440452879,0.0007259445786685722,0.9801945847266362,0.9575995607922632,0.9557413742134381,0.9573461717133325,0.008938192624856796,0.9552768275687318,0.0007429589047311169,,2.0,
42,nfbotv2,nf2018v2,rf,0.01,finetune_x10,271001,,0.9732847178502612,0.9864873275866729,0.00021551479679223238,0.9809040884473266,0.9607669242788969,0.956797162042316,0.9550656700029562,0.00026655777497986636,0.9550656700029562,0.00026655777497986636,,5.9,
42,nfbotv2,nfunswv2,rf,0.0001,calibrate_cost,144,,0.0,0.49037055157195203,0.0,0.4879410851941501,0.013892564170415454,0.00039693040486901297,0.013892564170415454,0.0062980014757693225,0.013892564170415454,0.0019434426996185865,,0.0025,0.004
42,nfbotv2,nfunswv2,rf,0.0001,rethreshold_cost,144,,-0.06897725898185902,0.3511849354270163,0.49758368755261323,0.4879410851941501,0.013892564170415454,0.00039693040486901297,0.013892564170415454,0.0062980014757693225,0.013892564170415454,0.0019434426996185865,,0.0005,0.0003
42,nfbotv2,nfunswv2,rf,0.001,calibrate_cost,1392,,0.0,0.49037055157195203,0.0,0.5302020623945242,0.02646202699126753,0.02487430537179148,0.02646202699126753,0.004957337795283774,0.02328658375231543,7.794556281892726e-05,,0.0027,0.004
42,nfbotv2,nfunswv2,rf,0.001,rethreshold_cost,1392,,0.14327777416200171,0.5132836964886889,7.794556281892726e-05,0.5302020623945242,0.02646202699126753,0.02487430537179148,0.02646202699126753,0.004957337795283774,0.02328658375231543,7.794556281892726e-05,,0.0008,0.0003
42,nfbotv2,nfunswv2,rf,0.001,finetune_x1,251392,,0.5002438395885994,0.7240775095232099,0.05970110474844369,0.8037229977613547,0.6852341889388727,0.01468642498015348,0.6820587456999206,0.006318786959187703,0.6820587456999206,0.006318786959187703,,0.7,
42,nfbotv2,nfunswv2,rf,0.001,finetune_x3,251392,,0.892280628064129,0.9454100103155864,0.006625372839608817,0.9368538192156113,0.980021169621593,0.2712357766604922,0.8830378406985975,0.005944648257656853,0.8830378406985975,0.005944648257656853,,1.0,
42,nfbotv2,nfunswv2,rf,0.001,finetune_x10,251392,,0.8972220813785364,0.9478578086660567,0.006464285343116368,0.9597474473559113,0.9994707594601746,0.36173590897062713,0.845991002910823,0.005237941821431912,0.845991002910823,0.005237941821431912,,2.7,
42,nfbotv2,nfunswv2,rf,0.01,calibrate_cost,13907,,0.0,0.49037055157195203,0.0,0.5302020623945242,0.02646202699126753,0.02487430537179148,0.02646202699126753,0.004957337795283774,0.02328658375231543,7.794556281892726e-05,,0.085,0.0045
42,nfbotv2,nfunswv2,rf,0.01,rethreshold_cost,13907,,0.14327777416200171,0.5132836964886889,7.794556281892726e-05,0.5302020623945242,0.02646202699126753,0.02487430537179148,0.02646202699126753,0.004957337795283774,0.02328658375231543,7.794556281892726e-05,,0.003,0.0002
42,nfbotv2,nfunswv2,rf,0.01,finetune_x1,263907,,0.5505372580276432,0.7454705428305473,0.05875536525290737,0.8773918335514578,0.7015083355385022,0.4847843344800212,0.6940989679809474,0.003647852339925796,0.6477904207462292,0.0028476112283181425,,0.7,
42,nfbotv2,nfunswv2,rf,0.01,finetune_x3,263907,,0.9307505518539905,0.9652812890534941,0.003445193876596585,0.9765980510380242,0.9866366763694099,0.5770044985445885,0.9436358825086002,0.0032581245258311597,0.9436358825086002,0.0032581245258311597,,1.3,
42,nfbotv2,nfunswv2,rf,0.01,finetune_x10,263907,,0.939722800156064,0.9696711448259073,0.003455586618305775,0.9852808375421936,0.9997353797300873,0.6668430801799418,0.9171738555173327,0.0024682761559326966,0.9171738555173327,0.0024682761559326966,,3.2,
42,nfbotv2,nftonv2,rf,0.0001,calibrate_cost,213,,0.0,0.42062190755396933,1.0,0.7494727283348929,0.013650419774513247,0.0,0.08079368031019925,0.0411663807890223,0.08079368031019925,0.0411663807890223,,0.0024,0.0039
42,nfbotv2,nftonv2,rf,0.0001,rethreshold_cost,213,,0.6275547794198014,0.8063940661950877,0.3867377103025437,0.7494727283348929,0.013650419774513247,0.0,0.08079368031019925,0.0411663807890223,0.08079368031019925,0.0411663807890223,,0.0005,0.0003
42,nfbotv2,nftonv2,rf,0.001,calibrate_cost,2100,,0.0,0.42062190755396933,1.0,0.7494727283348929,0.013650419774513247,0.0,0.013347383210396909,0.002134958578154082,0.013347383210396909,0.002134958578154082,,0.0054,0.004
42,nfbotv2,nftonv2,rf,0.001,rethreshold_cost,2100,,0.6275547794198014,0.8063940661950877,0.3867377103025437,0.7494727283348929,0.013650419774513247,0.0,0.013347383210396909,0.002134958578154082,0.013347383210396909,0.002134958578154082,,0.001,0.0004
42,nfbotv2,nftonv2,rf,0.001,finetune_x1,252100,,0.04113687744781951,0.5190487569218049,0.744151673296595,0.7114000917807163,0.23415773053162256,0.03665364986879894,0.40968477310137263,0.04561877303748038,0.3458955763548834,0.024615889931024416,,0.8,
42,nfbotv2,nftonv2,rf,0.001,finetune_x3,252100,,0.874008379523508,0.9366565174644195,0.11804313711178424,0.9587187168630115,0.39530431069512456,0.215748259261555,0.7950784107109651,0.06552680559103682,0.7727914488591362,0.054268092405386666,,1.4,
42,nfbotv2,nftonv2,rf,0.001,finetune_x10,252100,,0.9316454980943939,0.9655369926721687,0.07393890733914821,0.9887805834855941,0.7276458880004408,0.3247174528399347,0.985709071124059,0.06028977044633407,0.985709071124059,0.06028977044633407,,3.9,
42,nfbotv2,nftonv2,rf,0.01,calibrate_cost,21000,,0.0,0.42062190755396933,1.0,0.7494727283348929,0.013650419774513247,0.0,0.013622870995957216,0.0037589868982883835,0.011322547986528647,0.001058355534469545,,0.0547,0.0043
42,nfbotv2,nftonv2,rf,0.01,rethreshold_cost,21000,,0.6275547794198014,0.8063940661950877,0.3867377103025437,0.7494727283348929,0.013650419774513247,0.0,0.013622870995957216,0.0037589868982883835,0.011322547986528647,0.001058355534469545,,0.0037,0.0002
42,nfbotv2,nftonv2,rf,0.01,finetune_x1,271000,,0.05747267811550921,0.5274475333096144,0.7286960329914967,0.7257383330499791,0.30970336852689795,0.06675757763590157,0.48675936830650773,0.03406809970439035,0.397460002617134,0.02311959417539506,,1.1,
42,nfbotv2,nftonv2,rf,0.01,finetune_x3,271000,,0.9323845446753479,0.9659282658022228,0.07246085909273384,0.9792846948797714,0.7545541574550438,0.21337906430573633,0.9087791070063431,0.05029013539651837,0.7902986976314937,0.03574687055216963,,1.9,
42,nfbotv2,nftonv2,rf,0.01,finetune_x10,271000,,0.9643247829660648,0.9820484013793296,0.04133060837195723,0.9952989270211958,0.8664779575335578,0.4011859749168371,0.9960674118611266,0.04125761833509726,0.9960674118611266,0.04125761833509726,,5.9,
42,nfbotv2,nf2018v2,lgbm,0.0001,calibrate_cost,217,,0.0,0.46853899442765923,0.0,0.5421438858304551,0.0,0.0,0.0,0.0,0.0,0.0,,0.0024,0.004
42,nfbotv2,nf2018v2,lgbm,0.0001,rethreshold_cost,217,,0.19749169314576107,0.5062951237639702,0.42415580585519674,0.5421438858304551,0.0,0.0,0.0,0.0,0.0,0.0,,0.0007,0.0001
42,nfbotv2,nf2018v2,lgbm,0.001,calibrate_cost,2102,,0.0,0.46853899442765923,0.0,0.5421438858304551,0.0,0.0,0.0,0.0,0.0,0.0,,0.0096,0.004
42,nfbotv2,nf2018v2,lgbm,0.001,rethreshold_cost,2102,,0.19749169314576107,0.5062951237639702,0.42415580585519674,0.5421438858304551,0.0,0.0,0.0,0.0,0.0,0.0,,0.0008,0.0002
42,nfbotv2,nf2018v2,lgbm,0.001,finetune_x1,252102,,-0.19749169314576107,0.3274562312683015,0.5758441941448033,0.47735759860033455,0.0,0.0,0.0,0.0,0.0,0.0,,0.2,
42,nfbotv2,nf2018v2,lgbm,0.001,finetune_x3,252102,,-0.19749169314576107,0.3274562312683015,0.5758441941448033,0.47735759860033455,0.0,0.0,0.0,0.0,0.0,0.0,,0.3,
42,nfbotv2,nf2018v2,lgbm,0.001,finetune_x10,252102,,-0.19749169314576107,0.3274562312683015,0.5758441941448033,0.47735759860033455,0.0,0.0,0.0,0.0,0.0,0.0,,0.3,
42,nfbotv2,nf2018v2,lgbm,0.01,calibrate_cost,21001,,0.0,0.46853899442765923,0.0,0.5421438858304551,0.0,0.0,0.0,0.0,0.0,0.0,,0.0492,0.01
42,nfbotv2,nf2018v2,lgbm,0.01,rethreshold_cost,21001,,0.19749169314576107,0.5062951237639702,0.42415580585519674,0.5421438858304551,0.0,0.0,0.0,0.0,0.0,0.0,,0.0016,0.0001
42,nfbotv2,nf2018v2,lgbm,0.01,finetune_x1,271001,,-0.19749169314576107,0.3274562312683015,0.5758441941448033,0.47735759860033455,0.0,0.0,0.0,0.0,0.0,0.0,,0.3,
42,nfbotv2,nf2018v2,lgbm,0.01,finetune_x3,271001,,-0.19749169314576107,0.3274562312683015,0.5758441941448033,0.47735759860033455,0.0,0.0,0.0,0.0,0.0,0.0,,0.4,
42,nfbotv2,nf2018v2,lgbm,0.01,finetune_x10,271001,,-0.19749169314576107,0.3274562312683015,0.5758441941448033,0.47735759860033455,0.0,0.0,0.0,0.0,0.0,0.0,,0.6,
42,nfbotv2,nfunswv2,lgbm,0.0001,calibrate_cost,144,,0.0,0.49037055157195203,0.0,0.49800337941364053,0.0,0.0,0.0,0.0,0.0,0.0,,0.0077,0.0039
42,nfbotv2,nfunswv2,lgbm,0.0001,rethreshold_cost,144,,-0.04198522343808735,0.10013359726963411,0.9289967886428119,0.4980032290805336,0.0,0.0,0.0,0.0,0.0,0.0,,0.0005,0.0006
42,nfbotv2,nfunswv2,lgbm,0.001,calibrate_cost,1392,,0.0,0.49037055157195203,0.0,0.5028817427263037,0.0,0.0,0.0,0.0,0.0,0.0,,0.0101,0.004
42,nfbotv2,nfunswv2,lgbm,0.001,rethreshold_cost,1392,,0.04210518023142853,0.5170044842656527,0.07078496378129515,0.5028817427263037,0.0,0.0,0.0,0.0,0.0,0.0,,0.0008,0.0004
42,nfbotv2,nfunswv2,lgbm,0.001,finetune_x1,251392,,-0.04198522343808735,0.10013359726963411,0.9289967886428119,0.4980032290805336,0.0,0.0,0.0,0.0,0.0,0.0,,0.2,
42,nfbotv2,nfunswv2,lgbm,0.001,finetune_x3,251392,,-0.04198522343808735,0.10013359726963411,0.9289967886428119,0.4980032290805336,0.0,0.0,0.0,0.0,0.0,0.0,,0.2,
42,nfbotv2,nfunswv2,lgbm,0.001,finetune_x10,251392,,-0.04198522343808735,0.10013359726963411,0.9289967886428119,0.4980032290805336,0.0,0.0,0.0,0.0,0.0,0.0,,0.3,
42,nfbotv2,nfunswv2,lgbm,0.01,calibrate_cost,13907,,0.0,0.49037055157195203,0.0,0.5028817427263037,0.0,0.0,0.0,0.0,0.0,0.0,,0.0579,0.0041
42,nfbotv2,nfunswv2,lgbm,0.01,rethreshold_cost,13907,,0.04210518023142853,0.5170044842656527,0.07078496378129515,0.5028817427263037,0.0,0.0,0.0,0.0,0.0,0.0,,0.0013,0.0002
42,nfbotv2,nfunswv2,lgbm,0.01,finetune_x1,263907,,-0.04198522343808735,0.10013359726963411,0.9289967886428119,0.4980032290805336,0.0,0.0,0.0,0.0,0.0,0.0,,0.3,
42,nfbotv2,nfunswv2,lgbm,0.01,finetune_x3,263907,,-0.04198522343808735,0.10013359726963411,0.9289967886428119,0.4980032290805336,0.0,0.0,0.0,0.0,0.0,0.0,,0.3,
42,nfbotv2,nfunswv2,lgbm,0.01,finetune_x10,263907,,-0.04198522343808735,0.10013359726963411,0.9289967886428119,0.4980032290805336,0.0,0.0,0.0,0.0,0.0,0.0,,0.6,
42,nfbotv2,nftonv2,lgbm,0.0001,calibrate_cost,213,,0.0,0.42062190755396933,1.0,0.5353872752971918,0.0,0.0,0.0,0.0,0.0,0.0,,0.019,0.0039
42,nfbotv2,nftonv2,lgbm,0.0001,rethreshold_cost,213,,0.14359785377021123,0.4970355977447384,0.2537681106528959,0.535398007551977,0.0,0.0,0.0,0.0,0.0,0.0,,0.0007,0.0002
42,nfbotv2,nftonv2,lgbm,0.001,calibrate_cost,2100,,0.0,0.42062190755396933,1.0,0.5353872752971918,0.0,0.0,0.0,0.0,0.0,0.0,,0.0099,0.004
42,nfbotv2,nftonv2,lgbm,0.001,rethreshold_cost,2100,,0.1436598035318477,0.49711418209297237,0.25384110068975585,0.535398007551977,0.0,0.0,0.0,0.0,0.0,0.0,,0.0012,0.0003
42,nfbotv2,nftonv2,lgbm,0.001,finetune_x1,252100,,0.14358054898630895,0.4970300860515361,0.25378635816211087,0.535398007551977,0.0,0.0,0.0,0.0,0.0,0.0,,0.3,
42,nfbotv2,nftonv2,lgbm,0.001,finetune_x3,252100,,0.14358054898630895,0.4970300860515361,0.25378635816211087,0.535398007551977,0.0,0.0,0.0,0.0,0.0,0.0,,0.3,
42,nfbotv2,nftonv2,lgbm,0.001,finetune_x10,252100,,0.14358054898630895,0.4970300860515361,0.25378635816211087,0.535398007551977,0.0,0.0,0.0,0.0,0.0,0.0,,0.3,
42,nfbotv2,nftonv2,lgbm,0.01,calibrate_cost,21000,,0.0,0.42062190755396933,1.0,0.5353872752971918,0.0,0.0,0.0,0.0,0.0,0.0,,0.0299,0.0101
42,nfbotv2,nftonv2,lgbm,0.01,rethreshold_cost,21000,,0.1436836513785351,0.49713247782415054,0.25384110068975585,0.535398007551977,0.0,0.0,0.0,0.0,0.0,0.0,,0.0023,0.0002
42,nfbotv2,nftonv2,lgbm,0.01,finetune_x1,271000,,0.14358054898630895,0.4970300860515361,0.25378635816211087,0.535398007551977,0.0,0.0,0.0,0.0,0.0,0.0,,0.3,
42,nfbotv2,nftonv2,lgbm,0.01,finetune_x3,271000,,0.14358054898630895,0.4970300860515361,0.25378635816211087,0.535398007551977,0.0,0.0,0.0,0.0,0.0,0.0,,0.4,
42,nfbotv2,nftonv2,lgbm,0.01,finetune_x10,271000,,0.14358054898630895,0.4970300860515361,0.25378635816211087,0.535398007551977,0.0,0.0,0.0,0.0,0.0,0.0,,0.6,
42,nfbotv2,nf2018v2,mlp,0.0001,calibrate_cost,217,,0.0,0.46853899442765923,0.0,0.7097172832642675,0.06727480045610035,0.0,0.41906330503821954,0.03287734939485713,0.06790827315342708,0.010702011093340593,,0.0249,0.0038
42,nfbotv2,nf2018v2,mlp,0.0001,rethreshold_cost,217,,0.5442323022916508,0.7720858805827655,0.051791608534385955,0.7097363608774543,0.06727480045610035,0.0,0.41906330503821954,0.03287734939485713,0.06790827315342708,0.010702011093340593,,0.0006,0.0003
42,nfbotv2,nf2018v2,mlp,0.001,calibrate_cost,2102,,0.0,0.46853899442765923,0.0,0.7097163739004184,0.06727480045610035,0.0,0.06693694835085941,0.008841778110502376,0.0,0.0,,0.0235,0.0042
42,nfbotv2,nf2018v2,mlp,0.001,rethreshold_cost,2102,,0.5608485111161038,0.7796995119099364,0.0420820997946938,0.7097363608774543,0.06727480045610035,0.0,0.06693694835085941,0.008841778110502376,0.0,0.0,,0.0009,0.0003
42,nfbotv2,nf2018v2,mlp,0.001,finetune_x1,252102,,0.7318217095089975,0.858030022817428,0.008552534567439117,0.8927384911349951,0.6379070062080324,0.022044849866970733,0.6281092951560454,0.008280305350438402,0.019046412432957474,0.0004650582457095541,,0.3,
42,nfbotv2,nf2018v2,mlp,0.001,finetune_x3,252102,,0.8464050159973655,0.9232024796360017,0.01813727158267261,0.9486280919363856,0.7018877486380337,0.5466024747666709,0.7047172600194265,0.01026531005773528,0.48553570674437263,0.0006352015063350008,,0.3,
42,nfbotv2,nf2018v2,mlp,0.001,finetune_x10,252102,,0.8688690753763052,0.9338051554125718,0.009028935697190368,0.9553212468271866,0.843194391655053,0.5958444191055365,0.852274166983403,0.013481017683556222,0.573841800751721,0.0007940018829187509,,0.3,
42,nfbotv2,nf2018v2,mlp,0.01,calibrate_cost,21001,,0.0,0.46853899442765923,0.0,0.7097186704850801,0.06727480045610035,0.0,0.06693694835085941,0.008841778110502376,0.0,0.0,,0.0551,0.0041
42,nfbotv2,nf2018v2,mlp,0.01,rethreshold_cost,21001,,0.5609695129536018,0.7797993955449689,0.04232597180159027,0.7097363608774543,0.06727480045610035,0.0,0.06693694835085941,0.008841778110502376,0.0,0.0,,0.0055,0.0002
42,nfbotv2,nf2018v2,mlp,0.01,finetune_x1,271001,,0.929362584784032,0.9645350266932317,0.005348169825659872,0.9760224089641717,0.9454791165167448,0.7955150133029266,0.9458592001351408,0.011161397897029298,0.8268930275771781,0.0011910028243781263,,0.9,
42,nfbotv2,nf2018v2,mlp,0.01,finetune_x3,271001,,0.9523532394389391,0.9760615811941092,0.00302855003913295,0.9802120195926021,0.9492377211875501,0.921956163689345,0.9494488787533257,0.010962897426299611,0.925250221715444,0.0010435453318360726,,0.9,
42,nfbotv2,nf2018v2,mlp,0.01,finetune_x10,271001,,0.9582257475260737,0.9790363268247315,0.002818706684361566,0.9812715879661653,0.9528696313188901,0.9360614890831539,0.9536297985556822,0.010407096108256485,0.9355124794121373,0.0009187736073774118,,0.8,
42,nfbotv2,nfunswv2,mlp,0.0001,calibrate_cost,144,,0.0,0.49037055157195203,0.0,0.5013011076485826,0.0,0.0,0.0,0.0,0.0,0.0,,0.0267,0.007
42,nfbotv2,nfunswv2,mlp,0.0001,rethreshold_cost,144,,0.09086309442352912,0.36279492325728363,0.5409214204799369,0.50245922247131,0.0,0.0,0.0,0.0,0.0,0.0,,0.0009,0.0003
42,nfbotv2,nfunswv2,mlp,0.001,calibrate_cost,1392,,0.0,0.49037055157195203,0.0,0.501257947465463,0.0,0.0,0.0,0.0,0.0,0.0,,0.0247,0.0074
42,nfbotv2,nfunswv2,mlp,0.001,rethreshold_cost,1392,,0.09537008321431399,0.361207930958945,0.5458527764209476,0.50245922247131,0.0,0.0,0.0,0.0,0.0,0.0,,0.0009,0.0002
42,nfbotv2,nfunswv2,mlp,0.001,finetune_x1,251392,,0.5038799194326379,0.7328076449922725,0.004494860789224805,0.6705305892203217,0.4191585075416777,0.025668166181529506,0.40605980418100024,0.004723501106826992,0.02699126753109288,0.0012367362633936459,,0.3,
42,nfbotv2,nfunswv2,mlp,0.001,finetune_x3,251392,,0.5780833248956495,0.7809576841849806,0.006469481713970963,0.7088977945336326,0.5072770574225985,0.0,0.49404604392696483,0.007093046216522381,0.14289494575284467,0.0026605418775527173,,0.3,
42,nfbotv2,nfunswv2,mlp,0.001,finetune_x10,251392,,0.6119356219491731,0.7973504257738496,0.005399029317924362,0.7409238225935313,0.5342683249536915,0.04167769251124636,0.5173326276792802,0.007072260733104,0.2673987827467584,0.0031178225127570904,,0.3,
42,nfbotv2,nfunswv2,mlp,0.01,calibrate_cost,13907,,0.0,0.49037055157195203,0.0,0.501132401882449,0.0,0.0,0.0,0.0,0.0,0.0,,0.0792,0.01
42,nfbotv2,nfunswv2,mlp,0.01,rethreshold_cost,13907,,0.09181563944555547,0.3627481958247372,0.5413735047442866,0.50245922247131,0.0,0.0,0.0,0.0,0.0,0.0,,0.0028,0.0001
42,nfbotv2,nfunswv2,mlp,0.01,finetune_x1,263907,,0.6602434820335541,0.81902470203501,0.003310088234377111,0.8123382675262056,0.6551997883037841,0.2326012172532416,0.654405927494046,0.008553226426663618,0.2938608097380259,0.0015069475478325938,,1.8,
42,nfbotv2,nfunswv2,mlp,0.01,finetune_x3,263907,,0.7365661553185391,0.864607524794724,0.004396129742987497,0.82331006464837,0.7124900767398783,0.14487959777718973,0.7130193172797036,0.010423919934317872,0.20481608891241068,0.0014341983558682615,,1.0,
42,nfbotv2,nfunswv2,mlp,0.01,finetune_x10,263907,,0.7234405228125789,0.8614317644602965,0.008667546585464711,0.8239993161848427,0.7318073564435036,0.10492193702037576,0.7306165652288965,0.009706820756383742,0.16075681397195024,0.001480965693559618,,0.6,
42,nfbotv2,nftonv2,mlp,0.0001,calibrate_cost,213,,0.0,0.42062190755396933,1.0,0.5978512716692472,0.0,0.0,0.0,0.0,0.0,0.0,,0.0182,0.007
42,nfbotv2,nftonv2,mlp,0.0001,rethreshold_cost,213,,0.3499611048013869,0.6749449971922681,0.46407065435568046,0.5977766999183046,0.0,0.0,0.0,0.0,0.0,0.0,,0.0004,0.0003
42,nfbotv2,nftonv2,mlp,0.001,calibrate_cost,2100,,0.16873732598522279,0.5547660391002243,0.8024524652384949,0.5978167681144576,0.0,0.0,0.0,0.0,0.0,0.0,,0.0211,0.0069
42,nfbotv2,nftonv2,mlp,0.001,rethreshold_cost,2100,,0.36151722569926453,0.6805845034058726,0.48084011532425824,0.5977766999183046,0.0,0.0,0.0,0.0,0.0,0.0,,0.0008,0.0002
42,nfbotv2,nftonv2,mlp,0.001,finetune_x1,252100,,0.4775038329396342,0.7373749750112616,0.32936754133060836,0.6939589685670249,0.046412804672272844,0.0,0.03668119864735497,0.0066420933542571435,0.0,0.0,,0.3,
42,nfbotv2,nftonv2,mlp,0.001,finetune_x3,252100,,0.6274459882986392,0.8106925617396277,0.1949381409437612,0.829992818935231,0.045310853530031614,0.01962161752653292,0.07948511332878778,0.017225648698952593,0.023244281906650965,0.0024086712163789645,,0.3,
42,nfbotv2,nftonv2,mlp,0.001,finetune_x10,252100,,0.6909879238263359,0.8439622464746501,0.17015802342980182,0.8919617065221146,0.0666129465484824,0.026391729856677478,0.24005316914261313,0.023794752016349768,0.049601575790133405,0.006934053501697018,,0.3,
42,nfbotv2,nftonv2,mlp,0.01,calibrate_cost,21000,,0.16637637407002875,0.5533007833159148,0.8048428889456589,0.5978167233906523,0.0,0.0,0.0,0.0,0.0,0.0,,0.0279,0.0038
42,nfbotv2,nftonv2,mlp,0.01,rethreshold_cost,21000,,0.3646148456419511,0.6814786612927577,0.4988869019378855,0.5977766999183046,0.0,0.0,0.0,0.0,0.0,0.0,,0.0055,0.0002
42,nfbotv2,nftonv2,mlp,0.01,finetune_x1,271000,,0.8514139305254602,0.9244022551084004,0.15915477537316156,0.948257759218422,0.181739292134135,0.02805843095931734,0.22789038341012555,0.012900989014999453,0.03772805223248414,0.0021897011057990584,,0.8,
42,nfbotv2,nftonv2,mlp,0.01,finetune_x3,271000,,0.9017314905681884,0.9505624190911299,0.0962738586182986,0.978419293208241,0.4559529466862263,0.04200500010330792,0.5472495988209123,0.01532790774059341,0.1201333360882112,0.0016787708477792782,,0.8,
42,nfbotv2,nftonv2,mlp,0.01,finetune_x10,271000,,0.9132122362781397,0.9565093062426363,0.07711397394255684,0.9840369316159232,0.6806338973945742,0.04695689304875445,0.7746509914116683,0.014853472501003613,0.1919392273945054,0.0020619685412941132,,0.8,
42,any,nf2018v2,rf,0.0001,buffer_strat,217,,0.945363583798542,0.9722468690944255,0.0014745749254205375,0.9727945672508836,0.9209426073736222,0.9160437518476287,0.8992778411250475,0.00023820056487562527,0.8992778411250475,0.00023820056487562527,,0.6,
42,any,nf2018v2,rf,0.001,buffer_strat,2102,,0.9617495449421696,0.980626161236162,0.0007769875568562063,0.9807271349482585,0.952827399805735,0.9391866210566324,0.936863887833101,0.00043102959358446477,0.936863887833101,0.00043102959358446477,,0.8,
42,any,nf2018v2,rf,0.01,buffer_strat,21001,,0.972867491168671,0.9862857323365843,0.0003289436372091968,0.9835290849866428,0.9607669242788969,0.9565015414502301,0.9546855863845601,0.00026088633295901815,0.9546855863845601,0.00026088633295901815,,1.5,
42,any,nf2018v2,rf,0.0001,buffer_diversity,210,,0.9352387316291884,0.9675253074039867,0.005251755311305452,0.9747379058870078,0.9389332319777017,0.898728831454031,0.9075552177034503,0.0011910028243781263,0.9075552177034503,0.0011910028243781263,,0.6,
42,any,nf2018v2,rf,0.001,buffer_diversity,2100,,0.9719422341676658,0.9858141035067566,0.0003516294052925897,0.9805924024489884,0.9573884032264875,0.9546433548714051,0.9480130073060518,8.50716303127233e-05,0.9480130073060518,8.50716303127233e-05,,0.8,
42,any,nf2018v2,rf,0.001,buffer_holdout,2103,DDOS attack-HOIC,0.9590296539800454,0.9793122709497919,0.0014405462732954481,0.9805139097025135,0.9530385573715107,0.9390599265171671,0.9338232188859327,0.0005331155499597327,0.9338232188859327,0.0005331155499597327,0.9923731535003212,0.8,0.596667
42,any,nf2018v2,rf,0.001,buffer_holdout,2103,DoS attacks-Hulk,0.9563721578454945,0.9778709305066213,0.0009357879334399564,0.9798117827959596,0.945563579543055,0.9311626335571603,0.9081042273744668,0.00043102959358446477,0.9081042273744668,0.00043102959358446477,0.8855672144129876,0.8,0.596667
42,any,nf2018v2,rf,0.001,buffer_holdout,2102,DDoS attacks-LOIC-HTTP,0.9107497065955592,0.953574016082659,0.0005331155499597327,0.9797841939725584,0.9527007052662697,0.8700114025085519,0.8475864690231851,0.00022118623881308062,0.8475864690231851,0.00022118623881308062,0.0,0.8,0.61
42,any,nf2018v2,lgbm,0.0001,buffer_strat,217,,0.903267570215251,0.9516308212644344,0.011910028243781264,0.9716861860154891,0.9162126779002492,0.8915917057308164,0.8525697875754888,0.0005955014121890632,0.8525697875754888,0.0005955014121890632,,0.1,
42,any,nf2018v2,lgbm,0.001,buffer_strat,2102,,0.961725791726759,0.9806083970044965,0.0007372874627102687,0.9814209485992589,0.9483930909244478,0.9388487689513916,0.9296845305967313,5.6714420208482205e-06,0.9296845305967313,5.6714420208482205e-06,,0.2,
42,any,nf2018v2,lgbm,0.01,buffer_strat,21001,,0.9736689500113244,0.9867000925113351,0.00036864373135513437,0.9853952370255374,0.9590776637526922,0.9574728662527978,0.9552345960555767,0.0001644718186045984,0.9552345960555767,0.0001644718186045984,,0.9,
42,any,nf2018v2,lgbm,0.0001,buffer_diversity,210,,0.9518394828611078,0.9755506614825512,0.0011172740781070995,0.9728090590498337,0.9405380294775961,0.9206047552683813,0.8268085645508678,4.5371536166785764e-05,0.8268085645508678,4.5371536166785764e-05,,0.0,
42,any,nf2018v2,lgbm,0.001,buffer_diversity,2100,,0.9622975162008016,0.9810835738419592,0.002506777373214914,0.9818761392535357,0.956079226318679,0.9521094640820981,0.9461548207272267,9.074307233357153e-05,0.9461548207272267,9.074307233357153e-05,,0.2,
42,any,nf2018v2,lgbm,0.001,buffer_holdout,2103,DDOS attack-HOIC,0.9640754470444343,0.9818250716225154,0.0007826589988770545,0.9818138612687036,0.9522783901347185,0.9446344862536424,0.9041766966510411,9.074307233357153e-05,0.9041766966510411,9.074307233357153e-05,0.9533558124598587,0.2,0.999549
42,any,nf2018v2,lgbm,0.001,buffer_holdout,2103,DoS attacks-Hulk,0.9619966437816954,0.9807393982521856,0.0006749016004809383,0.9814845737225686,0.94915325816124,0.939017695004012,0.8861860720469614,0.0,0.8861860720469614,0.0,0.818451791724411,0.2,0.999608
42,any,nf2018v2,lgbm,0.001,buffer_holdout,2102,DDoS attacks-LOIC-HTTP,0.9123128755620169,0.954430629780894,0.0005558013180431257,0.9775540235763769,0.9372862029646523,0.857722032180413,0.8419274462603995,5.6714420208482205e-06,0.8419274462603995,5.6714420208482205e-06,0.0,0.2,0.999569
42,any,nf2018v2,mlp,0.0001,buffer_strat,217,,0.8931536657894262,0.9455630492273746,0.004764011297512505,0.9587079700990766,0.9100046454664471,0.7269732674521728,0.8923941044807635,0.007129002620206213,0.8923941044807635,0.007129002620206213,,0.1,
42,any,nf2018v2,mlp,0.001,buffer_strat,2102,,0.9401013519738655,0.9696536728558294,0.0022799196923809846,0.97282506124463,0.9305291608598336,0.9004180919802357,0.9290932894125596,0.008337019770646884,0.8923096414544534,0.0007259445786685722,,2.2,
42,any,nf2018v2,mlp,0.01,buffer_strat,21001,,0.9605731359993389,0.9800875946310037,0.0012930887807533944,0.9808105838839711,0.9485620169770683,0.9303602348072132,0.9486042484902234,0.010015766608817958,0.936821656319946,0.0011002597520445548,,2.1,
42,any,nf2018v2,mlp,0.0001,buffer_diversity,210,,0.9357456039184465,0.9676019833663644,0.003578679915155227,0.9670675965657036,0.9187465686895562,0.8165463068541746,0.8618607204696144,0.001463232041378841,0.8618607204696144,0.001463232041378841,,0.3,
42,any,nf2018v2,mlp,0.001,buffer_diversity,2100,,0.9656894087764336,0.9826816626105435,0.0010151881217318316,0.9815003798276261,0.9525740107268044,0.9476751552008108,0.95278516829258,0.013481017683556222,0.9490687951349297,0.0015199464615873232,,2.0,
42,any,nf2018v2,mlp,0.001,buffer_holdout,2103,DDOS attack-HOIC,0.9354034318407644,0.967246282539614,0.0024840916051315208,0.9748033314855752,0.9328096625702099,0.9029097512563875,0.9320072638202627,0.009193407515794966,0.9001224713881498,0.00047072968773040233,1.0,0.8,0.142936
42,any,nf2018v2,mlp,0.001,buffer_holdout,2103,DoS attacks-Hulk,0.92093467265361,0.9597633826158045,0.0029151211987159856,0.9711331405782785,0.9222517842814308,0.7834790320537185,0.9145234173740445,0.006102471614432685,0.7509607669242789,0.0007996733249395992,0.924371411601663,0.7,0.231322
42,any,nf2018v2,mlp,0.001,buffer_holdout,2102,DDoS attacks-LOIC-HTTP,0.8853773309905586,0.9401436951155344,0.0015199464615873232,0.9672741605381507,0.9170150766501963,0.7794248067908273,0.9190421892816419,0.011365569809779834,0.7651927868575531,0.00042535815156361656,0.8490488006617039,1.7,0.088536
42,any,nfunswv2,rf,0.0001,buffer_strat,144,,0.8761985266844862,0.9352576343039536,0.010231654212697852,0.9040183839570883,0.9182323365969833,0.23339507806297963,0.5865308282614449,0.009052078028704752,0.5865308282614449,0.009052078028704752,,0.6,
42,any,nfunswv2,rf,0.001,buffer_strat,1392,,0.9017121184941622,0.9501122796415187,0.0062616268797871565,0.9594151987514061,0.9994707594601746,0.37165916909235247,0.8217782482138132,0.004359755147005331,0.8217782482138132,0.004359755147005331,,0.7,
42,any,nfunswv2,rf,0.01,buffer_strat,13907,,0.9416738256656513,0.9706338461094373,0.003419212022323609,0.9873924858643461,1.0,0.7102408044456205,0.9441651230484255,0.002837218486608952,0.9441651230484255,0.002837218486608952,,0.8,
42,any,nfunswv2,rf,0.0001,buffer_diversity,139,,0.8163812033481521,0.9079048103921088,0.005373047463651386,0.9368473078568172,0.9924583223074888,0.22294257740142895,0.41730616565228895,0.002525436235333243,0.41730616565228895,0.002525436235333243,,0.6,
42,any,nfunswv2,rf,0.001,buffer_diversity,1391,,0.9217907621141733,0.9607482934524381,0.004011598299747457,0.9768409932929092,1.0,0.5234188938872718,0.8328922995501455,0.0028060402614813813,0.8328922995501455,0.0028060402614813813,,0.7,
42,any,nfunswv2,rf,0.001,buffer_holdout,1393,Exploits,0.7520535568491178,0.8742558101857202,0.005399029317924362,0.9471159636271125,0.9865043662344536,0.36596983328922994,0.580312251918497,0.002722898327807859,0.580312251918497,0.002722898327807859,0.27366323480571236,0.7,0.673333
42,any,nfunswv2,rf,0.001,buffer_holdout,1392,Fuzzers,0.8773916939297951,0.9385030020644878,0.005923862774238472,0.963973317933851,0.999206139190262,0.47816882773220426,0.7336596983328924,0.0043285769218777605,0.7336596983328924,0.0043285769218777605,0.5923965351299326,0.7,0.71
42,any,nfunswv2,rf,0.001,buffer_holdout,1393,Reconnaissance,0.9001093760000767,0.949296001867511,0.006355161555169869,0.9530485481404651,0.9990738290553056,0.3176766340301667,0.8659698332892299,0.005399029317924362,0.8659698332892299,0.005399029317924362,0.9857651245551602,0.8,0.69
42,any,nfunswv2,lgbm,0.0001,buffer_strat,144,,0.7394773684828944,0.8697386833450658,0.009841926398603216,0.8597979175655568,0.7516538766869543,0.11166975390314898,0.7222810267266473,0.009467787697072365,0.7222810267266473,0.009467787697072365,,0.0,
42,any,nfunswv2,lgbm,0.001,buffer_strat,1392,,0.8783335913449848,0.9389009712772827,0.006121324866713088,0.9413415906727295,0.9960306959513099,0.1946282085207727,0.5870600688012702,0.002520239864478648,0.5870600688012702,0.002520239864478648,,0.1,
42,any,nfunswv2,lgbm,0.01,buffer_strat,13907,,0.9406611226839506,0.9702103783423679,0.003169786221303042,0.9853809813518211,0.9990738290553056,0.7132839375496163,0.7691188145011908,0.001278307230230407,0.7691188145011908,0.001278307230230407,,0.5,
42,any,nfunswv2,lgbm,0.0001,buffer_diversity,139,,0.5434856576318179,0.746869171329603,0.0026085781690067655,0.9080451164745269,0.826806033342154,0.18047102408044458,0.11299285525271235,0.00042610241007680236,0.11299285525271235,0.00042610241007680236,,0.1,
42,any,nfunswv2,lgbm,0.001,buffer_diversity,1391,,0.9099137600864858,0.9549434849168033,0.003720601531890128,0.970870076851478,0.9997353797300873,0.5187880391637999,0.5562318073564435,0.0012471290051028362,0.5562318073564435,0.0012471290051028362,,0.2,
42,any,nfunswv2,lgbm,0.001,buffer_holdout,1393,Exploits,0.7586240660708163,0.8760729869271502,0.004006401928892862,0.9376097039311899,0.8933580312251919,0.277057422598571,0.4416512304842551,0.0019538354413277765,0.4416512304842551,0.0019538354413277765,0.2311524410494852,0.1,0.999787
42,any,nfunswv2,lgbm,0.001,buffer_holdout,1392,Fuzzers,0.7830936903328994,0.8904515067526059,0.0051288180334854135,0.9399291604127016,0.9663932257210902,0.3186028049748611,0.5739613654405927,0.003730994273599318,0.5739613654405927,0.003730994273599318,0.3960538979788258,0.1,0.999865
42,any,nfunswv2,lgbm,0.001,buffer_holdout,1393,Reconnaissance,0.8700667449821218,0.9348938759660199,0.00601220107876659,0.9302971729955003,0.9978830378406987,0.11272823498279969,0.6000264620269913,0.0027800584072084056,0.6000264620269913,0.0027800584072084056,0.5658362989323843,0.1,0.999801
42,any,nfunswv2,mlp,0.0001,buffer_strat,144,,0.6738046434465649,0.8352804798595577,0.00808035667889546,0.8267334304299909,0.8073564435035724,0.032415983064302725,0.5676104789626886,0.005835524469710354,0.5676104789626886,0.005835524469710354,,0.1,
42,any,nfunswv2,mlp,0.001,buffer_strat,1392,,0.8724595041636478,0.9362181098831457,0.004515646272643186,0.9083464198567264,0.9347711034665256,0.11577136808679545,0.855781952897592,0.0041467039419669305,0.855781952897592,0.0041467039419669305,,1.2,
42,any,nfunswv2,mlp,0.01,buffer_strat,13907,,0.9020094267814196,0.9506935857834092,0.005305494642541649,0.9544747544946003,0.9817412013760254,0.34665255358560465,0.9812119608362001,0.009852319140312406,0.3913733792008468,0.0012159507799752653,,3.3,
42,any,nfunswv2,mlp,0.0001,buffer_diversity,139,,0.7163658094210911,0.8563378527841923,0.006474678084825558,0.8704719776249396,0.8074887536385287,0.21884096321778249,0.563508864779042,0.004645555544008065,0.563508864779042,0.004645555544008065,,0.1,
42,any,nfunswv2,mlp,0.001,buffer_diversity,1391,,0.8691654059013677,0.9344246218792949,0.006121324866713088,0.9346399385946761,0.9937814236570521,0.15467054776395872,0.7749404604392697,0.004214256763076667,0.11749139984122783,0.0006599390985335842,,0.6,
42,any,nfunswv2,mlp,0.001,buffer_holdout,1393,Exploits,0.44079259432336043,0.6778063377862054,0.001590089481506116,0.8543510538075483,0.7591955543794655,0.14712887007144748,0.5813707329981477,0.0037725652404360793,0.4211431595660228,0.002374741480549984,0.3035536366655596,0.7,0.089229
42,any,nfunswv2,mlp,0.001,buffer_holdout,1392,Fuzzers,0.8542504604425493,0.9270543644603106,0.004749482961099968,0.8989923916956409,0.9206139190261974,0.13257475522625034,0.8319661286054512,0.00429739869675019,0.8027255887801006,0.003585495889670654,0.7863330125120308,1.2,0.557162
42,any,nfunswv2,mlp,0.001,buffer_holdout,1393,Reconnaissance,0.8349198094165787,0.9174565623259457,0.006412321634570416,0.8969287890194939,0.9251124636147129,0.12251918496956866,0.8609420481608892,0.0066669438064455785,0.5455146864249801,0.0030866442876295195,0.9795373665480427,0.8,0.461527
42,any,nftonv2,rf,0.0001,buffer_strat,213,,0.8729442246372302,0.9364647322635933,0.088372687128207,0.9727572774937576,0.8556581747556767,0.0,0.9478914853612678,0.04218824130506186,0.9478914853612678,0.04218824130506186,,0.6,
42,any,nftonv2,rf,0.001,buffer_strat,2100,,0.9356466158206889,0.967705278851059,0.06235173898762819,0.9927847804453904,0.8911892118983175,0.0,0.9760394498508922,0.04178679610233203,0.9760394498508922,0.04178679610233203,,0.8,
42,any,nftonv2,rf,0.01,buffer_strat,21000,,0.966984422109598,0.9834374089623901,0.03467026750848509,0.996993723512599,0.9679538833446972,0.0,0.9915356377886595,0.02518156271668917,0.9915356377886595,0.02518156271668917,,1.4,
42,any,nftonv2,rf,0.0001,buffer_diversity,210,,0.8809746985893511,0.9404838828296677,0.0890660924783767,0.9750709801512454,0.844170334097812,0.0,0.9214859811153123,0.05824604941425495,0.9214859811153123,0.05824604941425495,,0.6,
42,any,nftonv2,rf,0.001,buffer_diversity,2100,,0.9459239125352014,0.9728584334981829,0.05392138973030181,0.9939158507767307,0.8802454596169342,0.0,0.9795381447275081,0.03554614795080471,0.9795381447275081,0.03554614795080471,,0.8,
42,any,nftonv2,rf,0.001,buffer_holdout,2100,scanning,0.5915073110249972,0.7529817256433091,0.02390423707163972,0.7331981705178365,0.6495864239619276,0.0,0.6791944737150216,0.015966570563118135,0.6791944737150216,0.015966570563118135,0.006621503496503496,0.8,0.726667
42,any,nftonv2,rf,0.001,buffer_holdout,2099,xss,0.9357065108957607,0.967794164204046,0.05773511915623517,0.9934381398913423,0.8825595570156408,0.5646604268683237,0.9748755139569,0.04149483595489216,0.9748755139569,0.04149483595489216,0.9740030017152659,0.8,0.633333
42,any,nftonv2,rf,0.001,buffer_holdout,2100,ddos,0.9395473319040777,0.9696600886141195,0.05923141491186453,0.9920059788222935,0.7777502289992217,0.0,0.978539501504852,0.042717419072296633,0.978539501504852,0.042717419072296633,0.9831553617085276,0.7,0.63
42,any,nftonv2,lgbm,0.0001,buffer_strat,213,,0.8467710817392476,0.9233569827761501,0.10366409985037042,0.9691026761649888,0.6222924716075401,0.12295708589020435,0.8671460154135416,0.027006313638188388,0.8671460154135416,0.027006313638188388,,0.3,
42,any,nftonv2,lgbm,0.001,buffer_strat,2100,,0.932430527676789,0.9661065559137851,0.06404875734462245,0.991591789223335,0.827227835285853,0.31055049346749586,0.9438280405242533,0.027699718988358088,0.9438280405242533,0.027699718988358088,,0.3,
42,any,nftonv2,lgbm,0.01,buffer_strat,21000,,0.9693389129460037,0.9846297822488088,0.03136746834057151,0.9973234320089528,0.9583393596286425,0.6072715000998643,0.9927546712397639,0.025583007919419,0.9927546712397639,0.025583007919419,,0.8,
42,any,nftonv2,lgbm,0.0001,buffer_diversity,210,,0.8675913672603119,0.9337652871081776,0.10397430750702528,0.9507886486660657,0.38805898193488847,0.05252863351171167,0.8825113466531678,0.036841721105069156,0.8825113466531678,0.036841721105069156,,0.1,
42,any,nftonv2,lgbm,0.001,buffer_diversity,2100,,0.9437182690216142,0.9717762306947806,0.05397613225794679,0.9933241352915875,0.8617602292058376,0.28592188543840436,0.9405703974600026,0.018612459399291997,0.9405703974600026,0.018612459399291997,,0.4,
42,any,nftonv2,lgbm,0.001,buffer_holdout,2100,scanning,0.5886268774155446,0.7517732411287521,0.02667785847231853,0.7736792790713191,0.6403575831456573,0.309772240473288,0.6586430849122227,0.011970366045034852,0.6586430849122227,0.011970366045034852,0.003299825174825175,0.3,0.999892
42,any,nftonv2,lgbm,0.001,buffer_holdout,2099,xss,0.9219037008258277,0.9609457725471866,0.0602350279186891,0.9894796798875929,0.7573641328677589,0.26501236251437704,0.9065269943593876,0.021386080799970803,0.9065269943593876,0.021386080799970803,0.8125,0.4,0.999798
42,any,nftonv2,lgbm,0.001,buffer_holdout,2100,ddos,0.9329434662357241,0.9664043076700732,0.06049049304769899,0.9911354888420958,0.7994311177228179,0.28472351357121706,0.9348402515203482,0.023320316776759973,0.9348402515203482,0.023320316776759973,0.9170551962701158,0.4,0.999724
42,any,nftonv2,mlp,0.0001,buffer_strat,213,,0.6570746325098591,0.8285367359289191,0.2500091237546075,0.8581348664509617,0.0,0.0,0.7545748190389608,0.1549213532352834,0.7545748190389608,0.1549213532352834,,0.3,
42,any,nftonv2,mlp,0.001,buffer_strat,2100,,0.9079778559277175,0.9539041494470217,0.0799970803985256,0.9684704283079912,0.26864880128377305,0.0,0.953366805099279,0.0546512900989015,0.7751193206471209,0.0274442538593482,,2.0,
42,any,nftonv2,mlp,0.01,buffer_strat,21000,,0.9356558783057713,0.9676513306013781,0.06583701324769169,0.9897801811994374,0.8557890314538179,0.1845079443790161,0.9328016419072019,0.01686069851465275,0.6922939179184143,0.005273530163132732,,4.4,
42,any,nftonv2,mlp,0.0001,buffer_diversity,210,,0.6915337496187812,0.8457531129227271,0.2290792306850115,0.8872615831268731,0.1470002823749802,0.015812998891161664,0.8622698816091241,0.1842268530345608,0.8622698816091241,0.1842268530345608,,0.3,
42,any,nftonv2,mlp,0.001,buffer_diversity,2100,,0.9216988939574216,0.9607721355860621,0.06946826758147513,0.9806296514617894,0.5030269220438439,0.05182613965853289,0.9653160877979573,0.046969088719389804,0.8578965130133542,0.02644064085252363,,3.9,
42,any,nftonv2,mlp,0.001,buffer_holdout,2100,scanning,0.5756045895801064,0.7450270380861561,0.03550965293237473,0.8178454489492755,0.409126910335613,0.06607574536663981,0.683071964296783,0.040728440567862484,0.5390469500058541,0.015638115397248277,0.016783216783216783,2.1,0.358071
42,any,nftonv2,mlp,0.001,buffer_holdout,2099,xss,0.7946751579851182,0.8973375622487348,0.14888142768512097,0.9471600160202571,0.29926926864880127,0.06492558386192553,0.5878840471910577,0.029980657640232108,0.3162944137964283,0.010364585234115544,0.5184391080617495,1.2,0.915505
42,any,nftonv2,mlp,0.001,buffer_holdout,2100,ddos,0.8730326815384751,0.9364035206141802,0.07705923141491186,0.9609820553641195,0.1863950357101042,0.0,0.9303566878103542,0.05757089157330025,0.7921238042108308,0.032462318893471044,0.836328771243796,2.0,0.823175
42,any,nfbotv2,rf,0.0001,buffer_strat,211,,0.216992622689214,0.5495595677911442,0.9463647199046484,0.7329232737913212,0.0,0.0,0.9919914039395263,0.3110846245530393,0.9919914039395263,0.3110846245530393,,0.5,
42,any,nfbotv2,rf,0.001,buffer_strat,2101,,0.7254914102759167,0.8538906277817087,0.41835518474374256,0.9257908096785659,0.0,0.0,0.9996384834380225,0.1871275327771156,0.9996384834380225,0.1871275327771156,,0.8,
42,any,nfbotv2,rf,0.01,buffer_strat,21000,,0.8904987449953482,0.9443655635561213,0.1632896305125149,0.9815726305470895,0.9972133098347568,0.9972133098347568,0.9997137993884345,0.09415971394517282,0.9997137993884345,0.09415971394517282,,1.0,
42,any,nfbotv2,rf,0.0001,buffer_diversity,210,,0.6113176835305077,0.8053290953581718,0.41477949940405245,0.8481417193537706,0.0,0.0,0.9961287601488243,0.2550655542312277,0.9961287601488243,0.2550655542312277,,0.6,
42,any,nfbotv2,rf,0.001,buffer_diversity,2100,,0.8772455649350447,0.9378071245226197,0.17401668653158522,0.9683515790693826,0.9948232836750167,0.9945069566832864,0.9994476830303122,0.08700834326579261,0.9994476830303122,0.08700834326579261,,0.8,
42,any,nfbotv2,rf,0.001,buffer_holdout,2101,DDoS,0.6904336385731524,0.840308166114899,0.18116805721096543,0.9077160583828141,0.9203860193511781,0.639989757030744,0.9973639417355807,0.17044100119189512,0.9973639417355807,0.17044100119189512,0.9952404276161676,0.7,0.666667
42,any,nfbotv2,rf,0.001,buffer_holdout,2101,DoS,0.7745147665584559,0.8824935618222522,0.33730631704410013,0.9291041917987889,0.9595754188822109,0.7038476408533799,0.9995581464242498,0.17163289630512515,0.9995581464242498,0.17163289630512515,0.9998773621718045,0.7,0.693333
42,any,nfbotv2,rf,0.001,buffer_holdout,2101,Reconnaissance,0.1963495463928712,0.5420629105052939,0.2860548271752086,0.6011311079332391,0.9300063767504683,0.928414699665095,0.9481976893066414,0.16448152562574495,0.9481976893066414,0.16448152562574495,0.34178845039593125,0.7,0.663333
42,any,nfbotv2,lgbm,0.0001,buffer_strat,211,,0.4054627247441705,0.6993418992103554,0.5101311084624554,0.5903101552415781,0.004122293019215609,0.0017824774930834853,0.9870908460993869,0.3301549463647199,0.9870908460993869,0.3301549463647199,,0.0,
42,any,nfbotv2,lgbm,0.001,buffer_strat,2101,,0.7755071246652027,0.8819917504494744,0.3468414779499404,0.8826591547168455,0.6794502939832597,0.43289097765124696,0.9990811454049738,0.1871275327771156,0.9990811454049738,0.1871275327771156,,0.1,
42,any,nfbotv2,lgbm,0.01,buffer_strat,21000,,0.8772887146612782,0.938074616381168,0.16567342073897498,0.9645836635532365,0.9985187863085644,0.6575785419836213,0.9994778094104769,0.09654350417163289,0.9994778094104769,0.09654350417163289,,0.4,
42,any,nfbotv2,lgbm,0.0001,buffer_diversity,210,,0.5749498738071286,0.7872343477085115,0.399284862932062,0.8182747737790043,0.1651377528733035,0.11786444133138516,0.9966308664849042,0.2967818831942789,0.9966308664849042,0.2967818831942789,,0.2,
42,any,nfbotv2,lgbm,0.001,buffer_diversity,2100,,0.8854732420365441,0.9423500619259275,0.1501787842669845,0.9694342075023334,0.9979112376419078,0.9921420358403503,0.9990911875316955,0.015494636471990465,0.9990911875316955,0.015494636471990465,,0.1,
42,any,nfbotv2,lgbm,0.001,buffer_holdout,2101,DDoS,0.6659519880892808,0.8287965038124974,0.21811680572109654,0.8613293854640076,0.24367220489955363,0.24356676256897686,0.9936533759119507,0.15613825983313467,0.9936533759119507,0.15613825983313467,0.9884577707738831,0.1,0.999704
42,any,nfbotv2,lgbm,0.001,buffer_holdout,2101,DoS,0.8297417021725811,0.9130776766115216,0.2431466030989273,0.904979115504998,0.5516240629440503,0.5280903389719875,0.9990108505179227,0.14421930870083433,0.9990108505179227,0.14421930870083433,0.9999108088522214,0.1,0.999437
42,any,nfbotv2,lgbm,0.001,buffer_holdout,2101,Reconnaissance,0.15468107804998046,0.5306138678126332,0.4231227651966627,0.6209674878192524,0.3931141137070009,0.3455646436802386,0.9469976551634105,0.20381406436233612,0.9469976551634105,0.20381406436233612,0.33535054400309017,0.1,0.999473
42,any,nfbotv2,mlp,0.0001,buffer_strat,211,,0.08521311901626515,0.507221003284372,0.9916567342073898,0.5391190158037809,0.0,0.0,0.998604144385698,0.8915375446960667,0.998604144385698,0.8915375446960667,,0.1,
42,any,nfbotv2,mlp,0.001,buffer_strat,2101,,0.6500893936409267,0.8042993421042212,0.5482717520858165,0.7827526652733114,0.0,0.0,0.9962894341763698,0.3396901072705602,0.9962894341763698,0.3396901072705602,,0.6,
42,any,nfbotv2,mlp,0.01,buffer_strat,21000,,0.7544048080784458,0.8712098673848004,0.36829558998808104,0.8871572647641849,0.0,0.0,0.9540522491853325,0.08820023837902265,0.9540522491853325,0.08820023837902265,,1.7,
42,any,nfbotv2,mlp,0.0001,buffer_diversity,210,,0.634556404465511,0.8130369748365005,0.4600715137067938,0.7858152158782921,0.0,0.0,0.9973237732286944,0.3528009535160906,0.9973237732286944,0.3528009535160906,,0.1,
42,any,nfbotv2,mlp,0.001,buffer_diversity,2100,,0.7827334710576384,0.8907607425049162,0.2586412395709178,0.8593938554724605,0.0,0.0,0.9992167141157154,0.2300357568533969,0.9992167141157154,0.2300357568533969,,1.1,
42,any,nfbotv2,mlp,0.001,buffer_holdout,2101,DDoS,0.5209194164382631,0.7600482518376859,0.4469606674612634,0.7667240650032998,0.0,0.0,0.7733692841469967,0.2824791418355185,0.7733692841469967,0.2824791418355185,0.5289620511946846,2.2,0.98759
42,any,nfbotv2,mlp,0.001,buffer_holdout,2101,DoS,0.36608441778747597,0.681771655531922,0.6722288438617402,0.7337423606589926,0.0,0.0,0.9958977912342276,0.3492252681764005,0.9958977912342276,0.3492252681764005,0.999933106639166,0.7,0.948344
42,any,nfbotv2,mlp,0.001,buffer_holdout,2101,Reconnaissance,0.13914049338214596,0.5299997963582828,0.5089392133492253,0.6048497749394006,0.0,0.0,0.9540171017418069,0.26102502979737785,0.9540171017418069,0.26102502979737785,0.41518058327431917,0.6,0.873702
