seed,source,target,model,budget,strategy,n_train,macro_f1,weighted_f1,mcc,auprc_macro,fp_rate,brier,ece,mcc_best_thr,thr_best,single_class_buffer,fit_s
42,nf2018v2,nf2018v2,rf,0,in_domain,249999,0.9884052180472929,0.9951994302480829,0.9770527113321592,0.9846149472177047,0.00011342884041696441,0.005026432090061772,0.005231207177297355,0.9686953889998994,0.9966666666666667,0,48
42,nf2018v2,nfunswv2,rf,0,zero_shot,249999,0.49300494086008717,0.9436911708691015,0.01774516410626893,0.482504028346021,0.0005092443437503248,0.07024142205555556,0.17243268333333336,0.035150879869758504,0.02,0,48
42,nf2018v2,nfunswv2,rf,0.0001,calibrate,144,0.49037055157195203,0.943678896856096,0.0,0.5342698227202077,0.0,0.03712702784072348,0.03164538417300242,0.21133321358648405,0.07607224660946489,0,
42,nf2018v2,nfunswv2,rf,0.0001,buffer_only,144,0.9352576343039536,0.9900339590895173,0.8761985266844862,0.9040183839570883,0.010231654212697852,0.00965410088888889,0.010306666666666608,0.8691320965130049,0.54,0,1
42,nf2018v2,nfunswv2,rf,0.0001,augment,250143,0.7669343198986596,0.9704187709069406,0.5764482825552912,0.9268884147191772,0.0026657382484073125,0.014670388777777776,0.022605399999999887,0.8282358136764923,0.18666666666666668,0,48
42,nf2018v2,nfunswv2,rf,0.001,calibrate,1392,0.49037055157195203,0.943678896856096,0.0,0.5342698227202077,0.0,0.035842930521739445,0.003489674349744857,0.21133321358648405,0.05469462715521568,0,
42,nf2018v2,nfunswv2,rf,0.001,buffer_only,1392,0.9501122796415187,0.9925414930951967,0.9017121184941622,0.9594151987514061,0.0062616268797871565,0.0060686755000000005,0.0026485166666666213,0.8952025016327083,0.2833333333333333,0,1
42,nf2018v2,nfunswv2,rf,0.001,augment,251391,0.9185801551861363,0.988512929948639,0.8391895694903537,0.9644609660593753,0.0033308737177954917,0.007515333277777778,0.004039550000000129,0.9198133654795472,0.29,0,49
42,nf2018v2,nfunswv2,rf,0.01,calibrate,13907,0.49037055157195203,0.943678896856096,0.0,0.5342698227202077,0.0,0.03538360931660803,0.018177766455970995,0.21133321358648405,0.07751720172935493,0,
42,nf2018v2,nfunswv2,rf,0.01,buffer_only,13907,0.9706338461094373,0.9956693103423445,0.9416738256656513,0.9873924858643461,0.003419212022323609,0.0035354229444444453,0.000798616666666726,0.9390426066936438,0.3,0,2
42,nf2018v2,nfunswv2,rf,0.01,augment,263906,0.9687072022412124,0.9954067351691664,0.9375937705479682,0.9857482530857555,0.0031593934795938515,0.003904050666666666,0.0018167666666666963,0.9369749386615353,0.2733333333333333,0,56
42,nf2018v2,nfunswv2,rf,0.05,calibrate,69537,0.49037055157195203,0.943678896856096,0.0,0.5342698227202077,0.0,0.03534905237978768,0.012286194779111286,0.21133321358648405,0.08540253093958136,0,
42,nf2018v2,nfunswv2,rf,0.05,buffer_only,69537,0.9735993965965528,0.9961175067634205,0.947460954031949,0.9899997882727962,0.0029463422745554507,0.0030109805000000005,0.0006562500000001075,0.9432109442229145,0.26666666666666666,0,5
42,nf2018v2,nfunswv2,rf,0.1,calibrate,139072,0.49037055157195203,0.943678896856096,0.0,0.5342698227202077,0.0,0.03534936386141308,0.012003580131975554,0.21133321358648405,0.08604337750736965,0,
42,nf2018v2,nfunswv2,rf,0.1,buffer_only,139072,0.9759957363201459,0.9964767932505734,0.9521709432394554,0.9906366437298517,0.00259298905644298,0.0027886917777777778,0.0007113333333332641,0.9456290257432535,0.26,0,7
42,nf2018v2,nftonv2,rf,0,zero_shot,249999,0.2772332725386562,0.2247675123618267,-0.10391177406559164,0.5745387800434103,0.16703769935403817,0.5436683319527708,0.5687160269134679,0.289746575725313,0.0033333333333333335,0,48
42,nf2018v2,nftonv2,rf,0.0001,calibrate,213,0.42062190755396933,0.6107334447783608,0.0,0.5002462167402513,1.0,0.19894697960048607,0.14414438643059999,0.3223161750898652,0.6792352710147077,0,
42,nf2018v2,nftonv2,rf,0.0001,buffer_only,213,0.9364647322635933,0.9493791795148282,0.8729442246372302,0.9727572774937576,0.088372687128207,0.04051642019321208,0.025308543209382705,0.8861326043451798,0.62,0,2
42,nf2018v2,nftonv2,rf,0.0001,augment,250212,0.8533337915387206,0.8818315837374686,0.7078810965783987,0.8553344026681151,0.1778767198277435,0.10895366160164136,0.08475570711186889,0.7231723085476136,0.37,0,51
42,nf2018v2,nftonv2,rf,0.001,calibrate,2100,0.42062190755396933,0.6107334447783608,0.0,0.5002462167402513,1.0,0.1989059280933146,0.15213934924299533,0.3223161750898652,0.695440686913566,0,
42,nf2018v2,nftonv2,rf,0.001,buffer_only,2100,0.967705278851059,0.9744299835965797,0.9356466158206889,0.9927847804453904,0.06235173898762819,0.019882478967950392,0.007381536907684427,0.9354995771226279,0.4666666666666667,0,2
42,nf2018v2,nftonv2,rf,0.001,augment,252099,0.9210738622579232,0.9374907542266078,0.8423449477557687,0.9731882099075804,0.12853545491040472,0.04452185594261305,0.008586342931714711,0.8472123258740344,0.6266666666666667,0,50
42,nf2018v2,nftonv2,rf,0.01,calibrate,21000,0.42062190755396933,0.6107334447783608,0.0,0.5002462167402513,1.0,0.1989015074801545,4.112555585344957e-05,0.3223161750898652,0.7017948157122694,0,
42,nf2018v2,nftonv2,rf,0.01,buffer_only,21000,0.9834374089623901,0.9868651140680653,0.966984422109598,0.996993723512599,0.03467026750848509,0.010242898270046909,0.00431733825335776,0.9672557069315891,0.5966666666666667,0,3
42,nf2018v2,nftonv2,rf,0.01,augment,270999,0.9787496164786278,0.9831127608731284,0.9575155290211226,0.9964249593610311,0.034962227655924966,0.013432466662333314,0.007043885219426013,0.9575947666356335,0.5266666666666666,0,50
42,nf2018v2,nftonv2,rf,0.05,calibrate,105000,0.42062190755396933,0.6107334447783608,0.0,0.5002462167402513,1.0,0.1989094495980655,5.568285609602874e-06,0.3223161750898652,0.7158512118381379,0,
42,nf2018v2,nftonv2,rf,0.05,buffer_only,105000,0.9898907921081345,0.9919703972822287,0.9798130676390084,0.9981486858587068,0.020400715302361226,0.006677562332256108,0.0037644688223440704,0.97920732606697,0.59,0,14
42,nf2018v2,nftonv2,rf,0.1,calibrate,210000,0.42062190755396933,0.6107334447783608,0.0,0.5002462167402513,1.0,0.19890949244453143,5.738457507065142e-06,0.3223161750898652,0.7158820824860572,0,
42,nf2018v2,nftonv2,rf,0.1,buffer_only,210000,0.991219374676248,0.9930240050324997,0.9824624469465004,0.9983623291190087,0.01771833144775738,0.005785245870673799,0.0032266661333306386,0.9820131096690483,0.6,0,32
42,nf2018v2,nfbotv2,rf,0,zero_shot,249999,0.04942952056622739,0.0897631688794609,0.014045895673138357,0.5141361806847943,0.0011918951132300357,0.6092299578888889,0.7367188000000001,0.1770706314836578,0.013333333333333334,0,48
42,nf2018v2,nfbotv2,rf,0.0001,calibrate,211,0.49894904562319464,0.9937119087536106,0.0,0.5141361806847943,1.0,0.004177813283184552,0.0005956636815108718,0.1770706314836578,0.9951774245439738,0,
42,nf2018v2,nfbotv2,rf,0.0001,buffer_only,211,0.5495595677911442,0.994233162269195,0.216992622689214,0.7329232737913212,0.9463647199046484,0.003184733055555556,0.003739616666666546,0.4381574063568553,0.9933333333333333,0,1
42,nf2018v2,nfbotv2,rf,0.0001,augment,250210,0.7620630728528539,0.9943737624913233,0.5902701603468171,0.6511460709907855,0.03218116805721097,0.005993010833333333,0.008672916666666447,0.5831547068653096,0.48333333333333334,0,47
42,nf2018v2,nfbotv2,rf,0.001,calibrate,2101,0.49894904562319464,0.9937119087536106,0.0,0.5034378693890359,1.0,0.004177183924075483,7.645106263487467e-05,0.06977573228126333,0.9956443694900772,0,
42,nf2018v2,nfbotv2,rf,0.001,buffer_only,2101,0.8538906277817087,0.9977766193691682,0.7254914102759167,0.9257908096785659,0.41835518474374256,0.0014938797222222224,0.0012655166666666157,0.7117881700912531,0.8733333333333333,0,1
42,nf2018v2,nfbotv2,rf,0.001,augment,252100,0.860615694898478,0.9976004533302409,0.7224331848058307,0.8740645289567022,0.23361144219308702,0.0018020187222222222,0.0020371833333333216,0.771390941221788,0.5635825589225586,0,48
42,nf2018v2,nfbotv2,rf,0.01,calibrate,21000,0.49894904562319464,0.9937119087536106,0.0,0.5034378693890359,1.0,0.004175997735017211,2.845720238231486e-06,0.06977573228126333,0.9949930466861864,0,
42,nf2018v2,nfbotv2,rf,0.01,buffer_only,21000,0.9443655635561213,0.9990976783747287,0.8904987449953482,0.9815726305470895,0.1632896305125149,0.0006393544999999999,0.000302716666666559,0.844443022168621,0.9766666666666667,0,2
42,nf2018v2,nfbotv2,rf,0.01,augment,270999,0.9389385713194316,0.9989748435390703,0.8779166830702015,0.9742714616572397,0.11323003575685339,0.0007125921666666666,0.0004233833333337578,0.8347042079764933,0.86,0,49
42,nf2018v2,nfbotv2,rf,0.05,calibrate,105000,0.49894904562319464,0.9937119087536106,0.0,0.5034378693890359,1.0,0.004176921456021779,2.9984424086748618e-05,0.06977573228126333,0.9944472506044336,0,
42,nf2018v2,nfbotv2,rf,0.05,buffer_only,105000,0.9787924935385695,0.9996453154388606,0.9575865254951659,0.9930340120595462,0.04052443384982122,0.00029013766666666674,0.00018620000000002981,0.8524556025426255,0.9933333333333333,0,5
42,nf2018v2,nfbotv2,rf,0.1,calibrate,210001,0.49894904562319464,0.9937119087536106,0.0,0.5034378693890359,1.0,0.004176201701964848,1.8044885039980585e-05,0.06977573228126333,0.9947344987724653,0,
42,nf2018v2,nfbotv2,rf,0.1,buffer_only,210001,0.984299249781865,0.9997363232533405,0.9686476482794264,0.9957478683772164,0.021454112038140644,0.0002181892777777778,0.0001318166666666541,0.8542261634033028,0.9966666666666667,0,12
42,nf2018v2,nf2018v2,lgbm,0,in_domain,249999,0.9884304423158621,0.9952096972137982,0.9771010127012018,0.9876854383019344,0.00011910028243781263,0.004707917336759448,0.001484195722557914,0.9691339220811381,0.9948039393571124,0,4
42,nf2018v2,nfunswv2,lgbm,0,zero_shot,249999,0.5229656159971565,0.9463616587623261,0.13982493245919478,0.4971670698700526,0.0008210265950260339,0.0383795855459135,0.03917741717952009,0.1039898614949912,0.8916122495389559,0,4
42,nf2018v2,nfunswv2,lgbm,0.0001,calibrate,144,0.49037055157195203,0.943678896856096,0.0,0.5594734817208111,0.0,0.03737695686529453,0.033996007170331334,0.24298559711476175,0.06956936705861944,0,
42,nf2018v2,nfunswv2,lgbm,0.0001,buffer_only,144,0.8697386833450658,0.9810543979159116,0.7394773684828944,0.8597979175655568,0.009841926398603216,0.018937179923930958,0.018924746874750098,0.7302931078477918,0.0005759660896481417,0,1
42,nf2018v2,nfunswv2,lgbm,0.0001,augment,250143,0.8305394834852358,0.9774287952153964,0.6780614000517959,0.9028630095999484,0.0037465833861631036,0.01552033170326285,0.010505029955620014,0.7785281773727094,0.04581768993985804,0,8
42,nf2018v2,nfunswv2,lgbm,0.001,calibrate,1392,0.49037055157195203,0.943678896856096,0.0,0.5594734817208111,0.0,0.03638571434092319,0.0034844528219929224,0.24298559711476175,0.03898520030003126,0,
42,nf2018v2,nfunswv2,lgbm,0.001,buffer_only,1392,0.9389009712772827,0.9909664379973087,0.8783335913449848,0.9413415906727295,0.006121324866713088,0.008274576389537533,0.008187032063080232,0.8925369580419055,0.0003325121678391183,0,1
42,nf2018v2,nfunswv2,lgbm,0.001,augment,251391,0.9438076078525472,0.9917734441177747,0.8877027772217282,0.9492007352266294,0.0048378212656280855,0.006453805503423272,0.0016114442242967388,0.9002398208622453,0.3436184910426618,0,4
42,nf2018v2,nfunswv2,lgbm,0.01,calibrate,13907,0.49037055157195203,0.943678896856096,0.0,0.4971670698700526,0.0,0.03600528897509743,0.0016861411680971629,0.1039898614949912,0.24055703437277665,0,
42,nf2018v2,nfunswv2,lgbm,0.01,buffer_only,13907,0.9702103783423679,0.9956210427759311,0.9406611226839506,0.9853809813518211,0.003169786221303042,0.004039104994572826,0.003785767861384973,0.9410779828035302,0.010738400083919712,0,4
42,nf2018v2,nfunswv2,lgbm,0.01,augment,263906,0.9672410398956939,0.9951825933049177,0.9347395457155354,0.984684672853483,0.0034348011348873946,0.003836772697383052,0.0008785450826809858,0.932778614409011,0.2626264567901673,0,4
42,nf2018v2,nfunswv2,lgbm,0.05,calibrate,69537,0.49037055157195203,0.943678896856096,0.0,0.4971670698700526,0.0,0.03592155813960954,0.0015074269190864806,0.1039898614949912,0.30914083632831196,0,
42,nf2018v2,nfunswv2,lgbm,0.05,buffer_only,69537,0.97263666221806,0.9959825030545013,0.9454640344668889,0.988515697877665,0.0028787894534457134,0.0033873714309932573,0.002702248487996004,0.9429222868912012,0.07669451137798598,0,2
42,nf2018v2,nfunswv2,lgbm,0.1,calibrate,139072,0.49037055157195203,0.943678896856096,0.0,0.4971670698700526,0.0,0.03591178511244782,0.0014286243374534682,0.1039898614949912,0.3181872240341443,0,
42,nf2018v2,nfunswv2,lgbm,0.1,buffer_only,139072,0.9743626173094675,0.9962405299618372,0.9488703253372783,0.9910004313159828,0.0026397563941343368,0.0029533399684830916,0.001792100102487698,0.9450300629913965,0.1314645114398568,0,3
42,nf2018v2,nftonv2,lgbm,0,zero_shot,249999,0.39051857471335655,0.37414445234653504,0.059200855397791845,0.6894333094193617,0.17501186088098974,0.5689354021866492,0.5671041344722695,0.4761583795939519,0.00023600236756615993,0,4
42,nf2018v2,nftonv2,lgbm,0.0001,calibrate,213,0.42062190755396933,0.6107334447783608,0.0,0.6894333094193617,1.0,0.19852549329332603,0.017425522052638504,0.4761583795939519,0.7239567126526402,0,
42,nf2018v2,nftonv2,lgbm,0.0001,buffer_only,213,0.9233569827761501,0.9388585170339409,0.8467710817392476,0.9691026761649888,0.10366409985037042,0.054284063911388236,0.0503894612004043,0.847592103882264,0.33619832022616136,0,1
42,nf2018v2,nftonv2,lgbm,0.0001,augment,250212,0.8111698662123603,0.8452614397073666,0.6284730816724646,0.8945105548805747,0.1937338053355717,0.13162189418894044,0.09467202935651457,0.7162296047850858,0.029623292428103985,0,7
42,nf2018v2,nftonv2,lgbm,0.001,calibrate,2100,0.42062190755396933,0.6107334447783608,0.0,0.6894333094193617,1.0,0.19777476160688942,0.0224472914653997,0.4761583795939519,0.7083199798755676,0,
42,nf2018v2,nftonv2,lgbm,0.001,buffer_only,2100,0.9661065559137851,0.9731589529885061,0.932430527676789,0.991591789223335,0.06404875734462245,0.02464627259326194,0.02298150586298038,0.932598524084376,0.24729908234500478,0,2
42,nf2018v2,nftonv2,lgbm,0.001,augment,252099,0.9009687979938648,0.9216322866759468,0.8022036868044201,0.97281356246569,0.15984818072333126,0.05366862211341887,0.02773184203297029,0.8341084331427893,0.7684780184896378,0,4
42,nf2018v2,nftonv2,lgbm,0.01,calibrate,21000,0.42062190755396933,0.6107334447783608,0.0,0.6894333094193617,1.0,0.1977516859328715,0.01945518487397049,0.4761583795939519,0.7070150178650468,0,
42,nf2018v2,nftonv2,lgbm,0.01,buffer_only,21000,0.9846297822488088,0.987804606786565,0.9693389129460037,0.9973234320089528,0.03136746834057151,0.010068294057694483,0.005635261918129706,0.9687812111295521,0.439392738357741,0,4
42,nf2018v2,nftonv2,lgbm,0.01,augment,270999,0.9768291233295143,0.9815587272455923,0.9536586554072722,0.9954986146645163,0.03299149666070581,0.015158480193265789,0.009390187420486727,0.9546414394209881,0.4730162426127921,0,5
42,nf2018v2,nftonv2,lgbm,0.05,calibrate,105000,0.42062190755396933,0.6107334447783608,0.0,0.6894333094193617,1.0,0.19773288828916283,0.016563760532325604,0.4761583795939519,0.7058113684232387,0,
42,nf2018v2,nftonv2,lgbm,0.05,buffer_only,105000,0.9900108410032846,0.9920631769536147,0.9800428219642381,0.9987717911401595,0.019196379694171744,0.006593943658530061,0.0018042474316591038,0.9794980183897918,0.6053125915814951,0,6
42,nf2018v2,nftonv2,lgbm,0.1,calibrate,210000,0.42062190755396933,0.6107334447783608,0.0,0.6894333094193617,1.0,0.1977350167266837,0.016835583681253662,0.4761583795939519,0.7059565702194615,0,
42,nf2018v2,nftonv2,lgbm,0.1,buffer_only,210000,0.9907696559400512,0.9926650872957358,0.9815567289244258,0.9986909513381466,0.017663588920112404,0.006152529451275157,0.002873057169406684,0.9810578441955264,0.5983928301879775,0,4
42,nf2018v2,nfbotv2,lgbm,0,zero_shot,249999,0.16980458127603548,0.3300092708311367,-0.0015907870976558753,0.5376571789251455,0.20858164481525626,0.4880526504794961,0.5690390993944219,0.23640681061095903,0.04271439204261588,0,4
42,nf2018v2,nfbotv2,lgbm,0.0001,calibrate,211,0.49894904562319464,0.9937119087536106,0.0,0.5376571789251455,1.0,0.0041766369556548765,0.0005537068237266851,0.23640681061095903,0.9948502339083586,0,
42,nf2018v2,nfbotv2,lgbm,0.0001,buffer_only,211,0.6993418992103554,0.9944275515578901,0.4054627247441705,0.5903101552415781,0.5101311084624554,0.006111712138532044,0.006101880031758489,0.40991853650031235,0.9999779990830424,0,1
42,nf2018v2,nfbotv2,lgbm,0.0001,augment,250210,0.74336576024712,0.9946938181660894,0.5149564782052412,0.6433574535240753,0.2765196662693683,0.0058238993245635735,0.0038878756765889826,0.46228884754648475,0.9094040152028149,0,4
42,nf2018v2,nfbotv2,lgbm,0.001,calibrate,2101,0.49894904562319464,0.9937119087536106,0.0,0.5376571789251455,1.0,0.00417218649555954,0.00016326102877506354,0.23640681061095903,0.9936906855885571,0,
42,nf2018v2,nfbotv2,lgbm,0.001,buffer_only,2101,0.8819917504494744,0.998171475667458,0.7755071246652027,0.8826591547168455,0.3468414779499404,0.001547177055176089,0.0015002429735010887,0.6952067720142294,0.9998621603031977,0,1
42,nf2018v2,nfbotv2,lgbm,0.001,augment,252100,0.9040479548769033,0.9984033392393123,0.808124808557092,0.8616224345421999,0.19785458879618595,0.0014618312476645753,0.0009933906400926248,0.7543701413525116,0.8000386221169402,0,4
42,nf2018v2,nfbotv2,lgbm,0.01,calibrate,21000,0.49894904562319464,0.9937119087536106,0.0,0.5376571789251455,1.0,0.004171993092216973,3.818525755694413e-05,0.23640681061095903,0.9937710005303515,0,
42,nf2018v2,nfbotv2,lgbm,0.01,buffer_only,21000,0.938074616381168,0.9989901204816805,0.8772887146612782,0.9645923223590284,0.16567342073897498,0.0009394669558273937,0.0009293242337130237,0.8549072493508985,0.9999968068441705,0,2
42,nf2018v2,nfbotv2,lgbm,0.01,augment,270999,0.9291393344108556,0.9988229726769329,0.8583417262009175,0.925740858039718,0.15137067938021453,0.000958707031069338,0.0006615151800490992,0.7803730408098242,0.9854299948397242,0,4
42,nf2018v2,nfbotv2,lgbm,0.05,calibrate,105000,0.49894904562319464,0.9937119087536106,0.0,0.5376571789251455,1.0,0.004166705801764759,5.508291696998402e-05,0.23640681061095903,0.9920746186591395,0,
42,nf2018v2,nfbotv2,lgbm,0.05,buffer_only,105000,0.5398700329094367,0.9926855496377436,0.08025689909086904,0.503555360164722,0.9249106078665077,0.006939738793658463,0.006939867628501517,0.07961537970845242,1.0,0,2
42,nf2018v2,nfbotv2,lgbm,0.1,calibrate,210001,0.49894904562319464,0.9937119087536106,0.0,0.5376571789251455,1.0,0.004165624566204498,5.015469597358102e-05,0.23640681061095903,0.9917145257595075,0,
42,nf2018v2,nfbotv2,lgbm,0.1,buffer_only,210001,0.49862372211721173,0.9930639912058601,-0.002337195833488479,0.49999728210021793,1.0,0.005489999999570348,0.005489999999785167,-0.0020535065251317663,1.5176076611903016e-112,0,3
42,nf2018v2,nf2018v2,mlp,0,in_domain,249999,0.9845727758384921,0.9936267602249542,0.9695325588164551,0.9844199243166253,0.00031192931114665213,0.006014303186138337,0.0007311196166006182,0.9679353201838204,0.8697332827758598,0,21
42,nf2018v2,nfunswv2,mlp,0,zero_shot,249999,0.48467871570150534,0.9181498377878126,-0.029812324021384014,0.48050208248097664,0.053584976252585195,0.07455404478960588,0.060391996640676966,0.06507475464809274,0.9999999888843879,0,21
42,nf2018v2,nfunswv2,mlp,0.0001,calibrate,144,0.49037055157195203,0.943678896856096,0.0,0.48034204857187446,0.0,0.03737140269970579,0.031607128387469596,0.06507475464809274,0.07160603720903583,0,
42,nf2018v2,nfunswv2,mlp,0.0001,buffer_only,144,0.8352804798595577,0.9770225495673845,0.6738046434465649,0.8267334304299909,0.00808035667889546,0.019220451537907603,0.018449027829200992,0.7743001988755731,0.01739535062398601,0,1
42,nf2018v2,nfunswv2,mlp,0.0001,augment,250143,0.5222423478494119,0.944215625782372,0.07740985679165503,0.5072836630066255,0.005502956735016265,0.04155189626750157,0.03793657537580343,0.07553999619037549,0.5903106618166558,0,34
42,nf2018v2,nfunswv2,mlp,0.001,calibrate,1392,0.49037055157195203,0.943678896856096,0.0,0.537635815069766,0.0,0.03624267231975014,0.0016174291252079192,0.20777148475105298,0.04162561437142093,0,
42,nf2018v2,nfunswv2,mlp,0.001,buffer_only,1392,0.9362181098831457,0.990754027761314,0.8724595041636478,0.9083464198567264,0.004515646272643186,0.008109559499820788,0.00583545090974183,0.8741560916223279,0.057293739356819806,0,3
42,nf2018v2,nfunswv2,mlp,0.001,augment,251391,0.7953388986034873,0.9717224143929791,0.595196599243109,0.8026475754081086,0.009821140915184835,0.021025357513337072,0.011431955595008885,0.6161136528109686,0.7050101040994405,0,33
42,nf2018v2,nfunswv2,mlp,0.01,calibrate,13907,0.49037055157195203,0.943678896856096,0.0,0.5376064381959855,0.0,0.03613088113448603,0.005116041728493472,0.20777148475105298,0.04320846383613256,0,
42,nf2018v2,nfunswv2,mlp,0.01,buffer_only,13907,0.9506935857834092,0.9927015574100301,0.9020094267814196,0.9544747544946003,0.005305494642541649,0.006129297869217046,0.0027445611056522877,0.9062996771503069,0.4582628808488733,0,5
42,nf2018v2,nfunswv2,mlp,0.01,augment,263906,0.934351953478257,0.9905008009709125,0.8687595214310861,0.9430146969421123,0.00448966441837021,0.0076724572485030685,0.0020192394465519863,0.871784843509608,0.2149478788229032,0,31
42,nf2018v2,nfunswv2,mlp,0.05,calibrate,69537,0.49037055157195203,0.943678896856096,0.0,0.537589432106236,0.0,0.03599762146900191,0.006915995443361793,0.20777148475105298,0.04716555354270503,0,
42,nf2018v2,nfunswv2,mlp,0.05,buffer_only,69537,0.960155016266554,0.9940795904777558,0.9212390576675296,0.9737072230628903,0.004905374086737822,0.004629496676185528,0.00046010059272264756,0.920131957807839,0.48254649043417425,0,12
42,nf2018v2,nfunswv2,mlp,0.1,calibrate,139072,0.49037055157195203,0.943678896856096,0.0,0.537589198610498,0.0,0.03597049326707965,0.007030254372716078,0.20777148475105298,0.04786825577932129,0,
42,nf2018v2,nfunswv2,mlp,0.1,buffer_only,139072,0.9612592048203847,0.9942574454298201,0.9232569489766431,0.9702526507801281,0.004603984577171303,0.00457918156805861,0.0007079733527362215,0.9236888299769186,0.4522649202300335,0,15
42,nf2018v2,nftonv2,mlp,0,zero_shot,249999,0.3959680623350248,0.39113987933337835,0.016155447494915324,0.5592644535724319,0.24484507864676472,0.5420710725131835,0.5243761150203138,0.20936546505047104,1.2068855834660918e-40,0,21
42,nf2018v2,nftonv2,mlp,0.0001,calibrate,213,0.42062190755396933,0.6107334447783608,0.0,0.5584230126927503,1.0,0.1988019564346668,0.0017943489375922806,0.20798495770923706,0.7230397238992463,0,
42,nf2018v2,nftonv2,mlp,0.0001,buffer_only,213,0.8285367359289191,0.8636165405002317,0.6570746325098591,0.8581348664509617,0.2500091237546075,0.10870130970411364,0.0657156405810055,0.6919487928828547,0.2553428699013988,0,1
42,nf2018v2,nftonv2,mlp,0.0001,augment,250212,0.5646318933760897,0.5898420386583029,0.2652442356234468,0.7117783300603848,0.19043100616765812,0.3957199445070072,0.3648506963868802,0.3986988281465715,0.0028661157255392886,0,38
42,nf2018v2,nftonv2,mlp,0.001,calibrate,2100,0.42062190755396933,0.6107334447783608,0.0,0.5584314144776066,1.0,0.1988436440437281,0.016377457147454137,0.20798495770923706,0.7234811111949989,0,
42,nf2018v2,nftonv2,mlp,0.001,buffer_only,2100,0.9539041494470217,0.9634765055204074,0.9079778559277175,0.9684704283079912,0.0799970803985256,0.0312697155676403,0.01524856098111347,0.9088571751053677,0.39188542115340974,0,4
42,nf2018v2,nftonv2,mlp,0.001,augment,252099,0.6714272094623375,0.7115437219866505,0.39491915155146795,0.7405350177234625,0.22398817561402867,0.22758060802219293,0.17134850064589807,0.46374996175374555,0.16722120201423996,0,32
42,nf2018v2,nftonv2,mlp,0.01,calibrate,21000,0.42062190755396933,0.6107334447783608,0.0,0.558736917514651,1.0,0.19876415704765518,0.0025422393601777105,0.20798495770923706,0.7186827998408498,0,
42,nf2018v2,nftonv2,mlp,0.01,buffer_only,21000,0.9676513306013781,0.9744154142510183,0.9356558783057713,0.9897801811994374,0.06583701324769169,0.020023517050138582,0.0034801889442051667,0.9352336849684733,0.4941655893816775,0,12
42,nf2018v2,nftonv2,mlp,0.01,augment,270999,0.9334718404605653,0.9465566752485554,0.8677370735522424,0.9754720216799999,0.06771650669683588,0.04273609326411672,0.016044514352820616,0.8683858448863244,0.5735395852429985,0,96
42,nf2018v2,nftonv2,mlp,0.05,calibrate,105000,0.42062190755396933,0.6107334447783608,0.0,0.5589027750105463,1.0,0.19875443158549227,0.003570436910376568,0.20798495770923706,0.7169790174627667,0,
42,nf2018v2,nftonv2,mlp,0.05,buffer_only,105000,0.9717311707558218,0.9775478051034489,0.943495210597836,0.9937807126479585,0.04685960366409985,0.017696978514977143,0.0045221243040793144,0.9421590555029388,0.4132034369100159,0,21
42,nf2018v2,nftonv2,mlp,0.1,calibrate,210000,0.42062190755396933,0.6107334447783608,0.0,0.5586202493281498,1.0,0.1987548892899256,0.003456023777176108,0.20798495770923706,0.717169482726894,0,
42,nf2018v2,nftonv2,mlp,0.1,buffer_only,210000,0.9768498026738627,0.9816366058002556,0.953793840451774,0.9960977704807493,0.04344731944089632,0.014011435558769646,0.0026621511914813618,0.9535468597158437,0.49254567927299236,0,62
42,nf2018v2,nfbotv2,mlp,0,zero_shot,249999,0.1593721999445393,0.31237904673702865,-0.05298704483115231,0.5336668441684201,0.5065554231227652,0.7274575423066596,0.7115381529285751,0.16438087215062522,1.592023485949374e-05,0,21
42,nf2018v2,nfbotv2,mlp,0.0001,calibrate,211,0.49894904562319464,0.9937119087536106,0.0,0.6447285525020594,1.0,0.00416775402529465,0.0005281957620044686,0.38416264787089127,0.9921875146259677,0,
42,nf2018v2,nfbotv2,mlp,0.0001,buffer_only,211,0.507221003284372,0.9937961744173038,0.08521311901626515,0.5391190158037809,0.9916567342073898,0.00409868430932005,0.003490793003415617,0.208437031211855,0.9951337862873685,0,1
42,nf2018v2,nfbotv2,mlp,0.0001,augment,250210,0.5448382493871454,0.9826792687568014,0.1404616836478602,0.5905419923266318,0.6317044100119189,0.018825352200149567,0.009455668430632402,0.2720737054114092,0.0009679478842018355,0,34
42,nf2018v2,nfbotv2,mlp,0.001,calibrate,2101,0.49894904562319464,0.9937119087536106,0.0,0.6447285525019355,1.0,0.004156462595177347,6.550071902078347e-05,0.38416264787089127,0.9886437234289968,0,
42,nf2018v2,nfbotv2,mlp,0.001,buffer_only,2101,0.8042993421042212,0.9971519964771822,0.6500893936409267,0.7827526652733114,0.5482717520858165,0.002318305896461591,0.0014772215702064033,0.5149020974300857,0.9686355539987445,0,3
42,nf2018v2,nfbotv2,mlp,0.001,augment,252100,0.6511874144782086,0.9926322855520605,0.3231815432846727,0.6371806426421311,0.5303933253873659,0.0068192594256967064,0.00257749716040393,0.3337485036672487,0.7221789951757173,0,33
42,nf2018v2,nfbotv2,mlp,0.01,calibrate,21000,0.49894904562319464,0.9937119087536106,0.0,0.6447285525019355,1.0,0.004146923503114396,8.020963209154353e-05,0.38416264787089127,0.9848197231508815,0,
42,nf2018v2,nfbotv2,mlp,0.01,buffer_only,21000,0.8712098673848004,0.9980088814576982,0.7544048080784458,0.8871572647641849,0.36829558998808104,0.0016342469948986162,0.0009199951249747855,0.6815699453414253,0.9520057141471472,0,3
42,nf2018v2,nfbotv2,mlp,0.01,augment,270999,0.7938018432957412,0.9968745023130443,0.6038742326756786,0.806230628699965,0.5208581644815257,0.0023407834929113475,0.001541405645347694,0.6027270711797736,0.9465101957006372,0,44
42,nf2018v2,nfbotv2,mlp,0.05,calibrate,105000,0.49894904562319464,0.9937119087536106,0.0,0.6447285525019355,1.0,0.00414162729434682,0.00011413662463977126,0.38416264787089127,0.9824325407473179,0,
42,nf2018v2,nfbotv2,mlp,0.05,buffer_only,105000,0.9006981297217369,0.9984303112260176,0.8074495526479445,0.930855304209117,0.28486293206197855,0.0013113227488833173,0.0013023051131878017,0.7654028748297638,0.9517795836143214,0,12
42,nf2018v2,nfbotv2,mlp,0.1,calibrate,210001,0.49894904562319464,0.9937119087536106,0.0,0.6447285525019355,1.0,0.004140896377079761,2.1508643506473746e-05,0.38416264787089127,0.9818834085240573,0,
42,nf2018v2,nfbotv2,mlp,0.1,buffer_only,210001,0.9662871490202634,0.9994358357289335,0.932578450959186,0.9759418337105623,0.06436233611442194,0.0005038738705537398,0.000509322664575326,0.8163014391619693,0.8919021590012908,0,30
42,nfunswv2,nf2018v2,rf,0,zero_shot,250002,0.35222852571984775,0.6087742512241946,-0.2515364848700282,0.5095274836806666,0.4070053651841517,0.21959388419724565,0.2005044808109293,0.248847928948743,0.31333333333333335,0,14
42,nfunswv2,nf2018v2,rf,0.0001,calibrate,217,0.46853899442765923,0.8261331950887618,0.0,0.5095274836806666,0.0,0.10521952590417989,0.028977102890734407,0.248847928948743,0.14709643339838419,0,
42,nfunswv2,nf2018v2,rf,0.0001,buffer_only,217,0.9722468690944255,0.9885954103244105,0.945363583798542,0.9727945672508836,0.0014745749254205375,0.013328025137652093,0.02125176040786453,0.9415527532357629,0.6433333333333333,0,1
42,nfunswv2,nf2018v2,rf,0.0001,augment,250219,0.9777542963463881,0.9908256390456628,0.9560278788027721,0.9750317614304013,0.0013498032009618766,0.014949602696430964,0.03958400207998959,0.9551461631449477,0.47333333333333333,0,17
42,nfunswv2,nf2018v2,rf,0.001,calibrate,2102,0.46853899442765923,0.8261331950887618,0.0,0.5095274836806666,0.0,0.10437910526831355,0.0010093848343318834,0.248847928948743,0.11928371813221313,0,
42,nfunswv2,nf2018v2,rf,0.001,buffer_only,2102,0.980626161236162,0.992007734306165,0.9617495449421696,0.9807271349482585,0.0007769875568562063,0.0076705819248681535,0.0077832110839444,0.9616509904111535,0.49,0,2
42,nfunswv2,nf2018v2,rf,0.001,augment,252104,0.9823766888241905,0.992710845191573,0.9650559114100894,0.9811161916640218,0.0011966742663989745,0.007546535267323663,0.008598090342881512,0.964277649297025,0.6633333333333333,0,20
42,nfunswv2,nf2018v2,rf,0.01,calibrate,21001,0.46853899442765923,0.8261331950887618,0.0,0.5227066836578621,0.0,0.10437676629076399,1.9041763566041148e-05,0.2791667975239614,0.11821943666191306,0,
42,nfunswv2,nf2018v2,rf,0.01,buffer_only,21001,0.9862857323365843,0.9943269269151658,0.972867491168671,0.9835290849866428,0.0003289436372091968,0.00573416494028641,0.005546122269388695,0.9685735547975041,0.9174074074073966,0,3
42,nfunswv2,nf2018v2,rf,0.01,augment,271003,0.9859562050139358,0.9941881487277096,0.9721814194583076,0.9834860904529129,0.000538786991980581,0.005827936971426254,0.005677804944308544,0.9687928502682048,0.9233333333333333,0,25
42,nfunswv2,nf2018v2,rf,0.05,calibrate,105000,0.46853899442765923,0.8261331950887618,0.0,0.5227066836578621,0.0,0.10437671677378071,5.53417057115313e-05,0.2791667975239614,0.11810267232502149,0,
42,nfunswv2,nf2018v2,rf,0.05,buffer_only,105000,0.9878372312175902,0.9949658455954243,0.9759352351671403,0.9841674581785849,0.00014745749254205375,0.0052527957360213205,0.00519444069446294,0.9688172147391978,0.9833333333333333,0,16
42,nfunswv2,nf2018v2,rf,0.1,calibrate,210000,0.46853899442765923,0.8261331950887618,0.0,0.5227066836578621,0.0,0.10437674124097215,5.55885177547788e-05,0.2791667975239614,0.1180485123128269,0,
42,nfunswv2,nf2018v2,rf,0.1,buffer_only,210000,0.9883556293738918,0.9951790768672364,0.9769556813096163,0.9845374284776172,0.00011342884041696441,0.005058822539220636,0.0052866235668819535,0.9693287905123094,0.9933333333333333,0,37
42,nfunswv2,nfunswv2,rf,0,in_domain,250002,0.9772486117707236,0.9966654152140437,0.9546258462155925,0.9918375852102627,0.002374741480549984,0.002633185222222222,0.0007102000000000819,0.9465877727616446,0.22333333333333333,0,14
42,nfunswv2,nftonv2,rf,0,zero_shot,250002,0.22078412947580991,0.13205171693281917,-0.10484183535530633,0.7143160311015387,0.04713331630232473,0.4521943065826441,0.5264735823679119,0.5648249566571932,0.08666666666666667,0,14
42,nfunswv2,nftonv2,rf,0.0001,calibrate,213,0.42062190755396933,0.6107334447783608,0.0,0.7143160311015387,1.0,0.19497097085776413,0.11792374049683327,0.5648249566571932,0.7037871958150876,0,
42,nfunswv2,nftonv2,rf,0.0001,buffer_only,213,0.9364647322635933,0.9493791795148282,0.8729442246372302,0.9727572774937576,0.088372687128207,0.04051642019321208,0.025308543209382705,0.8861326043451798,0.62,0,1
42,nfunswv2,nftonv2,rf,0.0001,augment,250215,0.9249840562547855,0.9398986520039524,0.8503774467050754,0.9683850033181834,0.08833619210977701,0.047413348344519504,0.033306683200082655,0.868816770257804,0.6366666666666667,0,16
42,nfunswv2,nftonv2,rf,0.001,calibrate,2100,0.42062190755396933,0.6107334447783608,0.0,0.7143160311015387,1.0,0.1888298391079183,0.16016988135669571,0.5648249566571932,0.6570268643166257,0,
42,nfunswv2,nftonv2,rf,0.001,buffer_only,2100,0.967705278851059,0.9744299835965797,0.9356466158206889,0.9927847804453904,0.06235173898762819,0.019882478967950392,0.007381536907684427,0.9354995771226279,0.4666666666666667,0,2
42,nfunswv2,nftonv2,rf,0.001,augment,252102,0.9664766656754605,0.9734192481792692,0.9330724715782073,0.9922711036391392,0.05968760264223934,0.021202293733690893,0.011539574364538428,0.933045111624263,0.5033333333333333,0,17
42,nfunswv2,nftonv2,rf,0.01,calibrate,21000,0.42062190755396933,0.6107334447783608,0.0,0.7143160311015387,1.0,0.18711687828179524,0.18595974314207972,0.5648249566571932,0.6379098316112016,0,
42,nfunswv2,nftonv2,rf,0.01,buffer_only,21000,0.9834374089623901,0.9868651140680653,0.966984422109598,0.996993723512599,0.03467026750848509,0.010242898270046909,0.00431733825335776,0.9672557069315891,0.5966666666666667,0,3
42,nfunswv2,nftonv2,rf,0.01,augment,271002,0.9829485943675693,0.9864781170082445,0.9660099226007379,0.9970327443527519,0.035527900441589724,0.010572717419142653,0.00495122475612384,0.9660819725700431,0.5966666666666667,0,22
42,nfunswv2,nftonv2,rf,0.05,calibrate,105000,0.42062190755396933,0.6107334447783608,0.0,0.7143160311015387,1.0,0.18694458333353492,0.18737231052343048,0.5648249566571932,0.6364161491945642,0,
42,nfunswv2,nftonv2,rf,0.05,buffer_only,105000,0.9898907921081345,0.9919703972822287,0.9798130676390084,0.9981486858587068,0.020400715302361226,0.006677562332256108,0.0037644688223440704,0.97920732606697,0.59,0,13
42,nfunswv2,nftonv2,rf,0.1,calibrate,210000,0.42062190755396933,0.6107334447783608,0.0,0.7143160311015387,1.0,0.18712593715740672,0.1858965034693919,0.5648249566571932,0.638200034155444,0,
42,nfunswv2,nftonv2,rf,0.1,buffer_only,210000,0.991219374676248,0.9930240050324997,0.9824624469465004,0.9983623291190087,0.01771833144775738,0.005785245870673799,0.0032266661333306386,0.9820131096690483,0.6,0,30
42,nfunswv2,nfbotv2,rf,0,zero_shot,250002,0.32727039574410466,0.6373250201469283,0.052005416890880486,0.5238575899936123,0.06912991656734208,0.2998808777222222,0.35108201666666666,0.16505370517993495,0.17,0,14
42,nfunswv2,nfbotv2,rf,0.0001,calibrate,211,0.49894904562319464,0.9937119087536106,0.0,0.5238575899936123,1.0,0.004177723957239395,0.0005710915082899337,0.16505370517993495,0.9952331459983227,0,
42,nfunswv2,nfbotv2,rf,0.0001,buffer_only,211,0.5495595677911442,0.994233162269195,0.216992622689214,0.7329232737913212,0.9463647199046484,0.003184733055555556,0.003739616666666546,0.4381574063568553,0.9933333333333333,0,1
42,nfunswv2,nfbotv2,rf,0.0001,augment,250213,0.6504141015207505,0.9926610162985853,0.3206580706322897,0.6129116141356529,0.5375446960667462,0.005432581722222223,0.008223116666666846,0.42330910961802115,0.8866666666666667,0,14
42,nfunswv2,nfbotv2,rf,0.001,calibrate,2101,0.49894904562319464,0.9937119087536106,0.0,0.5238575899936123,1.0,0.0041684221147604795,3.719661642842542e-05,0.16505370517993495,0.9938487977820222,0,
42,nfunswv2,nfbotv2,rf,0.001,buffer_only,2101,0.8538906277817087,0.9977766193691682,0.7254914102759167,0.9257908096785659,0.41835518474374256,0.0014938797222222224,0.0012655166666666157,0.7117881700912531,0.8733333333333333,0,1
42,nfunswv2,nfbotv2,rf,0.001,augment,252103,0.8489352474395067,0.9976502810941724,0.7072193415657645,0.9332503768192637,0.39809296781883197,0.001462235833333333,0.002102716666666538,0.7930036350648695,0.7266666666666667,0,15
42,nfunswv2,nfbotv2,rf,0.01,calibrate,21000,0.49894904562319464,0.9937119087536106,0.0,0.5238575899936123,1.0,0.004143007244408952,6.773678867433297e-05,0.16505370517993495,0.9849679351090248,0,
42,nfunswv2,nfbotv2,rf,0.01,buffer_only,21000,0.9443655635561213,0.9990976783747287,0.8904987449953482,0.9815726305470895,0.1632896305125149,0.0006393544999999999,0.000302716666666559,0.844443022168621,0.9766666666666667,0,2
42,nfunswv2,nfbotv2,rf,0.01,augment,271002,0.9404847267213161,0.9990152607495744,0.8811484387778235,0.9793742828047742,0.13587604290822408,0.0006382237777777778,0.0003983333333331007,0.8250406464101947,0.9366666666666666,0,17
42,nfunswv2,nfbotv2,rf,0.05,calibrate,105000,0.49894904562319464,0.9937119087536106,0.0,0.5238575899936123,1.0,0.004132114394866898,0.0001688148246839653,0.16505370517993495,0.9797384531232405,0,
42,nfunswv2,nfbotv2,rf,0.05,buffer_only,105000,0.9787924935385695,0.9996453154388606,0.9575865254951659,0.9930340120595462,0.04052443384982122,0.00029013766666666674,0.00018620000000002981,0.8524556025426255,0.9933333333333333,0,5
42,nfunswv2,nfbotv2,rf,0.1,calibrate,210001,0.49894904562319464,0.9937119087536106,0.0,0.5238575899936123,1.0,0.004131364669784263,0.0002585139318355888,0.16505370517993495,0.979261133143751,0,
42,nfunswv2,nfbotv2,rf,0.1,buffer_only,210001,0.984299249781865,0.9997363232533405,0.9686476482794264,0.9957478683772164,0.021454112038140644,0.0002181892777777778,0.0001318166666666541,0.8542261634033028,0.9966666666666667,0,12
42,nfunswv2,nf2018v2,lgbm,0,zero_shot,250002,0.44789491923155444,0.7751735151265695,-0.10394451216639938,0.43265089393987605,0.11658216218055603,0.2038959420369517,0.18530421974127426,0.062042378402962825,1.8008264409458972e-05,0,3
42,nfunswv2,nf2018v2,lgbm,0.0001,calibrate,217,0.46853899442765923,0.8261331950887618,0.0,0.6361959464770002,0.0,0.10381396079915527,0.03331193261636829,0.5625198867479088,0.16439608558614513,0,
42,nfunswv2,nf2018v2,lgbm,0.0001,buffer_only,217,0.9516308212644344,0.9797777608272958,0.903267570215251,0.9716861860154891,0.011910028243781264,0.018289678063251623,0.016870495935950185,0.9360854356338479,0.9988110268643432,0,1
42,nfunswv2,nf2018v2,lgbm,0.0001,augment,250219,0.9720261015794893,0.988410110372308,0.9442507763831819,0.9736371055780118,0.0041458241172400495,0.010432312651621237,0.006659127014203744,0.9520790980330615,0.6825669650671016,0,7
42,nfunswv2,nf2018v2,lgbm,0.001,calibrate,2102,0.46853899442765923,0.8261331950887618,0.0,0.6361959464770002,0.0,0.10200231189263685,0.06761109374211928,0.5625198867479088,0.13915857890174657,0,
42,nfunswv2,nf2018v2,lgbm,0.001,buffer_only,2102,0.9806083970044965,0.9920015160357637,0.961725791726759,0.9814209485992589,0.0007372874627102687,0.00774875120132494,0.007512345218243286,0.9613074991955673,0.4205770309517851,0,1
42,nfunswv2,nf2018v2,lgbm,0.001,augment,252104,0.9827242465379333,0.9928534114369905,0.9657404300200338,0.9821079855453863,0.0011683170562947335,0.006810955188980898,0.005001687913255056,0.9658242364616362,0.9246095719586066,0,4
42,nfunswv2,nf2018v2,lgbm,0.01,calibrate,21001,0.46853899442765923,0.8261331950887618,0.0,0.6361959464770002,0.0,0.10111148488416699,0.05367661701988211,0.5625198867479088,0.14651839301482736,0,
42,nfunswv2,nf2018v2,lgbm,0.01,buffer_only,21001,0.9867000925113351,0.9944959466369391,0.9736689500113244,0.9853952370255374,0.00036864373135513437,0.005350906914141804,0.004855166153325323,0.9685244598272207,0.9985550171947836,0,3
42,nfunswv2,nf2018v2,lgbm,0.01,augment,271003,0.9863244895764238,0.9943400368872132,0.9729124826435602,0.9849957024501204,0.0004820725717720988,0.0055423816662180225,0.003380240347206944,0.9680335101243872,0.9821086394511469,0,5
42,nfunswv2,nf2018v2,lgbm,0.05,calibrate,105000,0.46853899442765923,0.8261331950887618,0.0,0.6361959464770002,0.0,0.10105591657866198,0.053733181921527116,0.5625198867479088,0.14686960781275737,0,
42,nfunswv2,nf2018v2,lgbm,0.05,buffer_only,105000,0.9878749274149334,0.9949812166545545,0.9760078450582204,0.9872846736781287,0.00015312893456290196,0.004929851865423817,0.002677241838423392,0.9685735547975041,0.9956099488557264,0,6
42,nfunswv2,nf2018v2,lgbm,0.1,calibrate,210000,0.46853899442765923,0.8261331950887618,0.0,0.6361959464770002,0.0,0.10112518649074702,0.054169102856279794,0.5625198867479088,0.1463296385533184,0,
42,nfunswv2,nf2018v2,lgbm,0.1,buffer_only,210000,0.9883325780952277,0.9951692661937457,0.9769063233217439,0.9877253647257808,0.0001361146085003573,0.004749161540313282,0.0016400985719342378,0.9685735547975041,0.9952359044429628,0,4
42,nfunswv2,nfunswv2,lgbm,0,in_domain,250002,0.9766625408226024,0.9965777911262108,0.9534708212430656,0.9925277665247981,0.0024630797850781014,0.0026801506963622305,0.001167206444175309,0.9458204790289697,0.18668915405492711,0,3
42,nfunswv2,nftonv2,lgbm,0,zero_shot,250002,0.21994698697646342,0.13048109763007062,-0.10337171072433558,0.48401727388180305,0.043958249698916096,0.7144102926537559,0.7160251424294332,0.14639466992410147,1.0866816113071219e-05,0,3
42,nfunswv2,nftonv2,lgbm,0.0001,calibrate,213,0.42062190755396933,0.6107334447783608,0.0,0.5451249028091464,1.0,0.1967629843067886,0.0654047601811718,0.249690953266803,0.7337882123993437,0,
42,nfunswv2,nftonv2,lgbm,0.0001,buffer_only,213,0.9233569827761501,0.9388585170339409,0.8467710817392476,0.9691026761649888,0.10366409985037042,0.054284063911388236,0.0503894612004043,0.847592103882264,0.33619832022616136,0,2
42,nfunswv2,nftonv2,lgbm,0.0001,augment,250215,0.9338118410509608,0.946950962686338,0.8680849937981758,0.951678468226548,0.0741761249589431,0.04468745484740182,0.024970405971813915,0.868627477555468,0.639617627114064,0,4
42,nfunswv2,nftonv2,lgbm,0.001,calibrate,2100,0.462036261011179,0.6335131585789642,0.10214709275440352,0.5451249028091464,0.9555490675522791,0.1960294001038141,0.025023122503183094,0.249690953266803,0.7386518712929576,0,
42,nfunswv2,nftonv2,lgbm,0.001,buffer_only,2100,0.9661065559137851,0.9731589529885061,0.932430527676789,0.991591789223335,0.06404875734462245,0.02464627259326194,0.02298150586298038,0.932598524084376,0.24729908234500478,0,2
42,nfunswv2,nftonv2,lgbm,0.001,augment,252102,0.9653914110680858,0.9725796291311408,0.9309588476806941,0.9919482795982807,0.06361081712346264,0.020987591114825205,0.0080893666306682,0.933105779909555,0.6403857998392466,0,8
42,nfunswv2,nftonv2,lgbm,0.01,calibrate,21000,0.46173835679844205,0.6334318534828104,0.1034060162976828,0.5451249028091464,0.9560417503010838,0.19595778023640537,0.027380439976616867,0.249690953266803,0.738449964634531,0,
42,nfunswv2,nftonv2,lgbm,0.01,buffer_only,21000,0.9846297822488088,0.987804606786565,0.9693389129460037,0.9973234320089528,0.03136746834057151,0.010068294057694483,0.005635261918129706,0.9687812111295521,0.439392738357741,0,2
42,nfunswv2,nftonv2,lgbm,0.01,augment,271002,0.9821688167852811,0.985860352424082,0.9644531146308949,0.9972562455874903,0.03678697857742418,0.011059059705417639,0.0016068467064573261,0.9645550704549851,0.5103962732197989,0,8
42,nfunswv2,nftonv2,lgbm,0.05,calibrate,105000,0.4616672680287207,0.6335196970570913,0.10594080830545632,0.5451249028091464,0.9563519579577388,0.19593649613539502,0.0169444351926159,0.249690953266803,0.7375683766724024,0,
42,nfunswv2,nftonv2,lgbm,0.05,buffer_only,105000,0.9900108410032846,0.9920631769536147,0.9800428219642381,0.9987717911401595,0.019196379694171744,0.006593943658530061,0.0018042474316591036,0.9794980183897918,0.6053125915814951,0,3
42,nfunswv2,nftonv2,lgbm,0.1,calibrate,210000,0.46168334698359703,0.6334880641952283,0.10511375576119636,0.5451249028091464,0.9562607204116638,0.19594216868008488,0.021293159442249805,0.249690953266803,0.7381177127928206,0,
42,nfunswv2,nftonv2,lgbm,0.1,buffer_only,210000,0.9907696559400512,0.9926650872957358,0.9815567289244258,0.9986909513381466,0.017663588920112404,0.0061525294512751565,0.0028730571694066836,0.9810578441955264,0.5983928301879775,0,6
42,nfunswv2,nfbotv2,lgbm,0,zero_shot,250002,0.2721542097583699,0.5335825697647274,0.0018339056770599884,0.5142310278609822,0.3528009535160906,0.42887774958023506,0.45113408385115833,0.1545669512225957,0.05139800297336438,0,3
42,nfunswv2,nfbotv2,lgbm,0.0001,calibrate,211,0.49894904562319464,0.9937119087536106,0.0,0.5142310278609822,1.0,0.0041765090040560985,0.0005596192979459014,0.1545669512225957,0.9947624340536401,0,
42,nfunswv2,nfbotv2,lgbm,0.0001,buffer_only,211,0.6993418992103554,0.9944275515578901,0.4054627247441705,0.5903101552415781,0.5101311084624554,0.006111712138532044,0.006101880031758489,0.40991853650031235,0.9999779990830424,0,0
42,nfunswv2,nfbotv2,lgbm,0.0001,augment,250213,0.6369268780147197,0.9924660807182429,0.2904857402808136,0.6079907676334193,0.5864123957091776,0.007532924038214201,0.006678799786029074,0.5434712662067294,0.9456386309196834,0,7
42,nfunswv2,nfbotv2,lgbm,0.001,calibrate,2101,0.49894904562319464,0.9937119087536106,0.0,0.5142310278609822,1.0,0.0041735934483261815,6.0102987217591775e-05,0.1545669512225957,0.9941078008991402,0,
42,nfunswv2,nfbotv2,lgbm,0.001,buffer_only,2101,0.8819917504494744,0.998171475667458,0.7755071246652027,0.8826591547168455,0.3468414779499404,0.001547177055176089,0.0015002429735010887,0.6952067720142294,0.9998621603031977,0,1
42,nfunswv2,nfbotv2,lgbm,0.001,augment,252103,0.7859654816468378,0.9967015999083081,0.5821037790291489,0.8593038002729393,0.5160905840286055,0.0020177074976420475,0.0016878888710001251,0.7297787016654763,0.9544256196112937,0,4
42,nfunswv2,nfbotv2,lgbm,0.01,calibrate,21000,0.49894904562319464,0.9937119087536106,0.0,0.5142310278609822,1.0,0.004168985561658791,9.031621275890078e-05,0.1545669512225957,0.992124129103966,0,
42,nfunswv2,nfbotv2,lgbm,0.01,buffer_only,21000,0.938074616381168,0.9989901204816805,0.8772887146612782,0.9645823932161721,0.16567342073897498,0.0009394699285137322,0.0009293274184830751,0.8549072493508985,0.9999968068441705,0,1
42,nfunswv2,nfbotv2,lgbm,0.01,augment,271002,0.9344379330280863,0.9989272377682162,0.8697079955307626,0.9769244691425666,0.16686531585220502,0.0008110656376616026,0.0006145823688623134,0.8169817358198727,0.9957220535040794,0,5
42,nfunswv2,nfbotv2,lgbm,0.05,calibrate,105000,0.49894904562319464,0.9937119087536106,0.0,0.5142310278609822,1.0,0.004167744811355552,3.778185414571311e-05,0.1545669512225957,0.991478150004134,0,
42,nfunswv2,nfbotv2,lgbm,0.05,buffer_only,105000,0.5009180770084782,0.9921999718988004,0.001939572376869071,0.5000088572015009,0.9952324195470799,0.007259999125686677,0.007259999249643823,0.0019321891261438568,1.0,0,2
42,nfunswv2,nfbotv2,lgbm,0.1,calibrate,210001,0.49894904562319464,0.9937119087536106,0.0,0.5142310278609822,1.0,0.004168632065851881,3.2784319874190615e-05,0.1545669512225957,0.9918795175604619,0,
42,nfunswv2,nfbotv2,lgbm,0.1,buffer_only,210001,0.7744596760134612,0.9962156542576991,0.5489384344772246,0.6544201311299724,0.4445768772348033,0.003799988641995029,0.0037999943204876097,0.5532369000272526,1.0,0,6
42,nfunswv2,nf2018v2,mlp,0,zero_shot,250002,0.45385188608680055,0.7786351006268407,-0.09189139233353565,0.45898784449841906,0.11263483853404567,0.1918096234284855,0.1843807629186342,0.11938286235564752,3.123843211070928e-36,0,34
42,nfunswv2,nf2018v2,mlp,0.0001,calibrate,217,0.46853899442765923,0.8261331950887618,0.0,0.5637312630091489,0.0,0.1046431797405926,0.030004607110685883,0.27754776442674955,0.15709455909879946,0,
42,nfunswv2,nf2018v2,mlp,0.0001,buffer_only,217,0.9455630492273746,0.9778213472008794,0.8931536657894262,0.9587079700990766,0.004764011297512505,0.016986124927088012,0.011974561559509971,0.9069593670918924,0.2945098563499851,0,1
42,nfunswv2,nf2018v2,mlp,0.0001,augment,250219,0.8703147679529035,0.9436119813606946,0.7446767537966535,0.9186070181236905,0.0460691235353501,0.043604953223727906,0.02305018356222071,0.7926629431499161,0.7376066416817367,0,45
42,nfunswv2,nf2018v2,mlp,0.001,calibrate,2102,0.46853899442765923,0.8261331950887618,0.0,0.563626834101612,0.0,0.10380258946068248,0.03403050727884087,0.27754776442674955,0.13448855221530706,0,
42,nfunswv2,nf2018v2,mlp,0.001,buffer_only,2102,0.9696536728558294,0.987521566614041,0.9401013519738655,0.97282506124463,0.0022799196923809846,0.012077981138553608,0.01412763967093454,0.9369201050107787,0.7987508284790618,0,6
42,nfunswv2,nf2018v2,mlp,0.001,augment,252104,0.9582987528277385,0.9828977676900521,0.9176801506024665,0.9576810587155343,0.004026723834802237,0.016742400311485734,0.012834432329157666,0.9162298133600939,0.604805560811121,0,34
42,nfunswv2,nf2018v2,mlp,0.01,calibrate,21001,0.46853899442765923,0.8261331950887618,0.0,0.5637478639415773,0.0,0.10378851023586866,0.006176589388786147,0.27754776442674955,0.13251231333348867,0,
42,nfunswv2,nf2018v2,mlp,0.01,buffer_only,21001,0.9800875946310037,0.9917753779047154,0.9605731359993389,0.9808105838839711,0.0012930887807533944,0.00805029779467819,0.0031918140372004405,0.959049130562533,0.5644659231346992,0,4
42,nfunswv2,nf2018v2,mlp,0.01,augment,271003,0.9814442740006446,0.9923261816401048,0.9631991182428878,0.9818849732193995,0.0013724889690452694,0.007196632784851452,0.003276375801829776,0.9617002589578343,0.7747189372232242,0,55
42,nfunswv2,nf2018v2,mlp,0.05,calibrate,105000,0.46853899442765923,0.8261331950887618,0.0,0.5637500496313197,0.0,0.10379848400875001,0.004992848944018507,0.27754776442674955,0.1327402258030092,0,
42,nfunswv2,nf2018v2,mlp,0.05,buffer_only,105000,0.9849454067579355,0.9937770809006221,0.9702359922775567,0.9843536142042393,0.0004083438255010719,0.005873010788063059,0.0013888512344441197,0.967591655391837,0.9235392809308088,0,24
42,nfunswv2,nf2018v2,mlp,0.1,calibrate,210000,0.46853899442765923,0.8261331950887618,0.0,0.5637490541396224,0.0,0.1037962416342147,0.005240018676455411,0.27754776442674955,0.13263102602841634,0,
42,nfunswv2,nf2018v2,mlp,0.1,buffer_only,210000,0.9846831710992062,0.9936723078713993,0.9697527319466452,0.9844189530701905,0.00028924354306325925,0.005911872039087488,0.001682089170034816,0.9677880352729704,0.8937953483979152,0,27
42,nfunswv2,nfunswv2,mlp,0,in_domain,250002,0.9666234605398102,0.9950249756783889,0.9344771694636799,0.9816826149047893,0.004676733769135636,0.0039251468323500726,0.0011920655225523425,0.9347546545029441,0.5347636192277667,0,34
42,nfunswv2,nftonv2,mlp,0,zero_shot,250002,0.2576534756592277,0.17997095150070955,0.023526295731043586,0.5192587468283111,0.034761505054560056,0.6788302784781948,0.681843756194784,0.1944203107153015,0.001416578817602724,0,34
42,nfunswv2,nftonv2,mlp,0.0001,calibrate,213,0.42062190755396933,0.6107334447783608,0.0,0.4952431811765784,1.0,0.19881379669964766,0.007540276118204533,0.11545043780294065,0.7303770148060685,0,
42,nfunswv2,nftonv2,mlp,0.0001,buffer_only,213,0.8285367359289191,0.8636165405002317,0.6570746325098591,0.8581348664509617,0.2500091237546075,0.10870130970411364,0.0657156405810055,0.6919487928828547,0.2553428699013988,0,1
42,nfunswv2,nftonv2,mlp,0.0001,augment,250215,0.5549142983349423,0.5833667237802589,0.23211070248997484,0.6051214181608094,0.22926170577716143,0.31826777306328596,0.216597565237686,0.31979777556143,0.54754033703101,0,30
42,nfunswv2,nftonv2,mlp,0.001,calibrate,2100,0.42062190755396933,0.6107334447783608,0.0,0.4952431932465866,1.0,0.19882227244051756,0.002797458559073967,0.11545043780294065,0.7283966249141589,0,
42,nfunswv2,nftonv2,mlp,0.001,buffer_only,2100,0.9539041494470217,0.9634765055204074,0.9079778559277175,0.9684704283079912,0.0799970803985256,0.0312697155676403,0.01524856098111347,0.9088571751053677,0.39188542115340974,0,8
42,nfunswv2,nftonv2,mlp,0.001,augment,252102,0.8840457097517687,0.9076035392600322,0.7681079791665835,0.9413855209707005,0.16431882048100435,0.06930064132268847,0.01783707994006144,0.7838817251385134,0.3590516867664812,0,47
42,nfunswv2,nftonv2,mlp,0.01,calibrate,21000,0.42062190755396933,0.6107334447783608,0.0,0.4952431903435639,1.0,0.19881173810428587,0.00759148171513283,0.11545043780294065,0.7290176163592424,0,
42,nfunswv2,nftonv2,mlp,0.01,buffer_only,21000,0.9676513306013781,0.9744154142510183,0.9356558783057713,0.9897801811994374,0.06583701324769169,0.020023517050138582,0.0034801889442051667,0.9352336849684733,0.4941655893816775,0,11
42,nfunswv2,nftonv2,mlp,0.01,augment,271002,0.9639446108365453,0.9713124928530763,0.9278892852230715,0.9891154512559381,0.05260756906682238,0.022404999734928408,0.007083083864924255,0.9282067383254065,0.3322897364505533,0,45
42,nfunswv2,nftonv2,mlp,0.05,calibrate,105000,0.42062190755396933,0.6107334447783608,0.0,0.4952431933657292,1.0,0.19881648139395808,0.003874893327175309,0.11545043780294065,0.7287120489928052,0,
42,nfunswv2,nftonv2,mlp,0.05,buffer_only,105000,0.9717311707558218,0.9775478051034489,0.943495210597836,0.9937807126479585,0.04685960366409985,0.017696978514977143,0.0045221243040793144,0.9421590555029388,0.4132034369100159,0,18
42,nfunswv2,nftonv2,mlp,0.1,calibrate,210000,0.42062190755396933,0.6107334447783608,0.0,0.49524317688165076,1.0,0.19881043634166265,0.008297645956449284,0.11545043780294065,0.7291756662820006,0,
42,nfunswv2,nftonv2,mlp,0.1,buffer_only,210000,0.9768498026738627,0.9816366058002556,0.953793840451774,0.9960977704807493,0.04344731944089632,0.014011435558769646,0.0026621511914813618,0.9535468597158437,0.49254567927299236,0,60
42,nfunswv2,nfbotv2,mlp,0,zero_shot,250002,0.012253780025713392,0.01679357262600303,-0.055892735339379426,0.4985054228446691,0.08939213349225268,0.9836026981075948,0.9840663229512051,0.4482983416563283,1.0340750540664004e-50,0,34
42,nfunswv2,nfbotv2,mlp,0.0001,calibrate,211,0.49894904562319464,0.9937119087536106,0.0,0.5348470712606004,1.0,0.004172281214781171,0.0006217469126641451,0.13990522822771978,0.9884887723639103,0,
42,nfunswv2,nfbotv2,mlp,0.0001,buffer_only,211,0.507221003284372,0.9937961744173038,0.08521311901626515,0.5391190158037809,0.9916567342073898,0.00409868430932005,0.003490793003415617,0.208437031211855,0.9951337862873685,0,1
42,nfunswv2,nfbotv2,mlp,0.0001,augment,250213,0.5277373601441259,0.9617628133734646,0.18347982428028173,0.7309691412783474,0.21454112038140644,0.04690876345867564,0.03877360773904475,0.45074590604861886,7.000162618301949e-17,0,28
42,nfunswv2,nfbotv2,mlp,0.001,calibrate,2101,0.49894904562319464,0.9937119087536106,0.0,0.5349557250449174,1.0,0.004173076273113603,7.184042387597955e-05,0.13990522822771978,0.9905477174467628,0,
42,nfunswv2,nfbotv2,mlp,0.001,buffer_only,2101,0.8042993421042212,0.9971519964771822,0.6500893936409267,0.7827526652733114,0.5482717520858165,0.002318305896461591,0.0014772215702064033,0.5149020974300857,0.9686355539987445,0,6
42,nfunswv2,nfbotv2,mlp,0.001,augment,252103,0.6828732783197151,0.9927292348275066,0.40611750316393563,0.7211732158653195,0.3528009535160906,0.007891101027290038,0.004196077727095786,0.4434032128717472,8.092267714309588e-09,0,35
42,nfunswv2,nfbotv2,mlp,0.01,calibrate,21000,0.49894904562319464,0.9937119087536106,0.0,0.5349086668164745,1.0,0.004154891195570654,0.0002441351040542228,0.13990522822771978,0.9602392181597469,0,
42,nfunswv2,nfbotv2,mlp,0.01,buffer_only,21000,0.8712098673848004,0.9980088814576982,0.7544048080784458,0.8871572647641849,0.36829558998808104,0.0016342469948986162,0.0009199951249747855,0.6815699453414253,0.9520057141471472,0,4
42,nfunswv2,nfbotv2,mlp,0.01,augment,271002,0.8684655785314779,0.9978960216022318,0.7402338146410005,0.8757132944029645,0.3253873659117998,0.0016553174704596197,0.0005606960772736152,0.6685958014920396,0.8840075059162362,0,36
42,nfunswv2,nfbotv2,mlp,0.05,calibrate,105000,0.49894904562319464,0.9937119087536106,0.0,0.5349370091105417,1.0,0.004147350953326159,0.0005887088122343915,0.13990522822771978,0.9359020695656829,0,
42,nfunswv2,nfbotv2,mlp,0.05,buffer_only,105000,0.9006981297217369,0.9984303112260176,0.8074495526479445,0.930855304209117,0.28486293206197855,0.0013113227488833173,0.0013023051131878017,0.7654028748297638,0.9517795836143214,0,12
42,nfunswv2,nfbotv2,mlp,0.1,calibrate,210001,0.49894904562319464,0.9937119087536106,0.0,0.5348881673447647,1.0,0.004145912254579087,0.00036363026429681413,0.13990522822771978,0.9241985211603319,0,
42,nfunswv2,nfbotv2,mlp,0.1,buffer_only,210001,0.9662871490202634,0.9994358357289335,0.932578450959186,0.9759418337105623,0.06436233611442194,0.0005038738705537398,0.000509322664575326,0.8163014391619693,0.8919021590012908,0,30
42,nftonv2,nf2018v2,rf,0,zero_shot,250001,0.5526769256971206,0.8048317482675872,0.10717532832324893,0.5454033503384739,0.1292691779811935,0.16045139874300626,0.10378131442676115,0.19635474459486194,0.19,0,37
42,nftonv2,nf2018v2,rf,0.0001,calibrate,217,0.46853899442765923,0.8261331950887618,0.0,0.5454033503384739,0.0,0.10377009859409227,0.05928725505606284,0.19635474459486194,0.13360281449118935,0,
42,nftonv2,nf2018v2,rf,0.0001,buffer_only,217,0.9722468690944255,0.9885954103244105,0.945363583798542,0.9727945672508836,0.0014745749254205375,0.013328025137652093,0.02125176040786453,0.9415527532357629,0.6433333333333333,0,1
42,nftonv2,nf2018v2,rf,0.0001,augment,250218,0.895529769744051,0.9535741956252034,0.8006054715223451,0.9474850947140523,0.047827270561813046,0.045736362095967306,0.04791699374836459,0.8546178673173883,0.85,0,39
42,nftonv2,nf2018v2,rf,0.001,calibrate,2102,0.46853899442765923,0.8261331950887618,0.0,0.5454033503384739,0.0,0.10278719157711268,0.05156398056105835,0.19635474459486194,0.10104260150076178,0,
42,nftonv2,nf2018v2,rf,0.001,buffer_only,2102,0.980626161236162,0.992007734306165,0.9617495449421696,0.9807271349482585,0.0007769875568562063,0.0076705819248681535,0.0077832110839444,0.9616509904111535,0.49,0,2
42,nftonv2,nf2018v2,rf,0.001,augment,252103,0.9706603608291127,0.9877802273870399,0.9413402637287414,0.9753133377460298,0.006159186034641168,0.012986192069039653,0.016088786222735477,0.946407937594292,0.76,0,39
42,nftonv2,nf2018v2,rf,0.01,calibrate,21001,0.46853899442765923,0.8261331950887618,0.0,0.5454033503384739,0.0,0.10287462757669379,0.04441789100563139,0.19635474459486194,0.09727589033374023,0,
42,nftonv2,nf2018v2,rf,0.01,buffer_only,21001,0.9862857323365843,0.9943269269151658,0.972867491168671,0.9835290849866428,0.0003289436372091968,0.00573416494028641,0.005546122269388695,0.9685735547975041,0.9174074074073966,0,3
42,nftonv2,nf2018v2,rf,0.01,augment,271002,0.9799643367953088,0.9917072646882543,0.9601861181219501,0.9812514979627796,0.0019793332652760292,0.008031377232002729,0.006330151682574877,0.9613074991955673,0.8940740740740633,0,41
42,nftonv2,nf2018v2,rf,0.05,calibrate,105000,0.46853899442765923,0.8261331950887618,0.0,0.5454033503384739,0.0,0.10287939581483116,0.042331345167513745,0.19635474459486194,0.0968950308998603,0,
42,nftonv2,nf2018v2,rf,0.05,buffer_only,105000,0.9878372312175902,0.9949658455954243,0.9759352351671403,0.9841674581785849,0.00014745749254205375,0.0052527957360213205,0.00519444069446294,0.9688172147391978,0.9833333333333333,0,15
42,nftonv2,nf2018v2,rf,0.1,calibrate,210000,0.46853899442765923,0.8261331950887618,0.0,0.5454033503384739,0.0,0.10287682767884812,0.04239921405320485,0.19635474459486194,0.0969146963855914,0,
42,nftonv2,nf2018v2,rf,0.1,buffer_only,210000,0.9883556293738918,0.9951790768672364,0.9769556813096163,0.9845374284776172,0.00011342884041696441,0.005058822539220636,0.0052866235668819535,0.9693287905123094,0.9933333333333333,0,38
42,nftonv2,nfunswv2,rf,0,zero_shot,250001,0.51773304991163,0.9065168677252127,0.05143063693794361,0.4987104671390125,0.08722108479437961,0.11606648827777777,0.16923821666666666,0.08658321081316082,0.7133333333333334,0,37
42,nftonv2,nfunswv2,rf,0.0001,calibrate,144,0.49037055157195203,0.943678896856096,0.0,0.4987104671390125,0.0,0.03736522865832385,0.03165114452505191,0.08658321081316082,0.07114039938474365,0,
42,nftonv2,nfunswv2,rf,0.0001,buffer_only,144,0.9352576343039536,0.9900339590895173,0.8761985266844862,0.9040183839570883,0.010231654212697852,0.00965410088888889,0.010306666666666608,0.8691320965130049,0.54,0,1
42,nftonv2,nfunswv2,rf,0.0001,augment,250145,0.8393154246985031,0.9782300655242192,0.6891714035035322,0.8851052287949296,0.004868999490755656,0.015753909611111106,0.027045350000000162,0.7463541859735149,0.4166666666666667,0,40
42,nftonv2,nfunswv2,rf,0.001,calibrate,1392,0.49037055157195203,0.943678896856096,0.0,0.5378312551277582,0.0,0.03635739511726464,0.004603447782804323,0.16997513850256693,0.04277620676593251,0,
42,nftonv2,nfunswv2,rf,0.001,buffer_only,1392,0.9501122796415187,0.9925414930951967,0.9017121184941622,0.9594151987514061,0.0062616268797871565,0.0060686755000000005,0.0026485166666666213,0.8952025016327083,0.2833333333333333,0,1
42,nftonv2,nfunswv2,rf,0.001,augment,251393,0.9426211002849916,0.9916771812435774,0.8852579926957862,0.9562848501089003,0.004089543862566384,0.006946057166666668,0.006236850000000169,0.9073295720042608,0.39666666666666667,0,40
42,nftonv2,nfunswv2,rf,0.01,calibrate,13907,0.49037055157195203,0.943678896856096,0.0,0.5378312551277582,0.0,0.03635786537396357,0.002006298131848064,0.16997513850256693,0.04052522076037316,0,
42,nftonv2,nfunswv2,rf,0.01,buffer_only,13907,0.9706338461094373,0.9956693103423445,0.9416738256656513,0.9873924858643461,0.003419212022323609,0.0035354229444444453,0.000798616666666726,0.9390426066936438,0.3,0,2
42,nftonv2,nfunswv2,rf,0.01,augment,263908,0.9687610324175822,0.9954081390147522,0.9377603484223046,0.9860639342907874,0.0032789100092495403,0.0037485413888888896,0.001469249999999934,0.9365207506957067,0.30333333333333334,0,40
42,nftonv2,nfunswv2,rf,0.05,calibrate,69537,0.49037055157195203,0.943678896856096,0.0,0.5378312551277582,0.0,0.03635676856980894,0.004023644121155429,0.16997513850256693,0.04146283679994571,0,
42,nftonv2,nfunswv2,rf,0.05,buffer_only,69537,0.9735993965965528,0.9961175067634205,0.947460954031949,0.9899997882727962,0.0029463422745554507,0.0030109805000000005,0.0006562500000001075,0.9432109442229145,0.26666666666666666,0,3
42,nftonv2,nfunswv2,rf,0.1,calibrate,139072,0.49037055157195203,0.943678896856096,0.0,0.5378312551277582,0.0,0.0363580734874054,0.0016408186082780742,0.16997513850256693,0.04039616794355876,0,
42,nftonv2,nfunswv2,rf,0.1,buffer_only,139072,0.9759957363201459,0.9964767932505734,0.9521709432394554,0.9906366437298517,0.00259298905644298,0.0027886917777777778,0.0007113333333332641,0.9456290257432535,0.26,0,8
42,nftonv2,nftonv2,rf,0,in_domain,250001,0.991598637633271,0.9933249026044774,0.9832191162361313,0.9983797427237378,0.016970183569942704,0.005536696627927584,0.00305729861982627,0.982793350163067,0.5966666666666667,0,37
42,nftonv2,nfbotv2,rf,0,zero_shot,250001,0.030052449656155344,0.051616222914843975,-0.0022445515595424046,0.5129576164835208,0.03218116805721097,0.5077937100000001,0.6805636666666666,0.1405655267621955,0.023333333333333334,0,37
42,nftonv2,nfbotv2,rf,0.0001,calibrate,211,0.49894904562319464,0.9937119087536106,0.0,0.5129576164835208,1.0,0.004177749145914008,0.0005933893436635973,0.1405655267621955,0.9950488894638484,0,
42,nftonv2,nfbotv2,rf,0.0001,buffer_only,211,0.5495595677911442,0.994233162269195,0.216992622689214,0.7329232737913212,0.9463647199046484,0.003184733055555556,0.003739616666666546,0.4381574063568553,0.9933333333333333,0,1
42,nftonv2,nfbotv2,rf,0.0001,augment,250212,0.8625073780439161,0.9973432987778804,0.7469802513634889,0.7410400511085323,0.04529201430274136,0.0048607094444444434,0.015718833333333192,0.6925292785932092,0.4,0,40
42,nftonv2,nfbotv2,rf,0.001,calibrate,2101,0.49894904562319464,0.9937119087536106,0.0,0.5129576164835208,1.0,0.004177403428180631,7.537685337888345e-05,0.1405655267621955,0.9956081016223327,0,
42,nftonv2,nfbotv2,rf,0.001,buffer_only,2101,0.8538906277817087,0.9977766193691682,0.7254914102759167,0.9257908096785659,0.41835518474374256,0.0014938797222222224,0.0012655166666666157,0.7117881700912531,0.8733333333333333,0,1
42,nftonv2,nfbotv2,rf,0.001,augment,252102,0.8868532050220683,0.9980846779722361,0.7739619343019305,0.8779948712926754,0.20500595947556616,0.0016114274444444445,0.002272900000000028,0.7916808379330355,0.6466666666666666,0,40
42,nftonv2,nfbotv2,rf,0.01,calibrate,21000,0.49894904562319464,0.9937119087536106,0.0,0.5129576164835208,1.0,0.004177539900508504,8.331402880323857e-05,0.1405655267621955,0.9939233480135691,0,
42,nftonv2,nfbotv2,rf,0.01,buffer_only,21000,0.9443655635561213,0.9990976783747287,0.8904987449953482,0.9815726305470895,0.1632896305125149,0.0006393544999999999,0.000302716666666559,0.844443022168621,0.9766666666666667,0,2
42,nftonv2,nfbotv2,rf,0.01,augment,271001,0.9533466336671662,0.9992077185066013,0.9071546301456814,0.9782735924563881,0.0631704410011919,0.0006599782222222223,0.0006426333333333818,0.8249723962291096,0.8233333333333334,0,42
42,nftonv2,nfbotv2,rf,0.05,calibrate,105000,0.49894904562319464,0.9937119087536106,0.0,0.5129576164835208,1.0,0.004177552903220948,8.158282158265973e-05,0.1405655267621955,0.9938453802837545,0,
42,nftonv2,nfbotv2,rf,0.05,buffer_only,105000,0.9787924935385695,0.9996453154388606,0.9575865254951659,0.9930340120595462,0.04052443384982122,0.00029013766666666674,0.00018620000000002981,0.8524556025426255,0.9933333333333333,0,5
42,nftonv2,nfbotv2,rf,0.1,calibrate,210001,0.49894904562319464,0.9937119087536106,0.0,0.5129576164835208,1.0,0.004177557095408121,8.176582910912611e-05,0.1405655267621955,0.9938210193116562,0,
42,nftonv2,nfbotv2,rf,0.1,buffer_only,210001,0.984299249781865,0.9997363232533405,0.9686476482794264,0.9957478683772164,0.021454112038140644,0.0002181892777777778,0.0001318166666666541,0.8542261634033028,0.9966666666666667,0,13
42,nftonv2,nf2018v2,lgbm,0,zero_shot,250001,0.512194194492717,0.7580293395427917,0.04537571089937606,0.5180626835605044,0.2143861798300836,0.231606770312999,0.198490509718318,0.2570662711647484,0.9729601001968724,0,3
42,nftonv2,nf2018v2,lgbm,0.0001,calibrate,217,0.46853899442765923,0.8261331950887618,0.0,0.5180626835605044,0.0,0.10504672314852455,0.029719669517491824,0.2570662711647484,0.1923909714299105,0,
42,nftonv2,nf2018v2,lgbm,0.0001,buffer_only,217,0.9516308212644344,0.9797777608272958,0.903267570215251,0.9716861860154891,0.011910028243781264,0.018289678063251623,0.016870495935950185,0.9360854356338479,0.9988110268643432,0,1
42,nftonv2,nf2018v2,lgbm,0.0001,augment,250218,0.7914389006642619,0.8968400538755436,0.6310618265121535,0.8890068527848867,0.12372817912682478,0.09150415635834135,0.05319963799993202,0.7311879451099245,0.9032024423509479,0,8
42,nftonv2,nf2018v2,lgbm,0.001,calibrate,2102,0.46853899442765923,0.8261331950887618,0.0,0.5180626835605044,0.0,0.10418043592131285,0.014056846882214053,0.2570662711647484,0.14127700090066525,0,
42,nftonv2,nf2018v2,lgbm,0.001,buffer_only,2102,0.9806083970044965,0.9920015160357637,0.961725791726759,0.9814209485992589,0.0007372874627102687,0.00774875120132494,0.007512345218243286,0.9613074991955673,0.4205770309517851,0,1
42,nftonv2,nf2018v2,lgbm,0.001,augment,252103,0.9450786869174548,0.9766396032521182,0.8911855313180564,0.9743213815216979,0.019311260080988192,0.02037795048683603,0.01190007654046776,0.9382095578378855,0.8731724308643632,0,5
42,nftonv2,nf2018v2,lgbm,0.01,calibrate,21001,0.46853899442765923,0.8261331950887618,0.0,0.5180626835605044,0.0,0.10415772058371536,0.009499213875595467,0.2570662711647484,0.1448180573862425,0,
42,nftonv2,nf2018v2,lgbm,0.01,buffer_only,21001,0.9867000925113351,0.9944959466369391,0.9736689500113244,0.9853952370255374,0.00036864373135513437,0.005350906914141804,0.004855166153325323,0.9685244598272207,0.9985550171947836,0,3
42,nftonv2,nf2018v2,lgbm,0.01,augment,271002,0.9774976230500139,0.9906698938809788,0.9551573910236515,0.9820632998219987,0.0031136216694456734,0.008899236560000856,0.004223528137128193,0.9609147394333005,0.9032148209901854,0,5
42,nftonv2,nf2018v2,lgbm,0.05,calibrate,105000,0.46853899442765923,0.8261331950887618,0.0,0.5180626835605044,0.0,0.10415530189596092,0.008928901097276934,0.2570662711647484,0.14539576507171117,0,
42,nftonv2,nf2018v2,lgbm,0.05,buffer_only,105000,0.9878749274149334,0.9949812166545545,0.9760078450582204,0.9872846736781287,0.00015312893456290196,0.004929851865423817,0.002677241838423392,0.9685735547975041,0.9956099488557264,0,6
42,nftonv2,nf2018v2,lgbm,0.1,calibrate,210000,0.46853899442765923,0.8261331950887618,0.0,0.5180626835605044,0.0,0.10415343233827698,0.00844589692123315,0.2570662711647484,0.14590993017233503,0,
42,nftonv2,nf2018v2,lgbm,0.1,buffer_only,210000,0.9883325780952277,0.9951692661937457,0.9769063233217439,0.9877253647257808,0.0001361146085003573,0.004749161540313282,0.0016400985719342378,0.9685735547975041,0.9952359044429628,0,4
42,nftonv2,nfunswv2,lgbm,0,zero_shot,250001,0.37195037457944263,0.6746162894893755,-0.06338938169937774,0.4845886081454846,0.44713212292534893,0.31924476186031814,0.2683889959421322,0.060359101340299426,0.9088750191712313,0,3
42,nftonv2,nfunswv2,lgbm,0.0001,calibrate,144,0.49037055157195203,0.943678896856096,0.0,0.5481298082702514,0.0,0.03710207702140724,0.031093172456838104,0.21196396747503438,0.08338789147515156,0,
42,nftonv2,nfunswv2,lgbm,0.0001,buffer_only,144,0.8697386833450658,0.9810543979159116,0.7394773684828944,0.8597979175655568,0.009841926398603216,0.018937179923930958,0.018924746874750098,0.7302931078477918,0.0005759660896481417,0,1
42,nftonv2,nfunswv2,lgbm,0.0001,augment,250145,0.7625697516566122,0.96566056957459,0.5251818686766581,0.7685227639093283,0.017283129462383473,0.02443022437568996,0.010488853879411309,0.5908620291002353,0.19906587786040467,0,5
42,nftonv2,nfunswv2,lgbm,0.001,calibrate,1392,0.49037055157195203,0.943678896856096,0.0,0.5481298082702514,0.0,0.03606879040301313,0.0014661290956235105,0.21196396747503438,0.058406512720584794,0,
42,nftonv2,nfunswv2,lgbm,0.001,buffer_only,1392,0.9389009712772827,0.9909664379973087,0.8783335913449848,0.9413415906727295,0.006121324866713088,0.008274576389537533,0.008187032063080232,0.8925369580419055,0.0003325121678391183,0,1
42,nftonv2,nfunswv2,lgbm,0.001,augment,251393,0.9273134056844725,0.989433952046502,0.85462747542717,0.9263719103164233,0.005440600284761123,0.008558533642674396,0.0016208014573368366,0.8775812277851452,0.2888292112766575,0,8
42,nftonv2,nfunswv2,lgbm,0.01,calibrate,13907,0.49037055157195203,0.943678896856096,0.0,0.5481298082702514,0.0,0.03604093062062623,0.0002207547966169316,0.21196396747503438,0.059377791313500336,0,
42,nftonv2,nfunswv2,lgbm,0.01,buffer_only,13907,0.9702103783423679,0.9956210427759311,0.9406611226839506,0.9853809813518211,0.003169786221303042,0.004039104994572826,0.003785767861384973,0.9410779828035302,0.010738400083919712,0,2
42,nftonv2,nfunswv2,lgbm,0.01,augment,263908,0.9640178004727854,0.9947307157828241,0.928134856329515,0.9835887010948987,0.0033152846052317063,0.004032395432225992,0.000769239091647741,0.9294852142524558,0.2890964092205877,0,5
42,nftonv2,nfunswv2,lgbm,0.05,calibrate,69537,0.49037055157195203,0.943678896856096,0.0,0.5481298082702514,0.0,0.03603824018273191,0.00043574197767340807,0.21196396747503438,0.059867338272210927,0,
42,nftonv2,nfunswv2,lgbm,0.05,buffer_only,69537,0.97263666221806,0.9959825030545013,0.9454640344668889,0.988515697877665,0.0028787894534457134,0.003387371430993258,0.002702248487996002,0.9429222868912012,0.07669451137798598,0,3
42,nftonv2,nfunswv2,lgbm,0.1,calibrate,139072,0.49037055157195203,0.943678896856096,0.0,0.5481298082702514,0.0,0.0360414823234205,0.00023127570711605573,0.21196396747503438,0.059372148442781415,0,
42,nftonv2,nfunswv2,lgbm,0.1,buffer_only,139072,0.9743626173094675,0.9962405299618372,0.9488703253372783,0.9910004313159828,0.0026397563941343368,0.0029533399684830916,0.0017921001024876985,0.9450300629913965,0.1314645114398568,0,3
42,nftonv2,nftonv2,lgbm,0,in_domain,250001,0.9910580487997495,0.9928948251212668,0.9821356601710863,0.9989337582265767,0.017499361337177475,0.005996943763885767,0.00294377421974838,0.9817119646947055,0.6025811935111806,0,3
42,nftonv2,nfbotv2,lgbm,0,zero_shot,250001,0.03665090284912066,0.06475962250191433,-0.002057004151148303,0.5602470681504367,0.03933253873659118,0.8895908293475704,0.9194187440002074,0.2763598423212492,0.00017550940605912685,0,3
42,nftonv2,nfbotv2,lgbm,0.0001,calibrate,211,0.49894904562319464,0.9937119087536106,0.0,0.5602470681504367,1.0,0.004177718991112426,0.0006003460932006988,0.2763598423212492,0.9951831412186828,0,
42,nftonv2,nfbotv2,lgbm,0.0001,buffer_only,211,0.6993418992103554,0.9944275515578901,0.4054627247441705,0.5903101552415781,0.5101311084624554,0.006111712138532044,0.006101880031758489,0.40991853650031235,0.9999779990830424,0,1
42,nftonv2,nfbotv2,lgbm,0.0001,augment,250212,0.7969827347968372,0.9960580740170746,0.6130654674524398,0.8492473944430894,0.2097735399284863,0.003725660789248022,0.004236374115509679,0.6367259704090381,0.18977401396816945,0,4
42,nftonv2,nfbotv2,lgbm,0.001,calibrate,2101,0.49894904562319464,0.9937119087536106,0.0,0.5602470681504367,1.0,0.004177254277295665,0.0001546731176862437,0.2763598423212492,0.9955573284086066,0,
42,nftonv2,nfbotv2,lgbm,0.001,buffer_only,2101,0.8819917504494744,0.998171475667458,0.7755071246652027,0.8826591547168455,0.3468414779499404,0.001547177055176089,0.0015002429735010887,0.6952067720142294,0.9998621603031977,0,1
42,nftonv2,nfbotv2,lgbm,0.001,augment,252102,0.9019673044490845,0.9984309313388411,0.8074253872989787,0.8991052475174302,0.2634088200238379,0.0011263383284890764,0.001021063152977984,0.7945961206094698,0.9114193333879428,0,8
42,nftonv2,nfbotv2,lgbm,0.01,calibrate,21000,0.49894904562319464,0.9937119087536106,0.0,0.5602470681504367,1.0,0.004177230673791669,6.690297130762524e-05,0.2763598423212492,0.9956429082059083,0,
42,nftonv2,nfbotv2,lgbm,0.01,buffer_only,21000,0.938074616381168,0.9989901204816805,0.8772887146612782,0.9645836635532365,0.16567342073897498,0.0009394672846728818,0.0009293243390708285,0.8549072493508985,0.9999968068441705,0,1
42,nftonv2,nfbotv2,lgbm,0.01,augment,271001,0.950191027417485,0.9991763550364222,0.9005882949774143,0.9502871847524755,0.11799761620977355,0.0007438626484099393,0.000313801393546491,0.8043406609259516,0.9830280428885552,0,5
42,nftonv2,nfbotv2,lgbm,0.05,calibrate,105000,0.49894904562319464,0.9937119087536106,0.0,0.5602470681504367,1.0,0.004177202585670531,6.046472001808301e-05,0.2763598423212492,0.9956328751166709,0,
42,nftonv2,nfbotv2,lgbm,0.05,buffer_only,105000,0.5350018905952284,0.9939891481152481,0.12971951992993627,0.5086391102333594,0.9606674612634089,0.004245032413983305,0.004245892620771388,0.0813774457648061,1.0,0,3
42,nftonv2,nfbotv2,lgbm,0.1,calibrate,210001,0.49894904562319464,0.9937119087536106,0.0,0.5602470681504367,1.0,0.0041772033529931425,6.54854112386305e-05,0.2763598423212492,0.9956279104829064,0,
42,nftonv2,nfbotv2,lgbm,0.1,buffer_only,210001,0.8516730010150557,0.9976906589217608,0.7124832049997525,0.7560185157198244,0.39213349225268174,0.002140000018633414,0.0021399903466934322,0.7137508960800227,1.0,0,3
42,nftonv2,nf2018v2,mlp,0,zero_shot,250001,0.4657946317296745,0.6926401054341292,-0.007362079608113916,0.5483400920337267,0.32648223137214866,0.3116810930688463,0.28687181356506297,0.3935492134667976,0.9967129212630841,0,70
42,nftonv2,nf2018v2,mlp,0.0001,calibrate,217,0.46853899442765923,0.8261331950887618,0.0,0.5554757246439183,0.0,0.1052748951383437,0.029275083685594838,0.3935492134667976,0.15266236294366076,0,
42,nftonv2,nf2018v2,mlp,0.0001,buffer_only,217,0.9455630492273746,0.9778213472008794,0.8931536657894262,0.9587079700990766,0.004764011297512505,0.016986124927088012,0.011974561559509971,0.9069593670918924,0.2945098563499851,0,1
42,nftonv2,nf2018v2,mlp,0.0001,augment,250218,0.5740341089366279,0.7135850410190557,0.3611793080988288,0.8638976741663726,0.3864747450686812,0.2904912232122565,0.2635944251844041,0.7479770768464158,0.9971975045569046,0,45
42,nftonv2,nf2018v2,mlp,0.001,calibrate,2102,0.46853899442765923,0.8261331950887618,0.0,0.53078567322709,0.0,0.10434868555846642,0.0011883067497883149,0.2762946007920989,0.12808588485558497,0,
42,nftonv2,nf2018v2,mlp,0.001,buffer_only,2102,0.9696536728558294,0.987521566614041,0.9401013519738655,0.97282506124463,0.0022799196923809846,0.012077981138553608,0.01412763967093454,0.9369201050107787,0.7987508284790618,0,2
42,nftonv2,nf2018v2,mlp,0.001,augment,252103,0.8047163715962009,0.9047890676377275,0.6516505700199671,0.9504091061893954,0.1128730390989213,0.0828029164157624,0.046918670351871146,0.8764430542304041,0.9840537628232197,0,82
42,nftonv2,nf2018v2,mlp,0.01,calibrate,21001,0.46853899442765923,0.8261331950887618,0.0,0.5306318352053536,0.0,0.10433776408947691,1.0187035520359267e-05,0.2760974318687181,0.12416483297769589,0,
42,nftonv2,nf2018v2,mlp,0.01,buffer_only,21001,0.9800875946310037,0.9917753779047154,0.9605731359993389,0.9808105838839711,0.0012930887807533944,0.00805029779467819,0.0031918140372004405,0.959049130562533,0.5644659231346992,0,5
42,nftonv2,nf2018v2,mlp,0.01,augment,271002,0.8748193828619528,0.9432714779974286,0.7648661648266185,0.96764158758435,0.061053073354431095,0.04730558755661958,0.020129718759749286,0.8830150544203622,0.9307819219290909,0,66
42,nftonv2,nf2018v2,mlp,0.05,calibrate,105000,0.46853899442765923,0.8261331950887618,0.0,0.5300599368478255,0.0,0.10433839736918338,4.990662269854784e-05,0.27381553301127426,0.1233111243893969,0,
42,nftonv2,nf2018v2,mlp,0.05,buffer_only,105000,0.9849454067579355,0.9937770809006221,0.9702359922775567,0.9843536142042393,0.0004083438255010719,0.005873010788063059,0.0013888512344441197,0.967591655391837,0.9235392809308088,0,25
42,nftonv2,nf2018v2,mlp,0.1,calibrate,210000,0.46853899442765923,0.8261331950887618,0.0,0.530577270650878,0.0,0.10433932488216013,6.474671489775652e-05,0.27591652584889376,0.12288357675998629,0,
42,nftonv2,nf2018v2,mlp,0.1,buffer_only,210000,0.9846831710992062,0.9936723078713993,0.9697527319466452,0.9844189530701905,0.00028924354306325925,0.005911872039087488,0.001682089170034816,0.9677880352729704,0.8937953483979152,0,28
42,nftonv2,nfunswv2,mlp,0,zero_shot,250001,0.35674260211676884,0.6364463938812472,-0.044491631825068496,0.5004129421061153,0.4962430238721277,0.4902070122517752,0.4807217815204555,0.08806227064016249,3.1575047174812886e-05,0,70
42,nftonv2,nfunswv2,mlp,0.0001,calibrate,144,0.49037055157195203,0.943678896856096,0.0,0.5019608122065236,0.0,0.03724681675048206,0.03120398350128472,0.0668656015650524,0.06084496068724616,0,
42,nftonv2,nfunswv2,mlp,0.0001,buffer_only,144,0.8352804798595577,0.9770225495673845,0.6738046434465649,0.8267334304299909,0.00808035667889546,0.019220451537907603,0.018449027829200992,0.7743001988755731,0.01739535062398601,0,1
42,nftonv2,nfunswv2,mlp,0.0001,augment,250145,0.7275981151210963,0.955659533532509,0.4664771312628591,0.6946565128924579,0.03518462705646377,0.039432270979125855,0.022095301438976173,0.5541474376362296,0.8777232733123542,0,76
42,nftonv2,nfunswv2,mlp,0.001,calibrate,1392,0.49037055157195203,0.943678896856096,0.0,0.5019575679677841,0.0,0.036273639847756,0.0010532009799163553,0.0668656015650524,0.030761073926757785,0,
42,nftonv2,nfunswv2,mlp,0.001,buffer_only,1392,0.9362181098831457,0.990754027761314,0.8724595041636478,0.9083464198567264,0.004515646272643186,0.008109559499820788,0.00583545090974183,0.8741560916223279,0.057293739356819806,0,3
42,nftonv2,nfunswv2,mlp,0.001,augment,251393,0.8844758220978282,0.9832186368069257,0.7689546306311785,0.8481208911051865,0.00860519013520957,0.014918398384474247,0.00825205839495767,0.7599409741929922,0.38967566856455865,0,98
42,nftonv2,nfunswv2,mlp,0.01,calibrate,13907,0.49037055157195203,0.943678896856096,0.0,0.5019660181000539,0.0,0.03627016591474148,0.002668652549086827,0.0668656015650524,0.026377303098360772,0,
42,nftonv2,nfunswv2,mlp,0.01,buffer_only,13907,0.9506935857834092,0.9927015574100301,0.9020094267814196,0.9544747544946003,0.005305494642541649,0.006129297869217046,0.0027445611056522877,0.9062996771503069,0.4582628808488733,0,3
42,nftonv2,nfunswv2,mlp,0.01,augment,263908,0.9438017132810446,0.9917980370554923,0.8876277882401218,0.9346197637002256,0.004557217239479947,0.006831847473004164,0.0025612974911756866,0.8895692043550063,0.2965404059773082,0,68
42,nftonv2,nfunswv2,mlp,0.05,calibrate,69537,0.49037055157195203,0.943678896856096,0.0,0.5019629232784039,0.0,0.03626934495824888,0.002249720265833948,0.0668656015650524,0.02699312177605989,0,
42,nftonv2,nfunswv2,mlp,0.05,buffer_only,69537,0.960155016266554,0.9940795904777558,0.9212390576675296,0.9737072230628903,0.004905374086737822,0.004629496676185528,0.00046010059272264756,0.920131957807839,0.48254649043417425,0,10
42,nftonv2,nfunswv2,mlp,0.1,calibrate,139072,0.49037055157195203,0.943678896856096,0.0,0.5019668886959142,0.0,0.03626883061944966,0.0016683837614265098,0.0668656015650524,0.027511167639452334,0,
42,nftonv2,nfunswv2,mlp,0.1,buffer_only,139072,0.9612592048203847,0.9942574454298201,0.9232569489766431,0.9702526507801281,0.004603984577171303,0.00457918156805861,0.0007079733527362215,0.9236888299769186,0.4522649202300335,0,18
42,nftonv2,nftonv2,mlp,0,in_domain,250001,0.977214717757819,0.9819267877054926,0.954526141960754,0.9962474552451195,0.04304587423816649,0.013978022425482182,0.0026679893328117018,0.9543819653581235,0.4915760394828603,0,70
42,nftonv2,nfbotv2,mlp,0,zero_shot,250001,0.05086857055386554,0.09691051971742629,-0.12847301414335055,0.5056537600892336,0.4970202622169249,0.9246581970888431,0.923963027029255,0.0517929101052602,5.780440533894851e-13,0,70
42,nftonv2,nfbotv2,mlp,0.0001,calibrate,211,0.49894904562319464,0.9937119087536106,0.0,0.49674471151718874,1.0,0.004178503720277566,0.0005977166696758962,0.07797838172050418,0.9951967548543109,0,
42,nftonv2,nfbotv2,mlp,0.0001,buffer_only,211,0.507221003284372,0.9937961744173038,0.08521311901626515,0.5391190158037809,0.9916567342073898,0.00409868430932005,0.003490793003415617,0.208437031211855,0.9951337862873685,0,1
42,nftonv2,nfbotv2,mlp,0.0001,augment,250212,0.5323370775022722,0.9756764193271191,0.13519285701533865,0.5699746539675488,0.5530393325387366,0.03630726273712433,0.022877679522753717,0.25004562588079426,0.00043609716673506026,0,60
42,nftonv2,nfbotv2,mlp,0.001,calibrate,2101,0.49894904562319464,0.9937119087536106,0.0,0.6529334076837026,1.0,0.004096044264954785,1.5087141460146114e-05,0.4409556484794567,0.9704817124037002,0,
42,nftonv2,nfbotv2,mlp,0.001,buffer_only,2101,0.8042993421042212,0.9971519964771822,0.6500893936409267,0.7827526652733114,0.5482717520858165,0.002318305896461591,0.0014772215702064033,0.5149020974300857,0.9686355539987445,0,2
42,nftonv2,nfbotv2,mlp,0.001,augment,252102,0.6252929551726556,0.9919701511206144,0.26974614756822296,0.6549740589526164,0.599523241954708,0.0075810359693083505,0.0037049786331774556,0.3871092318490647,0.007880171905221459,0,67
42,nftonv2,nfbotv2,mlp,0.01,calibrate,21000,0.49894904562319464,0.9937119087536106,0.0,0.652932621751283,1.0,0.004037071466417833,0.0015869905256835645,0.4409556484794567,0.9295418886125384,0,
42,nftonv2,nfbotv2,mlp,0.01,buffer_only,21000,0.8712098673848004,0.9980088814576982,0.7544048080784458,0.8871572647641849,0.36829558998808104,0.0016342469948986162,0.0009199951249747855,0.6815699453414253,0.9520057141471472,0,5
42,nftonv2,nfbotv2,mlp,0.01,augment,271001,0.8931903165913784,0.9982576174903848,0.7873780084014328,0.8994874450112769,0.25029797377830754,0.0014652018883104065,0.0004242187755052466,0.727478454346944,0.8766588913065771,0,92
42,nftonv2,nfbotv2,mlp,0.05,calibrate,105000,0.49894904562319464,0.9937119087536106,0.0,0.6529314513633603,1.0,0.004034236243975338,0.001039809743043861,0.4409556484794567,0.9231001038867002,0,
42,nftonv2,nfbotv2,mlp,0.05,buffer_only,105000,0.9006981297217369,0.9984303112260176,0.8074495526479445,0.930855304209117,0.28486293206197855,0.0013113227488833173,0.0013023051131878017,0.7654028748297638,0.9517795836143214,0,11
42,nftonv2,nfbotv2,mlp,0.1,calibrate,210001,0.49894904562319464,0.9937119087536106,0.0,0.6529331842514798,1.0,0.004034702570728532,0.0011287986870097038,0.4409556484794567,0.9245492201221982,0,
42,nftonv2,nfbotv2,mlp,0.1,buffer_only,210001,0.9662871490202634,0.9994358357289335,0.932578450959186,0.9759418337105623,0.06436233611442194,0.0005038738705537398,0.000509322664575326,0.8163014391619693,0.8919021590012908,0,32
42,nfbotv2,nf2018v2,rf,0,zero_shot,250000,0.802884210656406,0.90585527772638,0.6383104878336704,0.788646158101048,0.10408230396660655,0.12634373583687641,0.18131899340503307,0.7579883908454679,0.6033333333333334,0,16
42,nfbotv2,nf2018v2,rf,0.0001,calibrate,217,0.47760324501628737,0.8261103189525387,0.01552617693158568,0.788646158101048,0.007004230895747553,0.07974038032399611,0.1418463435785007,0.7579883908454679,0.2739463496575499,0,
42,nfbotv2,nf2018v2,rf,0.0001,buffer_only,217,0.9722468690944255,0.9885954103244105,0.945363583798542,0.9727945672508836,0.0014745749254205375,0.013328025137652093,0.02125176040786453,0.9415527532357629,0.6433333333333333,0,1
42,nfbotv2,nf2018v2,rf,0.0001,augment,250217,0.9621650273038969,0.9841166536134704,0.9244256977479263,0.9767925772246551,0.010764396955569923,0.015913631042955893,0.026833915830420805,0.9368731499813178,0.63,0,17
42,nfbotv2,nf2018v2,rf,0.001,calibrate,2102,0.6148608897781228,0.8613363026244523,0.2815147968331979,0.788646158101048,0.022141309649391455,0.06905037049474128,0.0810369878142654,0.7579883908454679,0.33732290683900756,0,
42,nfbotv2,nf2018v2,rf,0.001,buffer_only,2102,0.980626161236162,0.992007734306165,0.9617495449421696,0.9807271349482585,0.0007769875568562063,0.0076705819248681535,0.0077832110839444,0.9616509904111535,0.49,0,2
42,nfbotv2,nf2018v2,rf,0.001,augment,252102,0.9815217541569108,0.9923598457817385,0.9633683470273681,0.9806984735848411,0.001287417338732546,0.00779497113625543,0.008894688859889144,0.9638113426800186,0.5974074074073966,0,19
42,nfbotv2,nf2018v2,rf,0.01,calibrate,21001,0.6229142905048713,0.8612312360985241,0.2800776870333208,0.788646158101048,0.030427286441850707,0.06349841417393204,0.07532151990030235,0.7579883908454679,0.4064556687611348,0,
42,nfbotv2,nf2018v2,rf,0.01,buffer_only,21001,0.9862857323365843,0.9943269269151658,0.972867491168671,0.9835290849866428,0.0003289436372091968,0.00573416494028641,0.005546122269388695,0.9685735547975041,0.9174074074073966,0,4
42,nfbotv2,nf2018v2,rf,0.01,augment,271001,0.986151776350625,0.9942689778216318,0.9725715095989831,0.9834483611696452,0.0004990868978346435,0.005812695547633372,0.0055794221028894085,0.9687928502682048,0.9366666666666666,0,22
42,nfbotv2,nf2018v2,rf,0.05,calibrate,105000,0.6200685116501333,0.8604623481024963,0.2753882655301258,0.788646158101048,0.030047299826453874,0.06393430965299188,0.0718019776796542,0.7579883908454679,0.3966079809001916,0,
42,nfbotv2,nf2018v2,rf,0.05,buffer_only,105000,0.9878372312175902,0.9949658455954243,0.9759352351671403,0.9841674581785849,0.00014745749254205375,0.0052527957360213205,0.00519444069446294,0.9688172147391978,0.9833333333333333,0,16
42,nfbotv2,nf2018v2,rf,0.1,calibrate,210000,0.6172412535524859,0.8597248674515017,0.2708628108126004,0.788646158101048,0.029593584464786018,0.06403453833664188,0.07328928013267673,0.7579883908454679,0.3947184831796158,0,
42,nfbotv2,nf2018v2,rf,0.1,buffer_only,210000,0.9883556293738918,0.9951790768672364,0.9769556813096163,0.9845374284776172,0.00011342884041696441,0.005058822539220636,0.0052866235668819535,0.9693287905123094,0.9933333333333333,0,37
42,nfbotv2,nfunswv2,rf,0,zero_shot,250000,0.15616457688846214,0.2488394081899041,-0.10443466113473544,0.4879410851941501,0.8509265129233743,0.32205341933333337,0.45906136666666664,0.020224069301081702,0.23333333333333334,0,16
42,nfbotv2,nfunswv2,rf,0.0001,calibrate,144,0.49037055157195203,0.943678896856096,0.0,0.4879410851941501,0.0,0.0373954975091663,0.03169471753882625,0.020224069301081702,0.06699524898019088,0,
42,nfbotv2,nfunswv2,rf,0.0001,buffer_only,144,0.9352576343039536,0.9900339590895173,0.8761985266844862,0.9040183839570883,0.010231654212697852,0.00965410088888889,0.010306666666666608,0.8691320965130049,0.54,0,1
42,nfbotv2,nfunswv2,rf,0.0001,augment,250144,0.8968247410125763,0.9845932919790837,0.7948660084034209,0.9054007878830956,0.0103927417091903,0.011536965333333331,0.01371306666666672,0.8513125969504338,0.4033333333333333,0,17
42,nfbotv2,nfunswv2,rf,0.001,calibrate,1392,0.49037055157195203,0.943678896856096,0.0,0.5302020623945242,0.0,0.03622643800420554,0.001546855154192165,0.14849054589436467,0.0635298481272763,0,
42,nfbotv2,nfunswv2,rf,0.001,buffer_only,1392,0.9501122796415187,0.9925414930951967,0.9017121184941622,0.9594151987514061,0.0062616268797871565,0.0060686755000000005,0.0026485166666666213,0.8952025016327083,0.2833333333333333,0,1
42,nfbotv2,nfunswv2,rf,0.001,augment,251392,0.9406864620569498,0.9912112341551347,0.8820542108482862,0.9601574979226486,0.006183681316968229,0.006574332277777777,0.002676549999999971,0.885677254492455,0.3433333333333333,0,18
42,nfbotv2,nfunswv2,rf,0.01,calibrate,13907,0.49037055157195203,0.943678896856096,0.0,0.5302020623945242,0.0,0.03623764791452551,0.01626432050451136,0.14849054589436467,0.09021745567500834,0,
42,nfbotv2,nfunswv2,rf,0.01,buffer_only,13907,0.9706338461094373,0.9956693103423445,0.9416738256656513,0.9873924858643461,0.003419212022323609,0.0035354229444444453,0.000798616666666726,0.9390426066936438,0.3,0,2
42,nfbotv2,nfunswv2,rf,0.01,augment,263907,0.9681549125875581,0.9953065333349189,0.936680533296444,0.9855427980444353,0.0035595140353976784,0.003739115888888889,0.0009530333333336037,0.9362763106928077,0.36333333333333334,0,22
42,nfbotv2,nfunswv2,rf,0.05,calibrate,69537,0.49037055157195203,0.943678896856096,0.0,0.5302020623945242,0.0,0.03624458967656302,0.016217609002846564,0.14849054589436467,0.09254851898421763,0,
42,nfbotv2,nfunswv2,rf,0.05,buffer_only,69537,0.9735993965965528,0.9961175067634205,0.947460954031949,0.9899997882727962,0.0029463422745554507,0.0030109805000000005,0.0006562500000001075,0.9432109442229145,0.26666666666666666,0,3
42,nfbotv2,nfunswv2,rf,0.1,calibrate,139072,0.49037055157195203,0.943678896856096,0.0,0.5302020623945242,0.0,0.03624796929015109,0.012179596673697588,0.14849054589436467,0.09353571371870546,0,
42,nfbotv2,nfunswv2,rf,0.1,buffer_only,139072,0.9759957363201459,0.9964767932505734,0.9521709432394554,0.9906366437298517,0.00259298905644298,0.0027886917777777778,0.0007113333333332641,0.9456290257432535,0.26,0,7
42,nfbotv2,nftonv2,rf,0,zero_shot,250000,0.4564150912654485,0.5843086282767956,-0.08164093111742547,0.4077864882718271,0.8482537133681253,0.33761607658038295,0.36711425223792776,0.05804309130044213,0.06666666666666667,0,16
42,nfbotv2,nftonv2,rf,0.0001,calibrate,213,0.42062190755396933,0.6107334447783608,0.0,0.7494727283348929,1.0,0.18583276936587778,0.2378681641179552,0.6275547794198014,0.6336393031959057,0,
42,nfbotv2,nftonv2,rf,0.0001,buffer_only,213,0.9364647322635933,0.9493791795148282,0.8729442246372302,0.9727572774937576,0.088372687128207,0.04051642019321208,0.025308543209382705,0.8861326043451798,0.62,0,1
42,nfbotv2,nftonv2,rf,0.0001,augment,250213,0.9170846069204579,0.9345044162992922,0.8346525917379906,0.9770484385107809,0.14205685923871392,0.044198637548743286,0.028461508974211548,0.8632764202013736,0.72,0,19
42,nfbotv2,nftonv2,rf,0.001,calibrate,2100,0.42062190755396933,0.6107334447783608,0.0,0.7494727283348929,1.0,0.185370976294541,0.23903154493222267,0.6275547794198014,0.6317486353085722,0,
42,nfbotv2,nftonv2,rf,0.001,buffer_only,2100,0.967705278851059,0.9744299835965797,0.9356466158206889,0.9927847804453904,0.06235173898762819,0.019882478967950392,0.007381536907684427,0.9354995771226279,0.4666666666666667,0,2
42,nfbotv2,nftonv2,rf,0.001,augment,252100,0.9650881746166615,0.9724488053621332,0.9308339421667486,0.9920887036954846,0.0762928360278822,0.02148963844819224,0.008848544242721183,0.9315913490344158,0.5366666666666666,0,19
42,nfbotv2,nftonv2,rf,0.01,calibrate,21000,0.42062190755396933,0.6107334447783608,0.0,0.7494727283348929,1.0,0.1847797974708047,0.23715757332547088,0.6275547794198014,0.6248546283873387,0,
42,nfbotv2,nftonv2,rf,0.01,buffer_only,21000,0.9834374089623901,0.9868651140680653,0.966984422109598,0.996993723512599,0.03467026750848509,0.010242898270046909,0.00431733825335776,0.9672557069315891,0.5966666666666667,0,4
42,nfbotv2,nftonv2,rf,0.01,augment,271000,0.9832219282157513,0.9866993089033294,0.9665798966383282,0.9969354361386266,0.03618481077332944,0.010400715281354183,0.004509339213362657,0.9672248547013704,0.5133333333333333,0,24
42,nfbotv2,nftonv2,rf,0.05,calibrate,105000,0.42062190755396933,0.6107334447783608,0.0,0.7494727283348929,1.0,0.1846142551628666,0.23373263670862648,0.6275547794198014,0.6230191671198094,0,
42,nfbotv2,nftonv2,rf,0.05,buffer_only,105000,0.9898907921081345,0.9919703972822287,0.9798130676390084,0.9981486858587068,0.020400715302361226,0.006677562332256108,0.0037644688223440704,0.97920732606697,0.59,0,13
42,nfbotv2,nftonv2,rf,0.1,calibrate,210000,0.42062190755396933,0.6107334447783608,0.0,0.7494727283348929,1.0,0.1847087425076922,0.23172901784972164,0.6275547794198014,0.6239984303341206,0,
42,nfbotv2,nftonv2,rf,0.1,buffer_only,210000,0.991219374676248,0.9930240050324997,0.9824624469465004,0.9983623291190087,0.01771833144775738,0.005785245870673799,0.0032266661333306386,0.9820131096690483,0.6,0,31
42,nfbotv2,nfbotv2,rf,0,in_domain,250000,0.9854328656452285,0.9997557944263199,0.9708865021269418,0.9961492930882023,0.02264600715137068,0.00020501366666666673,0.0001375000000000524,0.8664562864028958,0.9966666666666667,0,16
42,nfbotv2,nf2018v2,lgbm,0,zero_shot,250000,0.11865383067913805,0.04662648044696189,0.02530297326218051,0.5009053493712096,0.9877043136988011,0.871240643796781,0.871240643796781,0.02530297326218051,1.0,0,2
42,nfbotv2,nf2018v2,lgbm,0.0001,calibrate,217,0.46853899442765923,0.8261331950887618,0.0,0.5009052933080699,0.0,0.10518590095759962,0.029392079387041477,0.02530297326218051,0.14829569896856112,0,
42,nfbotv2,nf2018v2,lgbm,0.0001,buffer_only,217,0.9516308212644344,0.9797777608272958,0.903267570215251,0.9716861860154891,0.011910028243781264,0.018289678063251623,0.016870495935950185,0.9360854356338479,0.9988110268643432,0,1
42,nfbotv2,nf2018v2,lgbm,0.0001,augment,250217,0.6856254121102684,0.8584779452383845,0.37964817635521036,0.5998042049576279,0.11003164664647633,0.15121420758200468,0.1512155382781765,0.3796871384250925,1.0,0,6
42,nfbotv2,nf2018v2,lgbm,0.001,calibrate,2102,0.46853899442765923,0.8261331950887618,0.0,0.5009052933080699,0.0,0.10431144383427772,0.0010086473734721951,0.02530297326218051,0.12024717419342759,0,
42,nfbotv2,nf2018v2,lgbm,0.001,buffer_only,2102,0.9806083970044965,0.9920015160357637,0.961725791726759,0.9814209485992589,0.0007372874627102687,0.00774875120132494,0.007512345218243286,0.9613074991955673,0.4205770309517851,0,1
42,nfbotv2,nf2018v2,lgbm,0.001,augment,252102,0.977919338157942,0.9908702795635695,0.9561609754440039,0.9820138590007389,0.002126790757818083,0.008426473577402062,0.007980588136839339,0.9596382702059333,0.9409520047224966,0,4
42,nfbotv2,nf2018v2,lgbm,0.01,calibrate,21001,0.46853899442765923,0.8261331950887618,0.0,0.5009052933080699,0.0,0.10431103159805838,0.00010297714508415286,0.02530297326218051,0.11928399686695264,0,
42,nfbotv2,nf2018v2,lgbm,0.01,buffer_only,21001,0.9867000925113351,0.9944959466369391,0.9736689500113244,0.9853952370255374,0.00036864373135513437,0.005350906914141804,0.004855166153325323,0.9685244598272207,0.9985550171947836,0,5
42,nfbotv2,nf2018v2,lgbm,0.01,augment,271001,0.986084418872665,0.9942374381828615,0.9723990317837208,0.9855348750888884,0.0007146016946268758,0.005505568031116493,0.004205598145211268,0.9680822659120918,0.9825784536759585,0,5
42,nfbotv2,nf2018v2,lgbm,0.05,calibrate,105000,0.46853899442765923,0.8261331950887618,0.0,0.5009052933080699,0.0,0.10431078739037221,0.00017430774309154957,0.02530297326218051,0.11937462942215968,0,
42,nfbotv2,nf2018v2,lgbm,0.05,buffer_only,105000,0.9878749274149334,0.9949812166545545,0.9760078450582204,0.9872846736781287,0.00015312893456290196,0.004929851865423817,0.002677241838423392,0.9685735547975041,0.9956099488557264,0,5
42,nfbotv2,nf2018v2,lgbm,0.1,calibrate,210000,0.46853899442765923,0.8261331950887618,0.0,0.5009052933080699,0.0,0.10431060817826432,7.532552656345034e-05,0.02530297326218051,0.11929004344176651,0,
42,nfbotv2,nf2018v2,lgbm,0.1,buffer_only,210000,0.9883325780952277,0.9951692661937457,0.9769063233217439,0.9877253647257808,0.0001361146085003573,0.004749161540313282,0.0016400985719342378,0.9685735547975041,0.9952359044429628,0,4
42,nfbotv2,nfunswv2,lgbm,0,zero_shot,250000,0.22297583499500387,0.358349618529976,0.022750840664785624,0.5018995157516439,0.7718585339998545,0.7494220028491952,0.7494231183870571,0.02299241539698169,1.0,0,2
42,nfbotv2,nfunswv2,lgbm,0.0001,calibrate,144,0.49037055157195203,0.943678896856096,0.0,0.5018961433344713,0.0,0.037489255157618064,0.03245083610364343,0.02299241539698169,0.07780474660791434,0,
42,nfbotv2,nfunswv2,lgbm,0.0001,buffer_only,144,0.8697386833450658,0.9810543979159116,0.7394773684828944,0.8597979175655568,0.009841926398603216,0.018937179923930958,0.018924746874750098,0.7302931078477918,0.0005759660896481417,0,1
42,nfbotv2,nfunswv2,lgbm,0.0001,augment,250144,0.4190920598617115,0.721878470174185,0.05260421614007088,0.5057853225823109,0.393261346275761,0.3962249999977075,0.39622499922808574,0.05379860590223053,2.800005966602501e-183,0,5
42,nfbotv2,nfunswv2,lgbm,0.001,calibrate,1392,0.49037055157195203,0.943678896856096,0.0,0.5018962182171539,0.0,0.03634443066602773,0.001121287024211358,0.02299241539698169,0.04141023980133308,0,
42,nfbotv2,nfunswv2,lgbm,0.001,buffer_only,1392,0.9389009712772827,0.9909664379973087,0.8783335913449848,0.9413415906727295,0.006121324866713088,0.008274576389537533,0.008187032063080232,0.8925369580419055,0.0003325121678391183,0,1
42,nfbotv2,nfunswv2,lgbm,0.001,augment,251392,0.9252895495579619,0.9888862910088425,0.851536129272781,0.9440817985226176,0.0077633780567651555,0.009952383550786731,0.009847140357140988,0.8739569169278533,0.0008300785354972183,0,4
42,nfbotv2,nfunswv2,lgbm,0.01,calibrate,13907,0.49037055157195203,0.943678896856096,0.0,0.5018939224739042,0.0,0.03634440634036496,0.0009026679724284261,0.02299241539698169,0.0406569536450755,0,
42,nfbotv2,nfunswv2,lgbm,0.01,buffer_only,13907,0.9702103783423679,0.9956210427759311,0.9406611226839506,0.9853809813518211,0.003169786221303042,0.004039104994572826,0.003785767861384973,0.9410779828035302,0.010738400083919712,0,4
42,nfbotv2,nfunswv2,lgbm,0.01,augment,263907,0.966240832944628,0.9950448690118525,0.9326589509055078,0.9817827101706555,0.003346462830359277,0.004156782556906872,0.00348955615235394,0.937125902615664,0.09369981137464158,0,4
42,nfbotv2,nfunswv2,lgbm,0.05,calibrate,69537,0.49037055157195203,0.943678896856096,0.0,0.5018963683171154,0.0,0.03634310413466609,4.902090864141312e-05,0.02299241539698169,0.04013560697458942,0,
42,nfbotv2,nfunswv2,lgbm,0.05,buffer_only,69537,0.97263666221806,0.9959825030545013,0.9454640344668889,0.988515697877665,0.0028787894534457134,0.0033873714309932573,0.002702248487996004,0.9429222868912012,0.076694511377986,0,2
42,nfbotv2,nfunswv2,lgbm,0.1,calibrate,139072,0.49037055157195203,0.943678896856096,0.0,0.5018939224739042,0.0,0.03634371314712625,0.0006301480295236304,0.02299241539698169,0.04051095814518496,0,
42,nfbotv2,nfunswv2,lgbm,0.1,buffer_only,139072,0.9743626173094675,0.9962405299618372,0.9488703253372783,0.9910004313159828,0.0026397563941343368,0.002953339968483092,0.0017921001024876983,0.9450300629913965,0.1314645114398568,0,4
42,nfbotv2,nftonv2,lgbm,0,zero_shot,250000,0.46063912813287156,0.6195118172554415,-0.011530494825029687,0.4986954270858841,0.9306412174738148,0.31028155140775704,0.31028155140775704,0.0,0.0,0,2
42,nfbotv2,nftonv2,lgbm,0.0001,calibrate,213,0.42062190755396933,0.6107334447783608,0.0,0.49869745781580155,1.0,0.19963337869145284,0.016609486397943542,0.0,0.6522474746207635,0,
42,nfbotv2,nftonv2,lgbm,0.0001,buffer_only,213,0.9233569827761501,0.9388585170339409,0.8467710817392476,0.9691026761649888,0.10366409985037042,0.054284063911388236,0.0503894612004043,0.847592103882264,0.33619832022616136,0,1
42,nfbotv2,nftonv2,lgbm,0.0001,augment,250213,0.5468669303302278,0.5841059389638765,0.18414042817182058,0.5493563205896342,0.30655815481186816,0.43815217478880064,0.43815175513668025,0.18287131848341118,2.5137362301474692e-232,0,2
42,nfbotv2,nftonv2,lgbm,0.001,calibrate,2100,0.42062190755396933,0.6107334447783608,0.0,0.49869745781580155,1.0,0.1989400523597391,0.00021767214900814125,0.0,0.7227970114509239,0,
42,nfbotv2,nftonv2,lgbm,0.001,buffer_only,2100,0.9661065559137851,0.9731589529885061,0.932430527676789,0.991591789223335,0.06404875734462245,0.02464627259326194,0.02298150586298038,0.932598524084376,0.24729908234500478,0,5
42,nfbotv2,nftonv2,lgbm,0.001,augment,252100,0.7051058879979748,0.764441527178072,0.4103048055047474,0.6329909759373593,0.4190540491222948,0.23645069581571215,0.23645090127330304,0.4114528254261845,1.1648684675128321e-127,0,4
42,nfbotv2,nftonv2,lgbm,0.01,calibrate,21000,0.42062190755396933,0.6107334447783608,0.0,0.5013690183396534,1.0,0.1989031396487944,0.000404717500833745,0.011530494825029687,0.7464324783352559,0,
42,nfbotv2,nftonv2,lgbm,0.01,buffer_only,21000,0.9846297822488088,0.987804606786565,0.9693389129460037,0.9973234320089528,0.03136746834057151,0.010068294057694483,0.005635261918129706,0.9687812111295521,0.439392738357741,0,2
42,nfbotv2,nftonv2,lgbm,0.01,augment,271000,0.9828050546596996,0.986358576777929,0.9656967313518972,0.9970173222023253,0.0344148023794752,0.010923553201553434,0.004657812916154565,0.965516707255186,0.47161242376770607,0,8
42,nfbotv2,nftonv2,lgbm,0.05,calibrate,105000,0.42062190755396933,0.6107334447783608,0.0,0.5013690183396534,1.0,0.19891422838260508,0.0018353314796954374,0.011530494825029687,0.7560689525900447,0,
42,nfbotv2,nftonv2,lgbm,0.05,buffer_only,105000,0.9900108410032846,0.9920631769536147,0.9800428219642381,0.9987717911401595,0.019196379694171744,0.006593943658530061,0.0018042474316591027,0.9794980183897918,0.6053125915814951,0,3
42,nfbotv2,nftonv2,lgbm,0.1,calibrate,210000,0.42062190755396933,0.6107334447783608,0.0,0.5013690183396534,1.0,0.19892013971804404,0.002241069600618994,0.011530494825029687,0.7588292287860566,0,
42,nfbotv2,nftonv2,lgbm,0.1,buffer_only,210000,0.9907696559400512,0.9926650872957358,0.9815567289244258,0.9986909513381466,0.017663588920112404,0.0061525294512751565,0.002873057169406684,0.9810578441955264,0.5983928301879775,0,6
42,nfbotv2,nfbotv2,lgbm,0,in_domain,250000,0.8314677928214931,0.997064403370824,0.6650174802358301,0.7223507971799388,0.2789034564958284,0.0030549999864217863,0.0030549966544430873,0.6636553255146894,1.0,0,2
42,nfbotv2,nf2018v2,mlp,0,zero_shot,250000,0.621492185705228,0.7845851405899086,0.3409010870101897,0.7097363608774543,0.25890699969374215,0.20758844649919936,0.19742045010747938,0.5598357823601624,0.9978671639811116,0,32
42,nfbotv2,nf2018v2,mlp,0.0001,calibrate,217,0.46853899442765923,0.8261331950887618,0.0,0.7097172832642675,0.0,0.09020631013392696,0.0982809817510514,0.5598357823601624,0.43621571797158687,0,
42,nfbotv2,nf2018v2,mlp,0.0001,buffer_only,217,0.9455630492273746,0.9778213472008794,0.8931536657894262,0.9587079700990766,0.004764011297512505,0.016986124927088012,0.011974561559509971,0.9069593670918924,0.2945098563499851,0,1
42,nfbotv2,nf2018v2,mlp,0.0001,augment,250217,0.9108832362693431,0.9614466284067117,0.825154690957375,0.8611307903810548,0.03383582309638049,0.03681330341129674,0.02888809564571121,0.8328542982730733,0.7162533316471391,0,43
42,nfbotv2,nf2018v2,mlp,0.001,calibrate,2102,0.46853899442765923,0.8261331950887618,0.0,0.7097163739004184,0.0,0.08774593766598907,0.10017130832054491,0.5598357823601624,0.3667669002812178,0,
42,nfbotv2,nf2018v2,mlp,0.001,buffer_only,2102,0.9696536728558294,0.987521566614041,0.9401013519738655,0.97282506124463,0.0022799196923809846,0.012077981138553608,0.01412763967093454,0.9369201050107787,0.7987508284790618,0,2
42,nfbotv2,nf2018v2,mlp,0.001,augment,252102,0.9523279653027397,0.9800006403929514,0.9047282082039529,0.9635286734266528,0.012891187713388007,0.016785598366683502,0.006549849785161843,0.929248483600536,0.8427428840924628,0,25
42,nfbotv2,nf2018v2,mlp,0.01,calibrate,21001,0.46853899442765923,0.8261331950887618,0.0,0.7097186704850801,0.0,0.08771050884034397,0.07262366787243668,0.5598357823601624,0.3618783754817905,0,
42,nfbotv2,nf2018v2,mlp,0.01,buffer_only,21001,0.9800875946310037,0.9917753779047154,0.9605731359993389,0.9808105838839711,0.0012930887807533944,0.00805029779467819,0.0031918140372004405,0.959049130562533,0.5644659231346992,0,8
42,nfbotv2,nf2018v2,mlp,0.01,augment,271001,0.9795410387989842,0.9915239426867434,0.9592850868092507,0.9791241806382058,0.0023820056487562527,0.0077687150233668794,0.0024520983057533217,0.9631731080663349,0.9137618903424205,0,38
42,nfbotv2,nf2018v2,mlp,0.05,calibrate,105000,0.46853899442765923,0.8261331950887618,0.0,0.7097164929652301,0.0,0.08770039787859882,0.0783937794310504,0.5598357823601624,0.356819523634923,0,
42,nfbotv2,nf2018v2,mlp,0.05,buffer_only,105000,0.9849454067579355,0.9937770809006221,0.9702359922775567,0.9843536142042393,0.0004083438255010719,0.005873010788063059,0.0013888512344441197,0.967591655391837,0.9235392809308088,0,21
42,nfbotv2,nf2018v2,mlp,0.1,calibrate,210000,0.46853899442765923,0.8261331950887618,0.0,0.7097193127192025,0.0,0.08770085189098431,0.08055754571890178,0.5598357823601624,0.3542513409441842,0,
42,nfbotv2,nf2018v2,mlp,0.1,buffer_only,210000,0.9846831710992062,0.9936723078713993,0.9697527319466452,0.9844189530701905,0.00028924354306325925,0.005911872039087488,0.001682089170034816,0.9677880352729704,0.8937953483979152,0,27
42,nfbotv2,nfunswv2,mlp,0,zero_shot,250000,0.3392449503822177,0.5742041727384767,0.046178545362704736,0.501142850152098,0.5730245996196257,0.5379890001580967,0.525905740096084,0.05967682569230793,0.9580493325039028,0,32
42,nfbotv2,nfunswv2,mlp,0.0001,calibrate,144,0.49037055157195203,0.943678896856096,0.0,0.5013011076485826,0.0,0.037465013020882384,0.03109550079112006,0.05967682569230793,0.08872041517958205,0,
42,nfbotv2,nfunswv2,mlp,0.0001,buffer_only,144,0.8352804798595577,0.9770225495673845,0.6738046434465649,0.8267334304299909,0.00808035667889546,0.019220451537907603,0.018449027829200992,0.7743001988755731,0.01739535062398601,0,1
42,nfbotv2,nfunswv2,mlp,0.0001,augment,250144,0.7930723464277297,0.9715661059485584,0.5917569496741709,0.7001783110321091,0.009384645763398843,0.025501050809061204,0.022249641415807382,0.5927298472656614,0.33104163225693256,0,33
42,nfbotv2,nfunswv2,mlp,0.001,calibrate,1392,0.49037055157195203,0.943678896856096,0.0,0.501257947465463,0.0,0.03628392093229177,0.001826571438073423,0.05967682569230793,0.04361743245351216,0,
42,nfbotv2,nfunswv2,mlp,0.001,buffer_only,1392,0.9362181098831457,0.990754027761314,0.8724595041636478,0.9083464198567264,0.004515646272643186,0.008109559499820788,0.00583545090974183,0.8741560916223279,0.057293739356819806,0,7
42,nfbotv2,nfunswv2,mlp,0.001,augment,251392,0.9005159162247351,0.9850764247958704,0.802701286740181,0.858420838267508,0.010553829205682751,0.013009186555577956,0.006501622724542179,0.8009108721405394,0.6008928419598448,0,40
42,nfbotv2,nfunswv2,mlp,0.01,calibrate,13907,0.49037055157195203,0.943678896856096,0.0,0.501132401882449,0.0,0.03627399952370075,0.0009655602409216707,0.05967682569230793,0.043638004950060406,0,
42,nfbotv2,nfunswv2,mlp,0.01,buffer_only,13907,0.9506935857834092,0.9927015574100301,0.9020094267814196,0.9544747544946003,0.005305494642541649,0.006129297869217046,0.0027445611056522877,0.9062996771503069,0.4582628808488733,0,5
42,nfbotv2,nfunswv2,mlp,0.01,augment,263907,0.9506445658347675,0.9927381015151301,0.9015625371569614,0.9603578347664478,0.0047650720736637535,0.005791193123470013,0.00200234175734106,0.9073535652004046,0.3499336100585882,0,50
42,nfbotv2,nfunswv2,mlp,0.05,calibrate,69537,0.49037055157195203,0.943678896856096,0.0,0.5012350536873463,0.0,0.03626801849031562,0.0005772205014836539,0.05967682569230793,0.04525914134482577,0,
42,nfbotv2,nfunswv2,mlp,0.05,buffer_only,69537,0.960155016266554,0.9940795904777558,0.9212390576675296,0.9737072230628903,0.004905374086737822,0.004629496676185528,0.00046010059272264756,0.920131957807839,0.48254649043417425,0,12
42,nfbotv2,nfunswv2,mlp,0.1,calibrate,139072,0.49037055157195203,0.943678896856096,0.0,0.5012895131811544,0.0,0.03626811895193238,0.0004959153781670853,0.05967682569230793,0.045153597597990196,0,
42,nfbotv2,nfunswv2,mlp,0.1,buffer_only,139072,0.9612592048203847,0.9942574454298201,0.9232569489766431,0.9702526507801281,0.004603984577171303,0.00457918156805861,0.0007079733527362215,0.9236888299769186,0.4522649202300335,0,15
42,nfbotv2,nftonv2,mlp,0,zero_shot,250000,0.2619149287455506,0.2648305869427609,-0.34810198092748296,0.4356673872454617,0.5379183241487537,0.5743896445349268,0.5937231444764832,0.09425439257170891,2.0674415636242537e-28,0,32
42,nfbotv2,nftonv2,mlp,0.0001,calibrate,213,0.42062190755396933,0.6107334447783608,0.0,0.5978512716692472,1.0,0.18118659956518918,0.09875635619226283,0.3645032023664035,0.6582590761531173,0,
42,nfbotv2,nftonv2,mlp,0.0001,buffer_only,213,0.8285367359289191,0.8636165405002317,0.6570746325098591,0.8581348664509617,0.2500091237546075,0.10870130970411364,0.0657156405810055,0.6919487928828547,0.2553428699013988,0,1
42,nfbotv2,nftonv2,mlp,0.0001,augment,250213,0.762190595491042,0.8007266481068975,0.5414475290379314,0.8064657943988195,0.20763840735739572,0.15658370030871338,0.061969479913439596,0.6004211823136802,0.16753779855095005,0,35
42,nfbotv2,nftonv2,mlp,0.001,calibrate,2100,0.5547660391002243,0.6784833018053414,0.16873732598522279,0.5978167681144576,0.8024524652384949,0.17954602525516214,0.10763403050832586,0.3645032023664035,0.6332809682453806,0,
42,nfbotv2,nftonv2,mlp,0.001,buffer_only,2100,0.9539041494470217,0.9634765055204074,0.9079778559277175,0.9684704283079912,0.0799970803985256,0.0312697155676403,0.01524856098111347,0.9088571751053677,0.39188542115340974,0,4
42,nfbotv2,nftonv2,mlp,0.001,augment,252100,0.9311785911797955,0.9450499416477527,0.8624613213976066,0.9637126113658172,0.08959527024561148,0.04518285176907034,0.014174960599853341,0.8859407462997307,0.22682169223974605,0,40
42,nfbotv2,nftonv2,mlp,0.01,calibrate,21000,0.5533007833159148,0.6776038775057033,0.16637637407002875,0.5978167233906523,0.8048428889456589,0.17953245662089845,0.11306693905791881,0.3645032023664035,0.6345797462645834,0,
42,nfbotv2,nftonv2,mlp,0.01,buffer_only,21000,0.9676513306013781,0.9744154142510183,0.9356558783057713,0.9897801811994374,0.06583701324769169,0.020023517050138582,0.0034801889442051667,0.9352336849684733,0.4941655893816775,0,11
42,nfbotv2,nftonv2,mlp,0.01,augment,271000,0.9642613205811654,0.9716479950757783,0.9286090700401072,0.9892982033458878,0.061275135943943654,0.022054899205783355,0.008447360104276757,0.9286961403001268,0.49085132673057497,0,40
42,nfbotv2,nftonv2,mlp,0.05,calibrate,105000,0.5555368222036694,0.6789555341647309,0.17002517692490882,0.5978160492322725,0.8012298821210905,0.17951116565004327,0.11300090913668093,0.3645032023664035,0.6344338601285454,0,
42,nfbotv2,nftonv2,mlp,0.05,buffer_only,105000,0.9717311707558218,0.9775478051034489,0.943495210597836,0.9937807126479585,0.04685960366409985,0.017696978514977143,0.0045221243040793144,0.9421590555029388,0.4132034369100159,0,19
42,nfbotv2,nftonv2,mlp,0.1,calibrate,210000,0.5566886001434428,0.6796542414451994,0.17191220186677333,0.5978249612631789,0.7993686361811613,0.17950119254992888,0.11204859569062567,0.3645032023664035,0.634354452379371,0,
42,nfbotv2,nftonv2,mlp,0.1,buffer_only,210000,0.9768498026738627,0.9816366058002556,0.953793840451774,0.9960977704807493,0.04344731944089632,0.014011435558769646,0.0026621511914813618,0.9535468597158437,0.49254567927299236,0,65
42,nfbotv2,nfbotv2,mlp,0,in_domain,250000,0.9617893838119613,0.9993607577852981,0.9235814031950504,0.9736176378283579,0.07389749702026222,0.0005105397631285039,0.0002834546348286965,0.8123093949006198,0.9419153229522299,0,32
43,nf2018v2,nf2018v2,rf,0,in_domain,249999,0.9883441030942752,0.9951741713973443,0.9769309981982272,0.9845420202856426,0.00012477172445866087,0.005058401485770348,0.005284273578631977,0.9694992826576903,0.9933333333333333,0,47
43,nf2018v2,nfunswv2,rf,0,zero_shot,249999,0.4906029280850481,0.9436386521172078,0.002087413968596855,0.47848284434650956,0.00013510564221947392,0.05860858133333333,0.14794373333333333,0.040521272573147055,0.23333333333333334,0,47
43,nf2018v2,nfunswv2,rf,0.0001,calibrate,144,0.49037055157195203,0.943678896856096,0.0,0.5679837139144472,0.0,0.037320685618199005,0.031661378839212,0.32789041825249027,0.07046440618012755,0,
43,nf2018v2,nfunswv2,rf,0.0001,buffer_only,144,0.9252106968280791,0.9886114958577641,0.8541612704446933,0.8730033500398235,0.01001860300765945,0.00990468911111111,0.007348566666666799,0.8478553713158028,0.48333333333333334,0,1
43,nf2018v2,nfunswv2,rf,0.001,calibrate,1392,0.49037055157195203,0.943678896856096,0.0,0.5679837139144472,0.0,0.03612496848611459,0.006507683426750743,0.32789041825249027,0.044134250995494215,0,
43,nf2018v2,nfunswv2,rf,0.001,buffer_only,1392,0.9409523726120521,0.9909108449445607,0.8876498620602075,0.9569138772944384,0.009748391723220503,0.006839044388888888,0.00421074999999998,0.8979611815954398,0.7733333333333333,0,1
43,nf2018v2,nfunswv2,rf,0.01,calibrate,13907,0.49037055157195203,0.943678896856096,0.0,0.5679837139144472,0.0,0.0350990856862199,0.024711995843218187,0.32789041825249027,0.06367922326226397,0,
43,nf2018v2,nfunswv2,rf,0.01,buffer_only,13907,0.9662087077300106,0.9949773666442246,0.9333871224876006,0.9868785877847399,0.004458486193242639,0.0036776898333333325,0.0007141499999997462,0.9337007664528465,0.4879828619529144,0,2
43,nf2018v2,nfunswv2,rf,0.05,calibrate,69537,0.49037055157195203,0.943678896856096,0.0,0.5679837139144472,0.0,0.034607967496083636,0.024350065107620056,0.32789041825249027,0.07178672268737578,0,
43,nf2018v2,nfunswv2,rf,0.05,buffer_only,69537,0.9723519406229522,0.9959392943951983,0.9449085897825769,0.9895789195107395,0.0029307531619916652,0.0030267827222222217,0.0006368166666665731,0.9409977021738948,0.27,0,3
43,nf2018v2,nfunswv2,rf,0.1,calibrate,139072,0.49037055157195203,0.943678896856096,0.0,0.5679837139144472,0.0,0.034651438557853895,0.024547936972291372,0.32789041825249027,0.07124867991584954,0,
43,nf2018v2,nfunswv2,rf,0.1,buffer_only,139072,0.9742884433070595,0.9962276327702905,0.9487413598383623,0.9918583715459859,0.002691720102680288,0.0027742638333333332,0.0005270166666664707,0.9451741568694935,0.28,0,8
43,nf2018v2,nftonv2,rf,0,zero_shot,249999,0.2825510692632926,0.231667893362399,-0.0931580898880932,0.6312298562225218,0.16585161125506367,0.5541289036445182,0.5770145850729254,0.4642220285648107,0.0033333333333333335,0,47
43,nf2018v2,nftonv2,rf,0.0001,calibrate,213,0.42062190755396933,0.6107334447783608,0.0,0.4932128612987142,1.0,0.19868350032666182,0.1434546313627114,0.3231977847416925,0.678151173148071,0,
43,nf2018v2,nftonv2,rf,0.0001,buffer_only,213,0.9493675721426582,0.9601486110465031,0.8998697579605488,0.9755553912428321,0.10678442392613409,0.03726826300798171,0.024168354175104278,0.902759884984763,0.5333333333333333,0,1
43,nf2018v2,nftonv2,rf,0.001,calibrate,2100,0.42062190755396933,0.6107334447783608,0.0,0.4932128612987142,1.0,0.19875645038545772,0.05680234667003779,0.3231977847416925,0.7006078627208178,0,
43,nf2018v2,nftonv2,rf,0.001,buffer_only,2100,0.9686414292006515,0.9750261350105335,0.9372897197889033,0.99264942805966,0.04286339914601657,0.01931695502921959,0.004945358060123736,0.9388167550370029,0.4727242424242528,0,2
43,nf2018v2,nftonv2,rf,0.01,calibrate,21000,0.42062190755396933,0.6107334447783608,0.0,0.4932128612987142,1.0,0.19871067482616886,0.14422337009421415,0.3231977847416925,0.6890632733512246,0,
43,nf2018v2,nftonv2,rf,0.01,buffer_only,21000,0.9837047208592999,0.9870616377488111,0.9674547870839578,0.9972191329142246,0.030509835407466882,0.01025272481917965,0.00494865807662386,0.9675032265858984,0.4533333333333333,0,3
43,nf2018v2,nftonv2,rf,0.05,calibrate,105000,0.42062190755396933,0.6107334447783608,0.0,0.4932128612987142,1.0,0.19872652592931794,0.1385081777523377,0.3231977847416925,0.693640057953757,0,
43,nf2018v2,nftonv2,rf,0.05,buffer_only,105000,0.9897495786199518,0.9918592063056246,0.9795349682932952,0.998049755500874,0.020984635597240977,0.006560920693492356,0.0031840492535795723,0.979170038932346,0.6,0,13
43,nf2018v2,nftonv2,rf,0.1,calibrate,210000,0.42062190755396933,0.6107334447783608,0.0,0.4932128612987142,1.0,0.19872067911607025,0.14124558298651854,0.3231977847416925,0.6920939373794192,0,
43,nf2018v2,nftonv2,rf,0.1,buffer_only,210000,0.9910970065989774,0.9929278126600356,0.9822223304966742,0.9982720528364131,0.018356994270282107,0.005691012010615609,0.0027745138725692193,0.9823649139548406,0.6033333333333334,0,32
43,nf2018v2,nfbotv2,rf,0,zero_shot,249999,0.04957770880785546,0.09044697708970598,0.00032816172537052465,0.5180895044302475,0.04648390941597139,0.6151191379444443,0.7473723166666665,0.19278479572293578,0.03666666666666667,0,47
43,nf2018v2,nfbotv2,rf,0.0001,calibrate,211,0.49894904562319464,0.9937119087536106,0.0,0.5013565373482214,1.0,0.004177623861615557,0.000597478812709662,0.04517419745791359,0.9951927065420154,0,
43,nf2018v2,nfbotv2,rf,0.0001,buffer_only,211,0.5130651035872001,0.9938600915428479,0.11934653733778329,0.7683239657963158,0.9856972586412396,0.0034244878333333337,0.0022607166666666774,0.6750673006432839,0.8966666666666666,0,1
43,nf2018v2,nfbotv2,rf,0.001,calibrate,2101,0.49894904562319464,0.9937119087536106,0.0,0.5013565373482214,1.0,0.004176983291418167,3.873130598630592e-05,0.04517419745791359,0.9957138858167452,0,
43,nf2018v2,nfbotv2,rf,0.001,buffer_only,2101,0.9065878967822842,0.9985220227783438,0.8190903714645061,0.9406965001274178,0.2729439809296782,0.0011204423333333333,0.0005105666666669049,0.7839205699974686,0.9,0,1
43,nf2018v2,nfbotv2,rf,0.01,calibrate,21000,0.49894904562319464,0.9937119087536106,0.0,0.5013565373482214,1.0,0.004177030348722458,9.05086564578772e-05,0.04517419745791359,0.9958327961202788,0,
43,nf2018v2,nfbotv2,rf,0.01,buffer_only,21000,0.9617983669784211,0.999365832614415,0.9236789835902105,0.9778440833838,0.08820023837902265,0.0004925838333333333,0.0003208499999998602,0.8350796899337476,0.9833333333333333,0,2
43,nf2018v2,nfbotv2,rf,0.05,calibrate,105000,0.49894904562319464,0.9937119087536106,0.0,0.5013565373482214,1.0,0.004177097683909478,1.158410442680946e-06,0.04517419745791359,0.9957388295710219,0,
43,nf2018v2,nfbotv2,rf,0.05,buffer_only,105000,0.9802215948600672,0.9996672551718275,0.9605317830686141,0.9907282655898026,0.026221692491060787,0.0002937301666666666,0.00018031666666688026,0.8523612531866731,0.9933333333333333,0,6
43,nf2018v2,nfbotv2,rf,0.1,calibrate,210001,0.49894904562319464,0.9937119087536106,0.0,0.5013565373482214,1.0,0.004177245238661463,6.597605379210503e-05,0.04517419745791359,0.9958083378181914,0,
43,nf2018v2,nfbotv2,rf,0.1,buffer_only,210001,0.9840124012605902,0.9997314266821512,0.9680798070122372,0.9957706951796756,0.021454112038140644,0.00022818233333333333,0.0001631000000000197,0.8598946313583281,0.9966666666666667,0,14
43,nf2018v2,nf2018v2,lgbm,0,in_domain,249999,0.9881000655638226,0.9950732246661034,0.9764439101206249,0.9875421873656954,0.00017581470264629485,0.004786877089351888,0.0014985647521516712,0.9687684854588086,0.9962004802309884,0,4
43,nf2018v2,nfunswv2,lgbm,0,zero_shot,249999,0.5224075930808418,0.946493172197516,0.15435891195821408,0.5255079273805201,0.0004053169266584218,0.03714769225055931,0.03559348108521372,0.12895323948916185,0.8657011302489103,0,4
43,nf2018v2,nfunswv2,lgbm,0.0001,calibrate,144,0.49037055157195203,0.943678896856096,0.0,0.5255079273805201,0.0,0.037218316154387664,0.033408933159131654,0.12895323948916185,0.12239385659491406,0,
43,nf2018v2,nfunswv2,lgbm,0.0001,buffer_only,144,0.8950110213205207,0.9842962526317091,0.7913860739936909,0.8730677676572087,0.010704523960466011,0.014951453455293057,0.014150536675780378,0.823454120611134,0.01580194716238939,0,3
43,nf2018v2,nfunswv2,lgbm,0.001,calibrate,1392,0.49037055157195203,0.943678896856096,0.0,0.5255079273805201,0.0,0.03581509099793093,0.0023805715699878405,0.12895323948916185,0.3130624861468554,0,
43,nf2018v2,nfunswv2,lgbm,0.001,buffer_only,1392,0.9390860796886622,0.9907083145555362,0.8823004750301502,0.9350487249855217,0.009036488916140967,0.00929248361148487,0.00873444495996287,0.8885466136415722,0.1537103775769812,0,1
43,nf2018v2,nfunswv2,lgbm,0.01,calibrate,13907,0.5122844864571734,0.9456272930962968,0.13040037801056428,0.5255079273805201,0.00021305120503840118,0.035598122230713715,0.001338082750694381,0.12895323948916185,0.522114257845171,0,
43,nf2018v2,nfunswv2,lgbm,0.01,buffer_only,13907,0.9684710821976161,0.9953344783632038,0.9375647280032765,0.9853142159519735,0.003886885399237173,0.004377391055192489,0.0041264930376844235,0.9359402785593041,0.15433585237041453,0,2
43,nf2018v2,nfunswv2,lgbm,0.05,calibrate,69537,0.5151521166311479,0.9458707948107692,0.13729624466316734,0.5255079273805201,0.00027021128443894784,0.03554650027957439,0.001506234915115672,0.12895323948916185,0.6295895163018944,0,
43,nf2018v2,nfunswv2,lgbm,0.05,buffer_only,69537,0.9717949127322151,0.9958587866685761,0.9437814831699083,0.988674250085307,0.0029463422745554507,0.003471675951159851,0.002831592007251767,0.9417366628348413,0.07347630251138988,0,2
43,nf2018v2,nfunswv2,lgbm,0.1,calibrate,139072,0.5160352140366542,0.9459537267039861,0.14035903659088622,0.5255079273805201,0.00027021128443894784,0.035536821040014516,0.001884177815209269,0.12895323948916185,0.6706311770986803,0,
43,nf2018v2,nfunswv2,lgbm,0.1,buffer_only,139072,0.9741758083493879,0.9962119426450706,0.948507923485147,0.9915383743279695,0.002681327360971098,0.0029576693107251344,0.0018401596139544783,0.9439761749412988,0.14081379354202744,0,4
43,nf2018v2,nftonv2,lgbm,0,zero_shot,249999,0.3814320046438191,0.36196204888276295,0.05017888043772539,0.5796916559342133,0.17143534907485128,0.5516529737502127,0.5581856235978632,0.3093167472147916,0.0007512925765081773,0,4
43,nf2018v2,nftonv2,lgbm,0.0001,calibrate,213,0.42062190755396933,0.6107334447783608,0.0,0.5796916559342133,1.0,0.19713180842667455,0.042271462948351046,0.3093167472147916,0.7068987034116103,0,
43,nf2018v2,nftonv2,lgbm,0.0001,buffer_only,213,0.948546406629901,0.95951136412444,0.8982740453634082,0.9732649216760637,0.10862742235684829,0.037034026801370384,0.035897713735703336,0.9018890533694884,0.7950197365993326,0,1
43,nf2018v2,nftonv2,lgbm,0.001,calibrate,2100,0.42062190755396933,0.6107334447783608,0.0,0.5796916559342133,1.0,0.19700451738108815,0.04546001774308135,0.3093167472147916,0.7013979674744523,0,
43,nf2018v2,nftonv2,lgbm,0.001,buffer_only,2100,0.9681633695697496,0.9746634686857906,0.9363269288868392,0.9924538774125471,0.045783000620415314,0.0226545020290673,0.021068229415215776,0.9364266993669256,0.4284779421741894,0,2
43,nf2018v2,nftonv2,lgbm,0.01,calibrate,21000,0.42062190755396933,0.6107334447783608,0.0,0.5796916559342133,1.0,0.19703620776260938,0.04881996694236948,0.3093167472147916,0.7022173790112273,0,
43,nf2018v2,nftonv2,lgbm,0.01,buffer_only,21000,0.985008273376095,0.9880977693289179,0.9700660027920842,0.9975139898845999,0.028922302105762562,0.009881917891971336,0.004856660067162354,0.9690848859085629,0.3691045115688059,0,3
43,nf2018v2,nftonv2,lgbm,0.05,calibrate,105000,0.42062190755396933,0.6107334447783608,0.0,0.5796916559342133,1.0,0.1969985251265119,0.0449267488758619,0.3093167472147916,0.7007191251157149,0,
43,nf2018v2,nftonv2,lgbm,0.05,buffer_only,105000,0.9905202958821355,0.9924683681426502,0.9810633269653731,0.9987483726881642,0.01863070690850699,0.006347985507128842,0.001791798069759921,0.980655308503724,0.6204761072887349,0,3
43,nf2018v2,nftonv2,lgbm,0.1,calibrate,210000,0.42062190755396933,0.6107334447783608,0.0,0.5796916559342133,1.0,0.19699497861089293,0.0449130848476119,0.3093167472147916,0.7005122214787274,0,
43,nf2018v2,nftonv2,lgbm,0.1,buffer_only,210000,0.9914819623987923,0.9932309884016637,0.9829808413165918,0.9989653218025203,0.016568738367212874,0.0057645407206704,0.002746388199809704,0.9824918775975727,0.6187542592472727,0,6
43,nf2018v2,nfbotv2,lgbm,0,zero_shot,249999,0.12389540870784563,0.23871863463818688,-0.004866852788715456,0.5712553255260672,0.16209773539928488,0.6093249703431464,0.6796202623390274,0.3052881508218756,0.05049608139263503,0,4
43,nf2018v2,nfbotv2,lgbm,0.0001,calibrate,211,0.49894904562319464,0.9937119087536106,0.0,0.5712553255260672,1.0,0.004176931864173693,0.0005902463534298574,0.3052881508218756,0.9949986295945856,0,
43,nf2018v2,nfbotv2,lgbm,0.0001,buffer_only,211,0.6954470029759513,0.9958291121389905,0.4760882171206886,0.7758930235134778,0.7497020262216925,0.003065394358394195,0.003002778123991552,0.49465279423699393,0.9996432948473294,0,1
43,nf2018v2,nfbotv2,lgbm,0.001,calibrate,2101,0.49894904562319464,0.9937119087536106,0.0,0.5712553255260672,1.0,0.004175504025684646,7.846621816676169e-05,0.3052881508218756,0.9952263660487478,0,
43,nf2018v2,nfbotv2,lgbm,0.001,buffer_only,2101,0.8916459062063926,0.9983221401569881,0.7953362520672728,0.8804193831101732,0.33134684147794996,0.0014873900490762913,0.0014829404828213164,0.6636588462070229,0.9999513388815119,0,1
43,nf2018v2,nfbotv2,lgbm,0.01,calibrate,21000,0.49894904562319464,0.9937119087536106,0.0,0.5712553255260672,1.0,0.004173783893318064,6.604458013170778e-05,0.3052881508218756,0.9948040313478167,0,
43,nf2018v2,nfbotv2,lgbm,0.01,buffer_only,21000,0.6791091434657202,0.9944089366293986,0.35937103460796965,0.5675972385107976,0.6078665077473182,0.005820211075456056,0.005821600644338877,0.35286095240936094,1.0,0,3
43,nf2018v2,nfbotv2,lgbm,0.05,calibrate,105000,0.49894904562319464,0.9937119087536106,0.0,0.5712553255260672,1.0,0.004173548844014494,5.074120217796185e-05,0.3052881508218756,0.9948729099803489,0,
43,nf2018v2,nfbotv2,lgbm,0.05,buffer_only,105000,0.711794313971985,0.9955943012557837,0.4330552454636567,0.5945870935375174,0.6471990464839095,0.003995064409351631,0.00399598292434362,0.42991035735880107,1.0,0,2
43,nf2018v2,nfbotv2,lgbm,0.1,calibrate,210001,0.49894904562319464,0.9937119087536106,0.0,0.5712553255260672,1.0,0.004170178569525397,3.6543036063041434e-05,0.3052881508218756,0.9941357598992295,0,
43,nf2018v2,nfbotv2,lgbm,0.1,buffer_only,210001,0.5002687694315866,0.9916323432348233,0.0005376165102734666,0.5000023566114667,0.9952324195470799,0.008385872257952235,0.00838917674024147,0.0005164010005075418,1.0,0,3
43,nf2018v2,nf2018v2,mlp,0,in_domain,249999,0.9858342672933316,0.9941426595467189,0.9719925254885768,0.9847656137726467,0.0003005864271049557,0.005695885093913857,0.0009300747220674609,0.9678862252135371,0.9459275889477672,0,41
43,nf2018v2,nfunswv2,mlp,0,zero_shot,249999,0.46109318130020777,0.8717597840884529,-0.05673834702331723,0.4867177488137362,0.14174660417164653,0.1382570172251414,0.0963303938863864,0.07917779675586124,0.9999999999992645,0,41
43,nf2018v2,nfunswv2,mlp,0.0001,calibrate,144,0.49037055157195203,0.943678896856096,0.0,0.5268225255865355,0.0,0.037057302165278194,0.0316353468651602,0.15111627111872794,0.07782243598137722,0,
43,nf2018v2,nfunswv2,mlp,0.0001,buffer_only,144,0.8402723594088788,0.97758156925827,0.6828866112401478,0.8229762614328062,0.008360960705043597,0.018791572699460225,0.017150957022038588,0.7800965831511103,0.010853589431686059,0,1
43,nf2018v2,nfunswv2,mlp,0.001,calibrate,1392,0.49037055157195203,0.943678896856096,0.0,0.5268218072187326,0.0,0.036061775397407375,0.007909107113732897,0.15111627111872794,0.04542290173060571,0,
43,nf2018v2,nfunswv2,mlp,0.001,buffer_only,1392,0.8998194230926303,0.9851164140156696,0.8004468049647817,0.8907033084187947,0.009649660676983194,0.012995965760897572,0.010717778671955157,0.8567485567014156,0.015834504893652693,0,6
43,nf2018v2,nfunswv2,mlp,0.01,calibrate,13907,0.49037055157195203,0.943678896856096,0.0,0.5268138863003313,0.0,0.03589779446136482,0.0038612567963833564,0.15111627111872794,0.05269179901777034,0,
43,nf2018v2,nfunswv2,mlp,0.01,buffer_only,13907,0.9512423571772968,0.9927789565784831,0.9031449378854091,0.9479041757634317,0.005310691013396244,0.006068503976421798,0.00232187210534774,0.9039284290375872,0.4588798976751478,0,4
43,nf2018v2,nfunswv2,mlp,0.05,calibrate,69537,0.49037055157195203,0.943678896856096,0.0,0.5268138756280653,0.0,0.03590397820928909,0.003925238906780591,0.15111627111872794,0.05247527281296696,0,
43,nf2018v2,nfunswv2,mlp,0.05,buffer_only,69537,0.9603833100248219,0.9941136948622911,0.9216934413288318,0.9729099608207897,0.004884588603319442,0.0046149823721196295,0.0004597111554912467,0.9219762618955099,0.4911659199971095,0,13
43,nf2018v2,nfunswv2,mlp,0.1,calibrate,139072,0.49037055157195203,0.943678896856096,0.0,0.5268167780275846,0.0,0.035915640676833865,0.004250721779024903,0.15111627111872794,0.05176663951112457,0,
43,nf2018v2,nfunswv2,mlp,0.1,buffer_only,139072,0.9670874298858945,0.9951488988687056,0.9345482394634089,0.9828841678603333,0.003647852339925796,0.0037909866443038526,0.0006434139887196863,0.9354133345342552,0.3314202652737997,0,40
43,nf2018v2,nftonv2,mlp,0,zero_shot,249999,0.44783129790351106,0.45633411185329914,0.08550440077438953,0.5713792261322126,0.24382321813072516,0.49217535954510766,0.45604734264262276,0.24416662320942487,0.0007933616465680214,0,41
43,nf2018v2,nftonv2,mlp,0.0001,calibrate,213,0.42062190755396933,0.6107334447783608,0.0,0.5708614596285704,1.0,0.1976628796625659,0.035722872687669105,0.24416662320942487,0.7124444825311929,0,
43,nf2018v2,nftonv2,mlp,0.0001,buffer_only,213,0.8035156209870569,0.8497880201545954,0.620701676145297,0.8350817421442044,0.3872303930513485,0.1124788741781247,0.06399067602471928,0.666350408648194,0.7323135739641642,0,1
43,nf2018v2,nftonv2,mlp,0.001,calibrate,2100,0.42062190755396933,0.6107334447783608,0.0,0.570972956519632,1.0,0.19717566860008506,0.0432536037853888,0.24416662320942487,0.6945481070986698,0,
43,nf2018v2,nftonv2,mlp,0.001,buffer_only,2100,0.9512794752330386,0.9614535796271825,0.9028662553438563,0.9662108007541035,0.08826320207291705,0.03239280784708488,0.015210253114671777,0.9048576701477792,0.5937458163830778,0,3
43,nf2018v2,nftonv2,mlp,0.01,calibrate,21000,0.42062190755396933,0.6107334447783608,0.0,0.570965206322754,1.0,0.1971929261938924,0.04187765851733182,0.24416662320942487,0.6960720366887319,0,
43,nf2018v2,nftonv2,mlp,0.01,buffer_only,21000,0.965154690301099,0.9724321575015334,0.9306256590773838,0.9895477453422868,0.06844640706543557,0.02171027879344127,0.005102322528292124,0.9340357551644,0.5567140769362625,0,7
43,nf2018v2,nftonv2,mlp,0.05,calibrate,105000,0.42062190755396933,0.6107334447783608,0.0,0.5708174511357231,1.0,0.19717792366695155,0.043664752391747594,0.24416662320942487,0.6945688780081881,0,
43,nf2018v2,nftonv2,mlp,0.05,buffer_only,105000,0.9731801731688676,0.9787487226389237,0.946530596823746,0.9950366497937302,0.05211488631801759,0.01616228037382896,0.003294303206425531,0.9466635647249323,0.5469978133843422,0,36
43,nf2018v2,nftonv2,mlp,0.1,calibrate,210000,0.42062190755396933,0.6107334447783608,0.0,0.5709138257362167,1.0,0.19717783984125584,0.043435977195724465,0.24416662320942487,0.6946632883879162,0,
43,nf2018v2,nftonv2,mlp,0.1,buffer_only,210000,0.9772670840252256,0.9819577414028754,0.9545982930342437,0.9959224861781013,0.04112988577059232,0.014225690184360717,0.003868373819452469,0.9539264531896072,0.4649900847669321,0,57
43,nf2018v2,nfbotv2,mlp,0,zero_shot,249999,0.28673513556361013,0.5629458810312974,-0.0013974970868958455,0.5226013042305283,0.4052443384982122,0.5670429370347534,0.5298318869278983,0.1301149706585576,1.5486664458213022e-06,0,41
43,nf2018v2,nfbotv2,mlp,0.0001,calibrate,211,0.49894904562319464,0.9937119087536106,0.0,0.5782107769371856,1.0,0.004177504252005612,0.0005765282181130482,0.29410178494202405,0.9935975987891403,0,
43,nf2018v2,nfbotv2,mlp,0.0001,buffer_only,211,0.5119039724119637,0.9938478704953911,0.11426532438395301,0.7261662603078567,0.9868891537544696,0.004030541356687779,0.0032503611775175803,0.45564103483319995,0.9846844438682252,0,1
43,nf2018v2,nfbotv2,mlp,0.001,calibrate,2101,0.49894904562319464,0.9937119087536106,0.0,0.5781914696339133,1.0,0.004177005998345242,6.828284199356105e-05,0.29410178494202405,0.99482046689177,0,
43,nf2018v2,nfbotv2,mlp,0.001,buffer_only,2101,0.8276272714767341,0.9974470435820719,0.6862381707570958,0.8084241931619878,0.4934445768772348,0.0021459658233356957,0.0010058704685664403,0.5578165732395923,0.9859242046573117,0,2
43,nf2018v2,nfbotv2,mlp,0.01,calibrate,21000,0.49894904562319464,0.9937119087536106,0.0,0.5781938343412227,1.0,0.004177023642084784,1.4474510920181594e-05,0.29410178494202405,0.9950533050891845,0,
43,nf2018v2,nfbotv2,mlp,0.01,buffer_only,21000,0.8645653524942454,0.9979108565084072,0.7417089862030137,0.846305585322074,0.38259833134684146,0.0018517142194532186,0.006330629327937064,0.5927469605264001,0.9236154575979054,0,2
43,nf2018v2,nfbotv2,mlp,0.05,calibrate,105000,0.49894904562319464,0.9937119087536106,0.0,0.5782130942898893,1.0,0.0041770129299006495,1.926404175756069e-05,0.29410178494202405,0.9946551264088807,0,
43,nf2018v2,nfbotv2,mlp,0.05,buffer_only,105000,0.879617210641602,0.9981466197224392,0.7730766267256767,0.8772808311601588,0.3599523241954708,0.0015074821391364702,0.0013330666500301356,0.622687292486521,0.9576144021863552,0,9
43,nf2018v2,nfbotv2,mlp,0.1,calibrate,210001,0.49894904562319464,0.9937119087536106,0.0,0.5781907424154291,1.0,0.004177029118031694,7.550976721093505e-05,0.29410178494202405,0.9945014565037604,0,
43,nf2018v2,nfbotv2,mlp,0.1,buffer_only,210001,0.9632832749501989,0.9993757373628864,0.9271065619153077,0.9726375651735486,0.04052443384982122,0.0005990733548177287,0.0006613226061961822,0.8123093949006198,0.8276580016456893,0,33
43,nfunswv2,nf2018v2,rf,0,zero_shot,250002,0.3380042815010819,0.561509830872376,-0.24580772077228613,0.5072553964737352,0.48393847619695785,0.21859785678849383,0.27978810105949475,0.24594416412097464,0.3233333333333333,0,16
43,nfunswv2,nf2018v2,rf,0.0001,calibrate,217,0.46853899442765923,0.8261331950887618,0.0,0.5072553964737352,0.0,0.10521273202031108,0.028995300749982356,0.24594416412097464,0.14713291709313125,0,
43,nfunswv2,nf2018v2,rf,0.0001,buffer_only,217,0.9747173490066399,0.9895443228069476,0.9497424493707902,0.9781491900380308,0.0029321355247785303,0.011993631920729282,0.022462221022228314,0.9483260843157625,0.5266666666666666,0,1
43,nfunswv2,nf2018v2,rf,0.001,calibrate,2102,0.46853899442765923,0.8261331950887618,0.0,0.5072553964737352,0.0,0.10436887353522399,0.0010038279765132163,0.24594416412097464,0.11805276885597743,0,
43,nfunswv2,nf2018v2,rf,0.001,buffer_only,2102,0.9809589433681158,0.9921298302795425,0.9622659906267894,0.9795951810427517,0.001310103106815939,0.007825722426943422,0.007828494190862052,0.9656031876094232,0.62,0,2
43,nfunswv2,nf2018v2,rf,0.01,calibrate,21001,0.46853899442765923,0.8261331950887618,0.0,0.5072553964737352,0.0,0.104366611223972,1.797846865148056e-05,0.24594416412097464,0.11728923974431692,0,
43,nfunswv2,nf2018v2,rf,0.01,buffer_only,21001,0.9860878434892137,0.9942480938845323,0.9725067511454405,0.9828406919264607,0.00020984335477138418,0.005893010201615659,0.005941670291648609,0.968597922315212,0.9166666666666666,0,3
43,nfunswv2,nf2018v2,rf,0.05,calibrate,105000,0.46853899442765923,0.8261331950887618,0.0,0.5072553964737352,0.0,0.10436876756811016,2.211141876795608e-05,0.24594416412097464,0.11693989605515474,0,
43,nfunswv2,nf2018v2,rf,0.05,buffer_only,105000,0.9879724154357179,0.9950215686814524,0.9762028618687907,0.9841686142732979,0.00013044316647950908,0.00526879710045894,0.005669304986808208,0.968597922315212,0.9866666666666667,0,17
43,nfunswv2,nf2018v2,rf,0.1,calibrate,210000,0.46853899442765923,0.8261331950887618,0.0,0.5072553964737352,0.0,0.1043733577404314,8.064880094971194e-06,0.24594416412097464,0.11662102339436756,0,
43,nfunswv2,nf2018v2,rf,0.1,buffer_only,210000,0.9882320654416451,0.9951282790233454,0.9767128671652786,0.9847609286623522,0.00011910028243781263,0.005091109600007556,0.005218723906380339,0.9694749276497514,0.9933333333333333,0,41
43,nfunswv2,nfunswv2,rf,0,in_domain,250002,0.9764448476182395,0.9965544696260323,0.9529605067492105,0.9922060579537947,0.0022656176926034856,0.0026037124444444446,0.000671833333333417,0.9460488399121955,0.74,0,16
43,nfunswv2,nftonv2,rf,0,zero_shot,250002,0.2373219244708094,0.1543611202034678,-0.04736898254276056,0.5835293745209601,0.04718805882996971,0.4038412727063635,0.46266589666281654,0.28908467866229753,0.38333333333333336,0,16
43,nfunswv2,nftonv2,rf,0.0001,calibrate,213,0.42062190755396933,0.6107334447783608,0.0,0.5835293745209601,1.0,0.1903495368548105,0.09259244422179132,0.28908467866229753,0.769277555789817,0,
43,nfunswv2,nftonv2,rf,0.0001,buffer_only,213,0.9493675721426582,0.9601486110465031,0.8998697579605488,0.9755553912428321,0.10678442392613409,0.03726826300798171,0.024168354175104278,0.902759884984763,0.5333333333333333,0,1
43,nfunswv2,nftonv2,rf,0.001,calibrate,2100,0.42062190755396933,0.6107334447783608,0.0,0.5835293745209601,1.0,0.18752011207619398,0.08733466293659581,0.28908467866229753,0.7937664359781129,0,
43,nfunswv2,nftonv2,rf,0.001,buffer_only,2100,0.9686414292006515,0.9750261350105335,0.9372897197889033,0.99264942805966,0.04286339914601657,0.01931695502921959,0.004945358060123736,0.9388167550370029,0.4727242424242528,0,2
43,nfunswv2,nftonv2,rf,0.01,calibrate,21000,0.42062190755396933,0.6107334447783608,0.0,0.5835293745209601,1.0,0.18646111940292773,0.09266173713675276,0.28908467866229753,0.8133819983459357,0,
43,nfunswv2,nftonv2,rf,0.01,buffer_only,21000,0.9837047208592999,0.9870616377488111,0.9674547870839578,0.9972191329142246,0.030509835407466882,0.01025272481917965,0.00494865807662386,0.9675032265858984,0.4533333333333333,0,3
43,nfunswv2,nftonv2,rf,0.05,calibrate,105000,0.42062190755396933,0.6107334447783608,0.0,0.5835293745209601,1.0,0.18654081590007596,0.09534622339909174,0.28908467866229753,0.8104924614641517,0,
43,nfunswv2,nftonv2,rf,0.05,buffer_only,105000,0.9897495786199518,0.9918592063056246,0.9795349682932952,0.998049755500874,0.020984635597240977,0.006560920693492356,0.0031840492535795723,0.979170038932346,0.6,0,14
43,nfunswv2,nftonv2,rf,0.1,calibrate,210000,0.42062190755396933,0.6107334447783608,0.0,0.5835293745209601,1.0,0.18649020654207277,0.09297792161977457,0.28908467866229753,0.8115900001584936,0,
43,nfunswv2,nftonv2,rf,0.1,buffer_only,210000,0.9910970065989774,0.9929278126600356,0.9822223304966742,0.9982720528364131,0.018356994270282107,0.005691012010615609,0.0027745138725692193,0.9823649139548406,0.6033333333333334,0,32
43,nfunswv2,nfbotv2,rf,0,zero_shot,250002,0.29639652256713256,0.5772766869001984,0.045242000508665704,0.5460189692489088,0.06436233611442194,0.31087422716666663,0.38312705,0.19971411648092197,0.31333333333333335,0,16
43,nfunswv2,nfbotv2,rf,0.0001,calibrate,211,0.49894904562319464,0.9937119087536106,0.0,0.5460189692489088,1.0,0.004176841519430781,0.0005537437710517734,0.19971411648092197,0.9951601400559974,0,
43,nfunswv2,nfbotv2,rf,0.0001,buffer_only,211,0.5130651035872001,0.9938600915428479,0.11934653733778329,0.7683239657963158,0.9856972586412396,0.0034244878333333337,0.0022607166666666774,0.6750673006432839,0.8966666666666666,0,1
43,nfunswv2,nfbotv2,rf,0.001,calibrate,2101,0.49894904562319464,0.9937119087536106,0.0,0.5460189692489088,1.0,0.004167581753454432,8.806064468547259e-05,0.19971411648092197,0.9947547185455234,0,
43,nfunswv2,nfbotv2,rf,0.001,buffer_only,2101,0.9065878967822842,0.9985220227783438,0.8190903714645061,0.9406965001274178,0.2729439809296782,0.0011204423333333333,0.0005105666666669049,0.7839205699974686,0.9,0,1
43,nfunswv2,nfbotv2,rf,0.01,calibrate,21000,0.49894904562319464,0.9937119087536106,0.0,0.5460189692489088,1.0,0.004110922738123679,0.00043857362151553456,0.19971411648092197,0.9914978266290185,0,
43,nfunswv2,nfbotv2,rf,0.01,buffer_only,21000,0.9617983669784211,0.999365832614415,0.9236789835902105,0.9778440833838,0.08820023837902265,0.0004925838333333333,0.0003208499999998602,0.8350796899337476,0.9833333333333333,0,2
43,nfunswv2,nfbotv2,rf,0.05,calibrate,105000,0.49894904562319464,0.9937119087536106,0.0,0.5460189692489088,1.0,0.004077895414521387,0.001537851981261295,0.19971411648092197,0.9902196107588923,0,
43,nfunswv2,nfbotv2,rf,0.05,buffer_only,105000,0.9802215948600672,0.9996672551718275,0.9605317830686141,0.9907282655898026,0.026221692491060787,0.0002937301666666666,0.00018031666666688026,0.8523612531866731,0.9933333333333333,0,6
43,nfunswv2,nfbotv2,rf,0.1,calibrate,210001,0.49894904562319464,0.9937119087536106,0.0,0.5460189692489088,1.0,0.004088683021383099,0.0018302907346311463,0.19971411648092197,0.9899111714007087,0,
43,nfunswv2,nfbotv2,rf,0.1,buffer_only,210001,0.9840124012605902,0.9997314266821512,0.9680798070122372,0.9957706951796756,0.021454112038140644,0.00022818233333333333,0.0001631000000000197,0.8598946313583281,0.9966666666666667,0,13
43,nfunswv2,nf2018v2,lgbm,0,zero_shot,250002,0.44694374481002797,0.774674325285531,-0.1058606237455043,0.41708214713041425,0.11707557763636982,0.19179912196382004,0.142260207817635,0.055291496352860445,0.9871015450043286,0,3
43,nfunswv2,nf2018v2,lgbm,0.0001,calibrate,217,0.46853899442765923,0.8261331950887618,0.0,0.7078656891176495,0.0,0.10090007789410822,0.04914424213046182,0.5960441938034747,0.17472091163994738,0,
43,nfunswv2,nf2018v2,lgbm,0.0001,buffer_only,217,0.9772980009438157,0.990593189266525,0.9547900539774001,0.98073471967082,0.002954821292861923,0.008863499567376351,0.008334682667133057,0.9563503494598251,0.937825194174007,0,1
43,nfunswv2,nf2018v2,lgbm,0.001,calibrate,2102,0.46853899442765923,0.8261331950887618,0.0,0.7078656891176495,0.0,0.09724358054199272,0.03863921008133646,0.5960441938034747,0.1761027339581204,0,
43,nfunswv2,nf2018v2,lgbm,0.001,buffer_only,2102,0.9813738437252646,0.9922939984699978,0.9630325127573506,0.9810636746855905,0.001514275019566475,0.007273510928266594,0.007109509720669293,0.9664133761050364,0.992477002829248,0,3
43,nfunswv2,nf2018v2,lgbm,0.01,calibrate,21001,0.46853899442765923,0.8261331950887618,0.0,0.7078656891176495,0.0,0.09647450883390199,0.018421704681867098,0.5960441938034747,0.18819016852732848,0,
43,nfunswv2,nf2018v2,lgbm,0.01,buffer_only,21001,0.9860775271034119,0.9942409596822819,0.9724527785794437,0.985170539384514,0.00036864373135513437,0.00556571576161489,0.005086144570971236,0.9685244598272207,0.9979291456905325,0,2
43,nfunswv2,nf2018v2,lgbm,0.05,calibrate,105000,0.46853899442765923,0.8261331950887618,0.0,0.7078656891176495,0.0,0.09640117978210153,0.017230157803104208,0.5960441938034747,0.18918726400261768,0,
43,nfunswv2,nf2018v2,lgbm,0.05,buffer_only,105000,0.9881124679764095,0.9950783141126814,0.9764681780515906,0.9871467077216605,0.00017581470264629485,0.004844988560763756,0.002832385699341377,0.9685735547975041,0.9962872774929983,0,3
43,nfunswv2,nf2018v2,lgbm,0.1,calibrate,210000,0.46853899442765923,0.8261331950887618,0.0,0.7078656891176495,0.0,0.09636925822155791,0.016916725133233113,0.5960441938034747,0.18932736524219074,0,
43,nfunswv2,nf2018v2,lgbm,0.1,buffer_only,210000,0.9882298634559769,0.9951278165921844,0.9767139717672858,0.9872528885689884,9.074307233357153e-05,0.004784345594119544,0.0017088043922419863,0.9685735547975041,0.9961558157265182,0,4
43,nfunswv2,nfunswv2,lgbm,0,in_domain,250002,0.9754604737036945,0.9964053762259849,0.9510310109420284,0.9931849148311657,0.0024630797850781014,0.00270945010757988,0.001175382215585468,0.9455570070164453,0.1879711136650924,0,3
43,nfunswv2,nftonv2,lgbm,0,zero_shot,250002,0.22213013755584574,0.13365471677802168,-0.09649296916017014,0.48156093802027133,0.0455822780190504,0.7084267177765807,0.7108664826575714,0.14919603474273835,0.00011961666419146637,0,3
43,nfunswv2,nftonv2,lgbm,0.0001,calibrate,213,0.42062190755396933,0.6107334447783608,0.0,0.5428806079217059,1.0,0.19848646047484927,0.004860474026612871,0.16793454049006662,0.7292113027870721,0,
43,nfunswv2,nftonv2,lgbm,0.0001,buffer_only,213,0.948546406629901,0.95951136412444,0.8982740453634082,0.9732649216760637,0.10862742235684829,0.037034026801370384,0.035897713735703336,0.9018890533694884,0.7950197365993326,0,1
43,nfunswv2,nftonv2,lgbm,0.001,calibrate,2100,0.4403013149195712,0.621344766705631,0.06261131812528856,0.5428806079217059,0.9793803145870589,0.1971433671669442,0.03743008786351689,0.16793454049006662,0.7341284812281939,0,
43,nfunswv2,nftonv2,lgbm,0.001,buffer_only,2100,0.9681633695697496,0.9746634686857906,0.9363269288868392,0.9924538774125471,0.045783000620415314,0.0226545020290673,0.021068229415215776,0.9364266993669256,0.4284779421741894,0,3
43,nfunswv2,nftonv2,lgbm,0.01,calibrate,21000,0.45075941984986057,0.6266996898004616,0.07281184191560965,0.5428806079217059,0.967318710995949,0.19705289023207218,0.007090618604027618,0.16793454049006662,0.7353160985531237,0,
43,nfunswv2,nftonv2,lgbm,0.01,buffer_only,21000,0.985008273376095,0.9880977693289179,0.9700660027920842,0.9975139898845999,0.028922302105762562,0.009881917891971336,0.004856660067162354,0.9690848859085629,0.3691045115688059,0,2
43,nfunswv2,nftonv2,lgbm,0.05,calibrate,105000,0.4512726915061651,0.6269319768979232,0.07272727318784844,0.5428806079217059,0.9666618006642094,0.19705642455980485,0.011621623572533034,0.16793454049006662,0.7357334136408481,0,
43,nfunswv2,nftonv2,lgbm,0.05,buffer_only,105000,0.9905202958821355,0.9924683681426502,0.9810633269653731,0.9987483726881642,0.01863070690850699,0.006347985507128842,0.001791798069759921,0.980655308503724,0.6204761072887349,0,3
43,nfunswv2,nftonv2,lgbm,0.1,calibrate,210000,0.45011970684993985,0.6263456721909347,0.07165391046693065,0.5428806079217059,0.9680303638553337,0.19705172704781598,0.009012591809164557,0.16793454049006662,0.7353946379450361,0,
43,nfunswv2,nftonv2,lgbm,0.1,buffer_only,210000,0.9914819623987923,0.9932309884016637,0.9829808413165918,0.9989653223228907,0.016568738367212874,0.005764540713279098,0.0027463860020157573,0.9824918775975727,0.6187542592472727,0,4
43,nfunswv2,nfbotv2,lgbm,0,zero_shot,250002,0.2503827516185633,0.4911987107120486,-0.009007101278766277,0.5214165341653092,0.3933253873659118,0.46658978914624577,0.45313468595213646,0.20514703600334394,0.01614019173127557,0,3
43,nfunswv2,nfbotv2,lgbm,0.0001,calibrate,211,0.49894904562319464,0.9937119087536106,0.0,0.503366732263492,1.0,0.004177943837765889,0.0006036584334169204,0.06320765017324106,0.9950534781846023,0,
43,nfunswv2,nfbotv2,lgbm,0.0001,buffer_only,211,0.6954470029759513,0.9958291121389905,0.4760882171206886,0.7758930235134778,0.7497020262216925,0.003065394358394195,0.003002778123991552,0.49465279423699393,0.9996432948473294,0,1
43,nfunswv2,nfbotv2,lgbm,0.001,calibrate,2101,0.49894904562319464,0.9937119087536106,0.0,0.503366732263492,1.0,0.0041776376671639375,2.9808704178457823e-05,0.06320765017324106,0.995579193040267,0,
43,nfunswv2,nfbotv2,lgbm,0.001,buffer_only,2101,0.8916459062063926,0.9983221401569881,0.7953362520672728,0.8804193831101732,0.33134684147794996,0.0014873900490762913,0.0014829404828213164,0.6636588462070229,0.9999513388815119,0,2
43,nfunswv2,nfbotv2,lgbm,0.01,calibrate,21000,0.49894904562319464,0.9937119087536106,0.0,0.5214165341653092,1.0,0.004174417616695013,8.698433333231836e-05,0.20514703600334394,0.9934600956038806,0,
43,nfunswv2,nfbotv2,lgbm,0.01,buffer_only,21000,0.7858629329936124,0.9962933875969736,0.5730439827492152,0.6723242585361444,0.38498212157330153,0.0037975490865724965,0.003813477646057027,0.5594936058013585,1.0,0,1
43,nfunswv2,nfbotv2,lgbm,0.05,calibrate,105000,0.49894904562319464,0.9937119087536106,0.0,0.5214165341653092,1.0,0.004174403745070116,8.408289862338325e-05,0.20514703600334394,0.9934509638521515,0,
43,nfunswv2,nfbotv2,lgbm,0.05,buffer_only,105000,0.6149053552305442,0.9945637930588427,0.25841561798284246,0.5338603437338798,0.8402860548271752,0.004435,0.004434999999999967,0.25841561798284246,1.0,0,2
43,nfunswv2,nfbotv2,lgbm,0.1,calibrate,210001,0.49894904562319464,0.9937119087536106,0.0,0.5214165341653092,1.0,0.004174391713057489,8.968844047241298e-05,0.20514703600334394,0.9934307517187324,0,
43,nfunswv2,nfbotv2,lgbm,0.1,buffer_only,210001,0.6672921831038486,0.9946352335094046,0.33556814689170805,0.5571654870554512,0.6865315852205006,0.005170000000000666,0.005169999941045833,0.3341532162280103,1.0,0,5
43,nfunswv2,nf2018v2,mlp,0,zero_shot,250002,0.41012877444725065,0.7169833004339771,-0.173289670038414,0.45595954481743817,0.2254057916765917,0.2693976700065118,0.2838477305229134,0.13873566971553725,1.5619998258237807e-47,0,25
43,nfunswv2,nf2018v2,mlp,0.0001,calibrate,217,0.46853899442765923,0.8261331950887618,0.0,0.5701086186472668,0.0,0.10281391898753284,0.026760206312047882,0.28042949976692694,0.16407398347513846,0,
43,nfunswv2,nf2018v2,mlp,0.0001,buffer_only,217,0.9590277518928785,0.9830960494005739,0.9185268295836714,0.9684189163729826,0.00580188518732773,0.014541550532385287,0.010383656930901448,0.9204380082720977,0.8265310767148245,0,1
43,nfunswv2,nf2018v2,mlp,0.001,calibrate,2102,0.46853899442765923,0.8261331950887618,0.0,0.5700910516073391,0.0,0.10222326277580739,0.03389155321895147,0.28042949976692694,0.14509234346839653,0,
43,nfunswv2,nf2018v2,mlp,0.001,buffer_only,2102,0.9718432956587588,0.9883915337111328,0.9442280230380985,0.978378734952653,0.00261453477161103,0.0099731925961903,0.006243753420479111,0.94540072882376,0.48373323681163133,0,2
43,nfunswv2,nf2018v2,mlp,0.01,calibrate,21001,0.46853899442765923,0.8261331950887618,0.0,0.5700912184803988,0.0,0.10228896984430154,0.03408335088939326,0.28042949976692694,0.1464393856307862,0,
43,nfunswv2,nf2018v2,mlp,0.01,buffer_only,21001,0.9818357507015473,0.9924953570162923,0.9640499700876857,0.9814991887322699,0.000975488027585894,0.007193315792576352,0.002219530733106196,0.9621421136903845,0.6526910874011767,0,5
43,nfunswv2,nf2018v2,mlp,0.05,calibrate,105000,0.46853899442765923,0.8261331950887618,0.0,0.5700917223052613,0.0,0.10228904299162754,0.03391673359760475,0.28042949976692694,0.1469278620635645,0,
43,nfunswv2,nf2018v2,mlp,0.05,buffer_only,105000,0.9844169573618586,0.993561734932,0.9692133037802876,0.9843781248987215,0.0003799866153968308,0.006109248612772663,0.002241492208745625,0.96690432580787,0.8274655024100931,0,18
43,nfunswv2,nf2018v2,mlp,0.1,calibrate,210000,0.46853899442765923,0.8261331950887618,0.0,0.5700917199732746,0.0,0.10228194372593395,0.03391484531165702,0.28042949976692694,0.146599097655074,0,
43,nfunswv2,nf2018v2,mlp,0.1,buffer_only,210000,0.9861912614679287,0.9942896922079453,0.9726998377244921,0.985259634541769,0.00024954344891732174,0.005508239846422271,0.0009426766176342525,0.9681807950352372,0.9616223683119105,0,43
43,nfunswv2,nfunswv2,mlp,0,in_domain,250002,0.9680054820355561,0.995278150694058,0.9364592041748753,0.9839309632288835,0.003689423306762557,0.003788721844612654,0.0015728804217831744,0.9368624306031395,0.39113690048607924,0,25
43,nfunswv2,nftonv2,mlp,0,zero_shot,250002,0.2170584093103514,0.12252993347910311,-0.056897736601599906,0.5321413284401393,0.014543264844348746,0.7034427996625858,0.7092331414941396,0.23251015094942545,0.0031271942867576474,0,25
43,nfunswv2,nftonv2,mlp,0.0001,calibrate,213,0.42062190755396933,0.6107334447783608,0.0,0.532149426534935,1.0,0.1990475199485446,0.0075040901773010425,0.23251015094942545,0.7265238293224313,0,
43,nfunswv2,nftonv2,mlp,0.0001,buffer_only,213,0.8035156209870569,0.8497880201545954,0.620701676145297,0.8350817421442044,0.3872303930513485,0.1124788741781247,0.06399067602471928,0.666350408648194,0.7323135739641642,0,1
43,nfunswv2,nftonv2,mlp,0.001,calibrate,2100,0.42062190755396933,0.6107334447783608,0.0,0.4852703109511803,1.0,0.19873637857431425,0.009895926826378219,0.10398603941137063,0.7046628357825213,0,
43,nfunswv2,nftonv2,mlp,0.001,buffer_only,2100,0.9512794752330386,0.9614535796271825,0.9028662553438563,0.9662108007541035,0.08826320207291705,0.03239280784708488,0.015210253114671777,0.9048576701477792,0.5937458163830778,0,8
43,nfunswv2,nftonv2,mlp,0.01,calibrate,21000,0.42062190755396933,0.6107334447783608,0.0,0.4852703127844084,1.0,0.19868559673403816,0.008877387837734813,0.10398603941137063,0.6941444853535875,0,
43,nfunswv2,nftonv2,mlp,0.01,buffer_only,21000,0.965154690301099,0.9724321575015334,0.9306256590773838,0.9895477453422868,0.06844640706543557,0.02171027879344127,0.005102322528292124,0.9340357551644,0.5567140769362625,0,6
43,nfunswv2,nftonv2,mlp,0.05,calibrate,105000,0.42062190755396933,0.6107334447783608,0.0,0.48527031881503924,1.0,0.1986773452571384,0.007645309903857521,0.10398603941137063,0.6914157441571241,0,
43,nfunswv2,nftonv2,mlp,0.05,buffer_only,105000,0.9731801731688676,0.9787487226389237,0.946530596823746,0.9950366497937302,0.05211488631801759,0.01616228037382896,0.003294303206425531,0.9466635647249323,0.5469978133843422,0,33
43,nfunswv2,nftonv2,mlp,0.1,calibrate,210000,0.42062190755396933,0.6107334447783608,0.0,0.4852703100367068,1.0,0.19868250555362404,0.00838749413918577,0.10398603941137063,0.6933224475668772,0,
43,nfunswv2,nftonv2,mlp,0.1,buffer_only,210000,0.9772670840252256,0.9819577414028754,0.9545982930342437,0.9959224861781013,0.04112988577059232,0.014225690184360717,0.003868373819452469,0.9539264531896072,0.4649900847669321,0,60
43,nfunswv2,nfbotv2,mlp,0,zero_shot,250002,0.011171394719062543,0.014063965102246305,-0.0091897756412218,0.49768042177917454,0.01907032181168057,0.9867165405452718,0.9868441970735198,0.24025536831163208,3.792265280510502e-51,0,25
43,nfunswv2,nfbotv2,mlp,0.0001,calibrate,211,0.49894904562319464,0.9937119087536106,0.0,0.4979031377832849,1.0,0.0041777620999942046,0.0005994543936480579,0.0,0.9952054952684836,0,
43,nfunswv2,nfbotv2,mlp,0.0001,buffer_only,211,0.5119039724119637,0.9938478704953911,0.11426532438395301,0.7261662603078567,0.9868891537544696,0.004030541356687779,0.0032503611775175803,0.45564103483319995,0.9846844438682252,0,1
43,nfunswv2,nfbotv2,mlp,0.001,calibrate,2101,0.49894904562319464,0.9937119087536106,0.0,0.4978177106439297,1.0,0.004177440823108991,0.00015943686540387247,0.0,0.9956447026642042,0,
43,nfunswv2,nfbotv2,mlp,0.001,buffer_only,2101,0.8276272714767341,0.9974470435820719,0.6862381707570958,0.8084241931619878,0.4934445768772348,0.0021459658233356957,0.0010058704685664403,0.5578165732395923,0.9859242046573117,0,2
43,nfunswv2,nfbotv2,mlp,0.01,calibrate,21000,0.49894904562319464,0.9937119087536106,0.0,0.5061257399250889,1.0,0.0041770330595266225,1.1917627985580381e-05,0.08232657591890405,0.9958909196664483,0,
43,nfunswv2,nfbotv2,mlp,0.01,buffer_only,21000,0.8645653524942454,0.9979108565084072,0.7417089862030137,0.846305585322074,0.38259833134684146,0.0018517142194532186,0.006330629327937064,0.5927469605264001,0.9236154575979054,0,6
43,nfunswv2,nfbotv2,mlp,0.05,calibrate,105000,0.49894904562319464,0.9937119087536106,0.0,0.506225980898552,1.0,0.004177406559650606,6.90095654595213e-05,0.08234066737731309,0.9957360019156882,0,
43,nfunswv2,nfbotv2,mlp,0.05,buffer_only,105000,0.879617210641602,0.9981466197224392,0.7730766267256767,0.8772808311601588,0.3599523241954708,0.0015074821391364702,0.0013330666500301356,0.622687292486521,0.9576144021863552,0,7
43,nfunswv2,nfbotv2,mlp,0.1,calibrate,210001,0.49894904562319464,0.9937119087536106,0.0,0.49787174763232594,1.0,0.004177410131508071,7.405952350236777e-05,0.0,0.9957307681367652,0,
43,nfunswv2,nfbotv2,mlp,0.1,buffer_only,210001,0.9632832749501989,0.9993757373628864,0.9271065619153077,0.9726375651735486,0.04052443384982122,0.0005990733548177287,0.0006613226061961822,0.8123093949006198,0.8276580016456893,0,27
43,nftonv2,nf2018v2,rf,0,zero_shot,250001,0.5694796449920014,0.8152908660039256,0.13973410099776581,0.5368823741580714,0.11608307528272138,0.16259955022447112,0.13370839812467605,0.2084563334484817,0.17666666666666667,0,39
43,nftonv2,nf2018v2,rf,0.0001,calibrate,217,0.46853899442765923,0.8261331950887618,0.0,0.5368823741580714,0.0,0.1038438299081233,0.06276979528975543,0.2084563334484817,0.1320130082620049,0,
43,nftonv2,nf2018v2,rf,0.0001,buffer_only,217,0.9747173490066399,0.9895443228069476,0.9497424493707902,0.9781491900380308,0.0029321355247785303,0.011993631920729282,0.022462221022228314,0.9483260843157625,0.5266666666666666,0,1
43,nftonv2,nf2018v2,rf,0.001,calibrate,2102,0.46853899442765923,0.8261331950887618,0.0,0.5368823741580714,0.0,0.10309759396096771,0.06710498837084575,0.2084563334484817,0.10034896950151943,0,
43,nftonv2,nf2018v2,rf,0.001,buffer_only,2102,0.9809589433681158,0.9921298302795425,0.9622659906267894,0.9795951810427517,0.001310103106815939,0.007825722426943422,0.007828494190862052,0.9656031876094232,0.62,0,2
43,nftonv2,nf2018v2,rf,0.01,calibrate,21001,0.46853899442765923,0.8261331950887618,0.0,0.5368823741580714,0.0,0.1030560092711183,0.048276824066420115,0.2084563334484817,0.09894569997428314,0,
43,nftonv2,nf2018v2,rf,0.01,buffer_only,21001,0.9860878434892137,0.9942480938845323,0.9725067511454405,0.9828406919264607,0.00020984335477138418,0.005893010201615659,0.005941670291648609,0.968597922315212,0.9166666666666666,0,3
43,nftonv2,nf2018v2,rf,0.05,calibrate,105000,0.46853899442765923,0.8261331950887618,0.0,0.5368823741580714,0.0,0.10306674636244571,0.034231216224892266,0.2084563334484817,0.0984491239036904,0,
43,nftonv2,nf2018v2,rf,0.05,buffer_only,105000,0.9879724154357179,0.9950215686814524,0.9762028618687907,0.9841686142732979,0.00013044316647950908,0.00526879710045894,0.005669304986808208,0.968597922315212,0.9866666666666667,0,16
43,nftonv2,nf2018v2,rf,0.1,calibrate,210000,0.46853899442765923,0.8261331950887618,0.0,0.5368823741580714,0.0,0.1030541051059255,0.03374569001955737,0.2084563334484817,0.09860532616135952,0,
43,nftonv2,nf2018v2,rf,0.1,buffer_only,210000,0.9882320654416451,0.9951282790233454,0.9767128671652786,0.9847609286623522,0.00011910028243781263,0.005091109600007556,0.005218723906380339,0.9694749276497514,0.9933333333333333,0,40
43,nftonv2,nfunswv2,rf,0,zero_shot,250001,0.5111653726654848,0.9078602167187194,0.0343887390455592,0.49480763091278146,0.08245601272071586,0.11426684533333333,0.1716244333333333,0.09714195225953896,0.36,0,39
43,nftonv2,nfunswv2,rf,0.0001,calibrate,144,0.49037055157195203,0.943678896856096,0.0,0.49480763091278146,0.0,0.037371131227821174,0.031723363734513566,0.09714195225953896,0.07025029536046949,0,
43,nftonv2,nfunswv2,rf,0.0001,buffer_only,144,0.9252106968280791,0.9886114958577641,0.8541612704446933,0.8730033500398235,0.01001860300765945,0.00990468911111111,0.007348566666666799,0.8478553713158028,0.48333333333333334,0,1
43,nftonv2,nfunswv2,rf,0.001,calibrate,1392,0.49037055157195203,0.943678896856096,0.0,0.5235033972038754,0.0,0.03636192734351394,0.0009329757013835094,0.13205056114387848,0.039719625688110466,0,
43,nftonv2,nfunswv2,rf,0.001,buffer_only,1392,0.9409523726120521,0.9909108449445607,0.8876498620602075,0.9569138772944384,0.009748391723220503,0.006839044388888888,0.00421074999999998,0.8979611815954398,0.7733333333333333,0,1
43,nftonv2,nfunswv2,rf,0.01,calibrate,13907,0.49037055157195203,0.943678896856096,0.0,0.5235033972038754,0.0,0.03636046815705533,0.002954863548736775,0.13205056114387848,0.040294764854759635,0,
43,nftonv2,nfunswv2,rf,0.01,buffer_only,13907,0.9662087077300106,0.9949773666442246,0.9333871224876006,0.9868785877847399,0.004458486193242639,0.0036776898333333325,0.0007141499999997462,0.9337007664528465,0.4879828619529144,0,2
43,nftonv2,nfunswv2,rf,0.05,calibrate,69537,0.49037055157195203,0.943678896856096,0.0,0.5235033972038754,0.0,0.03636070437330396,0.0007948060849767014,0.13205056114387848,0.039447952955578694,0,
43,nftonv2,nfunswv2,rf,0.05,buffer_only,69537,0.9723519406229522,0.9959392943951983,0.9449085897825769,0.9895789195107395,0.0029307531619916652,0.0030267827222222217,0.0006368166666665731,0.9409977021738948,0.27,0,3
43,nftonv2,nfunswv2,rf,0.1,calibrate,139072,0.49037055157195203,0.943678896856096,0.0,0.5235033972038754,0.0,0.03636140047753503,3.4612002319134305e-05,0.13205056114387848,0.03827426186143602,0,
43,nftonv2,nfunswv2,rf,0.1,buffer_only,139072,0.9742884433070595,0.9962276327702905,0.9487413598383623,0.9918583715459859,0.002691720102680288,0.0027742638333333332,0.0005270166666664707,0.9451741568694935,0.28,0,7
43,nftonv2,nftonv2,rf,0,in_domain,250001,0.9912179648337214,0.9930234406486331,0.9824621145227678,0.9983242434631774,0.01797379657676727,0.005542084765979385,0.002713896902817747,0.9825170360783104,0.6160575757575861,0,39
43,nftonv2,nfbotv2,rf,0,zero_shot,250001,0.037734835222979726,0.06675657760473444,0.004671397242166616,0.5144694704850781,0.021454112038140644,0.5648071915555556,0.7264417666666669,0.1437175002842556,0.03,0,39
43,nftonv2,nfbotv2,rf,0.0001,calibrate,211,0.49894904562319464,0.9937119087536106,0.0,0.5069332722658647,1.0,0.004177784155279395,0.0005939081338555141,0.058941327211048423,0.9951753598385101,0,
43,nftonv2,nfbotv2,rf,0.0001,buffer_only,211,0.5130651035872001,0.9938600915428479,0.11934653733778329,0.7683239657963158,0.9856972586412396,0.0034244878333333337,0.0022607166666666774,0.6750673006432839,0.8966666666666666,0,1
43,nftonv2,nfbotv2,rf,0.001,calibrate,2101,0.49894904562319464,0.9937119087536106,0.0,0.5144694704850781,1.0,0.0041770953245448515,6.24073495703037e-05,0.1437175002842556,0.9955268889145149,0,
43,nftonv2,nfbotv2,rf,0.001,buffer_only,2101,0.9065878967822842,0.9985220227783438,0.8190903714645061,0.9406965001274178,0.2729439809296782,0.0011204423333333333,0.0005105666666669049,0.7839205699974686,0.9,0,1
43,nftonv2,nfbotv2,rf,0.01,calibrate,21000,0.49894904562319464,0.9937119087536106,0.0,0.5144694704850781,1.0,0.004175588227965639,5.508937361586863e-05,0.1437175002842556,0.9944117948601394,0,
43,nftonv2,nfbotv2,rf,0.01,buffer_only,21000,0.9617983669784211,0.999365832614415,0.9236789835902105,0.9778440833838,0.08820023837902265,0.0004925838333333333,0.0003208499999998602,0.8350796899337476,0.9833333333333333,0,2
43,nftonv2,nfbotv2,rf,0.05,calibrate,105000,0.49894904562319464,0.9937119087536106,0.0,0.5144694704850781,1.0,0.004175630921030041,4.3697861769054214e-05,0.1437175002842556,0.9943532300184823,0,
43,nftonv2,nfbotv2,rf,0.05,buffer_only,105000,0.9802215948600672,0.9996672551718275,0.9605317830686141,0.9907282655898026,0.026221692491060787,0.0002937301666666666,0.00018031666666688026,0.8523612531866731,0.9933333333333333,0,5
43,nftonv2,nfbotv2,rf,0.1,calibrate,210001,0.49894904562319464,0.9937119087536106,0.0,0.5144694704850781,1.0,0.004175606371088103,4.713191920191484e-05,0.1437175002842556,0.9944214072842494,0,
43,nftonv2,nfbotv2,rf,0.1,buffer_only,210001,0.9840124012605902,0.9997314266821512,0.9680798070122372,0.9957706951796756,0.021454112038140644,0.00022818233333333333,0.0001631000000000197,0.8598946313583281,0.9966666666666667,0,13
43,nftonv2,nf2018v2,lgbm,0,zero_shot,250001,0.4844497104824213,0.7281936737209402,0.00263280135672583,0.45216658453899766,0.261714363494062,0.2708357995763933,0.23007467302287948,0.07226046078184892,0.9065600295448879,0,3
43,nftonv2,nf2018v2,lgbm,0.0001,calibrate,217,0.46853899442765923,0.8261331950887618,0.0,0.6517710188380246,0.0,0.10518437283858525,0.0349758020963091,0.44994753184179964,0.15828783386090797,0,
43,nftonv2,nf2018v2,lgbm,0.0001,buffer_only,217,0.9772980009438157,0.990593189266525,0.9547900539774001,0.98073471967082,0.002954821292861923,0.008863499567376351,0.008334682667133057,0.9563503494598251,0.937825194174007,0,1
43,nftonv2,nf2018v2,lgbm,0.001,calibrate,2102,0.46853899442765923,0.8261331950887618,0.0,0.6517710188380246,0.0,0.10430330844336157,0.0008488635902089703,0.44994753184179964,0.12626099939622518,0,
43,nftonv2,nf2018v2,lgbm,0.001,buffer_only,2102,0.9813738437252646,0.9922939984699978,0.9630325127573506,0.9810636746855905,0.001514275019566475,0.007273510928266594,0.007109509720669293,0.9664133761050364,0.992477002829248,0,1
43,nftonv2,nf2018v2,lgbm,0.01,calibrate,21001,0.46853899442765923,0.8261331950887618,0.0,0.6517710188380246,0.0,0.10430767411665073,1.2445227466684194e-05,0.44994753184179964,0.12392168313953841,0,
43,nftonv2,nf2018v2,lgbm,0.01,buffer_only,21001,0.9860775271034119,0.9942409596822819,0.9724527785794437,0.985170539384514,0.00036864373135513437,0.00556571576161489,0.005086144570971237,0.9685244598272207,0.9979291456905325,0,3
43,nftonv2,nf2018v2,lgbm,0.05,calibrate,105000,0.46853899442765923,0.8261331950887618,0.0,0.6517710188380246,0.0,0.10430715300437583,2.485065601731673e-05,0.44994753184179964,0.12400793940762439,0,
43,nftonv2,nf2018v2,lgbm,0.05,buffer_only,105000,0.9881124679764095,0.9950783141126814,0.9764681780515906,0.9871467077216605,0.00017581470264629485,0.004844988560763756,0.002832385699341377,0.9685735547975041,0.9962872774929983,0,3
43,nftonv2,nf2018v2,lgbm,0.1,calibrate,210000,0.46853899442765923,0.8261331950887618,0.0,0.6517710188380246,0.0,0.10430627059041245,9.392621527326561e-06,0.44994753184179964,0.12420296422086646,0,
43,nftonv2,nf2018v2,lgbm,0.1,buffer_only,210000,0.9882298634559769,0.9951278165921844,0.9767139717672858,0.9872528885689884,9.074307233357153e-05,0.004784345594119544,0.0017088043922419863,0.9685735547975041,0.9961558157265182,0,6
43,nftonv2,nfunswv2,lgbm,0,zero_shot,250001,0.4125575775232773,0.7318535936565007,-0.003330571726915607,0.5029026615208403,0.37455441119921845,0.31133585601425673,0.25805755945640063,0.03257974722789543,0.0019492811802016786,0,3
43,nftonv2,nfunswv2,lgbm,0.0001,calibrate,144,0.49037055157195203,0.943678896856096,0.0,0.49964879827884073,0.0,0.037350715665873196,0.03147823686246832,0.03388251420372531,0.07141107333265108,0,
43,nftonv2,nfunswv2,lgbm,0.0001,buffer_only,144,0.8950110213205207,0.9842962526317091,0.7913860739936909,0.8730677676572087,0.010704523960466011,0.014951453455293057,0.014150536675780378,0.823454120611134,0.01580194716238939,0,1
43,nftonv2,nfunswv2,lgbm,0.001,calibrate,1392,0.49037055157195203,0.943678896856096,0.0,0.49964879827884073,0.0,0.03636080122053654,0.000919903663547883,0.03388251420372531,0.0410052321896121,0,
43,nftonv2,nfunswv2,lgbm,0.001,buffer_only,1392,0.9390860796886622,0.9907083145555362,0.8823004750301502,0.9350487249855217,0.009036488916140967,0.00929248361148487,0.00873444495996287,0.8885466136415722,0.1537103775769812,0,1
43,nftonv2,nfunswv2,lgbm,0.01,calibrate,13907,0.49037055157195203,0.943678896856096,0.0,0.49964879827884073,0.0,0.03635923942098209,8.381735722906569e-05,0.03388251420372531,0.03966326490101616,0,
43,nftonv2,nfunswv2,lgbm,0.01,buffer_only,13907,0.9684710821976161,0.9953344783632038,0.9375647280032765,0.9853142159519735,0.003886885399237173,0.004377391055192489,0.0041264930376844235,0.9359402785593041,0.15433585237041453,0,4
43,nftonv2,nfunswv2,lgbm,0.05,calibrate,69537,0.49037055157195203,0.943678896856096,0.0,0.49964879827884073,0.0,0.036359396590553726,1.9812285919407202e-05,0.03388251420372531,0.03982212755581349,0,
43,nftonv2,nfunswv2,lgbm,0.05,buffer_only,69537,0.9717949127322151,0.9958587866685761,0.9437814831699083,0.988674250085307,0.0029463422745554507,0.003471675951159851,0.0028315920072465852,0.9417366628348413,0.07347630251138988,0,2
43,nftonv2,nfunswv2,lgbm,0.1,calibrate,139072,0.49037055157195203,0.943678896856096,0.0,0.49964879827884073,0.0,0.03635900617895607,3.930810739938284e-05,0.03388251420372531,0.03883870855602212,0,
43,nftonv2,nfunswv2,lgbm,0.1,buffer_only,139072,0.9741758083493879,0.9962119426450706,0.948507923485147,0.9915383743279695,0.002681327360971098,0.0029576693107251344,0.0018401596139544783,0.9439761749412988,0.14081379354202744,0,3
43,nftonv2,nftonv2,lgbm,0,in_domain,250001,0.9917772773382391,0.9934659816260406,0.9835727435644375,0.9989395574497625,0.016295025728987993,0.005759151756780169,0.0030889226707797634,0.9829447302508506,0.6222236884350317,0,3
43,nftonv2,nfbotv2,lgbm,0,zero_shot,250001,0.01414439079681002,0.02001967232346829,-0.01034361950607696,0.501476266695385,0.026221692491060787,0.9368944321540232,0.9568019393062465,0.04659596502226483,0.0007509263956193812,0,3
43,nftonv2,nfbotv2,lgbm,0.0001,calibrate,211,0.49894904562319464,0.9937119087536106,0.0,0.501476266695385,1.0,0.004177767794656276,0.0006006349832342606,0.04659596502226483,0.9951977748507674,0,
43,nftonv2,nfbotv2,lgbm,0.0001,buffer_only,211,0.6954470029759513,0.9958291121389905,0.4760882171206886,0.7758930235134778,0.7497020262216925,0.003065394358394195,0.003002778123991552,0.49465279423699393,0.9996432948473294,0,1
43,nftonv2,nfbotv2,lgbm,0.001,calibrate,2101,0.49894904562319464,0.9937119087536106,0.0,0.501476266695385,1.0,0.004177451398869659,0.00016058284880426932,0.04659596502226483,0.9956149468456001,0,
43,nftonv2,nfbotv2,lgbm,0.001,buffer_only,2101,0.8916459062063926,0.9983221401569881,0.7953362520672728,0.8804193831101732,0.33134684147794996,0.0014873900490762913,0.0014829404828213164,0.6636588462070229,0.9999513388815119,0,1
43,nftonv2,nfbotv2,lgbm,0.01,calibrate,21000,0.49894904562319464,0.9937119087536106,0.0,0.501476266695385,1.0,0.004177435065799927,6.584497423334223e-05,0.04659596502226483,0.9957034354010493,0,
43,nftonv2,nfbotv2,lgbm,0.01,buffer_only,21000,0.8083351411657438,0.9968486706941512,0.6170159896846759,0.6983860224171186,0.40166865315852207,0.0030981279396768533,0.0031002710298509164,0.6077087130090946,1.0,0,1
43,nftonv2,nfbotv2,lgbm,0.05,calibrate,105000,0.49894904562319464,0.9937119087536106,0.0,0.501476266695385,1.0,0.004177426201465462,7.110320050429664e-05,0.04659596502226483,0.9957096512405209,0,
43,nftonv2,nfbotv2,lgbm,0.05,buffer_only,105000,0.8004600112073705,0.9964777924710324,0.6041016364039312,0.6854756408459752,0.3289630512514899,0.0037084563583094712,0.0037110352093673482,0.6046798179076989,1.0,0,4
43,nftonv2,nfbotv2,lgbm,0.1,calibrate,210001,0.49894904562319464,0.9937119087536106,0.0,0.501476266695385,1.0,0.004177424776100543,7.492523935803685e-05,0.04659596502226483,0.9957082462403775,0,
43,nftonv2,nfbotv2,lgbm,0.1,buffer_only,210001,0.6632205611533911,0.9948484318776717,0.33364513856354255,0.5575487861022734,0.7270560190703218,0.00467499995649074,0.004674999963817705,0.31098601673178156,1.0,0,2
43,nftonv2,nf2018v2,mlp,0,zero_shot,250001,0.43786754906921765,0.6540654260734621,-0.04067051656107876,0.5109162520050872,0.3849037556289062,0.3546544776091581,0.34411524533397464,0.22664135868723528,0.9954029701582512,0,60
43,nftonv2,nf2018v2,mlp,0.0001,calibrate,217,0.46853899442765923,0.8261331950887618,0.0,0.5317847445341404,0.0,0.1050619602513046,0.029422836523576402,0.2692011303571739,0.16817642617978307,0,
43,nftonv2,nf2018v2,mlp,0.0001,buffer_only,217,0.9590277518928785,0.9830960494005739,0.9185268295836714,0.9684189163729826,0.00580188518732773,0.014541550532385287,0.010383656930901448,0.9204380082720977,0.8265310767148245,0,1
43,nftonv2,nf2018v2,mlp,0.001,calibrate,2102,0.46853899442765923,0.8261331950887618,0.0,0.5317806387288387,0.0,0.104144383741594,0.022257459235710986,0.2691906703238891,0.13287184045269876,0,
43,nftonv2,nf2018v2,mlp,0.001,buffer_only,2102,0.9718432956587588,0.9883915337111328,0.9442280230380985,0.978378734952653,0.00261453477161103,0.0099731925961903,0.006243753420479111,0.94540072882376,0.48373323681163133,0,2
43,nftonv2,nf2018v2,mlp,0.01,calibrate,21001,0.46853899442765923,0.8261331950887618,0.0,0.5317806387183898,0.0,0.10415785536531594,0.03008930655588304,0.2691906703238891,0.12942716743035546,0,
43,nftonv2,nf2018v2,mlp,0.01,buffer_only,21001,0.9818357507015473,0.9924953570162923,0.9640499700876857,0.9814991887322699,0.000975488027585894,0.007193315792576352,0.002219530733106196,0.9621421136903845,0.6526910874011767,0,6
43,nftonv2,nf2018v2,mlp,0.05,calibrate,105000,0.46853899442765923,0.8261331950887618,0.0,0.5317857384414382,0.0,0.10415451837959303,0.029731154047705967,0.26920636050285157,0.12992251965182866,0,
43,nftonv2,nf2018v2,mlp,0.05,buffer_only,105000,0.9844169573618586,0.993561734932,0.9692133037802876,0.9843781248987215,0.0003799866153968308,0.006109248612772663,0.002241492208745625,0.96690432580787,0.8274655024100931,0,17
43,nftonv2,nf2018v2,mlp,0.1,calibrate,210000,0.46853899442765923,0.8261331950887618,0.0,0.5317857386856008,0.0,0.10415192415126301,0.029369039130046348,0.26920636050285157,0.1303445279477897,0,
43,nftonv2,nf2018v2,mlp,0.1,buffer_only,210000,0.9861912614679287,0.9942896922079453,0.9726998377244921,0.985259634541769,0.00024954344891732174,0.005508239846422271,0.0009426766176342525,0.9681807950352372,0.9616223683119105,0,38
43,nftonv2,nfunswv2,mlp,0,zero_shot,250001,0.36361011055683223,0.6488314986703012,-0.04047597392196101,0.5058482140290657,0.48138659959884017,0.42321170887945503,0.42719240302046296,0.10684201756472919,0.0005367140809634656,0,60
43,nftonv2,nfunswv2,mlp,0.0001,calibrate,144,0.49037055157195203,0.943678896856096,0.0,0.5058744109325889,0.0,0.03782824509456972,0.03228393529615586,0.10684201756472919,0.05484496398164254,0,
43,nftonv2,nfunswv2,mlp,0.0001,buffer_only,144,0.8402723594088788,0.97758156925827,0.6828866112401478,0.8229762614328062,0.008360960705043597,0.018791572699460225,0.017150957022038588,0.7800965831511103,0.010853589431686059,0,1
43,nftonv2,nfunswv2,mlp,0.001,calibrate,1392,0.49037055157195203,0.943678896856096,0.0,0.505898062904712,0.0,0.03648260989953601,0.004782682869381921,0.10684201756472919,0.03279729747038433,0,
43,nftonv2,nfunswv2,mlp,0.001,buffer_only,1392,0.8998194230926303,0.9851164140156696,0.8004468049647817,0.8907033084187947,0.009649660676983194,0.012995965760897572,0.010717778671955157,0.8567485567014156,0.015834504893652693,0,2
43,nftonv2,nfunswv2,mlp,0.01,calibrate,13907,0.49037055157195203,0.943678896856096,0.0,0.4967081131821205,0.0,0.03633775239174259,6.21462312273753e-05,0.04239730849926967,0.034327963359479116,0,
43,nftonv2,nfunswv2,mlp,0.01,buffer_only,13907,0.9512423571772968,0.9927789565784831,0.9031449378854091,0.9479041757634317,0.005310691013396244,0.006068503976421798,0.00232187210534774,0.9039284290375872,0.4588798976751478,0,4
43,nftonv2,nfunswv2,mlp,0.05,calibrate,69537,0.49037055157195203,0.943678896856096,0.0,0.49672210227217806,0.0,0.03633203563393453,0.0007712536050178294,0.04239730849926967,0.03503575690354955,0,
43,nftonv2,nfunswv2,mlp,0.05,buffer_only,69537,0.9603833100248219,0.9941136948622911,0.9216934413288318,0.9729099608207897,0.004884588603319442,0.0046149823721196295,0.0004597111554912467,0.9219762618955099,0.4911659199971095,0,12
43,nftonv2,nfunswv2,mlp,0.1,calibrate,139072,0.49037055157195203,0.943678896856096,0.0,0.4967092532316182,0.0,0.03633049252459956,0.0014522109929366736,0.04239730849926967,0.035548230972054624,0,
43,nftonv2,nfunswv2,mlp,0.1,buffer_only,139072,0.9670874298858945,0.9951488988687056,0.9345482394634089,0.9828841678603333,0.003647852339925796,0.0037909866443038526,0.0006434139887196863,0.9354133345342552,0.3314202652737997,0,32
43,nftonv2,nftonv2,mlp,0,in_domain,250001,0.9770515304907946,0.9817869758540374,0.9541680223854012,0.9958543951589598,0.04149483595489216,0.014291432836390708,0.004092002689646029,0.9548880899898081,0.4698283294665612,0,60
43,nftonv2,nfbotv2,mlp,0,zero_shot,250001,0.08686538915784443,0.1684032698595644,-0.08947610920744643,0.5160781271650309,0.4970202622169249,0.8684965671894459,0.8640105370301137,0.10808689112794272,3.8986623085092784e-07,0,60
43,nftonv2,nfbotv2,mlp,0.0001,calibrate,211,0.49894904562319464,0.9937119087536106,0.0,0.5653016560264741,1.0,0.004163926595647969,0.0005704574435667631,0.24515049709621317,0.990265843074014,0,
43,nftonv2,nfbotv2,mlp,0.0001,buffer_only,211,0.5119039724119637,0.9938478704953911,0.11426532438395301,0.7261662603078567,0.9868891537544696,0.004030541356687779,0.0032503611775175803,0.45564103483319995,0.9846844438682252,0,1
43,nftonv2,nfbotv2,mlp,0.001,calibrate,2101,0.49894904562319464,0.9937119087536106,0.0,0.5653016380214834,1.0,0.004148054891076348,1.1287946281024475e-06,0.24515049709621317,0.9821274075361305,0,
43,nftonv2,nfbotv2,mlp,0.001,buffer_only,2101,0.8276272714767341,0.9974470435820719,0.6862381707570958,0.8084241931619878,0.4934445768772348,0.0021459658233356957,0.0010058704685664403,0.5578165732395923,0.9859242046573117,0,5
43,nftonv2,nfbotv2,mlp,0.01,calibrate,21000,0.49894904562319464,0.9937119087536106,0.0,0.5653016564034538,1.0,0.004139361404464917,0.00012703924163193214,0.24515049709621317,0.972462067077319,0,
43,nftonv2,nfbotv2,mlp,0.01,buffer_only,21000,0.8645653524942454,0.9979108565084072,0.7417089862030137,0.846305585322074,0.38259833134684146,0.0018517142194532186,0.006330629327937064,0.5927469605264001,0.9236154575979054,0,2
43,nftonv2,nfbotv2,mlp,0.05,calibrate,105000,0.49894904562319464,0.9937119087536106,0.0,0.5653016380214293,1.0,0.004137652920659901,0.0009910151276288632,0.24515049709621317,0.9660352446484523,0,
43,nftonv2,nfbotv2,mlp,0.05,buffer_only,105000,0.879617210641602,0.9981466197224392,0.7730766267256767,0.8772808311601588,0.3599523241954708,0.0015074821391364702,0.0013330666500301356,0.622687292486521,0.9576144021863552,0,11
43,nftonv2,nfbotv2,mlp,0.1,calibrate,210001,0.49894904562319464,0.9937119087536106,0.0,0.5653016564029243,1.0,0.0041378113978925565,9.026499832165413e-05,0.24515049709621317,0.9676606504403018,0,
43,nftonv2,nfbotv2,mlp,0.1,buffer_only,210001,0.9632832749501989,0.9993757373628864,0.9271065619153077,0.9726375651735486,0.04052443384982122,0.0005990733548177287,0.0006613226061961822,0.8123093949006198,0.8276580016456893,0,30
43,nfbotv2,nf2018v2,rf,0,zero_shot,250000,0.5167959761752681,0.6466525050170927,0.307623031246126,0.7563464807253744,0.47321945077755473,0.200726149535919,0.24699221503892488,0.664899835690022,0.73,0,15
43,nfbotv2,nf2018v2,rf,0.0001,calibrate,217,0.46853899442765923,0.8261331950887618,0.0,0.7563464807253744,0.0,0.08611947235560762,0.12647415684626992,0.664899835690022,0.27281565734223,0,
43,nfbotv2,nf2018v2,rf,0.0001,buffer_only,217,0.9747173490066399,0.9895443228069476,0.9497424493707902,0.9781491900380308,0.0029321355247785303,0.011993631920729282,0.022462221022228314,0.9483260843157625,0.5266666666666666,0,1
43,nfbotv2,nf2018v2,rf,0.001,calibrate,2102,0.4888282541074128,0.8295483269267329,0.05837898586538255,0.7563464807253744,0.0063236578532457665,0.08007374580438457,0.0989835092476584,0.664899835690022,0.2760418665975154,0,
43,nfbotv2,nf2018v2,rf,0.001,buffer_only,2102,0.9809589433681158,0.9921298302795425,0.9622659906267894,0.9795951810427517,0.001310103106815939,0.007825722426943422,0.007828494190862052,0.9656031876094232,0.62,0,2
43,nfbotv2,nf2018v2,rf,0.01,calibrate,21001,0.5918470431600497,0.8580486073642927,0.2761630115883568,0.7563464807253744,0.010628282347069565,0.07786708754263981,0.08741679266257806,0.664899835690022,0.28917746274372863,0,
43,nfbotv2,nf2018v2,rf,0.01,buffer_only,21001,0.9860878434892137,0.9942480938845323,0.9725067511454405,0.9828406919264607,0.00020984335477138418,0.005893010201615659,0.005941670291648609,0.968597922315212,0.9166666666666666,0,3
43,nfbotv2,nf2018v2,rf,0.05,calibrate,105000,0.6016795917122995,0.860512183066302,0.2881743684230537,0.7563464807253744,0.012119871598552647,0.0776131222792375,0.08090846485039649,0.664899835690022,0.2922787053574793,0,
43,nfbotv2,nf2018v2,rf,0.05,buffer_only,105000,0.9879724154357179,0.9950215686814524,0.9762028618687907,0.9841686142732979,0.00013044316647950908,0.00526879710045894,0.005669304986808208,0.968597922315212,0.9866666666666667,0,16
43,nfbotv2,nf2018v2,rf,0.1,calibrate,210000,0.6016795917122995,0.860512183066302,0.2881743684230537,0.7563464807253744,0.012119871598552647,0.07761008053438259,0.08082504890826324,0.664899835690022,0.29191218853632167,0,
43,nfbotv2,nf2018v2,rf,0.1,buffer_only,210000,0.9882320654416451,0.9951282790233454,0.9767128671652786,0.9847609286623522,0.00011910028243781263,0.005091109600007556,0.005218723906380339,0.9694749276497514,0.9933333333333333,0,39
43,nfbotv2,nfunswv2,rf,0,zero_shot,250000,0.1314163719090797,0.1876058386111167,-0.01475335651270686,0.512222249259273,0.8931366333752507,0.3467490595555556,0.5135061999999999,0.143746892098304,0.6766666666666666,0,15
43,nfbotv2,nfunswv2,rf,0.0001,calibrate,144,0.49037055157195203,0.943678896856096,0.0,0.512222249259273,0.0,0.037361138835699,0.03165031943289828,0.143746892098304,0.0711956597388568,0,
43,nfbotv2,nfunswv2,rf,0.0001,buffer_only,144,0.9252106968280791,0.9886114958577641,0.8541612704446933,0.8730033500398235,0.01001860300765945,0.00990468911111111,0.007348566666666799,0.8478553713158028,0.48333333333333334,0,1
43,nfbotv2,nfunswv2,rf,0.001,calibrate,1392,0.49037055157195203,0.943678896856096,0.0,0.512222249259273,0.0,0.036360015582337195,0.002142186063058437,0.143746892098304,0.04000076484861773,0,
43,nfbotv2,nfunswv2,rf,0.001,buffer_only,1392,0.9409523726120521,0.9909108449445607,0.8876498620602075,0.9569138772944384,0.009748391723220503,0.006839044388888888,0.00421074999999998,0.8979611815954398,0.7733333333333333,0,1
43,nfbotv2,nfunswv2,rf,0.01,calibrate,13907,0.49037055157195203,0.943678896856096,0.0,0.512222249259273,0.0,0.03635909637441952,0.0017422937021186306,0.143746892098304,0.039184016999098285,0,
43,nfbotv2,nfunswv2,rf,0.01,buffer_only,13907,0.9662087077300106,0.9949773666442246,0.9333871224876006,0.9868785877847399,0.004458486193242639,0.0036776898333333325,0.0007141499999997462,0.9337007664528465,0.4879828619529144,0,2
43,nfbotv2,nfunswv2,rf,0.05,calibrate,69537,0.49037055157195203,0.943678896856096,0.0,0.512222249259273,0.0,0.036359080958047435,0.002123517891637953,0.143746892098304,0.039049691734522995,0,
43,nfbotv2,nfunswv2,rf,0.05,buffer_only,69537,0.9723519406229522,0.9959392943951983,0.9449085897825769,0.9895789195107395,0.0029307531619916652,0.0030267827222222217,0.0006368166666665731,0.9409977021738948,0.27,0,3
43,nfbotv2,nfunswv2,rf,0.1,calibrate,139072,0.49037055157195203,0.943678896856096,0.0,0.512222249259273,0.0,0.03635907759626775,0.0021372759402481156,0.143746892098304,0.03903571177195776,0,
43,nfbotv2,nfunswv2,rf,0.1,buffer_only,139072,0.9742884433070595,0.9962276327702905,0.9487413598383623,0.9918583715459859,0.002691720102680288,0.0027742638333333332,0.0005270166666664707,0.9451741568694935,0.28,0,7
43,nfbotv2,nftonv2,rf,0,zero_shot,250000,0.44940511642850306,0.5808380194281861,-0.09449871136169478,0.4019734887574593,0.8634356410349987,0.36567425203792675,0.3888761443807218,0.012265423451244588,0.016666666666666666,0,15
43,nfbotv2,nftonv2,rf,0.0001,calibrate,213,0.42062190755396933,0.6107334447783608,0.0,0.7332722125304882,1.0,0.18767728143287296,0.16233360958095208,0.655539486909981,0.6584763780088402,0,
43,nfbotv2,nftonv2,rf,0.0001,buffer_only,213,0.9493675721426582,0.9601486110465031,0.8998697579605488,0.9755553912428321,0.10678442392613409,0.03726826300798171,0.024168354175104278,0.902759884984763,0.5333333333333333,0,1
43,nfbotv2,nftonv2,rf,0.001,calibrate,2100,0.42062190755396933,0.6107334447783608,0.0,0.7332722125304882,1.0,0.18557116347561803,0.24477917658131787,0.655539486909981,0.6343069727796073,0,
43,nfbotv2,nftonv2,rf,0.001,buffer_only,2100,0.9686414292006515,0.9750261350105335,0.9372897197889033,0.99264942805966,0.04286339914601657,0.01931695502921959,0.004945358060123736,0.9388167550370029,0.4727242424242528,0,2
43,nfbotv2,nftonv2,rf,0.01,calibrate,21000,0.42062190755396933,0.6107334447783608,0.0,0.7332722125304882,1.0,0.18499706597682206,0.22146339575164636,0.655539486909981,0.6281113686348803,0,
43,nfbotv2,nftonv2,rf,0.01,buffer_only,21000,0.9837047208592999,0.9870616377488111,0.9674547870839578,0.9972191329142246,0.030509835407466882,0.01025272481917965,0.00494865807662386,0.9675032265858984,0.4533333333333333,0,3
43,nfbotv2,nftonv2,rf,0.05,calibrate,105000,0.42062190755396933,0.6107334447783608,0.0,0.7332722125304882,1.0,0.1850588963325161,0.23749059859121463,0.655539486909981,0.6294837495442269,0,
43,nfbotv2,nftonv2,rf,0.05,buffer_only,105000,0.9897495786199518,0.9918592063056246,0.9795349682932952,0.998049755500874,0.020984635597240977,0.006560920693492356,0.0031840492535795723,0.979170038932346,0.6,0,13
43,nfbotv2,nftonv2,rf,0.1,calibrate,210000,0.42062190755396933,0.6107334447783608,0.0,0.7332722125304882,1.0,0.18507970015791841,0.2374497548754269,0.655539486909981,0.6298423527020969,0,
43,nfbotv2,nftonv2,rf,0.1,buffer_only,210000,0.9910970065989774,0.9929278126600356,0.9822223304966742,0.9982720528364131,0.018356994270282107,0.005691012010615609,0.0027745138725692193,0.9823649139548406,0.6033333333333334,0,31
43,nfbotv2,nfbotv2,rf,0,in_domain,250000,0.9858386860297381,0.9997616848961426,0.9717748420751571,0.9952712268426487,0.014302741358760428,0.00020766916666666664,0.00015891666666682872,0.8392823863819127,1.0,0,15
43,nfbotv2,nf2018v2,lgbm,0,zero_shot,250000,0.5137970236786061,0.6435373746197804,0.30282175019990243,0.5706581961021596,0.47659963022198026,0.4267678661606685,0.4267678661606682,0.30282870561206626,1.0,0,5
43,nfbotv2,nf2018v2,lgbm,0.0001,calibrate,217,0.46853899442765923,0.8261331950887618,0.0,0.5706257333556799,0.0,0.09519075416430645,0.01961140998526161,0.30282870561206626,0.22913071101261398,0,
43,nfbotv2,nf2018v2,lgbm,0.0001,buffer_only,217,0.9772980009438157,0.990593189266525,0.9547900539774001,0.98073471967082,0.002954821292861923,0.008863499567376351,0.008334682667133057,0.9563503494598251,0.937825194174007,0,1
43,nfbotv2,nf2018v2,lgbm,0.001,calibrate,2102,0.46853899442765923,0.8261331950887618,0.0,0.5706257333556799,0.0,0.09480656006185716,0.0009048474696382518,0.30282870561206626,0.21129770313341587,0,
43,nfbotv2,nf2018v2,lgbm,0.001,buffer_only,2102,0.9813738437252646,0.9922939984699978,0.9630325127573506,0.9810636746855905,0.001514275019566475,0.007273510928266594,0.007109509720669293,0.9664133761050364,0.992477002829248,0,1
43,nfbotv2,nf2018v2,lgbm,0.01,calibrate,21001,0.46853899442765923,0.8261331950887618,0.0,0.5706257333556799,0.0,0.0948064852180778,0.000727839438088814,0.30282870561206626,0.2103956308092826,0,
43,nfbotv2,nf2018v2,lgbm,0.01,buffer_only,21001,0.9860775271034119,0.9942409596822819,0.9724527785794437,0.985170539384514,0.00036864373135513437,0.00556571576161489,0.005086144570971237,0.9685244598272207,0.9979291456905325,0,2
43,nfbotv2,nf2018v2,lgbm,0.05,calibrate,105000,0.46853899442765923,0.8261331950887618,0.0,0.5706257333556799,0.0,0.09480582083575602,0.0002922796407161551,0.30282870561206626,0.2100891276552295,0,
43,nfbotv2,nf2018v2,lgbm,0.05,buffer_only,105000,0.9881124679764095,0.9950783141126814,0.9764681780515906,0.9871467077216605,0.00017581470264629485,0.004844988560763756,0.002832385699341377,0.9685735547975041,0.9962872774929983,0,5
43,nfbotv2,nf2018v2,lgbm,0.1,calibrate,210000,0.46853899442765923,0.8261331950887618,0.0,0.5706257333556799,0.0,0.09480578803128659,0.00032795177859609183,0.30282870561206626,0.2104640593460049,0,
43,nfbotv2,nf2018v2,lgbm,0.1,buffer_only,210000,0.9882298634559769,0.9951278165921844,0.9767139717672858,0.9872528885689884,9.074307233357153e-05,0.004784345594119544,0.0017088043922419863,0.9685735547975041,0.9961558157265182,0,4
43,nfbotv2,nfunswv2,lgbm,0,zero_shot,250000,0.3157875164091828,0.5338512768866768,0.030663161935355836,0.5030591648629772,0.6144916390392949,0.602869066281491,0.6028767457280283,0.03108596570680715,1.0,0,5
43,nfbotv2,nfunswv2,lgbm,0.0001,calibrate,144,0.49037055157195203,0.943678896856096,0.0,0.49742118849082273,0.0,0.03736841909998737,0.03164644848713227,0.0,0.06911104093221211,0,
43,nfbotv2,nfunswv2,lgbm,0.0001,buffer_only,144,0.8950110213205207,0.9842962526317091,0.7913860739936909,0.8730677676572087,0.010704523960466011,0.014951453455293057,0.014150536675780378,0.823454120611134,0.01580194716238939,0,2
43,nfbotv2,nfunswv2,lgbm,0.001,calibrate,1392,0.49037055157195203,0.943678896856096,0.0,0.5030558387266365,0.0,0.036328585627443,0.000923618805998305,0.03108596570680715,0.04323825752758699,0,
43,nfbotv2,nfunswv2,lgbm,0.001,buffer_only,1392,0.9390860796886622,0.9907083145555362,0.8823004750301502,0.9350487249855217,0.009036488916140967,0.00929248361148487,0.00873444495996287,0.8885466136415722,0.1537103775769812,0,1
43,nfbotv2,nfunswv2,lgbm,0.01,calibrate,13907,0.49037055157195203,0.943678896856096,0.0,0.5030558387266365,0.0,0.03632972014904605,0.0013602494103814558,0.03108596570680715,0.041333060592839546,0,
43,nfbotv2,nfunswv2,lgbm,0.01,buffer_only,13907,0.9684710821976161,0.9953344783632038,0.9375647280032765,0.9853142159519735,0.003886885399237173,0.004377391055192489,0.0041264930376844235,0.9359402785593041,0.15433585237041453,0,2
43,nfbotv2,nfunswv2,lgbm,0.05,calibrate,69537,0.49037055157195203,0.943678896856096,0.0,0.5030558387266365,0.0,0.03632774593403285,9.587507941782678e-05,0.03108596570680715,0.0423898735776068,0,
43,nfbotv2,nfunswv2,lgbm,0.05,buffer_only,69537,0.9717949127322151,0.9958587866685761,0.9437814831699083,0.988674250085307,0.0029463422745554507,0.003471675951159851,0.002831592007881717,0.9417366628348413,0.07347630251138988,0,2
43,nfbotv2,nfunswv2,lgbm,0.1,calibrate,139072,0.49037055157195203,0.943678896856096,0.0,0.5030558387266365,0.0,0.03632773534021143,0.00011315520547914676,0.03108596570680715,0.04250785012887933,0,
43,nfbotv2,nfunswv2,lgbm,0.1,buffer_only,139072,0.9741758083493879,0.9962119426450706,0.948507923485147,0.9915383743279695,0.002681327360971098,0.002957669310725134,0.0018401596139544783,0.9439761749412988,0.14081379354202744,0,6
43,nfbotv2,nftonv2,lgbm,0,zero_shot,250000,0.5052859202845309,0.5605376364962412,0.05823445583684663,0.5139372084100857,0.47376008174884127,0.464491182226022,0.46449743527615966,0.07269209650539964,6.367066123015593e-235,0,5
43,nfbotv2,nftonv2,lgbm,0.0001,calibrate,213,0.42062190755396933,0.6107334447783608,0.0,0.5136656878318469,1.0,0.19834991804497895,0.00828683448883615,0.057228288662805146,0.7641425428333314,0,
43,nfbotv2,nftonv2,lgbm,0.0001,buffer_only,213,0.948546406629901,0.95951136412444,0.8982740453634082,0.9732649216760637,0.10862742235684829,0.037034026801370384,0.035897713735703336,0.9018890533694884,0.7950197365993326,0,1
43,nfbotv2,nftonv2,lgbm,0.001,calibrate,2100,0.42062190755396933,0.6107334447783608,0.0,0.5136656878318469,1.0,0.19908887300919964,0.02888610702944688,0.057228288662805146,0.7801539651421677,0,
43,nfbotv2,nftonv2,lgbm,0.001,buffer_only,2100,0.9681633695697496,0.9746634686857906,0.9363269288868392,0.9924538774125471,0.045783000620415314,0.0226545020290673,0.021068229415215776,0.9364266993669256,0.4284779421741894,0,2
43,nfbotv2,nftonv2,lgbm,0.01,calibrate,21000,0.42062190755396933,0.6107334447783608,0.0,0.5136656878318469,1.0,0.19832361825253803,0.00831990683458102,0.057228288662805146,0.7591076285092909,0,
43,nfbotv2,nftonv2,lgbm,0.01,buffer_only,21000,0.985008273376095,0.9880977693289179,0.9700660027920842,0.9975139898845999,0.028922302105762562,0.009881917891971336,0.004856660067162354,0.9690848859085629,0.3691045115688059,0,5
43,nfbotv2,nftonv2,lgbm,0.05,calibrate,105000,0.42062190755396933,0.6107334447783608,0.0,0.5136656878318469,1.0,0.19826557659489832,0.003328395109199884,0.057228288662805146,0.7539243028955783,0,
43,nfbotv2,nftonv2,lgbm,0.05,buffer_only,105000,0.9905202958821355,0.9924683681426502,0.9810633269653731,0.9987483726881642,0.01863070690850699,0.006347985507128842,0.001791798069759921,0.980655308503724,0.6204761072887349,0,3
43,nfbotv2,nftonv2,lgbm,0.1,calibrate,210000,0.42062190755396933,0.6107334447783608,0.0,0.5136656878318469,1.0,0.19826057644335263,0.00247584425554234,0.057228288662805146,0.7531777843308511,0,
43,nfbotv2,nftonv2,lgbm,0.1,buffer_only,210000,0.9914819623987923,0.9932309884016637,0.9829808413165918,0.9989653218025203,0.016568738367212874,0.0057645407206704,0.002746388199809704,0.9824918775975727,0.6187542592472727,0,7
43,nfbotv2,nfbotv2,lgbm,0,in_domain,250000,0.7321553907779704,0.9953796710226132,0.46519368308532255,0.6093897701643238,0.5029797377830751,0.0047649999999629725,0.004764999908681955,0.46469664226150487,1.0,0,5
43,nfbotv2,nf2018v2,mlp,0,zero_shot,250000,0.5509119768799591,0.6972462177910305,0.30511841533471296,0.6025614655677562,0.3989859461666723,0.34344487184723316,0.3426894560461523,0.37178699007326593,0.9999999986718169,0,41
43,nfbotv2,nf2018v2,mlp,0.0001,calibrate,217,0.46853899442765923,0.8261331950887618,0.0,0.6028239817749668,0.0,0.09404210022658038,0.03106141810433792,0.37178699007326593,0.27504711118080144,0,
43,nfbotv2,nf2018v2,mlp,0.0001,buffer_only,217,0.9590277518928785,0.9830960494005739,0.9185268295836714,0.9684189163729826,0.00580188518732773,0.014541550532385287,0.010383656930901448,0.9204380082720977,0.8265310767148245,0,1
43,nfbotv2,nf2018v2,mlp,0.001,calibrate,2102,0.46853899442765923,0.8261331950887618,0.0,0.6027173914974386,0.0,0.0928702379767996,0.015614833022442282,0.37178699007326593,0.25000079333280073,0,
43,nfbotv2,nf2018v2,mlp,0.001,buffer_only,2102,0.9718432956587588,0.9883915337111328,0.9442280230380985,0.978378734952653,0.00261453477161103,0.0099731925961903,0.006243753420479111,0.94540072882376,0.48373323681163133,0,2
43,nfbotv2,nf2018v2,mlp,0.01,calibrate,21001,0.46853899442765923,0.8261331950887618,0.0,0.6027746324656067,0.0,0.09286259440383965,0.018211729917670866,0.37178699007326593,0.24172862303034529,0,
43,nfbotv2,nf2018v2,mlp,0.01,buffer_only,21001,0.9818357507015473,0.9924953570162923,0.9640499700876857,0.9814991887322699,0.000975488027585894,0.007193315792576352,0.002219530733106196,0.9621421136903845,0.6526910874011767,0,9
43,nfbotv2,nf2018v2,mlp,0.05,calibrate,105000,0.46853899442765923,0.8261331950887618,0.0,0.6029010096659602,0.0,0.09285209597109184,0.01774633437292811,0.37178699007326593,0.24316465211113614,0,
43,nfbotv2,nf2018v2,mlp,0.05,buffer_only,105000,0.9844169573618586,0.993561734932,0.9692133037802876,0.9843781248987215,0.0003799866153968308,0.006109248612772663,0.002241492208745625,0.96690432580787,0.8274655024100931,0,17
43,nfbotv2,nf2018v2,mlp,0.1,calibrate,210000,0.46853899442765923,0.8261331950887618,0.0,0.6028932339739426,0.0,0.09284388477021704,0.018187450394012525,0.37178699007326593,0.2439686440922001,0,
43,nfbotv2,nf2018v2,mlp,0.1,buffer_only,210000,0.9861912614679287,0.9942896922079453,0.9726998377244921,0.985259634541769,0.00024954344891732174,0.005508239846422271,0.0009426766176342525,0.9681807950352372,0.9616223683119105,0,41
43,nfbotv2,nfunswv2,mlp,0,zero_shot,250000,0.4862149971238184,0.8505467954249302,0.044349465938030186,0.5231553068796795,0.19163696074661457,0.19647285477124984,0.19911595447276098,0.15824448466209667,1.4051425879475442e-25,0,41
43,nfbotv2,nfunswv2,mlp,0.0001,calibrate,144,0.49037055157195203,0.943678896856096,0.0,0.520382620023764,0.0,0.0372449842831129,0.0320873779859045,0.15337730562540203,0.0657820718067734,0,
43,nfbotv2,nfunswv2,mlp,0.0001,buffer_only,144,0.8402723594088788,0.97758156925827,0.6828866112401478,0.8229762614328062,0.008360960705043597,0.018791572699460225,0.017150957022038588,0.7800965831511103,0.010853589431686059,0,1
43,nfbotv2,nfunswv2,mlp,0.001,calibrate,1392,0.49037055157195203,0.943678896856096,0.0,0.5204875961970954,0.0,0.036288900743249634,0.017024582025404925,0.15337730562540203,0.03212111924841793,0,
43,nfbotv2,nfunswv2,mlp,0.001,buffer_only,1392,0.8998194230926303,0.9851164140156696,0.8004468049647817,0.8907033084187947,0.009649660676983194,0.012995965760897572,0.010717778671955157,0.8567485567014156,0.015834504893652693,0,2
43,nfbotv2,nfunswv2,mlp,0.01,calibrate,13907,0.49037055157195203,0.943678896856096,0.0,0.5206567824219624,0.0,0.036263221588457996,0.015041040523135447,0.15337730562540203,0.03299355076060132,0,
43,nfbotv2,nfunswv2,mlp,0.01,buffer_only,13907,0.9512423571772968,0.9927789565784831,0.9031449378854091,0.9479041757634317,0.005310691013396244,0.006068503976421798,0.00232187210534774,0.9039284290375872,0.4588798976751478,0,5
43,nfbotv2,nfunswv2,mlp,0.05,calibrate,69537,0.49037055157195203,0.943678896856096,0.0,0.520484847488446,0.0,0.03626577009476812,0.011614386322556756,0.15337730562540203,0.03244008163551988,0,
43,nfbotv2,nfunswv2,mlp,0.05,buffer_only,69537,0.9603833100248219,0.9941136948622911,0.9216934413288318,0.9729099608207897,0.004884588603319442,0.0046149823721196295,0.0004597111554912467,0.9219762618955099,0.4911659199971095,0,12
43,nfbotv2,nfunswv2,mlp,0.1,calibrate,139072,0.49037055157195203,0.943678896856096,0.0,0.5205270068901788,0.0,0.036268253873283564,0.010488844710317052,0.15337730562540203,0.03217044293610246,0,
43,nfbotv2,nfunswv2,mlp,0.1,buffer_only,139072,0.9670874298858945,0.9951488988687056,0.9345482394634089,0.9828841678603333,0.003647852339925796,0.0037909866443038526,0.0006434139887196863,0.9354133345342552,0.3314202652737997,0,33
43,nfbotv2,nftonv2,mlp,0,zero_shot,250000,0.3936995062458393,0.44188041133082445,-0.14621117749457563,0.49310983204479963,0.5682274369548557,0.5006727564660256,0.5035891990875558,0.17339893391224592,0.999986126552733,0,41
43,nfbotv2,nftonv2,mlp,0.0001,calibrate,213,0.42062190755396933,0.6107334447783608,0.0,0.5202476285500888,1.0,0.19618846018257893,0.054747120315834855,0.1523872348116726,0.7134716934466357,0,
43,nfbotv2,nftonv2,mlp,0.0001,buffer_only,213,0.8035156209870569,0.8497880201545954,0.620701676145297,0.8350817421442044,0.3872303930513485,0.1124788741781247,0.06399067602471928,0.666350408648194,0.7323135739641642,0,1
43,nfbotv2,nftonv2,mlp,0.001,calibrate,2100,0.42062190755396933,0.6107334447783608,0.0,0.5201508224881524,1.0,0.1959975697391799,0.04798592922891999,0.1523872348116726,0.7070552558401072,0,
43,nfbotv2,nftonv2,mlp,0.001,buffer_only,2100,0.9512794752330386,0.9614535796271825,0.9028662553438563,0.9662108007541035,0.08826320207291705,0.03239280784708488,0.015210253114671777,0.9048576701477792,0.5937458163830778,0,8
43,nfbotv2,nftonv2,mlp,0.01,calibrate,21000,0.42062190755396933,0.6107334447783608,0.0,0.520202634997865,1.0,0.19600176958372462,0.05410502076612393,0.1523872348116726,0.7073528475766563,0,
43,nfbotv2,nftonv2,mlp,0.01,buffer_only,21000,0.965154690301099,0.9724321575015334,0.9306256590773838,0.9895477453422868,0.06844640706543557,0.02171027879344127,0.005102322528292124,0.9340357551644,0.5567140769362625,0,6
43,nfbotv2,nftonv2,mlp,0.05,calibrate,105000,0.42062190755396933,0.6107334447783608,0.0,0.5202532269738221,1.0,0.1960020655747336,0.053979382810491125,0.1523872348116726,0.7072351772160846,0,
43,nfbotv2,nftonv2,mlp,0.05,buffer_only,105000,0.9731801731688676,0.9787487226389237,0.946530596823746,0.9950366497937302,0.05211488631801759,0.01616228037382896,0.003294303206425531,0.9466635647249323,0.5469978133843422,0,34
43,nfbotv2,nftonv2,mlp,0.1,calibrate,210000,0.42062190755396933,0.6107334447783608,0.0,0.5201828420100488,1.0,0.1960113111524237,0.06009518424925387,0.1523872348116726,0.7076764182056244,0,
43,nfbotv2,nftonv2,mlp,0.1,buffer_only,210000,0.9772670840252256,0.9819577414028754,0.9545982930342437,0.9959224861781013,0.04112988577059232,0.014225690184360717,0.003868373819452469,0.9539264531896072,0.4649900847669321,0,62
43,nfbotv2,nfbotv2,mlp,0,in_domain,250000,0.9746707485996928,0.9995758790548359,0.9493497624377714,0.9778961553190624,0.04648390941597139,0.00040987213138431693,0.000291929929415695,0.8222895055539935,0.9646321114398094,0,41
44,nf2018v2,nf2018v2,rf,0,in_domain,249999,0.9885035132064988,0.9952399517577112,0.9772471828944129,0.9851944548296425,0.00010208595637526797,0.004989809550952245,0.005096191185710697,0.9697184625439091,0.9933333333333333,0,52
44,nf2018v2,nfunswv2,rf,0,zero_shot,249999,0.49061728167694535,0.9429786488259496,-0.004457657186970555,0.48248255358721737,0.0015796967397969258,0.06967970661111111,0.17290291666666666,0.03669261490172298,0.0033333333333333335,0,52
44,nf2018v2,nfunswv2,rf,0.0001,calibrate,144,0.49037055157195203,0.943678896856096,0.0,0.5369020807445422,0.0,0.03721010061704272,0.03162399693611191,0.2654430522123259,0.0730750758917867,0,
44,nf2018v2,nfunswv2,rf,0.0001,buffer_only,144,0.9328866659022855,0.9895526601177518,0.8736671584593595,0.8983826916293369,0.011525550555492044,0.009316843111111112,0.008746033333333427,0.8743200830674335,0.59,0,1
44,nf2018v2,nfunswv2,rf,0.001,calibrate,1392,0.49037055157195203,0.943678896856096,0.0,0.5369020807445422,0.0,0.03606178207905701,0.002903691095737555,0.2654430522123259,0.04611517076577984,0,
44,nf2018v2,nfunswv2,rf,0.001,buffer_only,1392,0.953100444338697,0.9930114361148581,0.9073692663287003,0.9708220970737703,0.005721204310909261,0.005386857944444444,0.002100783333333397,0.9055601361644658,0.5166666666666667,0,2
44,nf2018v2,nfunswv2,rf,0.01,calibrate,13907,0.49037055157195203,0.943678896856096,0.0,0.5369020807445422,0.0,0.03541664336804041,0.019582902077108236,0.2654430522123259,0.06444060665726738,0,
44,nf2018v2,nfunswv2,rf,0.01,buffer_only,13907,0.9694574704437844,0.995516297442237,0.9390994878920597,0.9873018337944275,0.0031126261419024952,0.00358418511111111,0.0008172333333330958,0.9396418850700652,0.25,0,2
44,nf2018v2,nfunswv2,rf,0.05,calibrate,69537,0.49037055157195203,0.943678896856096,0.0,0.5369020807445422,0.0,0.0352969192290787,0.02776185362338997,0.2654430522123259,0.07023611660104398,0,
44,nf2018v2,nfunswv2,rf,0.05,buffer_only,69537,0.9737800097882332,0.9961531572358922,0.9477231574081642,0.9898753555901619,0.002728094698662454,0.0029245069444444444,0.0007448500000000576,0.9447442155369661,0.23333333333333334,0,4
44,nf2018v2,nfunswv2,rf,0.1,calibrate,139072,0.49037055157195203,0.943678896856096,0.0,0.5369020807445422,0.0,0.03529936004132406,0.027639526933113893,0.2654430522123259,0.07006557740453487,0,
44,nf2018v2,nfunswv2,rf,0.1,buffer_only,139072,0.9757549004672872,0.9964492891886401,0.9516132414787695,0.9911265125624812,0.0024215088182413403,0.0026332036111111107,0.0007728500000000359,0.947090180828446,0.22666666666666666,0,8
44,nf2018v2,nftonv2,rf,0,zero_shot,249999,0.24167972548684977,0.17723848040717968,-0.17751027251147722,0.5562717218606633,0.1670012043356082,0.5553798455103385,0.6017486920767936,0.23178829408180263,0.0033333333333333335,0,52
44,nf2018v2,nftonv2,rf,0.0001,calibrate,213,0.42062190755396933,0.6107334447783608,0.0,0.5087157647649376,1.0,0.1986560812236857,0.13894175399968584,0.3252332750458375,0.6866927110015998,0,
44,nf2018v2,nftonv2,rf,0.0001,buffer_only,213,0.9286086211965583,0.9437914202612421,0.8582549089139448,0.9674917548676178,0.13528703331995182,0.04615808579042896,0.026058830294151524,0.8723071423628951,0.6133333333333333,0,2
44,nf2018v2,nftonv2,rf,0.001,calibrate,2100,0.42062190755396933,0.6107334447783608,0.0,0.5087157647649376,1.0,0.1985758295974112,0.15685803562924755,0.3252332750458375,0.6571867805048314,0,
44,nf2018v2,nftonv2,rf,0.001,buffer_only,2100,0.9686445628613486,0.9750848226889824,0.9373076219232933,0.9936370379712259,0.04988869019378855,0.018934990286062544,0.0059633798168991356,0.9377535105699103,0.52,0,2
44,nf2018v2,nftonv2,rf,0.01,calibrate,21000,0.42062190755396933,0.6107334447783608,0.0,0.5087157647649376,1.0,0.19864636423786902,0.1304392818704138,0.3252332750458375,0.683108948290061,0,
44,nf2018v2,nftonv2,rf,0.01,buffer_only,21000,0.9835771758735934,0.9869608873244097,0.9672013788462519,0.9966581195605696,0.030820043064121748,0.010249387969162067,0.004000270001349987,0.9667629892072098,0.5666666666666667,0,3
44,nf2018v2,nftonv2,rf,0.05,calibrate,105000,0.42062190755396933,0.6107334447783608,0.0,0.5087157647649376,1.0,0.19862854511678735,0.13315879496532876,0.3252332750458375,0.6786803258314602,0,
44,nf2018v2,nftonv2,rf,0.05,buffer_only,105000,0.9897119673108824,0.9918292427381354,0.9794593192480884,0.9977428404759046,0.02100288310645597,0.006692528129307312,0.0035874512705898346,0.9791579170090933,0.6033333333333334,0,13
44,nf2018v2,nftonv2,rf,0.1,calibrate,210000,0.42062190755396933,0.6107334447783608,0.0,0.5087157647649376,1.0,0.198629437750246,0.1332178013305319,0.3252332750458375,0.6788977191748659,0,
44,nf2018v2,nftonv2,rf,0.1,buffer_only,210000,0.9912988739987538,0.9930881288451657,0.9826258831098112,0.9980045793784443,0.01804678661362724,0.005798545270504131,0.0031778658893294696,0.9825039450737496,0.61,0,31
44,nf2018v2,nfbotv2,rf,0,zero_shot,249999,0.0503168315502609,0.09152158566855123,0.014204028913893704,0.5093979465376237,0.0011918951132300357,0.6059687658333335,0.7510819499999999,0.13186787434184422,0.03333333333333333,0,52
44,nf2018v2,nfbotv2,rf,0.0001,calibrate,211,0.49894904562319464,0.9937119087536106,0.0,0.5052236912770545,1.0,0.004177690759342804,0.0005986691565470492,0.08933610224658926,0.9951981990918277,0,
44,nf2018v2,nfbotv2,rf,0.0001,buffer_only,211,0.6724357691492393,0.995574061633845,0.4428082783145933,0.7409208913575233,0.7866507747318237,0.002971562888888888,0.0035548333333332333,0.4428082783145933,0.5066666666666667,0,1
44,nf2018v2,nfbotv2,rf,0.001,calibrate,2101,0.49894904562319464,0.9937119087536106,0.0,0.5052236912770545,1.0,0.00417689719809408,4.1941703980308276e-05,0.08933610224658926,0.995689169796566,0,
44,nf2018v2,nfbotv2,rf,0.001,buffer_only,2101,0.9142248860319839,0.998625845023246,0.8318812760914426,0.9373219781320197,0.2395709177592372,0.001051047611111111,0.0006944833333333311,0.7592274776218422,0.8933333333333333,0,1
44,nf2018v2,nfbotv2,rf,0.01,calibrate,21000,0.49894904562319464,0.9937119087536106,0.0,0.5052236912770545,1.0,0.004177042816769533,8.958345168874615e-05,0.08933610224658926,0.9958015612277029,0,
44,nf2018v2,nfbotv2,rf,0.01,buffer_only,21000,0.95902791189257,0.9993226855726924,0.9182785358055449,0.9787268140728927,0.10131108462455304,0.0005482544999999999,0.0003580166666669021,0.8331624173658468,0.9766666666666667,0,2
44,nf2018v2,nfbotv2,rf,0.05,calibrate,105000,0.49894904562319464,0.9937119087536106,0.0,0.5052236912770545,1.0,0.0041769593515984665,1.1787199716284391e-05,0.08933610224658926,0.9957015375541681,0,
44,nf2018v2,nfbotv2,rf,0.05,buffer_only,105000,0.982644153020849,0.9997074951186496,0.965428877479797,0.9884056724910928,0.017878426698450536,0.0002639859444444445,0.0001608833333334654,0.8333104222310123,0.9966666666666667,0,5
44,nf2018v2,nfbotv2,rf,0.1,calibrate,210001,0.49894904562319464,0.9937119087536106,0.0,0.5052236912770545,1.0,0.004177086447857325,2.0404696480347262e-05,0.08933610224658926,0.9956879979216463,0,
44,nf2018v2,nfbotv2,rf,0.1,buffer_only,210001,0.9870187955272599,0.9997815444881307,0.9741352957622513,0.993306942178371,0.011918951132300357,0.00018991316666666674,0.00010234999999988167,0.8633499414391546,0.9966666666666667,0,13
44,nf2018v2,nf2018v2,lgbm,0,in_domain,249999,0.9883308322460963,0.9951688995889807,0.9769071643268518,0.987897817936764,0.00011342884041696441,0.004750315524888708,0.0015705421910824874,0.9685735547975041,0.9956244223229146,0,5
44,nf2018v2,nfunswv2,lgbm,0,zero_shot,249999,0.5134703768202962,0.9454851492525297,0.1091451526347379,0.5163683574916107,0.0007794556281892726,0.03772407712644967,0.036436153234407534,0.09411042957585142,0.630902880226565,0,5
44,nf2018v2,nfunswv2,lgbm,0.0001,calibrate,144,0.49037055157195203,0.943678896856096,0.0,0.5163683574916107,0.0,0.037291346162528,0.032459529534505295,0.09411042957585142,0.09803024281695041,0,
44,nf2018v2,nfunswv2,lgbm,0.0001,buffer_only,144,0.8712809398211346,0.9813590269582515,0.7425957373689818,0.8627034521180598,0.00929111108801613,0.014576304796971633,0.014640105935305065,0.8310607146242696,0.16324460667123308,0,1
44,nf2018v2,nfunswv2,lgbm,0.001,calibrate,1392,0.49037055157195203,0.943678896856096,0.0,0.5163683574916107,0.0,0.03628105185957487,0.0024337041365231544,0.09411042957585142,0.07540589612244421,0,
44,nf2018v2,nfunswv2,lgbm,0.001,buffer_only,1392,0.9434785364440642,0.9917370242776076,0.8870108199392052,0.9583648275078033,0.004733893848536183,0.007733653324724314,0.0072931093861036515,0.9055708145825689,0.0034658716114051437,0,1
44,nf2018v2,nfunswv2,lgbm,0.01,calibrate,13907,0.49090177326216006,0.9437234855831333,0.018063805324972784,0.5163683574916107,1.0392741709190302e-05,0.03602611888195468,0.0012344908331842666,0.09411042957585142,0.2340651225405374,0,
44,nf2018v2,nfunswv2,lgbm,0.01,buffer_only,13907,0.9683107443340324,0.9953579158477239,0.9367309827229563,0.9851688723626164,0.0030138950956651875,0.004248541482517238,0.00395779498271729,0.9392336787158593,0.001857684825960408,0,4
44,nf2018v2,nfunswv2,lgbm,0.05,calibrate,69537,0.4961435597061791,0.9441352418675129,0.05451767998582048,0.5163683574916107,0.00017667660905623512,0.03596981692360841,0.0013778967299595908,0.09411042957585142,0.3192529605145073,0,
44,nf2018v2,nfunswv2,lgbm,0.05,buffer_only,69537,0.9732878900047975,0.9960873765496904,0.9466834576871217,0.9868045080772787,0.0026241672815705513,0.0033395517028823618,0.002766494461848147,0.9442396469538232,0.037282036331326845,0,3
44,nf2018v2,nfunswv2,lgbm,0.1,calibrate,139072,0.49705855851452047,0.9442157699600321,0.05999658842370855,0.5163683574916107,0.00018706935076542543,0.03596614502681561,0.0014690375443247071,0.09411042957585142,0.32980444887038046,0,
44,nf2018v2,nfunswv2,lgbm,0.1,buffer_only,139072,0.9740264009097299,0.996203592548322,0.9481058069489219,0.9918265987467709,0.0023851342222591743,0.00288206018478496,0.0019277828058786584,0.9467426310728052,0.10264387269773488,0,3
44,nf2018v2,nftonv2,lgbm,0,zero_shot,249999,0.34024041118143555,0.3085926763190931,-0.006652423795550012,0.5680697388292362,0.17192803182365607,0.6293769492692604,0.6287556301434071,0.3140121524654233,0.00018833685793668222,0,5
44,nf2018v2,nftonv2,lgbm,0.0001,calibrate,213,0.42062190755396933,0.6107334447783608,0.0,0.47163827180529133,1.0,0.19903937966465768,0.11345669330932001,0.17905205609586888,0.699824917156552,0,
44,nf2018v2,nftonv2,lgbm,0.0001,buffer_only,213,0.9292470929058494,0.9440290034503813,0.858805825453463,0.9480485205898931,0.1202510857267983,0.051903933208958766,0.04893010101352359,0.8671572464937948,0.9750669267341726,0,1
44,nf2018v2,nftonv2,lgbm,0.001,calibrate,2100,0.42062190755396933,0.6107334447783608,0.0,0.47163827180529133,1.0,0.19894317019450028,0.0002140874408426141,0.17905205609586888,0.7142090463884109,0,
44,nf2018v2,nftonv2,lgbm,0.001,buffer_only,2100,0.9696422758287611,0.9759263198861503,0.9393959920246617,0.9929979433441702,0.05474252764497646,0.021709126275311727,0.02017240127899219,0.9393247575655047,0.5092268418425907,0,2
44,nf2018v2,nftonv2,lgbm,0.01,calibrate,21000,0.42062190755396933,0.6107334447783608,0.0,0.47163827180529133,1.0,0.19892834084761274,5.466115853725029e-06,0.17905205609586888,0.7221345118868688,0,
44,nf2018v2,nftonv2,lgbm,0.01,buffer_only,21000,0.9848495063641483,0.98797209765685,0.9697498433514596,0.997180207611281,0.029250757271632424,0.009993259567286958,0.005799716669823152,0.9698371617865321,0.7241747031313921,0,2
44,nf2018v2,nftonv2,lgbm,0.05,calibrate,105000,0.42062190755396933,0.6107334447783608,0.0,0.47163827180529133,1.0,0.19892921367406305,2.9017753192528417e-06,0.17905205609586888,0.720827069586724,0,
44,nf2018v2,nftonv2,lgbm,0.05,buffer_only,105000,0.9900417248696409,0.9920879630856262,0.9801054989136067,0.9985890020095805,0.019251122221816724,0.006748879161332865,0.001849325268573008,0.9796741277549553,0.6186164302530083,0,4
44,nf2018v2,nftonv2,lgbm,0.1,calibrate,210000,0.42062190755396933,0.6107334447783608,0.0,0.47163827180529133,1.0,0.1989301927250501,7.350306918674221e-08,0.17905205609586888,0.719886009920622,0,
44,nf2018v2,nftonv2,lgbm,0.1,buffer_only,210000,0.9909490032767558,0.9928089355726828,0.9819205843248261,0.998870925413212,0.017992044085982265,0.005932992281171083,0.002223328749392775,0.9821145003865079,0.6305661287524835,0,4
44,nf2018v2,nfbotv2,lgbm,0,zero_shot,249999,0.06708881549315608,0.1249620742660382,0.01085019515508716,0.5461572018148394,0.025029797377830752,0.4831203747762687,0.6500985827977983,0.3446240236719697,0.09163199900992629,0,5
44,nf2018v2,nfbotv2,lgbm,0.0001,calibrate,211,0.49894904562319464,0.9937119087536106,0.0,0.5461572018148394,1.0,0.004174690866843776,0.0005642018506306634,0.3446240236719697,0.9949064971246374,0,
44,nf2018v2,nfbotv2,lgbm,0.0001,buffer_only,211,0.7544156026281668,0.9952498249415012,0.5245324577407761,0.7202595197436605,0.3265792610250298,0.005371433404441026,0.00536802099599909,0.5122424727497538,0.9999653827663063,0,1
44,nf2018v2,nfbotv2,lgbm,0.001,calibrate,2101,0.49894904562319464,0.9937119087536106,0.0,0.5461572018148394,1.0,0.004161667792524051,0.0001360626814495003,0.3446240236719697,0.9939518112849897,0,
44,nf2018v2,nfbotv2,lgbm,0.001,buffer_only,2101,0.9015616311028458,0.9984625071714933,0.8125096623919034,0.8832367229226485,0.30154946364719903,0.0013750033035749604,0.001424417222247018,0.6648813007398094,0.9999799111602448,0,1
44,nf2018v2,nfbotv2,lgbm,0.01,calibrate,21000,0.49894904562319464,0.9937119087536106,0.0,0.5461572018148394,1.0,0.004091237756962566,4.436598103008116e-05,0.3446240236719697,0.9884643470497059,0,
44,nf2018v2,nfbotv2,lgbm,0.01,buffer_only,21000,0.7184282820180719,0.99523501699057,0.4369956879204152,0.5989706115168558,0.5494636471990465,0.004821064163040055,0.004822648980664136,0.42726259160830765,1.0,0,1
44,nf2018v2,nfbotv2,lgbm,0.05,calibrate,105000,0.49894904562319464,0.9937119087536106,0.0,0.5461572018148394,1.0,0.0040024017332105895,0.003939639430648674,0.3446240236719697,0.9852494817141249,0,
44,nf2018v2,nfbotv2,lgbm,0.05,buffer_only,105000,0.8377989347260011,0.9974722374234208,0.6841106362495549,0.7358169819231204,0.41477949940405245,0.0023455567866939816,0.0023485242952009716,0.6752739141250317,1.0,0,1
44,nf2018v2,nfbotv2,lgbm,0.1,calibrate,210001,0.49894904562319464,0.9937119087536106,0.0,0.5461572018148394,1.0,0.0039629445973638966,0.004065292997653101,0.3446240236719697,0.9847006423230416,0,
44,nf2018v2,nfbotv2,lgbm,0.1,buffer_only,210001,0.8000582663785198,0.9966620259916761,0.6001175088050461,0.6819420681699028,0.399284862932062,0.0033280705692565935,0.0033305412553043417,0.598672892263014,1.0,0,5
44,nf2018v2,nf2018v2,mlp,0,in_domain,249999,0.985982387915777,0.9942035844868466,0.9722850924581676,0.9852854988399874,0.00028357210104241104,0.005607867365112368,0.001571168197058834,0.9679844151541038,0.9399785154725612,0,34
44,nf2018v2,nfunswv2,mlp,0,zero_shot,249999,0.4818651508938153,0.92022474935617,-0.03596020404757796,0.48897210277010084,0.04851331829850033,0.07511748484325803,0.05331781505247751,0.02654796979424064,2.386946926494972e-66,0,34
44,nf2018v2,nfunswv2,mlp,0.0001,calibrate,144,0.49037055157195203,0.943678896856096,0.0,0.5165186479307177,0.0,0.03723096454008237,0.03106671568837848,0.13357282029024867,0.07057859936620918,0,
44,nf2018v2,nfunswv2,mlp,0.0001,buffer_only,144,0.8581723358942177,0.9798946198556865,0.7175768879709301,0.8562964329889637,0.00810114216231384,0.01595816069796071,0.015042162148876857,0.8098689205663696,0.04116339285303954,0,1
44,nf2018v2,nfunswv2,mlp,0.001,calibrate,1392,0.49037055157195203,0.943678896856096,0.0,0.51651132406653,0.0,0.0362413672671597,0.0023937820551383606,0.13357282029024867,0.04114154713929734,0,
44,nf2018v2,nfunswv2,mlp,0.001,buffer_only,1392,0.9158373176937287,0.987844316329699,0.8317739287007543,0.9147866896711421,0.00570041882749088,0.010284853571896534,0.007215717762615327,0.8758273908655095,0.014109250256402904,0,6
44,nf2018v2,nfunswv2,mlp,0.01,calibrate,13907,0.49037055157195203,0.943678896856096,0.0,0.5164915066287843,0.0,0.03606593459700332,0.006771754845804898,0.13357282029024867,0.04409905757142809,0,
44,nf2018v2,nfunswv2,mlp,0.01,buffer_only,13907,0.9242538728578409,0.9889489424815208,0.8485266286092937,0.9432057621560004,0.00601220107876659,0.00793347731308225,0.003594551400092025,0.8816882092034991,0.07190203270100705,0,3
44,nf2018v2,nfunswv2,mlp,0.05,calibrate,69537,0.49037055157195203,0.943678896856096,0.0,0.516483506941558,0.0,0.03598823274782808,0.005902994080947287,0.13357282029024867,0.046302722061942414,0,
44,nf2018v2,nfunswv2,mlp,0.05,buffer_only,69537,0.9634121652372081,0.994556454710577,0.9278734814862564,0.977799080958657,0.0047650720736637535,0.004217313733232005,0.00044948921503257065,0.9275091741585226,0.5035879842979764,0,14
44,nf2018v2,nfunswv2,mlp,0.1,calibrate,139072,0.49037055157195203,0.943678896856096,0.0,0.5164818423160866,0.0,0.03595924435682362,0.005444168044745703,0.13357282029024867,0.047084914992599786,0,
44,nf2018v2,nfunswv2,mlp,0.1,buffer_only,139072,0.9669501902293274,0.9951188940164467,0.9343919774460395,0.9811460313686321,0.003834921690691221,0.003863700496168734,0.001020654640801171,0.935281598527993,0.35278947239866426,0,40
44,nf2018v2,nftonv2,mlp,0,zero_shot,249999,0.33621590780499483,0.3144436875237182,-0.07084514400715738,0.5365185831973206,0.2476916900843035,0.5943833215329504,0.5928019985366537,0.20975489382223417,6.027555939338066e-36,0,34
44,nf2018v2,nftonv2,mlp,0.0001,calibrate,213,0.42062190755396933,0.6107334447783608,0.0,0.4953413082587834,1.0,0.19814855474524792,0.08579625958513518,0.23985419889587434,0.6660044848699107,0,
44,nf2018v2,nftonv2,mlp,0.0001,buffer_only,213,0.8764423690109961,0.9028422210755235,0.7540987756885379,0.8823752440940368,0.21294843253895843,0.08019751016875207,0.04627044514887024,0.7558406205834145,0.3303981161221791,0,1
44,nf2018v2,nftonv2,mlp,0.001,calibrate,2100,0.42062190755396933,0.6107334447783608,0.0,0.4953477641263344,1.0,0.1982098516374293,0.05933289732619927,0.23985419889587434,0.6801722380301424,0,
44,nf2018v2,nftonv2,mlp,0.001,buffer_only,2100,0.9569591068471179,0.9658130248247373,0.9139482387511625,0.977324259748765,0.06802671435349075,0.02778782319293336,0.010167143722688754,0.9158841217484344,0.3670661463438105,0,8
44,nf2018v2,nftonv2,mlp,0.01,calibrate,21000,0.42062190755396933,0.6107334447783608,0.0,0.495446731217019,1.0,0.19818114070370735,0.0562891368902838,0.23985419889587434,0.674804010751763,0,
44,nf2018v2,nftonv2,mlp,0.01,buffer_only,21000,0.9653437396438,0.9725799224065481,0.9309965899380647,0.9903966765480485,0.06797197182584577,0.021065159838919212,0.004733890648703426,0.9326692186588514,0.577834911256283,0,6
44,nf2018v2,nftonv2,mlp,0.05,calibrate,105000,0.42062190755396933,0.6107334447783608,0.0,0.49533901936359426,1.0,0.19814789472637584,0.08698972682716023,0.23985419889587434,0.6649389157688184,0,
44,nf2018v2,nftonv2,mlp,0.05,buffer_only,105000,0.9712816784567398,0.9771366090874977,0.9425658494896745,0.9943005843513508,0.040089777745337764,0.01747541284323175,0.003658492940563472,0.9459549902405738,0.34866863343730153,0,23
44,nf2018v2,nftonv2,mlp,0.1,calibrate,210000,0.42062190755396933,0.6107334447783608,0.0,0.4953418534352142,1.0,0.1981511064950446,0.08786517067902791,0.23985419889587434,0.6666131351911578,0,
44,nf2018v2,nftonv2,mlp,0.1,buffer_only,210000,0.975413952462733,0.9804879252800892,0.9508943106312562,0.9954638302615293,0.043958249698916096,0.014959215748816956,0.0032815047465714754,0.9507921918681269,0.6219560242185297,0,50
44,nf2018v2,nfbotv2,mlp,0,zero_shot,249999,0.2097952877343702,0.40951285690308153,0.0005939683406881485,0.5265067769578508,0.2550655542312277,0.6808151651197692,0.6506229241527864,0.13990522822771978,9.062210540350158e-07,0,34
44,nf2018v2,nfbotv2,mlp,0.0001,calibrate,211,0.49894904562319464,0.9937119087536106,0.0,0.526667639484599,1.0,0.004178021216779599,0.0006036983635212545,0.13990522822771978,0.9949696946391674,0,
44,nf2018v2,nfbotv2,mlp,0.0001,buffer_only,211,0.6810772767634479,0.9956813353865925,0.46053616361778105,0.7137609344069803,0.7747318235995232,0.0031054007883266743,0.002413526514486489,0.46053616361778105,0.5089360331276994,0,1
44,nf2018v2,nfbotv2,mlp,0.001,calibrate,2101,0.49894904562319464,0.9937119087536106,0.0,0.5266676424548282,1.0,0.004177483844086734,3.307320726186891e-05,0.13990522822771978,0.9956750773445688,0,
44,nf2018v2,nfbotv2,mlp,0.001,buffer_only,2101,0.8143290142243789,0.9972758632680342,0.6649505975238665,0.8031461698115925,0.5244338498212158,0.002249012264362221,0.00109012169942981,0.5508304957822309,0.9752340848501809,0,2
44,nf2018v2,nfbotv2,mlp,0.01,calibrate,21000,0.49894904562319464,0.9937119087536106,0.0,0.5098676625347801,1.0,0.004177361034856463,1.5385874243989406e-05,0.04265751905588228,0.9958812158033318,0,
44,nf2018v2,nfbotv2,mlp,0.01,buffer_only,21000,0.8355887799788183,0.9975511011911753,0.6991905910108744,0.8071396556349477,0.47437425506555425,0.002138347571637438,0.008105253161683635,0.5588145843049297,0.9368686536943432,0,2
44,nf2018v2,nfbotv2,mlp,0.05,calibrate,105000,0.49894904562319464,0.9937119087536106,0.0,0.5098676617953094,1.0,0.004177414836905432,2.4962662947158876e-05,0.04265751905588228,0.9961008589469932,0,
44,nf2018v2,nfbotv2,mlp,0.05,buffer_only,105000,0.90710074610099,0.9985163191658684,0.8181318958792537,0.931247883464185,0.25744934445768775,0.0012220442102089544,0.0012152785010340877,0.7664008858951011,0.946606325065164,0,11
44,nf2018v2,nfbotv2,mlp,0.1,calibrate,210001,0.49894904562319464,0.9937119087536106,0.0,0.5098676057545797,1.0,0.004177484626436003,2.2899478436699816e-05,0.04265751905588228,0.9961798184570483,0,
44,nf2018v2,nfbotv2,mlp,0.1,buffer_only,210001,0.9640704615129472,0.9993973156740256,0.9281686029790207,0.9615267818672764,0.06436233611442194,0.0005008705718996031,0.0004990820674139068,0.8242855276846681,0.9159125503758028,0,26
44,nfunswv2,nf2018v2,rf,0,zero_shot,250002,0.3767827524748665,0.6380801594129443,-0.20753722151485102,0.5105728791946029,0.36807658715304953,0.19817680522708492,0.19225923870380646,0.25882620637953774,0.2966666666666667,0,13
44,nfunswv2,nf2018v2,rf,0.0001,calibrate,217,0.46853899442765923,0.8261331950887618,0.0,0.5105728791946029,0.0,0.10473183776954727,0.09295064254935072,0.25882620637953774,0.14199744688551721,0,
44,nfunswv2,nf2018v2,rf,0.0001,buffer_only,217,0.9677796985708206,0.986705739907245,0.9360309566298042,0.9756548113338643,0.0038055375959891564,0.012713987707839236,0.015150240915462094,0.9365932641080013,0.6533333333333333,0,1
44,nfunswv2,nf2018v2,rf,0.001,calibrate,2102,0.46853899442765923,0.8261331950887618,0.0,0.5105728791946029,0.0,0.10406992146840785,0.1351074582147016,0.25882620637953774,0.11303254546319685,0,
44,nfunswv2,nf2018v2,rf,0.001,buffer_only,2102,0.9805533983273569,0.9919676250965954,0.961503658455747,0.981666331717815,0.0011910028243781263,0.007744537332868892,0.006414984591743665,0.9620438204022219,0.5866666666666667,0,2
44,nfunswv2,nf2018v2,rf,0.01,calibrate,21001,0.46853899442765923,0.8261331950887618,0.0,0.5105728791946029,0.0,0.10415656319556227,0.14283329024668995,0.25882620637953774,0.11129710508471333,0,
44,nfunswv2,nf2018v2,rf,0.01,buffer_only,21001,0.9863314624557534,0.994346469649086,0.9729662026473438,0.9839470079832784,0.00028357210104241104,0.005834331106122248,0.0053079234603827675,0.9688415788718179,0.93,0,3
44,nfunswv2,nf2018v2,rf,0.05,calibrate,105000,0.46853899442765923,0.8261331950887618,0.0,0.5105728791946029,0.0,0.10418955055941698,0.14599509233454872,0.25882620637953774,0.11105374652305015,0,
44,nfunswv2,nf2018v2,rf,0.05,buffer_only,105000,0.9882777236645385,0.9951478069933333,0.9768119333494859,0.9851598365147012,6.805730425017866e-05,0.005110159949200255,0.004959425202874387,0.9688659426660949,0.9833333333333333,0,16
44,nfunswv2,nf2018v2,rf,0.1,calibrate,210000,0.46853899442765923,0.8261331950887618,0.0,0.5105728791946029,0.0,0.10418421477703549,0.14591902634965656,0.25882620637953774,0.1110815291335324,0,
44,nfunswv2,nf2018v2,rf,0.1,buffer_only,210000,0.988428711197905,0.9952093337069816,0.977101873886685,0.9851226405501348,9.641451435441975e-05,0.005036010042172011,0.005087974560127034,0.9694749276497514,0.9933333333333333,0,38
44,nfunswv2,nfunswv2,rf,0,in_domain,250002,0.977607287901137,0.9967215040617977,0.9553100617279003,0.9923808926009443,0.0022552249508942953,0.002470908055555555,0.0006547500000000253,0.949329304117886,0.19333333333333333,0,13
44,nfunswv2,nftonv2,rf,0,zero_shot,250002,0.23668257088987377,0.15336414230984605,-0.04743187928542981,0.5133186226101667,0.046202693332360135,0.46965058591959613,0.5148105407193703,0.2863581087200704,0.29333333333333333,0,13
44,nfunswv2,nftonv2,rf,0.0001,calibrate,213,0.42062190755396933,0.6107334447783608,0.0,0.5133186226101667,1.0,0.19669508046202597,0.1363128458352247,0.2863581087200704,0.753303130436009,0,
44,nfunswv2,nftonv2,rf,0.0001,buffer_only,213,0.9286086211965583,0.9437914202612421,0.8582549089139448,0.9674917548676178,0.13528703331995182,0.04615808579042896,0.026058830294151524,0.8723071423628951,0.6133333333333333,0,2
44,nfunswv2,nftonv2,rf,0.001,calibrate,2100,0.42062190755396933,0.6107334447783608,0.0,0.5133186226101667,1.0,0.19675280404089052,0.18609184958422625,0.2863581087200704,0.7566728583226823,0,
44,nfunswv2,nftonv2,rf,0.001,buffer_only,2100,0.9686445628613486,0.9750848226889824,0.9373076219232933,0.9936370379712259,0.04988869019378855,0.018934990286062544,0.0059633798168991356,0.9377535105699103,0.52,0,2
44,nfunswv2,nftonv2,rf,0.01,calibrate,21000,0.42062190755396933,0.6107334447783608,0.0,0.5133186226101667,1.0,0.19668605489860738,0.1460271492704511,0.2863581087200704,0.7527655129155083,0,
44,nfunswv2,nftonv2,rf,0.01,buffer_only,21000,0.9835771758735934,0.9869608873244097,0.9672013788462519,0.9966581195605696,0.030820043064121748,0.010249387969162067,0.004000270001349987,0.9667629892072098,0.5666666666666667,0,3
44,nfunswv2,nftonv2,rf,0.05,calibrate,105000,0.42062190755396933,0.6107334447783608,0.0,0.5133186226101667,1.0,0.19668786701935492,0.14694796377996402,0.2863581087200704,0.7532393191365591,0,
44,nfunswv2,nftonv2,rf,0.05,buffer_only,105000,0.9897119673108824,0.9918292427381354,0.9794593192480884,0.9977428404759046,0.02100288310645597,0.006692528129307312,0.0035874512705898346,0.9791579170090933,0.6033333333333334,0,14
44,nfunswv2,nftonv2,rf,0.1,calibrate,210000,0.42062190755396933,0.6107334447783608,0.0,0.5133186226101667,1.0,0.19668310735593283,0.14528445917351535,0.2863581087200704,0.7523004871598636,0,
44,nfunswv2,nftonv2,rf,0.1,buffer_only,210000,0.9912988739987538,0.9930881288451657,0.9826258831098112,0.9980045793784443,0.01804678661362724,0.005798545270504131,0.0031778658893294696,0.9825039450737496,0.61,0,32
44,nfunswv2,nfbotv2,rf,0,zero_shot,250002,0.28642979130695895,0.5581417994895278,0.039954069707504695,0.5468523809530492,0.08820023837902265,0.3745369995555556,0.5419086,0.31928864586479005,0.24333333333333335,0,13
44,nfunswv2,nfbotv2,rf,0.0001,calibrate,211,0.49894904562319464,0.9937119087536106,0.0,0.5468523809530492,1.0,0.004176074654182491,0.0005711892339298474,0.31928864586479005,0.995030936427712,0,
44,nfunswv2,nfbotv2,rf,0.0001,buffer_only,211,0.6724357691492393,0.995574061633845,0.4428082783145933,0.7409208913575233,0.7866507747318237,0.002971562888888888,0.0035548333333332333,0.4428082783145933,0.5066666666666667,0,1
44,nfunswv2,nfbotv2,rf,0.001,calibrate,2101,0.49894904562319464,0.9937119087536106,0.0,0.5468523809530492,1.0,0.004166340521895746,0.0001885900604486901,0.31928864586479005,0.9943172425074673,0,
44,nfunswv2,nfbotv2,rf,0.001,buffer_only,2101,0.9142248860319839,0.998625845023246,0.8318812760914426,0.9373219781320197,0.2395709177592372,0.001051047611111111,0.0006944833333333311,0.7592274776218422,0.8933333333333333,0,1
44,nfunswv2,nfbotv2,rf,0.01,calibrate,21000,0.49894904562319464,0.9937119087536106,0.0,0.5468523809530492,1.0,0.00411980855202622,0.00021347195899124114,0.31928864586479005,0.9909279958359242,0,
44,nfunswv2,nfbotv2,rf,0.01,buffer_only,21000,0.95902791189257,0.9993226855726924,0.9182785358055449,0.9787268140728927,0.10131108462455304,0.0005482544999999999,0.0003580166666669021,0.8331624173658468,0.9766666666666667,0,2
44,nfunswv2,nfbotv2,rf,0.05,calibrate,105000,0.49894904562319464,0.9937119087536106,0.0,0.5468523809530492,1.0,0.004091634701082003,0.002120904930612048,0.31928864586479005,0.9891242217603169,0,
44,nfunswv2,nfbotv2,rf,0.05,buffer_only,105000,0.982644153020849,0.9997074951186496,0.965428877479797,0.9884056724910928,0.017878426698450536,0.0002639859444444445,0.0001608833333334654,0.8333104222310123,0.9966666666666667,0,5
44,nfunswv2,nfbotv2,rf,0.1,calibrate,210001,0.49894904562319464,0.9937119087536106,0.0,0.5468523809530492,1.0,0.004087914020738885,0.0018015999394373511,0.31928864586479005,0.9890250392459591,0,
44,nfunswv2,nfbotv2,rf,0.1,buffer_only,210001,0.9870187955272599,0.9997815444881307,0.9741352957622513,0.993306942178371,0.011918951132300357,0.00018991316666666674,0.00010234999999988167,0.8633499414391546,0.9966666666666667,0,13
44,nfunswv2,nf2018v2,lgbm,0,zero_shot,250002,0.46331305991481553,0.7910633860263432,-0.07081435708452435,0.5107005128109744,0.08854255282948242,0.16974871603675692,0.13451051451279053,0.22398166512005066,0.00014778381694352261,0,6
44,nfunswv2,nf2018v2,lgbm,0.0001,calibrate,217,0.46853899442765923,0.8261331950887618,0.0,0.5092723331809473,0.0,0.10449845538625888,0.035331446582072046,0.24567176973550212,0.15850358867218972,0,
44,nfunswv2,nf2018v2,lgbm,0.0001,buffer_only,217,0.9761783772865484,0.9901592598774162,0.9527411781822194,0.9764925598096104,0.0022458910402558953,0.008996247769399746,0.008700672552067787,0.9558828526976747,0.6338124021230425,0,1
44,nfunswv2,nf2018v2,lgbm,0.001,calibrate,2102,0.46853899442765923,0.8261331950887618,0.0,0.5092723331809473,0.0,0.10341893713303446,0.07201347223167598,0.24567176973550212,0.13298822818893938,0,
44,nfunswv2,nf2018v2,lgbm,0.001,buffer_only,2102,0.9805063825585021,0.9919428493773637,0.9613612588863598,0.9807291509707791,0.001412189063191207,0.007728516593201344,0.007411132413927501,0.9631240130960516,0.9692575469231387,0,1
44,nfunswv2,nf2018v2,lgbm,0.01,calibrate,21001,0.46853899442765923,0.8261331950887618,0.0,0.5092723331809473,0.0,0.10338629510130844,0.07214141363371271,0.24567176973550212,0.1331333270883815,0,
44,nfunswv2,nf2018v2,lgbm,0.01,buffer_only,21001,0.9863942687116047,0.9943720839024002,0.9730876176358819,0.9855464693440896,0.00028924354306325925,0.005412637109313601,0.004889260627785843,0.9686222894942753,0.9980740590835017,0,4
44,nfunswv2,nf2018v2,lgbm,0.05,calibrate,105000,0.46853899442765923,0.8261331950887618,0.0,0.5092723331809473,0.0,0.10338657329534351,0.0707369345830645,0.24567176973550212,0.13292634151568164,0,
44,nfunswv2,nf2018v2,lgbm,0.05,buffer_only,105000,0.9879241234383016,0.9950014876002395,0.9761051425900694,0.9873397264135297,0.00014745749254205375,0.004895440786131683,0.002767117950475821,0.9687197548246861,0.995966570471231,0,3
44,nfunswv2,nf2018v2,lgbm,0.1,calibrate,210000,0.46853899442765923,0.8261331950887618,0.0,0.5092723331809473,0.0,0.10338320028302633,0.07185523329473299,0.24567176973550212,0.13307531776448775,0,
44,nfunswv2,nf2018v2,lgbm,0.1,buffer_only,210000,0.9878118467704385,0.9949530599936502,0.9758577064723951,0.9872941011374192,0.0002949149850841075,0.004908202408232947,0.0017442100176405266,0.968154068436727,0.9962209030287894,0,6
44,nfunswv2,nfunswv2,lgbm,0,in_domain,250002,0.9769155661377324,0.9966262048478177,0.9538824113246014,0.9930034584295175,0.0021564939046569876,0.002544165036655766,0.0010532579693996256,0.9483234631479517,0.13507423139992608,0,6
44,nfunswv2,nftonv2,lgbm,0,zero_shot,250002,0.21910539513811764,0.12948298066489877,-0.10893866636829758,0.43120228334458227,0.044961862705740666,0.7189877017584567,0.7183981680961414,0.04785175344139263,4.087462241388844e-05,0,6
44,nfunswv2,nftonv2,lgbm,0.0001,calibrate,213,0.42062190755396933,0.6107334447783608,0.0,0.43120228334458227,1.0,0.19898888837647116,0.001734267984338289,0.04785175344139263,0.7276245584595571,0,
44,nfunswv2,nftonv2,lgbm,0.0001,buffer_only,213,0.9292470929058494,0.9440290034503813,0.858805825453463,0.9480485205898931,0.1202510857267983,0.051903933208958766,0.04893010101352359,0.8671572464937948,0.9750669267341726,0,1
44,nfunswv2,nftonv2,lgbm,0.001,calibrate,2100,0.4615728807676828,0.6341538786723417,0.1218032775607165,0.6099143087878511,0.9576840261304332,0.1956642259620319,0.09432753806683915,0.25964539941250464,0.7327531887788797,0,
44,nfunswv2,nftonv2,lgbm,0.001,buffer_only,2100,0.9696422758287611,0.9759263198861503,0.9393959920246617,0.9929979433441702,0.05474252764497646,0.021709126275311727,0.02017240127899219,0.9393247575655047,0.5092268418425907,0,5
44,nfunswv2,nftonv2,lgbm,0.01,calibrate,21000,0.46254330850211206,0.6342059585481029,0.11143218465419799,0.6099143087878511,0.9557132951352141,0.1954072084310185,0.0720422181841196,0.25964539941250464,0.7357651678741804,0,
44,nfunswv2,nftonv2,lgbm,0.01,buffer_only,21000,0.9848495063641483,0.98797209765685,0.9697498433514596,0.997180207611281,0.029250757271632424,0.009993259567286958,0.005799716669823152,0.9698371617865321,0.7241747031313921,0,2
44,nfunswv2,nftonv2,lgbm,0.05,calibrate,105000,0.4628142995676242,0.6343054166529617,0.11068365144574153,0.6099143087878511,0.9553118499324842,0.19539620441728373,0.0625988226008493,0.25964539941250464,0.7357696377423402,0,
44,nfunswv2,nftonv2,lgbm,0.05,buffer_only,105000,0.9900417248696409,0.9920879630856262,0.9801054989136067,0.9985890020095805,0.019251122221816724,0.006748879161332865,0.001849325268573008,0.9796741277549553,0.6186164302530083,0,3
44,nfunswv2,nftonv2,lgbm,0.1,calibrate,210000,0.4628960980940568,0.6342615702397087,0.1088939310633661,0.6099143087878511,0.9550563848034743,0.1953944399585983,0.06604094892746262,0.25964539941250464,0.7363193489290268,0,
44,nfunswv2,nftonv2,lgbm,0.1,buffer_only,210000,0.9909490032767558,0.9928089355726828,0.9819205843248261,0.998870925413212,0.017992044085982265,0.005932992281171083,0.002223328749392775,0.9821145003865079,0.6305661287524834,0,4
44,nfunswv2,nfbotv2,lgbm,0,zero_shot,250002,0.025915034538107454,0.04369265212394114,-0.018758339643477288,0.5919089605041423,0.06555423122765197,0.8599015973745194,0.9065550446857027,0.3932933630006844,0.004348054553576998,0,6
44,nfunswv2,nfbotv2,lgbm,0.0001,calibrate,211,0.49894904562319464,0.9937119087536106,0.0,0.5919089605041423,1.0,0.004177739743794356,0.0006023238797688846,0.3932933630006844,0.9951742561043158,0,
44,nfunswv2,nfbotv2,lgbm,0.0001,buffer_only,211,0.7544156026281668,0.9952498249415012,0.5245324577407761,0.7202595197436605,0.3265792610250298,0.005371433404441026,0.00536802099599909,0.5122424727497538,0.9999653827663063,0,1
44,nfunswv2,nfbotv2,lgbm,0.001,calibrate,2101,0.49894904562319464,0.9937119087536106,0.0,0.5919089605041423,1.0,0.004177252197849071,0.00016579893493140485,0.3932933630006844,0.9954950093916518,0,
44,nfunswv2,nfbotv2,lgbm,0.001,buffer_only,2101,0.9015616311028458,0.9984625071714933,0.8125096623919034,0.8832367229226485,0.30154946364719903,0.0013750033035749604,0.001424417222247018,0.6648813007398094,0.9999799111602448,0,1
44,nfunswv2,nfbotv2,lgbm,0.01,calibrate,21000,0.49894904562319464,0.9937119087536106,0.0,0.5919089605041423,1.0,0.004177228829450827,6.231379353593969e-05,0.3932933630006844,0.9956001422298452,0,
44,nfunswv2,nfbotv2,lgbm,0.01,buffer_only,21000,0.746536319444446,0.9961919943854944,0.5100312290579069,0.6343402839449878,0.6054827175208581,0.003380514095486296,0.0033822946964996697,0.5049444928801251,1.0,0,2
44,nfunswv2,nfbotv2,lgbm,0.05,calibrate,105000,0.49894904562319464,0.9937119087536106,0.0,0.5919089605041423,1.0,0.004177273276411478,7.220245661898606e-05,0.3932933630006844,0.9956172003214332,0,
44,nfunswv2,nfbotv2,lgbm,0.05,buffer_only,105000,0.8377989347260011,0.9974722374234208,0.6841106362495549,0.7358169819231204,0.41477949940405245,0.0023455567866952918,0.002348524295201651,0.6752739141250317,1.0,0,1
44,nfunswv2,nfbotv2,lgbm,0.1,calibrate,210001,0.49894904562319464,0.9937119087536106,0.0,0.5919089605041423,1.0,0.004177271523133483,7.602442507637086e-05,0.3932933630006844,0.9956118036156341,0,
44,nfunswv2,nfbotv2,lgbm,0.1,buffer_only,210001,0.7233570762480064,0.9951085697639652,0.4492294871963703,0.6027409839759925,0.49821215733015495,0.0051556249874797405,0.0051579716963692365,0.4481313781322828,1.0,0,2
44,nfunswv2,nf2018v2,mlp,0,zero_shot,250002,0.4083927392270046,0.7157327059848004,-0.17673309826930406,0.4557591351231781,0.22688036660201222,0.2712957695343575,0.2884075549624202,0.13108261713660327,3.4310185304618597e-29,0,31
44,nfunswv2,nf2018v2,mlp,0.0001,calibrate,217,0.46853899442765923,0.8261331950887618,0.0,0.5689138474255235,0.0,0.10343259550445574,0.07423872739215402,0.28207141873981867,0.1791034342897834,0,
44,nfunswv2,nf2018v2,mlp,0.0001,buffer_only,217,0.9610980580598335,0.9839061071224159,0.9224737429380716,0.9659173464375914,0.00621590045484965,0.014558330170907787,0.011129146932735973,0.9282665841948688,0.6793710478107731,0,1
44,nfunswv2,nf2018v2,mlp,0.001,calibrate,2102,0.46853899442765923,0.8261331950887618,0.0,0.5687787714300482,0.0,0.10252915999254372,0.04536170185029058,0.28207141873981867,0.14659810972719714,0,
44,nfunswv2,nf2018v2,mlp,0.001,buffer_only,2102,0.9595218871799047,0.9832446163429777,0.919287252865938,0.9681494121825545,0.006766030330871927,0.014180162678794626,0.0034184097252811935,0.9298062517071535,0.8777156650695053,0,2
44,nfunswv2,nf2018v2,mlp,0.01,calibrate,21001,0.46853899442765923,0.8261331950887618,0.0,0.5687708226669128,0.0,0.1025298723927282,0.04366474459604649,0.28207141873981867,0.14521097897069915,0,
44,nfunswv2,nf2018v2,mlp,0.01,buffer_only,21001,0.9786933624570495,0.9912166598536382,0.9579442360917306,0.9808012611446939,0.000998173795669287,0.008184364478798311,0.003443961665883786,0.9587545607408329,0.46130684454954013,0,4
44,nfunswv2,nf2018v2,mlp,0.05,calibrate,105000,0.46853899442765923,0.8261331950887618,0.0,0.5689735585934876,0.0,0.10255217648559924,0.04334893947361152,0.28207141873981867,0.14524170107618167,0,
44,nfunswv2,nf2018v2,mlp,0.05,buffer_only,105000,0.9848948062517238,0.9937540320821354,0.9701112324118061,0.9846527835490173,0.0005274441079388846,0.006005866542120172,0.0011234355988492992,0.9676407503621203,0.9140330092101966,0,22
44,nfunswv2,nf2018v2,mlp,0.1,calibrate,210000,0.46853899442765923,0.8261331950887618,0.0,0.5687706543279062,0.0,0.10255503530377633,0.04336162719979525,0.28207141873981867,0.14528146041943152,0,
44,nfunswv2,nf2018v2,mlp,0.1,buffer_only,210000,0.9857023521890955,0.9940876233774861,0.9717230082654702,0.9851825776611016,0.0003573008473134379,0.005701906356173641,0.0022568440737947165,0.9678371302432538,0.9502722250952883,0,43
44,nfunswv2,nfunswv2,mlp,0,in_domain,250002,0.9672073210875958,0.99514004512845,0.9351476293283973,0.9823114708069678,0.004120722087693955,0.0037941466766929738,0.0008650544098270035,0.9356768065467796,0.4548059962962395,0,31
44,nfunswv2,nftonv2,mlp,0,zero_shot,250002,0.2184103513604637,0.12538749984557113,-0.06797675087836055,0.49472907748731165,0.022061238640925514,0.6838852725591901,0.6916327596130388,0.17213030330229637,3.0548959833854645e-08,0,31
44,nfunswv2,nftonv2,mlp,0.0001,calibrate,213,0.42062190755396933,0.6107334447783608,0.0,0.5233771493810532,1.0,0.19887847212845144,0.0016320396164023476,0.21575521096313602,0.7280584440136332,0,
44,nfunswv2,nftonv2,mlp,0.0001,buffer_only,213,0.8764423690109961,0.9028422210755235,0.7540987756885379,0.8823752440940368,0.21294843253895843,0.08019751016875207,0.04627044514887024,0.7558406205834145,0.3303981161221791,0,1
44,nfunswv2,nftonv2,mlp,0.001,calibrate,2100,0.42062190755396933,0.6107334447783608,0.0,0.5233702757913546,1.0,0.19860892475415903,0.01556965976323308,0.21575521096313602,0.7309400975347702,0,
44,nfunswv2,nftonv2,mlp,0.001,buffer_only,2100,0.9569591068471179,0.9658130248247373,0.9139482387511625,0.977324259748765,0.06802671435349075,0.02778782319293336,0.010167143722688754,0.9158841217484344,0.3670661463438105,0,7
44,nfunswv2,nftonv2,mlp,0.01,calibrate,21000,0.42062190755396933,0.6107334447783608,0.0,0.5233703347504017,1.0,0.19863713004969724,0.015233764035754311,0.21575521096313602,0.7293451739109863,0,
44,nfunswv2,nftonv2,mlp,0.01,buffer_only,21000,0.9653437396438,0.9725799224065481,0.9309965899380647,0.9903966765480485,0.06797197182584577,0.021065159838919212,0.004733890648703426,0.9326692186588514,0.577834911256283,0,6
44,nfunswv2,nftonv2,mlp,0.05,calibrate,105000,0.42062190755396933,0.6107334447783608,0.0,0.5233701973499453,1.0,0.19862382067128134,0.018999456683194582,0.21575521096313602,0.729747002068422,0,
44,nfunswv2,nftonv2,mlp,0.05,buffer_only,105000,0.9712816784567398,0.9771366090874977,0.9425658494896745,0.9943005843513508,0.040089777745337764,0.01747541284323175,0.003658492940563472,0.9459549902405738,0.34866863343730153,0,21
44,nfunswv2,nftonv2,mlp,0.1,calibrate,210000,0.42062190755396933,0.6107334447783608,0.0,0.5233701915562938,1.0,0.19861782813341372,0.018477903897579293,0.21575521096313602,0.7299924994549751,0,
44,nfunswv2,nftonv2,mlp,0.1,buffer_only,210000,0.975413952462733,0.9804879252800892,0.9508943106312562,0.9954638302615293,0.043958249698916096,0.014959215748816956,0.0032815047465714754,0.9507921918681269,0.6219560242185297,0,50
44,nfunswv2,nfbotv2,mlp,0,zero_shot,250002,0.008664812414599129,0.009092425194731406,-0.013806161015441794,0.4972047857966979,0.01907032181168057,0.9892784533432863,0.989502398951669,0.45564103483319995,4.215106256006124e-83,0,31
44,nfunswv2,nfbotv2,mlp,0.0001,calibrate,211,0.49894904562319464,0.9937119087536106,0.0,0.49750016640290673,1.0,0.004177766102444449,0.0005994967234435045,0.0,0.9952053964420632,0,
44,nfunswv2,nfbotv2,mlp,0.0001,buffer_only,211,0.6810772767634479,0.9956813353865925,0.46053616361778105,0.7137609344069803,0.7747318235995232,0.0031054007883266743,0.002413526514486489,0.46053616361778105,0.5089360331276994,0,1
44,nfunswv2,nfbotv2,mlp,0.001,calibrate,2101,0.49894904562319464,0.9937119087536106,0.0,0.4974023732886864,1.0,0.004177455277849555,0.00015979840946567236,0.0,0.9956445760817971,0,
44,nfunswv2,nfbotv2,mlp,0.001,buffer_only,2101,0.8143290142243789,0.9972758632680342,0.6649505975238665,0.8031461698115925,0.5244338498212158,0.002249012264362221,0.00109012169942981,0.5508304957822309,0.9752340848501809,0,2
44,nfunswv2,nfbotv2,mlp,0.01,calibrate,21000,0.49894904562319464,0.9937119087536106,0.0,0.49747148452045514,1.0,0.004177415847950658,7.036268666416046e-05,0.0,0.9957344359360512,0,
44,nfunswv2,nfbotv2,mlp,0.01,buffer_only,21000,0.8355887799788183,0.9975511011911753,0.6991905910108744,0.8071396556349477,0.47437425506555425,0.002138347571637438,0.008105253161683635,0.5588145843049297,0.9368686536943432,0,2
44,nfunswv2,nfbotv2,mlp,0.05,calibrate,105000,0.49894904562319464,0.9937119087536106,0.0,0.5083129621038145,1.0,0.004174966704490579,3.960886194081531e-05,0.09357617712359916,0.9958841913382552,0,
44,nfunswv2,nfbotv2,mlp,0.05,buffer_only,105000,0.90710074610099,0.9985163191658684,0.8181318958792537,0.931247883464185,0.25744934445768775,0.0012220442102089544,0.0012152785010340877,0.7664008858951011,0.946606325065164,0,12
44,nfunswv2,nfbotv2,mlp,0.1,calibrate,210001,0.49894904562319464,0.9937119087536106,0.0,0.5083009282779484,1.0,0.004175072469766447,7.259699288203033e-05,0.09357617712359916,0.9958657410949922,0,
44,nfunswv2,nfbotv2,mlp,0.1,buffer_only,210001,0.9640704615129472,0.9993973156740256,0.9281686029790207,0.9615267818672764,0.06436233611442194,0.0005008705718996031,0.0004990820674139068,0.8242855276846681,0.9159125503758028,0,27
44,nftonv2,nf2018v2,rf,0,zero_shot,250001,0.5687022774581058,0.8176548914878088,0.13757249077892872,0.5762380075452206,0.10861378614126428,0.14737902366043726,0.11668918322075056,0.33692682372702926,0.23,0,39
44,nftonv2,nf2018v2,rf,0.0001,calibrate,217,0.46853899442765923,0.8261331950887618,0.0,0.5762380075452206,0.0,0.10250871017932152,0.09890762889779287,0.33692682372702926,0.1366157073570491,0,
44,nftonv2,nf2018v2,rf,0.0001,buffer_only,217,0.9677796985708206,0.986705739907245,0.9360309566298042,0.9756548113338643,0.0038055375959891564,0.012713987707839236,0.015150240915462094,0.9365932641080013,0.6533333333333333,0,1
44,nftonv2,nf2018v2,rf,0.001,calibrate,2102,0.46853899442765923,0.8261331950887618,0.0,0.5762380075452206,0.0,0.10167190840504042,0.09210038551123201,0.33692682372702926,0.10472656963844623,0,
44,nftonv2,nf2018v2,rf,0.001,buffer_only,2102,0.9805533983273569,0.9919676250965954,0.961503658455747,0.981666331717815,0.0011910028243781263,0.007744537332868892,0.006414984591743665,0.9620438204022219,0.5866666666666667,0,2
44,nftonv2,nf2018v2,rf,0.01,calibrate,21001,0.46853899442765923,0.8261331950887618,0.0,0.5762380075452206,0.0,0.1018919741029888,0.11011368839429907,0.33692682372702926,0.10081359030556199,0,
44,nftonv2,nf2018v2,rf,0.01,buffer_only,21001,0.9863314624557534,0.994346469649086,0.9729662026473438,0.9839470079832784,0.00028357210104241104,0.005834331106122248,0.0053079234603827675,0.9688415788718179,0.93,0,4
44,nftonv2,nf2018v2,rf,0.05,calibrate,105000,0.46853899442765923,0.8261331950887618,0.0,0.5762380075452206,0.0,0.10186963929434036,0.11133476152541412,0.33692682372702926,0.10113920493140231,0,
44,nftonv2,nf2018v2,rf,0.05,buffer_only,105000,0.9882777236645385,0.9951478069933333,0.9768119333494859,0.9851598365147012,6.805730425017866e-05,0.005110159949200255,0.004959425202874387,0.9688659426660949,0.9833333333333333,0,16
44,nftonv2,nf2018v2,rf,0.1,calibrate,210000,0.46853899442765923,0.8261331950887618,0.0,0.5762380075452206,0.0,0.10190756368368759,0.10827688539059808,0.33692682372702926,0.10096033821773162,0,
44,nftonv2,nf2018v2,rf,0.1,buffer_only,210000,0.988428711197905,0.9952093337069816,0.977101873886685,0.9851226405501348,9.641451435441975e-05,0.005036010042172011,0.005087974560127034,0.9694749276497514,0.9933333333333333,0,39
44,nftonv2,nfunswv2,rf,0,zero_shot,250001,0.5139930203370519,0.9069645030964869,0.04197858409722301,0.48968719620075524,0.08517891104852371,0.11367394244444444,0.17326126666666666,0.10104277898579543,0.4066666666666667,0,39
44,nftonv2,nfunswv2,rf,0.0001,calibrate,144,0.49037055157195203,0.943678896856096,0.0,0.5527693993886248,0.0,0.03732163905458702,0.03535428473092898,0.2789642838660135,0.07433678815756865,0,
44,nftonv2,nfunswv2,rf,0.0001,buffer_only,144,0.9328866659022855,0.9895526601177518,0.8736671584593595,0.8983826916293369,0.011525550555492044,0.009316843111111112,0.008746033333333427,0.8743200830674335,0.59,0,1
44,nftonv2,nfunswv2,rf,0.001,calibrate,1392,0.49037055157195203,0.943678896856096,0.0,0.5527693993886248,0.0,0.03634573381371947,0.002881926754838752,0.2789642838660135,0.04241184771070219,0,
44,nftonv2,nfunswv2,rf,0.001,buffer_only,1392,0.953100444338697,0.9930114361148581,0.9073692663287003,0.9708220970737703,0.005721204310909261,0.005386857944444444,0.002100783333333397,0.9055601361644658,0.5166666666666667,0,1
44,nftonv2,nfunswv2,rf,0.01,calibrate,13907,0.49037055157195203,0.943678896856096,0.0,0.5527693993886248,0.0,0.03630508930981939,0.010796862607220039,0.2789642838660135,0.05031434219397344,0,
44,nftonv2,nfunswv2,rf,0.01,buffer_only,13907,0.9694574704437844,0.995516297442237,0.9390994878920597,0.9873018337944275,0.0031126261419024952,0.00358418511111111,0.0008172333333330958,0.9396418850700652,0.25,0,2
44,nftonv2,nfunswv2,rf,0.05,calibrate,69537,0.49037055157195203,0.943678896856096,0.0,0.5527693993886248,0.0,0.036332450085614365,0.011179409693229933,0.2789642838660135,0.044407435859063094,0,
44,nftonv2,nfunswv2,rf,0.05,buffer_only,69537,0.9737800097882332,0.9961531572358922,0.9477231574081642,0.9898753555901619,0.002728094698662454,0.0029245069444444444,0.0007448500000000576,0.9447442155369661,0.23333333333333334,0,3
44,nftonv2,nfunswv2,rf,0.1,calibrate,139072,0.49037055157195203,0.943678896856096,0.0,0.5527693993886248,0.0,0.036332616811736315,0.011156778866098437,0.2789642838660135,0.04435025764045669,0,
44,nftonv2,nfunswv2,rf,0.1,buffer_only,139072,0.9757549004672872,0.9964492891886401,0.9516132414787695,0.9911265125624812,0.0024215088182413403,0.0026332036111111107,0.0007728500000000359,0.947090180828446,0.22666666666666666,0,7
44,nftonv2,nftonv2,rf,0,in_domain,250001,0.9915258598944384,0.9932684385274657,0.9830798626912101,0.9981594184157688,0.01771833144775738,0.005656402504234746,0.0027741138705694697,0.9830943066635797,0.61,0,39
44,nftonv2,nfbotv2,rf,0,zero_shot,250001,0.02886874062233401,0.049279175228956994,-0.0032938332947156654,0.5056393777475788,0.033373063170441,0.5635655138333334,0.7264391166666667,0.1038338074080616,0.02,0,39
44,nftonv2,nfbotv2,rf,0.0001,calibrate,211,0.49894904562319464,0.9937119087536106,0.0,0.5056393777475788,1.0,0.004177756561793412,0.000594096450541981,0.1038338074080616,0.9951968583028323,0,
44,nftonv2,nfbotv2,rf,0.0001,buffer_only,211,0.6724357691492393,0.995574061633845,0.4428082783145933,0.7409208913575233,0.7866507747318237,0.002971562888888888,0.0035548333333332333,0.4428082783145933,0.5066666666666667,0,1
44,nftonv2,nfbotv2,rf,0.001,calibrate,2101,0.49894904562319464,0.9937119087536106,0.0,0.5056393777475788,1.0,0.004177442894582024,5.7875058679712765e-05,0.1038338074080616,0.9954569239418974,0,
44,nftonv2,nfbotv2,rf,0.001,buffer_only,2101,0.9142248860319839,0.998625845023246,0.8318812760914426,0.9373219781320197,0.2395709177592372,0.001051047611111111,0.0006944833333333311,0.7592274776218422,0.8933333333333333,0,1
44,nftonv2,nfbotv2,rf,0.01,calibrate,21000,0.49894904562319464,0.9937119087536106,0.0,0.5056393777475788,1.0,0.004177647254988217,8.097455641031814e-05,0.1038338074080616,0.9943589711754717,0,
44,nftonv2,nfbotv2,rf,0.01,buffer_only,21000,0.95902791189257,0.9993226855726924,0.9182785358055449,0.9787268140728927,0.10131108462455304,0.0005482544999999999,0.0003580166666669021,0.8331624173658468,0.9766666666666667,0,2
44,nftonv2,nfbotv2,rf,0.05,calibrate,105000,0.49894904562319464,0.9937119087536106,0.0,0.5056393777475788,1.0,0.004177651039322683,7.723737209841541e-05,0.1038338074080616,0.9943430799249033,0,
44,nftonv2,nfbotv2,rf,0.05,buffer_only,105000,0.982644153020849,0.9997074951186496,0.965428877479797,0.9884056724910928,0.017878426698450536,0.0002639859444444445,0.0001608833333334654,0.8333104222310123,0.9966666666666667,0,5
44,nftonv2,nfbotv2,rf,0.1,calibrate,210001,0.49894904562319464,0.9937119087536106,0.0,0.5056393777475788,1.0,0.004177651503006262,8.199273122555528e-05,0.1038338074080616,0.994340318713293,0,
44,nftonv2,nfbotv2,rf,0.1,buffer_only,210001,0.9870187955272599,0.9997815444881307,0.9741352957622513,0.993306942178371,0.011918951132300357,0.00018991316666666674,0.00010234999999988167,0.8633499414391546,0.9966666666666667,0,13
44,nftonv2,nf2018v2,lgbm,0,zero_shot,250001,0.5047179266227193,0.7532038211204933,0.030728422167000658,0.5442622878538432,0.21954719206905549,0.23508854456682649,0.20488591541562629,0.34978969492414774,0.9947079035102978,0,7
44,nftonv2,nf2018v2,lgbm,0.0001,calibrate,217,0.46853899442765923,0.8261331950887618,0.0,0.5442622878538432,0.0,0.10521115557030555,0.02900893468822885,0.34978969492414774,0.14819271824592536,0,
44,nftonv2,nf2018v2,lgbm,0.0001,buffer_only,217,0.9761783772865484,0.9901592598774162,0.9527411781822194,0.9764925598096104,0.0022458910402558953,0.008996247769399746,0.008700672552067787,0.9558828526976747,0.6338124021230425,0,1
44,nftonv2,nf2018v2,lgbm,0.001,calibrate,2102,0.46853899442765923,0.8261331950887618,0.0,0.5442622878538432,0.0,0.10426115502559843,0.023762086398573593,0.34978969492414774,0.13580870847017215,0,
44,nftonv2,nf2018v2,lgbm,0.001,buffer_only,2102,0.9805063825585021,0.9919428493773637,0.9613612588863598,0.9807291509707791,0.001412189063191207,0.007728516593201344,0.007411132413927501,0.9631240130960516,0.9692575469231387,0,1
44,nftonv2,nf2018v2,lgbm,0.01,calibrate,21001,0.46853899442765923,0.8261331950887618,0.0,0.5442622878538432,0.0,0.10423967227060349,0.0117150854768952,0.34978969492414774,0.1411023210172512,0,
44,nftonv2,nf2018v2,lgbm,0.01,buffer_only,21001,0.9863942687116047,0.9943720839024002,0.9730876176358819,0.9855464693440896,0.00028924354306325925,0.005412637109313601,0.004889260627785843,0.9686222894942753,0.9980740590835017,0,5
44,nftonv2,nf2018v2,lgbm,0.05,calibrate,105000,0.46853899442765923,0.8261331950887618,0.0,0.5442622878538432,0.0,0.10424615815656947,0.01631066235468926,0.34978969492414774,0.13874339244322062,0,
44,nftonv2,nf2018v2,lgbm,0.05,buffer_only,105000,0.9879241234383016,0.9950014876002395,0.9761051425900694,0.9873397264135297,0.00014745749254205375,0.004895440786131683,0.002767117950475821,0.9687197548246861,0.995966570471231,0,3
44,nftonv2,nf2018v2,lgbm,0.1,calibrate,210000,0.46853899442765923,0.8261331950887618,0.0,0.5442622878538432,0.0,0.10424172145831827,0.013228499026276885,0.34978969492414774,0.14028403893494526,0,
44,nftonv2,nf2018v2,lgbm,0.1,buffer_only,210000,0.9878118467704385,0.9949530599936502,0.9758577064723951,0.9872941011374192,0.0002949149850841075,0.004908202408232947,0.0017442100176405268,0.968154068436727,0.9962209030287894,0,6
44,nftonv2,nfunswv2,lgbm,0,zero_shot,250001,0.3943448710272307,0.70876492039644,-0.03483039561961076,0.4927315667624955,0.40400744120306376,0.3076086917517027,0.25769818501205183,0.0504737626187128,0.9746162447383034,0,7
44,nftonv2,nfunswv2,lgbm,0.0001,calibrate,144,0.49037055157195203,0.943678896856096,0.0,0.5170809508187575,0.0,0.037307119681067605,0.030624628096445686,0.0821384345300624,0.08391545791234213,0,
44,nftonv2,nfunswv2,lgbm,0.0001,buffer_only,144,0.8712809398211346,0.9813590269582515,0.7425957373689818,0.8627034521180598,0.00929111108801613,0.014576304796971633,0.014640105935305065,0.8310607146242696,0.16324460667123308,0,1
44,nftonv2,nfunswv2,lgbm,0.001,calibrate,1392,0.49037055157195203,0.943678896856096,0.0,0.5170809508187575,0.0,0.036312165842373845,0.0046987875289022955,0.0821384345300624,0.04132468548770019,0,
44,nftonv2,nfunswv2,lgbm,0.001,buffer_only,1392,0.9434785364440642,0.9917370242776076,0.8870108199392052,0.9583648275078033,0.004733893848536183,0.007733653324724314,0.0072931093861036515,0.9055708145825689,0.0034658716114051437,0,1
44,nftonv2,nfunswv2,lgbm,0.01,calibrate,13907,0.49037055157195203,0.943678896856096,0.0,0.5170809508187575,0.0,0.03625625985849918,0.002965019435547503,0.0821384345300624,0.045911043973072906,0,
44,nftonv2,nfunswv2,lgbm,0.01,buffer_only,13907,0.9683107443340324,0.9953579158477239,0.9367309827229563,0.9851688723626164,0.0030138950956651875,0.004248541482517238,0.00395779498271729,0.9392336787158593,0.001857684825960408,0,4
44,nftonv2,nfunswv2,lgbm,0.05,calibrate,69537,0.49037055157195203,0.943678896856096,0.0,0.5170809508187575,0.0,0.036260888382934016,0.002718725822447705,0.0821384345300624,0.0449298034017152,0,
44,nftonv2,nfunswv2,lgbm,0.05,buffer_only,69537,0.9732878900047975,0.9960873765496904,0.9466834576871217,0.9868045080772787,0.0026241672815705513,0.0033395517028823618,0.002766494461848147,0.9442396469538232,0.037282036331326845,0,2
44,nftonv2,nfunswv2,lgbm,0.1,calibrate,139072,0.49037055157195203,0.943678896856096,0.0,0.5170809508187575,0.0,0.036261639138305185,0.002623862236284152,0.0821384345300624,0.04475882169388502,0,
44,nftonv2,nfunswv2,lgbm,0.1,buffer_only,139072,0.9740264009097299,0.996203592548322,0.9481058069489219,0.9918265987467709,0.0023851342222591743,0.00288206018478496,0.0019277828058786584,0.9467426310728052,0.10264387269773488,0,3
44,nftonv2,nftonv2,lgbm,0,in_domain,250001,0.9911001713999835,0.992929079665839,0.982223094094117,0.9988624654336224,0.01779132148461735,0.005994743439356289,0.002295400964948577,0.9820138664635574,0.6254070666822549,0,7
44,nftonv2,nfbotv2,lgbm,0,zero_shot,250001,0.011175589135596312,0.014200518552562933,-0.020831620249899735,0.5056989955657332,0.03456495828367104,0.9597562464697365,0.9727888080180214,0.04190076292953933,7.172726463862316e-06,0,7
44,nftonv2,nfbotv2,lgbm,0.0001,calibrate,211,0.49894904562319464,0.9937119087536106,0.0,0.5056989955657332,1.0,0.004177780177337024,0.0005998771104719358,0.04190076292953933,0.9952026623093088,0,
44,nftonv2,nfbotv2,lgbm,0.0001,buffer_only,211,0.7544156026281668,0.9952498249415012,0.5245324577407761,0.7202595197436605,0.3265792610250298,0.005371433404441026,0.00536802099599909,0.5122424727497538,0.9999653827663063,0,1
44,nftonv2,nfbotv2,lgbm,0.001,calibrate,2101,0.49894904562319464,0.9937119087536106,0.0,0.5056989955657332,1.0,0.004177518058731231,0.00016222518852249124,0.04190076292953933,0.9956304957616181,0,
44,nftonv2,nfbotv2,lgbm,0.001,buffer_only,2101,0.9015616311028458,0.9984625071714933,0.8125096623919034,0.8832367229226485,0.30154946364719903,0.0013750033035749604,0.001424417222247018,0.6648813007398094,0.9999799111602448,0,1
44,nftonv2,nfbotv2,lgbm,0.01,calibrate,21000,0.49894904562319464,0.9937119087536106,0.0,0.5056989955657332,1.0,0.004177455076655681,6.927990322103117e-05,0.04190076292953933,0.9957291844341764,0,
44,nftonv2,nfbotv2,lgbm,0.01,buffer_only,21000,0.686208860284976,0.9952654171292742,0.3840354737568537,0.5776862031820525,0.698450536352801,0.004224198756268338,0.004230524066455068,0.3759238106106937,1.0,0,1
44,nftonv2,nfbotv2,lgbm,0.05,calibrate,105000,0.49894904562319464,0.9937119087536106,0.0,0.5056989955657332,1.0,0.004177449203954017,6.857432623763593e-05,0.04190076292953933,0.9957306805384077,0,
44,nftonv2,nfbotv2,lgbm,0.05,buffer_only,105000,0.7583745135316535,0.9960787380130561,0.5177393514392352,0.6355544841719664,0.5113230035756854,0.0038048798683527497,0.003804939577270461,0.516683779873257,1.0,0,4
44,nftonv2,nfbotv2,lgbm,0.1,calibrate,210001,0.49894904562319464,0.9937119087536106,0.0,0.5056989955657332,1.0,0.004177457227332662,7.398470253228151e-05,0.04190076292953933,0.9957242772868402,0,
44,nftonv2,nfbotv2,lgbm,0.1,buffer_only,210001,0.6563463875713615,0.9938811316366233,0.3148971206245248,0.551022868057375,0.6424314660309892,0.006494999998717109,0.006494996554908594,0.3136861986540359,1.0,0,2
44,nftonv2,nf2018v2,mlp,0,zero_shot,250001,0.47228637385289135,0.699989913507067,0.0023853582308987127,0.5189522443081456,0.3158369346990166,0.3050919401117779,0.2892670071736238,0.2896495979868248,0.9987261907639737,0,63
44,nftonv2,nf2018v2,mlp,0.0001,calibrate,217,0.46853899442765923,0.8261331950887618,0.0,0.5314396404535451,0.0,0.10523766979468974,0.029261534159777614,0.27222442797110025,0.14921213545341316,0,
44,nftonv2,nf2018v2,mlp,0.0001,buffer_only,217,0.9610980580598335,0.9839061071224159,0.9224737429380716,0.9659173464375914,0.00621590045484965,0.014558330170907787,0.011129146932735973,0.9282665841948688,0.6793710478107731,0,1
44,nftonv2,nf2018v2,mlp,0.001,calibrate,2102,0.46853899442765923,0.8261331950887618,0.0,0.5298236076478058,0.0,0.10437811565222946,0.000990977517030256,0.2896495979868248,0.11963981478174014,0,
44,nftonv2,nf2018v2,mlp,0.001,buffer_only,2102,0.9595218871799047,0.9832446163429777,0.919287252865938,0.9681494121825545,0.006766030330871927,0.014180162678794626,0.0034184097252811935,0.9298062517071535,0.8777156650695053,0,4
44,nftonv2,nf2018v2,mlp,0.01,calibrate,21001,0.46853899442765923,0.8261331950887618,0.0,0.5298218110245392,0.0,0.104377365974762,5.093630509489522e-06,0.2896495979868248,0.11973158608048778,0,
44,nftonv2,nf2018v2,mlp,0.01,buffer_only,21001,0.9786933624570495,0.9912166598536382,0.9579442360917306,0.9808012611446939,0.000998173795669287,0.008184364478798311,0.003443961665883786,0.9587545607408329,0.46130684454954013,0,4
44,nftonv2,nf2018v2,mlp,0.05,calibrate,105000,0.46853899442765923,0.8261331950887618,0.0,0.5314195977062404,0.0,0.10437721731711043,2.9645247265119856e-05,0.2721688931310466,0.11843909069979427,0,
44,nftonv2,nf2018v2,mlp,0.05,buffer_only,105000,0.9848948062517238,0.9937540320821354,0.9701112324118061,0.9846527835490173,0.0005274441079388846,0.006005866542120172,0.0011234355988492992,0.9676407503621203,0.9140330092101966,0,26
44,nftonv2,nf2018v2,mlp,0.1,calibrate,210000,0.46853899442765923,0.8261331950887618,0.0,0.5298228896265179,0.0,0.10437714180963442,2.9035323170223393e-05,0.2896495979868248,0.11898809621131944,0,
44,nftonv2,nf2018v2,mlp,0.1,buffer_only,210000,0.9857023521890955,0.9940876233774861,0.9717230082654702,0.9851825776611016,0.0003573008473134379,0.005701906356173641,0.0022568440737947165,0.9678371302432538,0.9502722250952883,0,43
44,nftonv2,nfunswv2,mlp,0,zero_shot,250001,0.4025718131482922,0.7343977011033144,-0.05405043883098125,0.49778187499860954,0.3665208218580144,0.34290593800955,0.32402565924418525,0.052124248814782975,1.2401464979428679e-05,0,63
44,nftonv2,nfunswv2,mlp,0.0001,calibrate,144,0.49037055157195203,0.943678896856096,0.0,0.5035757529301498,0.0,0.03714290309335641,0.030112036120643115,0.07299428803035557,0.07651766740493032,0,
44,nftonv2,nfunswv2,mlp,0.0001,buffer_only,144,0.8581723358942177,0.9798946198556865,0.7175768879709301,0.8562964329889637,0.00810114216231384,0.01595816069796071,0.015042162148876857,0.8098689205663696,0.04116339285303954,0,1
44,nftonv2,nfunswv2,mlp,0.001,calibrate,1392,0.49037055157195203,0.943678896856096,0.0,0.5035767240789727,0.0,0.03623143515748029,0.0020178757803047745,0.07299428803035557,0.04843502683155327,0,
44,nftonv2,nfunswv2,mlp,0.001,buffer_only,1392,0.9158373176937287,0.987844316329699,0.8317739287007543,0.9147866896711421,0.00570041882749088,0.010284853571896534,0.007215717762615327,0.8758273908655095,0.014109250256402904,0,2
44,nftonv2,nfunswv2,mlp,0.01,calibrate,13907,0.49037055157195203,0.943678896856096,0.0,0.5035448186078888,0.0,0.03622975605604516,0.0006120127678136435,0.07299428803035557,0.04669379918023056,0,
44,nftonv2,nfunswv2,mlp,0.01,buffer_only,13907,0.9242538728578409,0.9889489424815208,0.8485266286092937,0.9432057621560004,0.00601220107876659,0.00793347731308225,0.003594551400092025,0.8816882092034991,0.07190203270100705,0,5
44,nftonv2,nfunswv2,mlp,0.05,calibrate,69537,0.49037055157195203,0.943678896856096,0.0,0.50357283729959,0.0,0.03623181099029334,0.00011040525391982036,0.07299428803035557,0.045929692320417936,0,
44,nftonv2,nfunswv2,mlp,0.05,buffer_only,69537,0.9634121652372081,0.994556454710577,0.9278734814862564,0.977799080958657,0.0047650720736637535,0.004217313733232005,0.00044948921503257065,0.9275091741585226,0.5035879842979764,0,14
44,nftonv2,nfunswv2,mlp,0.1,calibrate,139072,0.49037055157195203,0.943678896856096,0.0,0.5035853349613045,0.0,0.03623233855942604,0.00028604853616292136,0.07299428803035557,0.04574689634748516,0,
44,nftonv2,nfunswv2,mlp,0.1,buffer_only,139072,0.9669501902293274,0.9951188940164467,0.9343919774460395,0.9811460313686321,0.003834921690691221,0.003863700496168734,0.001020654640801171,0.935281598527993,0.35278947239866426,0,36
44,nftonv2,nftonv2,mlp,0,in_domain,250001,0.9778897739299424,0.9824455511544439,0.9558268518075568,0.9959243610961626,0.039086164738513195,0.014022939728248904,0.0017848263857350249,0.9550399273793135,0.42719948348464226,0,63
44,nftonv2,nfbotv2,mlp,0,zero_shot,250001,0.038374775130454244,0.07062884705625676,-0.09793203309771928,0.515810258910118,0.3265792610250298,0.9470218657257773,0.9448482190905749,0.10074419795107108,6.150557680842296e-11,0,63
44,nftonv2,nfbotv2,mlp,0.0001,calibrate,211,0.49894904562319464,0.9937119087536106,0.0,0.5061258627556939,1.0,0.004178113302418963,0.0005990373901557655,0.10074419795107108,0.9951995285126558,0,
44,nftonv2,nfbotv2,mlp,0.0001,buffer_only,211,0.6810772767634479,0.9956813353865925,0.46053616361778105,0.7137609344069803,0.7747318235995232,0.0031054007883266743,0.002413526514486489,0.46053616361778105,0.5089360331276994,0,1
44,nftonv2,nfbotv2,mlp,0.001,calibrate,2101,0.49894904562319464,0.9937119087536106,0.0,0.5120719829763948,1.0,0.004166523452175445,3.8792378479923784e-05,0.10084150313194186,0.9946726360779511,0,
44,nftonv2,nfbotv2,mlp,0.001,buffer_only,2101,0.8143290142243789,0.9972758632680342,0.6649505975238665,0.8031461698115925,0.5244338498212158,0.002249012264362221,0.00109012169942981,0.5508304957822309,0.9752340848501809,0,2
44,nftonv2,nfbotv2,mlp,0.01,calibrate,21000,0.49894904562319464,0.9937119087536106,0.0,0.5120688362439336,1.0,0.0041430235549840605,0.0001788767533729006,0.10084150313194186,0.9930914619039694,0,
44,nftonv2,nfbotv2,mlp,0.01,buffer_only,21000,0.8355887799788183,0.9975511011911753,0.6991905910108744,0.8071396556349477,0.47437425506555425,0.002138347571637438,0.008105253161683635,0.5588145843049297,0.9368686536943432,0,2
44,nftonv2,nfbotv2,mlp,0.05,calibrate,105000,0.49894904562319464,0.9937119087536106,0.0,0.5120685211463313,1.0,0.004141788728432621,0.00026593899297014997,0.10084150313194186,0.9928011541891006,0,
44,nftonv2,nfbotv2,mlp,0.05,buffer_only,105000,0.90710074610099,0.9985163191658684,0.8181318958792537,0.931247883464185,0.25744934445768775,0.0012220442102089544,0.0012152785010340877,0.7664008858951011,0.946606325065164,0,13
44,nftonv2,nfbotv2,mlp,0.1,calibrate,210001,0.49894904562319464,0.9937119087536106,0.0,0.5120733054638578,1.0,0.00414249697840494,0.00030506006687528576,0.10084150313194186,0.9927611950686234,0,
44,nftonv2,nfbotv2,mlp,0.1,buffer_only,210001,0.9640704615129472,0.9993973156740256,0.9281686029790207,0.9615267818672764,0.06436233611442194,0.0005008705718996031,0.0004990820674139068,0.8242855276846681,0.9159125503758028,0,27
44,nfbotv2,nf2018v2,rf,0,zero_shot,250000,0.5770578500227442,0.716388032805748,0.3660614004371804,0.7411164943490579,0.38323068023275597,0.16278363369294266,0.14122647720094736,0.6405787022061478,0.65,0,15
44,nfbotv2,nf2018v2,rf,0.0001,calibrate,217,0.4687186710978129,0.8260642505724697,-0.0012722991790382588,0.7411164943490579,0.0003232721951883486,0.08476794002815581,0.12252181364796064,0.6405787022061478,0.24955375472139812,0,
44,nfbotv2,nf2018v2,rf,0.0001,buffer_only,217,0.9677796985708206,0.986705739907245,0.9360309566298042,0.9756548113338643,0.0038055375959891564,0.012713987707839236,0.015150240915462094,0.9365932641080013,0.6533333333333333,0,1
44,nfbotv2,nf2018v2,rf,0.001,calibrate,2102,0.6016678129402797,0.8578130090760887,0.2607702935876309,0.7411164943490579,0.020541962999512255,0.07787403022008096,0.07842344894892067,0.6405787022061478,0.27732735839986483,0,
44,nfbotv2,nf2018v2,rf,0.001,buffer_only,2102,0.9805533983273569,0.9919676250965954,0.961503658455747,0.981666331717815,0.0011910028243781263,0.007744537332868892,0.006414984591743665,0.9620438204022219,0.5866666666666667,0,2
44,nfbotv2,nf2018v2,rf,0.01,calibrate,21001,0.632839701665523,0.8669714544560467,0.3153353388824497,0.7411164943490579,0.021852066106328196,0.07707804308311329,0.08867912571587402,0.6405787022061478,0.2817939170711401,0,
44,nfbotv2,nf2018v2,rf,0.01,buffer_only,21001,0.9863314624557534,0.994346469649086,0.9729662026473438,0.9839470079832784,0.00028357210104241104,0.005834331106122248,0.0053079234603827675,0.9688415788718179,0.93,0,3
44,nfbotv2,nf2018v2,rf,0.05,calibrate,105000,0.6432581298452138,0.8701240992890673,0.33362264693020044,0.7411164943490579,0.022135638207370606,0.07687386000530819,0.0907046875791967,0.6405787022061478,0.283610285754469,0,
44,nfbotv2,nf2018v2,rf,0.05,buffer_only,105000,0.9882777236645385,0.9951478069933333,0.9768119333494859,0.9851598365147012,6.805730425017866e-05,0.005110159949200255,0.004959425202874387,0.9688659426660949,0.9833333333333333,0,16
44,nfbotv2,nf2018v2,rf,0.1,calibrate,210000,0.6395654612934938,0.8690286947591024,0.32734284464889185,0.7411164943490579,0.02195415206270346,0.07695711132788179,0.08922315642091327,0.6405787022061478,0.2815325415629316,0,
44,nfbotv2,nf2018v2,rf,0.1,buffer_only,210000,0.988428711197905,0.9952093337069816,0.977101873886685,0.9851226405501348,9.641451435441975e-05,0.005036010042172011,0.005087974560127034,0.9694749276497514,0.9933333333333333,0,37
44,nfbotv2,nfunswv2,rf,0,zero_shot,250000,0.12552376286892358,0.18306852972584078,-0.07214479105582211,0.4856283068062939,0.8954801966306731,0.4106521172777779,0.5465067166666667,0.04159560663266532,0.8266666666666667,0,15
44,nfbotv2,nfunswv2,rf,0.0001,calibrate,144,0.49037055157195203,0.943678896856096,0.0,0.5378225368887047,0.0,0.037244345494745264,0.03166527429949873,0.19617258751895872,0.06919190985765739,0,
44,nfbotv2,nfunswv2,rf,0.0001,buffer_only,144,0.9328866659022855,0.9895526601177518,0.8736671584593595,0.8983826916293369,0.011525550555492044,0.009316843111111112,0.008746033333333427,0.8743200830674335,0.59,0,1
44,nfbotv2,nfunswv2,rf,0.001,calibrate,1392,0.49037055157195203,0.943678896856096,0.0,0.5378225368887047,0.0,0.03620176324069379,0.013890459157484663,0.19617258751895872,0.03730665861871457,0,
44,nfbotv2,nfunswv2,rf,0.001,buffer_only,1392,0.953100444338697,0.9930114361148581,0.9073692663287003,0.9708220970737703,0.005721204310909261,0.005386857944444444,0.002100783333333397,0.9055601361644658,0.5166666666666667,0,1
44,nfbotv2,nfunswv2,rf,0.01,calibrate,13907,0.49037055157195203,0.943678896856096,0.0,0.5378225368887047,0.0,0.03626261651701146,0.02075321728025376,0.19617258751895872,0.03505965055691193,0,
44,nfbotv2,nfunswv2,rf,0.01,buffer_only,13907,0.9694574704437844,0.995516297442237,0.9390994878920597,0.9873018337944275,0.0031126261419024952,0.00358418511111111,0.0008172333333330958,0.9396418850700652,0.25,0,2
44,nfbotv2,nfunswv2,rf,0.05,calibrate,69537,0.49037055157195203,0.943678896856096,0.0,0.5378225368887047,0.0,0.03624484661147546,0.01825511348361151,0.19617258751895872,0.03531834493246783,0,
44,nfbotv2,nfunswv2,rf,0.05,buffer_only,69537,0.9737800097882332,0.9961531572358922,0.9477231574081642,0.9898753555901619,0.002728094698662454,0.0029245069444444444,0.0007448500000000576,0.9447442155369661,0.23333333333333334,0,3
44,nfbotv2,nfunswv2,rf,0.1,calibrate,139072,0.49037055157195203,0.943678896856096,0.0,0.5378225368887047,0.0,0.036243454020237695,0.01824603852527247,0.19617258751895872,0.03528731707673334,0,
44,nfbotv2,nfunswv2,rf,0.1,buffer_only,139072,0.9757549004672872,0.9964492891886401,0.9516132414787695,0.9911265125624812,0.0024215088182413403,0.0026332036111111107,0.0007728500000000359,0.947090180828446,0.22666666666666666,0,7
44,nfbotv2,nftonv2,rf,0,zero_shot,250000,0.45386012342597265,0.583255768747756,-0.08618107817938633,0.40603476413237843,0.8545126090288676,0.3631224592234072,0.39711596891317785,0.09253219294261486,0.016666666666666666,0,15
44,nfbotv2,nftonv2,rf,0.0001,calibrate,213,0.42062190755396933,0.6107334447783608,0.0,0.7793806511684916,1.0,0.18446994727854646,0.2406008295419349,0.695064290805308,0.6461632447033105,0,
44,nfbotv2,nftonv2,rf,0.0001,buffer_only,213,0.9286086211965583,0.9437914202612421,0.8582549089139448,0.9674917548676178,0.13528703331995182,0.04615808579042896,0.026058830294151524,0.8723071423628951,0.6133333333333333,0,2
44,nfbotv2,nftonv2,rf,0.001,calibrate,2100,0.42062190755396933,0.6107334447783608,0.0,0.7793806511684916,1.0,0.1790681177504869,0.263814253082073,0.695064290805308,0.59109290861969,0,
44,nfbotv2,nftonv2,rf,0.001,buffer_only,2100,0.9686445628613486,0.9750848226889824,0.9373076219232933,0.9936370379712259,0.04988869019378855,0.018934990286062544,0.0059633798168991356,0.9377535105699103,0.52,0,2
44,nfbotv2,nftonv2,rf,0.01,calibrate,21000,0.42062190755396933,0.6107334447783608,0.0,0.7793806511684916,1.0,0.18017215102732576,0.26239128041396736,0.695064290805308,0.5978543413131968,0,
44,nfbotv2,nftonv2,rf,0.01,buffer_only,21000,0.9835771758735934,0.9869608873244097,0.9672013788462519,0.9966581195605696,0.030820043064121748,0.010249387969162067,0.004000270001349987,0.9667629892072098,0.5666666666666667,0,3
44,nfbotv2,nftonv2,rf,0.05,calibrate,105000,0.42062190755396933,0.6107334447783608,0.0,0.7793806511684916,1.0,0.1799104961758475,0.26236277418488113,0.695064290805308,0.5947991050407881,0,
44,nfbotv2,nftonv2,rf,0.05,buffer_only,105000,0.9897119673108824,0.9918292427381354,0.9794593192480884,0.9977428404759046,0.02100288310645597,0.006692528129307312,0.0035874512705898346,0.9791579170090933,0.6033333333333334,0,13
44,nfbotv2,nftonv2,rf,0.1,calibrate,210000,0.42062190755396933,0.6107334447783608,0.0,0.7793806511684916,1.0,0.1800167810136368,0.26193945911339,0.695064290805308,0.595664989964532,0,
44,nfbotv2,nftonv2,rf,0.1,buffer_only,210000,0.9912988739987538,0.9930881288451657,0.9826258831098112,0.9980045793784443,0.01804678661362724,0.005798545270504131,0.0031778658893294696,0.9825039450737496,0.61,0,33
44,nfbotv2,nfbotv2,rf,0,in_domain,250000,0.9884601760624132,0.9998060869813105,0.9769821243010045,0.9933540528689206,0.011918951132300357,0.0001747491111111111,0.00011453333333334893,0.8468384145711443,1.0,0,15
44,nfbotv2,nf2018v2,lgbm,0,zero_shot,250000,0.10586105150214592,0.025066713051627873,0.0,0.5,1.0,0.8816055919720401,0.8816055919720401,0.0,1.0,0,2
44,nfbotv2,nf2018v2,lgbm,0.0001,calibrate,217,0.46853899442765923,0.8261331950887618,0.0,0.5,0.0,0.10522105628574527,0.029049683476355725,0.0,0.14744409150431562,0,
44,nfbotv2,nf2018v2,lgbm,0.0001,buffer_only,217,0.9761783772865484,0.9901592598774162,0.9527411781822194,0.9764925598096104,0.0022458910402558953,0.008996247769399746,0.008700672552067787,0.9558828526976747,0.6338124021230425,0,1
44,nfbotv2,nf2018v2,lgbm,0.001,calibrate,2102,0.46853899442765923,0.8261331950887618,0.0,0.5,0.0,0.10437814581560707,0.0009867319485320492,0.0,0.11938113997649188,0,
44,nfbotv2,nf2018v2,lgbm,0.001,buffer_only,2102,0.9805063825585021,0.9919428493773637,0.9613612588863598,0.9807291509707791,0.001412189063191207,0.007728516593201344,0.007411132413927501,0.9631240130960516,0.9692575469231387,0,1
44,nfbotv2,nf2018v2,lgbm,0.01,calibrate,21001,0.46853899442765923,0.8261331950887618,0.0,0.5,0.0,0.1043771756223492,5.870843551569749e-05,0.0,0.11845311646347552,0,
44,nfbotv2,nf2018v2,lgbm,0.01,buffer_only,21001,0.9863942687116047,0.9943720839024002,0.9730876176358819,0.9855464693440896,0.00028924354306325925,0.005412637109313601,0.004889260627785843,0.9686222894942753,0.9980740590835017,0,4
44,nfbotv2,nf2018v2,lgbm,0.05,calibrate,105000,0.46853899442765923,0.8261331950887618,0.0,0.5,0.0,0.10437717222927553,7.3216571087053595e-06,0.0,0.11840172968506883,0,
44,nfbotv2,nf2018v2,lgbm,0.05,buffer_only,105000,0.9879241234383016,0.9950014876002395,0.9761051425900694,0.9873397264135297,0.00014745749254205375,0.004895440786131683,0.002767117950475821,0.9687197548246861,0.995966570471231,0,3
44,nfbotv2,nf2018v2,lgbm,0.1,calibrate,210000,0.46853899442765923,0.8261331950887618,0.0,0.5,0.0,0.10437717220005266,4.938000181420321e-06,0.0,0.11839934602814121,0,
44,nfbotv2,nf2018v2,lgbm,0.1,buffer_only,210000,0.9878118467704385,0.9949530599936502,0.9758577064723951,0.9872941011374192,0.0002949149850841075,0.004908202408232947,0.0017442100176405266,0.968154068436727,0.9962209030287894,0,7
44,nfbotv2,nfunswv2,lgbm,0,zero_shot,250000,0.03641391803736787,0.002752163925264264,0.0,0.5,1.0,0.96221,0.96221,0.0,1.0,0,2
44,nfbotv2,nfunswv2,lgbm,0.0001,calibrate,144,0.49037055157195203,0.943678896856096,0.0,0.5,0.0,0.03736417554611557,0.03165848458337195,0.0,0.06944848458337151,0,
44,nfbotv2,nfunswv2,lgbm,0.0001,buffer_only,144,0.8712809398211346,0.9813590269582515,0.7425957373689818,0.8627034521180598,0.00929111108801613,0.014576304796971633,0.014640105935305065,0.8310607146242696,0.16324460667123308,0,1
44,nfbotv2,nfunswv2,lgbm,0.001,calibrate,1392,0.49037055157195203,0.943678896856096,0.0,0.5,0.0,0.03636292045575114,0.0010022752871039486,0.0,0.03879227528710408,0,
44,nfbotv2,nfunswv2,lgbm,0.001,buffer_only,1392,0.9434785364440642,0.9917370242776076,0.8870108199392052,0.9583648275078033,0.004733893848536183,0.007733653324724314,0.0072931093861036515,0.9055708145825689,0.0034658716114051437,0,1
44,nfbotv2,nfunswv2,lgbm,0.01,calibrate,13907,0.49037055157195203,0.943678896856096,0.0,0.5,0.0,0.03636191628328232,1.9577597591968754e-05,0.0,0.03780957759759155,0,
44,nfbotv2,nfunswv2,lgbm,0.01,buffer_only,13907,0.9683107443340324,0.9953579158477239,0.9367309827229563,0.9851688723626164,0.0030138950956651875,0.004248541482517238,0.00395779498271729,0.9392336787158593,0.001857684825960408,0,2
44,nfbotv2,nfunswv2,lgbm,0.05,calibrate,69537,0.49037055157195203,0.943678896856096,0.0,0.5,0.0,0.036361916922927284,3.198323429520755e-05,0.0,0.0378219832342952,0,
44,nfbotv2,nfunswv2,lgbm,0.05,buffer_only,69537,0.9732878900047975,0.9960873765496904,0.9466834576871217,0.9868045080772787,0.0026241672815705513,0.0033395517028823618,0.002766494461848147,0.9442396469538232,0.03728203633132689,0,4
44,nfbotv2,nfunswv2,lgbm,0.1,calibrate,139072,0.49037055157195203,0.943678896856096,0.0,0.5,0.0,0.0363619159274021,5.234701956680077e-06,0.0,0.037795234701957045,0,
44,nfbotv2,nfunswv2,lgbm,0.1,buffer_only,139072,0.9740264009097299,0.996203592548322,0.9481058069489219,0.9918265987467709,0.0023851342222591743,0.00288206018478496,0.0019277828058786584,0.9467426310728052,0.10264387269773488,0,3
44,nfbotv2,nftonv2,lgbm,0,zero_shot,250000,0.42062190755396933,0.6107334447783608,0.0,0.5,1.0,0.2740113700568503,0.2740113700568503,0.0,1.0,0,2
44,nfbotv2,nftonv2,lgbm,0.0001,calibrate,213,0.42062190755396933,0.6107334447783608,0.0,0.5,1.0,0.1989320526596661,0.001706904580808688,0.0,0.7276955345239587,0,
44,nfbotv2,nftonv2,lgbm,0.0001,buffer_only,213,0.9292470929058494,0.9440290034503813,0.858805825453463,0.9480485205898931,0.1202510857267983,0.051903933208958766,0.04893010101352359,0.8671572464937948,0.9750669267341726,0,1
44,nfbotv2,nftonv2,lgbm,0.001,calibrate,2100,0.42062190755396933,0.6107334447783608,0.0,0.5,1.0,0.19892916512959827,0.00016122400593021613,0.0,0.72614985394908,0,
44,nfbotv2,nftonv2,lgbm,0.001,buffer_only,2100,0.9696422758287611,0.9759263198861503,0.9393959920246617,0.9929979433441702,0.05474252764497646,0.021709126275311727,0.02017240127899219,0.9393247575655047,0.5092268418425907,0,3
44,nfbotv2,nftonv2,lgbm,0.01,calibrate,21000,0.42062190755396933,0.6107334447783608,0.0,0.5,1.0,0.1989291400874845,3.083936325087855e-05,0.0,0.7260194693064004,0,
44,nfbotv2,nftonv2,lgbm,0.01,buffer_only,21000,0.9848495063641483,0.98797209765685,0.9697498433514596,0.997180207611281,0.029250757271632424,0.009993259567286958,0.005799716669823152,0.9698371617865321,0.7241747031313921,0,2
44,nfbotv2,nftonv2,lgbm,0.05,calibrate,105000,0.42062190755396933,0.6107334447783608,0.0,0.5,1.0,0.1989291400733769,3.060978210922549e-05,0.0,0.726019239725259,0,
44,nfbotv2,nftonv2,lgbm,0.05,buffer_only,105000,0.9900417248696409,0.9920879630856262,0.9801054989136067,0.9985890020095805,0.019251122221816724,0.006748879161332865,0.001849325268573008,0.9796741277549553,0.6186164302530083,0,3
44,nfbotv2,nftonv2,lgbm,0.1,calibrate,210000,0.42062190755396933,0.6107334447783608,0.0,0.5,1.0,0.19892914014575824,3.177011249622108e-05,0.0,0.7260204000556463,0,
44,nfbotv2,nftonv2,lgbm,0.1,buffer_only,210000,0.9909490032767558,0.9928089355726828,0.9819205843248261,0.998870925413212,0.017992044085982265,0.005932992281171082,0.002223328749392777,0.9821145003865079,0.6305661287524835,0,5
44,nfbotv2,nfbotv2,lgbm,0,in_domain,250000,0.5130295307850674,0.9938548141468245,0.11041639646084,0.5061296012616698,0.9856972586412396,0.004145,0.004144999999999954,0.11041639646084,1.0,0,2
44,nfbotv2,nf2018v2,mlp,0,zero_shot,250000,0.5276589000950861,0.6605460773763694,0.3150501733512726,0.6277486476140587,0.4552750082235909,0.39297363810254504,0.39387534401070845,0.4036908677399097,0.9999999938531832,0,29
44,nfbotv2,nf2018v2,mlp,0.0001,calibrate,217,0.46853899442765923,0.8261331950887618,0.0,0.6277161649766471,0.0,0.09422316419888736,0.029836627301547198,0.4036908677399097,0.25329363877516364,0,
44,nfbotv2,nf2018v2,mlp,0.0001,buffer_only,217,0.9610980580598335,0.9839061071224159,0.9224737429380716,0.9659173464375914,0.00621590045484965,0.014558330170907787,0.011129146932735973,0.9282665841948688,0.6793710478107731,0,1
44,nfbotv2,nf2018v2,mlp,0.001,calibrate,2102,0.46853899442765923,0.8261331950887618,0.0,0.627701991191363,0.0,0.09327251879453329,0.007719890776859765,0.4036908677399097,0.2242954551577992,0,
44,nfbotv2,nf2018v2,mlp,0.001,buffer_only,2102,0.9595218871799047,0.9832446163429777,0.919287252865938,0.9681494121825545,0.006766030330871927,0.014180162678794626,0.0034184097252811935,0.9298062517071535,0.8777156650695053,0,2
44,nfbotv2,nf2018v2,mlp,0.01,calibrate,21001,0.46853899442765923,0.8261331950887618,0.0,0.627699730768194,0.0,0.0932315192676337,0.004581139751503458,0.4036908677399097,0.22776543941356175,0,
44,nfbotv2,nf2018v2,mlp,0.01,buffer_only,21001,0.9786933624570495,0.9912166598536382,0.9579442360917306,0.9808012611446939,0.000998173795669287,0.008184364478798311,0.003443961665883786,0.9587545607408329,0.46130684454954013,0,5
44,nfbotv2,nf2018v2,mlp,0.05,calibrate,105000,0.46853899442765923,0.8261331950887618,0.0,0.6276897752477916,0.0,0.09322018882743571,0.004165616301069712,0.4036908677399097,0.2292588337281781,0,
44,nfbotv2,nf2018v2,mlp,0.05,buffer_only,105000,0.9848948062517238,0.9937540320821354,0.9701112324118061,0.9846527835490173,0.0005274441079388846,0.006005866542120172,0.0011234355988492992,0.9676407503621203,0.9140330092101966,0,25
44,nfbotv2,nf2018v2,mlp,0.1,calibrate,210000,0.46853899442765923,0.8261331950887618,0.0,0.6277071726599285,0.0,0.09321929354080187,0.0044514464800936,0.4036908677399097,0.22871778805982684,0,
44,nfbotv2,nf2018v2,mlp,0.1,buffer_only,210000,0.9857023521890955,0.9940876233774861,0.9717230082654702,0.9851825776611016,0.0003573008473134379,0.005701906356173641,0.0022568440737947165,0.9678371302432538,0.9502722250952883,0,43
44,nfbotv2,nfunswv2,mlp,0,zero_shot,250000,0.28756134564676733,0.5192212718932928,-0.1192546898866992,0.4924325300318511,0.6219848058116212,0.6062326532034169,0.6024825608316874,0.0475578724130842,2.5240919214528612e-08,0,29
44,nfbotv2,nfunswv2,mlp,0.0001,calibrate,144,0.49037055157195203,0.943678896856096,0.0,0.5187614252283301,0.0,0.037476385960634656,0.03635358425463094,0.1236224881660476,0.057890888742067846,0,
44,nfbotv2,nfunswv2,mlp,0.0001,buffer_only,144,0.8581723358942177,0.9798946198556865,0.7175768879709301,0.8562964329889637,0.00810114216231384,0.01595816069796071,0.015042162148876857,0.8098689205663696,0.04116339285303954,0,1
44,nfbotv2,nfunswv2,mlp,0.001,calibrate,1392,0.49037055157195203,0.943678896856096,0.0,0.5187745500388035,0.0,0.035968478810337705,0.01590210350063574,0.1236224881660476,0.031187282174918268,0,
44,nfbotv2,nfunswv2,mlp,0.001,buffer_only,1392,0.9158373176937287,0.987844316329699,0.8317739287007543,0.9147866896711421,0.00570041882749088,0.010284853571896534,0.007215717762615327,0.8758273908655095,0.014109250256402904,0,2
44,nfbotv2,nfunswv2,mlp,0.01,calibrate,13907,0.49037055157195203,0.943678896856096,0.0,0.5187504789211665,0.0,0.03597215615536097,0.002426019886345415,0.1236224881660476,0.027935849056995265,0,
44,nfbotv2,nfunswv2,mlp,0.01,buffer_only,13907,0.9242538728578409,0.9889489424815208,0.8485266286092937,0.9432057621560004,0.00601220107876659,0.00793347731308225,0.003594551400092025,0.8816882092034991,0.07190203270100705,0,4
44,nfbotv2,nfunswv2,mlp,0.05,calibrate,69537,0.49037055157195203,0.943678896856096,0.0,0.518758007725813,0.0,0.03597192914476833,0.0024563118373482546,0.1236224881660476,0.02793716939218852,0,
44,nfbotv2,nfunswv2,mlp,0.05,buffer_only,69537,0.9634121652372081,0.994556454710577,0.9278734814862564,0.977799080958657,0.0047650720736637535,0.004217313733232005,0.00044948921503257065,0.9275091741585226,0.5035879842979764,0,9
44,nfbotv2,nfunswv2,mlp,0.1,calibrate,139072,0.49037055157195203,0.943678896856096,0.0,0.5187297580037328,0.0,0.035971078191507994,0.002614396953528923,0.1236224881660476,0.027962817346028734,0,
44,nfbotv2,nfunswv2,mlp,0.1,buffer_only,139072,0.9669501902293274,0.9951188940164467,0.9343919774460395,0.9811460313686321,0.003834921690691221,0.003863700496168734,0.001020654640801171,0.935281598527993,0.35278947239866426,0,36
44,nfbotv2,nftonv2,mlp,0,zero_shot,250000,0.46540945568620234,0.5224979528501187,-0.02106878952059283,0.4809232440022382,0.5274260063501333,0.43765230771272795,0.41955034541906366,0.1297191242084633,4.0677192562908055e-23,0,29
44,nfbotv2,nftonv2,mlp,0.0001,calibrate,213,0.42062190755396933,0.6107334447783608,0.0,0.528189420492382,1.0,0.1986511102570851,0.005873455294154285,0.14788242077100655,0.7187343328645864,0,
44,nfbotv2,nftonv2,mlp,0.0001,buffer_only,213,0.8764423690109961,0.9028422210755235,0.7540987756885379,0.8823752440940368,0.21294843253895843,0.08019751016875207,0.04627044514887024,0.7558406205834145,0.3303981161221791,0,1
44,nfbotv2,nftonv2,mlp,0.001,calibrate,2100,0.42062190755396933,0.6107334447783608,0.0,0.5279841017834201,1.0,0.19865162320532778,0.031622003790865334,0.14788242077100655,0.6929327537307842,0,
44,nfbotv2,nftonv2,mlp,0.001,buffer_only,2100,0.9569591068471179,0.9658130248247373,0.9139482387511625,0.977324259748765,0.06802671435349075,0.02778782319293336,0.010167143722688754,0.9158841217484344,0.3670661463438105,0,4
44,nfbotv2,nftonv2,mlp,0.01,calibrate,21000,0.42062190755396933,0.6107334447783608,0.0,0.5281437979650412,1.0,0.19852715996909615,0.005280064433798432,0.14788242077100655,0.703528345186712,0,
44,nfbotv2,nftonv2,mlp,0.01,buffer_only,21000,0.9653437396438,0.9725799224065481,0.9309965899380647,0.9903966765480485,0.06797197182584577,0.021065159838919212,0.004733890648703426,0.9326692186588514,0.577834911256283,0,6
44,nfbotv2,nftonv2,mlp,0.05,calibrate,105000,0.42062190755396933,0.6107334447783608,0.0,0.5280732651457583,1.0,0.19852700487636604,0.005058610195751264,0.14788242077100655,0.7034868895782765,0,
44,nfbotv2,nftonv2,mlp,0.05,buffer_only,105000,0.9712816784567398,0.9771366090874977,0.9425658494896745,0.9943005843513508,0.040089777745337764,0.01747541284323175,0.003658492940563472,0.9459549902405738,0.34866863343730153,0,26
44,nfbotv2,nftonv2,mlp,0.1,calibrate,210000,0.42062190755396933,0.6107334447783608,0.0,0.5281524793162783,1.0,0.1985274232302535,0.0032521474297692978,0.14788242077100655,0.7048312360380447,0,
44,nfbotv2,nftonv2,mlp,0.1,buffer_only,210000,0.975413952462733,0.9804879252800892,0.9508943106312562,0.9954638302615293,0.043958249698916096,0.014959215748816956,0.0032815047465714754,0.9507921918681269,0.6219560242185297,0,49
44,nfbotv2,nfbotv2,mlp,0,in_domain,250000,0.9690876847345282,0.9994842336566563,0.9381795969716809,0.9693522599001099,0.06436233611442194,0.0004254420871052399,0.00023317156249298517,0.8242855276846681,0.9599210997416739,0,29
