seed,source,target,model,budget,strategy,n_train,macro_f1,weighted_f1,mcc,auprc_macro,fp_rate,brier,ece,mcc_best_thr,thr_best,buffer_est,cv_est,cv_mode,n_pseudo,n_benign_buf,fit_s
42,nf2018v2,nfunswv2,rf,0.0001,selector_v2,144,0.49300494086008717,0.9436911708691015,,0.482504028346021,0.0005092443437503248,0.07024142205555556,0.17243268333333336,0.035150879869758504,0.02,0.34014330292858763,0.9358576176957495,cv3,,134,
42,nf2018v2,nfunswv2,rf,0.0001,finetune,250143,0.5067377825256156,0.9450750390442756,0.1039081168183338,0.723131307434997,0.00028580039700273327,0.04253826909375001,0.12480286250000006,0.5437390706189781,0.2575,,,,,134,1
42,nf2018v2,nfunswv2,rf,0.0001,iw_augment,250143,0.8031824643393697,0.9741561531869456,0.6289641568146149,0.9343987319502682,0.004011598299747457,0.013082761277777778,0.02026361666666669,0.8843627057959601,0.19333333333333333,,,,,134,39
42,nf2018v2,nfunswv2,rf,0.001,selector_v2,1392,0.49300494086008717,0.9436911708691015,,0.482504028346021,0.0005092443437503248,0.07024142205555556,0.17243268333333336,0.035150879869758504,0.02,0.2531446096196038,0.9060216923915888,cv3,,1338,
42,nf2018v2,nfunswv2,rf,0.001,finetune,251391,0.5052265056055725,0.9450508319383201,0.11720380531977403,0.7518928199086368,2.5981854272975754e-05,0.041981785531249996,0.12441458749999997,0.5696105927379125,0.2525,,,,,1338,1
42,nf2018v2,nfunswv2,rf,0.001,iw_augment,251391,0.9379612983791732,0.9910807057135156,0.8762114454489927,0.9634138386182648,0.0036374595982166056,0.006800518444444444,0.005094699999999975,0.9283227847514987,0.3,,,,,1338,37
42,nf2018v2,nfunswv2,rf,0.01,selector_v2,13907,0.49300494086008717,0.9436911708691015,,0.482504028346021,0.0005092443437503248,0.07024142205555556,0.17243268333333336,0.035150879869758504,0.02,0.21949245126534717,0.9381582452348606,cv3,,13382,
42,nf2018v2,nfunswv2,rf,0.01,finetune,263906,0.5084563057073607,0.9453527319789499,0.13007068921478337,0.7820546576930578,2.5981854272975754e-05,0.041152333812500004,0.12903892500000005,0.5975968316810544,0.2525,,,,,13382,1
42,nf2018v2,nfunswv2,rf,0.01,iw_augment,263906,0.969450867653535,0.9955108097031985,0.9391279043552649,0.986472857266141,0.0032009644464306127,0.0037826693888888883,0.001746083333333398,0.9413843878188143,0.44333333333333336,,,,,13382,38
42,nf2018v2,nfunswv2,rf,0.05,selector_v2,69537,0.49300494086008717,0.9436911708691015,,0.482504028346021,0.0005092443437503248,0.07024142205555556,0.17243268333333336,0.035150879869758504,0.02,0.22680015711876908,0.9473607608291451,cv3,,66908,
42,nf2018v2,nfunswv2,rf,0.1,selector_v2,139072,0.49300494086008717,0.9436911708691015,,0.482504028346021,0.0005092443437503248,0.07024142205555556,0.17243268333333336,0.035150879869758504,0.02,0.22093608444674342,0.9494563386460267,cv3,,133817,
42,nf2018v2,nfunswv2,rf,0.0001,al_iterative,138,0.8918347929812,0.984463603914423,0.7839749673836198,0.951657406651831,0.0069527442034483114,0.009516911555555558,0.022392100000000036,0.8732258539909681,0.35333333333333333,,,,,67,1
42,nf2018v2,nfunswv2,rf,0.0001,insomnia,31623,0.4944647771910724,0.9440215436029115,0.04999210882765671,0.5197607287592104,8.314193367352242e-05,0.03752339099999999,0.04252806666666668,0.13947487419213161,0.32,,,,31484,133,1
42,nf2018v2,nfunswv2,rf,0.001,al_iterative,1389,0.966368420967054,0.9950516266961507,0.933019005949944,0.9796122577848005,0.003549121293688488,0.004110417333333332,0.0034462666666664876,0.9384757078199882,0.35,,,,,832,1
42,nf2018v2,nfunswv2,rf,0.001,insomnia,32875,0.5384043130523312,0.9480101299205745,0.2000567330883241,0.5423350514175983,0.00039492418494923144,0.03812958016666667,0.05051081666666657,0.22694029383029643,0.4266666666666667,,,,31484,1351,2
42,nf2018v2,nftonv2,rf,0.0001,selector_v2,213,0.2772332725386562,0.2247675123618267,,0.5745387800434103,0.16703769935403817,0.5436683319527708,0.5687160269134679,0.289746575725313,0.0033333333333333335,0.3628305384890698,0.8317509721471161,cv3,,58,
42,nf2018v2,nftonv2,rf,0.0001,finetune,250212,0.37577133741195134,0.35443319727573375,0.044042086774080294,0.8158696085542574,0.169793073245502,0.3230767012272562,0.35213262316311583,0.7698292627611732,0.2125,,,,,58,1
42,nf2018v2,nftonv2,rf,0.0001,iw_augment,250212,0.854908535256287,0.8832242919883663,0.7108376431977038,0.8571998071546731,0.17855187766869823,0.108953943714163,0.09129843982553246,0.72596042361103,0.3466666666666667,,,,,58,33
42,nf2018v2,nftonv2,rf,0.001,selector_v2,2100,0.2772332725386562,0.2247675123618267,,0.5745387800434103,0.16703769935403817,0.5436683319527708,0.5687160269134679,0.289746575725313,0.0033333333333333335,0.3287890725546364,0.9291181068479295,cv3,,575,
42,nf2018v2,nftonv2,rf,0.001,finetune,252099,0.38563233656306267,0.3668374573661455,0.05867688981346845,0.8403810245828978,0.1676763621765629,0.3146047009297547,0.3465682203411017,0.817192630954708,0.21,,,,,575,1
42,nf2018v2,nftonv2,rf,0.001,iw_augment,252099,0.9213478114842615,0.9376136935508131,0.8427859356150031,0.972931945606307,0.12366336995000182,0.044735949290857564,0.009556964451489007,0.8461627209317091,0.5966666666666667,,,,,575,36
42,nf2018v2,nftonv2,rf,0.01,selector_v2,21000,0.2772332725386562,0.2247675123618267,,0.5745387800434103,0.16703769935403817,0.5436683319527708,0.5687160269134679,0.289746575725313,0.0033333333333333335,0.32934006059425586,0.9605987403572599,cv3,,5754,
42,nf2018v2,nftonv2,rf,0.01,finetune,270999,0.38925427658670836,0.37119958221980653,0.06503212969276635,0.8515427481696918,0.1655961461260538,0.3104227914577073,0.349983412417062,0.8427164123217195,0.195,,,,,5754,1
42,nf2018v2,nftonv2,rf,0.01,iw_augment,270999,0.9791911234659472,0.9834559520940536,0.9583890151239088,0.9963269652459859,0.03286376409620087,0.013557465120658937,0.008359808465709072,0.9584451813258914,0.5033333333333333,,,,,5754,38
42,nf2018v2,nftonv2,rf,0.05,selector_v2,105000,0.2772332725386562,0.2247675123618267,,0.5745387800434103,0.16703769935403817,0.5436683319527708,0.5687160269134679,0.289746575725313,0.0033333333333333335,0.32495217683000877,0.976413349956983,cv3,,28771,
42,nf2018v2,nftonv2,rf,0.1,selector_v2,210000,0.2772332725386562,0.2247675123618267,,0.5745387800434103,0.16703769935403817,0.5436683319527708,0.5687160269134679,0.289746575725313,0.0033333333333333335,0.3253877448398088,0.9800184788845696,cv3,,57542,
42,nf2018v2,nftonv2,rf,0.0001,al_iterative,210,0.9433458941041007,0.9554690333698932,0.8881180566487358,0.9695424101524601,0.11937520528447867,0.04613500450835588,0.06481774075537046,0.8884695591549711,0.51,,,,,81,1
42,nf2018v2,nftonv2,rf,0.0001,insomnia,50210,0.3854361174829388,0.36754076664654606,0.05301336165358314,0.5295844588965131,0.17446443560453997,0.5392076666494442,0.5289394946974734,0.1999992010711876,0.016666666666666666,,,,50000,11,2
42,nf2018v2,nftonv2,rf,0.001,al_iterative,2100,0.9703159362468541,0.9764371207576393,0.9406878161431018,0.9921772533992721,0.05067333309003321,0.02067916011802281,0.0285549927749639,0.9450916818574006,0.5533333333333333,,,,,820,2
42,nf2018v2,nftonv2,rf,0.001,insomnia,52100,0.41333412165479,0.4037405980507853,0.08582831792395429,0.530936335895182,0.17835115506733332,0.5278687197880434,0.5017629088145442,0.18914835469200464,0.07333333333333333,,,,50000,111,2
42,nf2018v2,nfbotv2,rf,0.0001,selector_v2,211,0.04942952056622739,0.0897631688794609,,0.5141361806847943,0.0011918951132300357,0.6092299578888889,0.7367188000000001,0.1770706314836578,0.013333333333333334,0.0693343798979097,1.0,resub,,1,
42,nf2018v2,nfbotv2,rf,0.0001,finetune,250210,0.1448631990850101,0.2798079040951466,0.00754158977906139,0.5208342986981528,0.12038140643623362,0.34351241425000006,0.545517,0.17888808143314777,0.26,,,,,1,1
42,nf2018v2,nfbotv2,rf,0.0001,iw_augment,250210,0.7890418285120506,0.995281552805127,0.6334562830543208,0.7307168364560108,0.023837902264600714,0.005483124777777778,0.009561866666666408,0.6443476929895673,0.4766666666666667,,,,,1,37
42,nf2018v2,nfbotv2,rf,0.001,selector_v2,2101,0.04942952056622739,0.0897631688794609,,0.5141361806847943,0.0011918951132300357,0.6092299578888889,0.7367188000000001,0.1770706314836578,0.013333333333333334,0.33269780685756056,0.6858893278688257,cv3,,9,
42,nf2018v2,nfbotv2,rf,0.001,finetune,252100,0.1453523976920748,0.27985548964949203,0.024023690807510167,0.5964349637191337,0.026221692491060787,0.3432784100625,0.546383925,0.34738007206798077,0.2175,,,,,9,1
42,nf2018v2,nfbotv2,rf,0.001,iw_augment,252100,0.8709972498248908,0.9978572066682624,0.7420490957413372,0.8965063235964057,0.265792610250298,0.001706276722222222,0.002642883333333349,0.8053163199939093,0.6,,,,,9,35
42,nf2018v2,nfbotv2,rf,0.01,selector_v2,21000,0.04942952056622739,0.0897631688794609,,0.5141361806847943,0.0011918951132300357,0.6092299578888889,0.7367188000000001,0.1770706314836578,0.013333333333333334,0.08400314890736434,0.918989628793936,cv3,,88,
42,nf2018v2,nfbotv2,rf,0.01,finetune,270999,0.14554452485916175,0.2800258530119252,0.02779557259882163,0.8157486063592818,0.004767580452920143,0.34288914796875003,0.5444746874999999,0.63362627031968,0.315,,,,,88,1
42,nf2018v2,nfbotv2,rf,0.01,iw_augment,270999,0.9410325911617825,0.9990123388125434,0.8820752076571334,0.9749822516231919,0.11323003575685339,0.0006929423333333334,0.0005074999999997982,0.9133242529305561,0.6833333333333333,,,,,88,36
42,nf2018v2,nfbotv2,rf,0.05,selector_v2,105000,0.04942952056622739,0.0897631688794609,,0.5141361806847943,0.0011918951132300357,0.6092299578888889,0.7367188000000001,0.1770706314836578,0.013333333333333334,0.11915212588883824,0.9541725696614097,cv3,,440,
42,nf2018v2,nfbotv2,rf,0.1,selector_v2,210001,0.04942952056622739,0.0897631688794609,,0.5141361806847943,0.0011918951132300357,0.6092299578888889,0.7367188000000001,0.1770706314836578,0.013333333333333334,0.1506511291514737,0.9688218499862037,cv3,,881,
42,nf2018v2,nfbotv2,rf,0.0001,al_iterative,210,0.7641083547398637,0.9966384461364212,0.5825065121144054,0.8210078688287036,0.6269368295589988,0.002380131222222222,0.0031959333333334643,0.730642273061215,0.76,,,,,65,1
42,nf2018v2,nfbotv2,rf,0.0001,insomnia,8247,0.0791402761160691,0.14873932755328662,0.01577961320391932,0.4997226250588238,0.014302741358760428,0.7930880186111112,0.8430061833333332,0.036789880171420763,0.013333333333333334,,,,8037,54,1
42,nf2018v2,nfbotv2,rf,0.001,al_iterative,2100,0.9669777200328176,0.9994541047899314,0.9341819748662084,0.9843237162861025,0.08581644815256258,0.00044436583333333333,0.0009232500000000211,0.9529627231908063,0.78,,,,,496,1
42,nf2018v2,nfbotv2,rf,0.001,insomnia,10137,0.3511978391211903,0.6847857642316733,0.04825275921719617,0.5026162759985721,0.15137067938021453,0.4813711712777779,0.5422366833333333,0.05462281416751758,0.57,,,,8037,106,1
42,nf2018v2,nfunswv2,lgbm,0.0001,selector_v2,144,0.5229656159971565,0.9463616587623261,,0.4971670698700526,0.0008210265950260339,0.038379585545913496,0.03917741717952016,0.14038199353569736,0.6269026400140946,0.30611483744878115,0.8717152353914989,cv3,,134,
42,nf2018v2,nfunswv2,lgbm,0.0001,finetune,250143,0.8695436521086501,0.9809802053259952,0.7390972884222063,0.8287419910622216,0.010101744941332973,0.01883963915263052,0.018678308841214446,0.7407754190569573,0.9614341269237331,,,,,134,1
42,nf2018v2,nfunswv2,lgbm,0.0001,iw_augment,250143,0.8020468142118771,0.9739887333024158,0.6262344423391895,0.8935187903998277,0.004151900312821526,0.0178888345529975,0.015480441910532109,0.8134361841640626,0.02036246011958312,,,,,134,3
42,nf2018v2,nfunswv2,lgbm,0.001,selector_v2,1392,0.5229656159971565,0.9463616587623261,,0.4971670698700526,0.0008210265950260339,0.038379585545913496,0.03917741717952016,0.14038199353569736,0.6269026400140946,0.3602200772402529,0.848410526924862,cv3,,1338,
42,nf2018v2,nfunswv2,lgbm,0.001,finetune,251391,0.6444517253558981,0.9469075386042891,0.289419452365592,0.5677242210581419,0.030481911433055155,0.0515114909131426,0.05059106522513612,0.3480512770853067,0.9999995398479281,,,,,1338,1
42,nf2018v2,nfunswv2,lgbm,0.001,iw_augment,251391,0.9316474736518936,0.9901066223699516,0.8633442133299878,0.9215668899590239,0.004718304735972397,0.00797548107836199,0.0036314497696201876,0.8871817281899911,0.20602700547913802,,,,,1338,3
42,nf2018v2,nfunswv2,lgbm,0.01,selector_v2,13907,0.5229656159971565,0.9463616587623261,,0.4971670698700526,0.0008210265950260339,0.038379585545913496,0.03917741717952016,0.14038199353569736,0.6269026400140946,0.28926567533250286,0.9288510975947402,cv3,,13382,
42,nf2018v2,nfunswv2,lgbm,0.01,finetune,263906,0.8946318692723275,0.985188259816834,0.7917033963371548,0.8551619612159842,0.004687126510844826,0.01396038571926357,0.013656003276131161,0.7928214714906443,0.832888469050492,,,,,13382,1
42,nf2018v2,nfunswv2,lgbm,0.01,iw_augment,263906,0.9656262249697414,0.9949576762748592,0.9314072875397522,0.9785948538562197,0.003341266459504682,0.003926519208748795,0.0009360115092153928,0.9346344497562126,0.41198170823648345,,,,,13382,5
42,nf2018v2,nfunswv2,lgbm,0.05,selector_v2,69537,0.5229656159971565,0.9463616587623261,,0.4971670698700526,0.0008210265950260339,0.038379585545913496,0.03917741717952016,0.14038199353569736,0.6269026400140946,0.2581817078106814,0.9413234193205957,cv3,,66908,
42,nf2018v2,nfunswv2,lgbm,0.1,selector_v2,139072,0.5229656159971565,0.9463616587623261,,0.4971670698700526,0.0008210265950260339,0.038379585545913496,0.03917741717952016,0.14038199353569736,0.6269026400140946,0.2587783625254428,0.9487979370298759,cv3,,133817,
42,nf2018v2,nfunswv2,lgbm,0.0001,al_iterative,138,0.8776639592389068,0.98266226092491,0.7566484293516409,0.8702646381918996,0.006677336548154769,0.015455377607341544,0.014132126815361544,0.7749015501811479,0.10689450145804395,,,,,91,0
42,nf2018v2,nfunswv2,lgbm,0.0001,insomnia,50139,0.5072360921266565,0.9449392072926506,0.08792964944687781,0.5064032749984375,0.000691117323661155,0.03779291634524063,0.037793823944073615,0.09041310009492723,1.0,,,,50000,135,2
42,nf2018v2,nfunswv2,lgbm,0.001,al_iterative,1389,0.9631933227842508,0.9946157623242505,0.9264571719038199,0.9764291657358911,0.0032841063801041354,0.004701702563741961,0.004261194164724662,0.9309352082092572,0.007596114676896721,,,,,769,1
42,nf2018v2,nfunswv2,lgbm,0.001,insomnia,51391,0.5323921265191545,0.9472811008921106,0.16994005523616268,0.5181887854634722,0.000758670144770892,0.03683890609839971,0.03683854291309581,0.17543736675279503,4.5119637335178914e-73,,,,50000,1280,2
42,nf2018v2,nftonv2,lgbm,0.0001,selector_v2,213,0.39051857471335655,0.37414445234653504,,0.6894333094193617,0.17501186088098974,0.5689354021866492,0.5671041344722695,0.4771420726765807,0.0002351938611200748,0.4055092844041108,0.8436747689238814,cv3,,58,
42,nf2018v2,nftonv2,lgbm,0.0001,finetune,250212,0.8859476119419712,0.9075460136637961,0.7746741613829565,0.9059557206761886,0.1113827962483121,0.08619784438686831,0.07670691572704258,0.777114238790014,0.40213191704919354,,,,,58,1
42,nf2018v2,nftonv2,lgbm,0.0001,iw_augment,250212,0.8176208370707667,0.8508453243424988,0.6406421886982083,0.8458363709052981,0.18946388817926352,0.13193281948231908,0.08784851975893641,0.7034779473008161,0.031121138255304593,,,,,58,3
42,nf2018v2,nftonv2,lgbm,0.001,selector_v2,2100,0.39051857471335655,0.37414445234653504,,0.6894333094193617,0.17501186088098974,0.5689354021866492,0.5671041344722695,0.4771420726765807,0.0002351938611200748,0.4707003324178225,0.9289197669682926,cv3,,575,
42,nf2018v2,nftonv2,lgbm,0.001,finetune,252099,0.9426846611860205,0.9545849356206108,0.8855330742017303,0.9505648490274996,0.09601839348928871,0.041008383125026374,0.036824471897885756,0.8885475402268642,0.22350904936618668,,,,,575,1
42,nf2018v2,nftonv2,lgbm,0.001,iw_augment,252099,0.9130910358711537,0.9312135547846012,0.8264361911194718,0.9602773265839009,0.14194737418342396,0.05685786114881183,0.03705614626340166,0.8271992182313372,0.5301659166726428,,,,,575,5
42,nf2018v2,nftonv2,lgbm,0.01,selector_v2,21000,0.39051857471335655,0.37414445234653504,,0.6894333094193617,0.17501186088098974,0.5689354021866492,0.5671041344722695,0.4771420726765807,0.0002351938611200748,0.4756206462568688,0.9655493210946151,cv3,,5754,
42,nf2018v2,nftonv2,lgbm,0.01,finetune,270999,0.9644958128997718,0.9717717581800537,0.928997872403198,0.9686932351849759,0.054085617313236745,0.025273670771535136,0.016886635109588877,0.9294234600090229,0.5232713866377239,,,,,5754,1
42,nf2018v2,nftonv2,lgbm,0.01,iw_augment,270999,0.9658931084970568,0.9729816714059596,0.931976499518559,0.9930521183078217,0.06341009452209774,0.021294404477895067,0.006161746068669938,0.9329405584076361,0.6066138877481709,,,,,5754,5
42,nf2018v2,nftonv2,lgbm,0.05,selector_v2,105000,0.39051857471335655,0.37414445234653504,,0.6894333094193617,0.17501186088098974,0.5689354021866492,0.5671041344722695,0.4771420726765807,0.0002351938611200748,0.4798189796909683,0.9766571986917038,cv3,,28771,
42,nf2018v2,nftonv2,lgbm,0.1,selector_v2,210000,0.39051857471335655,0.37414445234653504,,0.6894333094193617,0.17501186088098974,0.5689354021866492,0.5671041344722695,0.4771420726765807,0.0002351938611200748,0.47823715253621696,0.9798412917889757,cv3,,57542,
42,nf2018v2,nftonv2,lgbm,0.0001,al_iterative,210,0.9300795405555662,0.9451070583519559,0.861853221025085,0.9595196931447438,0.14169190905441406,0.050093904745996384,0.046402535088380624,0.8645193724249155,0.5902045685036241,,,,,70,1
42,nf2018v2,nftonv2,lgbm,0.0001,insomnia,50210,0.4101650839071057,0.3982816874647749,0.08965153832806735,0.523502148148279,0.16807780737929273,0.5865604023850466,0.5862670089555162,0.15573524346728856,0.9999999800089425,,,,50000,10,2
42,nf2018v2,nftonv2,lgbm,0.001,al_iterative,2100,0.9788854690330082,0.9832515450548756,0.9578661039526816,0.9927005699651301,0.04054596547571256,0.01438007090252625,0.008692201232622834,0.9579944872495098,0.4339202785855692,,,,,932,1
42,nf2018v2,nftonv2,lgbm,0.001,insomnia,52100,0.42597630174707835,0.41835115572549375,0.10926467790126333,0.5276125385080179,0.1681690449253677,0.5729994598778736,0.572731852348167,0.1968511464269804,8.987074695046947e-09,,,,50000,95,2
42,nf2018v2,nfbotv2,lgbm,0.0001,selector_v2,211,0.16980458127603548,0.3300092708311367,,0.5376571789251455,0.20858164481525626,0.4880526504794961,0.569039099394422,0.2516226242911011,0.03431983900549515,0.7054211845550483,1.0,resub,,1,
42,nf2018v2,nfbotv2,lgbm,0.0001,finetune,250210,0.6727988535001411,0.9944887955871581,0.345642122657488,0.6092686320499465,0.6460071513706794,0.005167172413560704,0.004983502786699426,0.46053151479537435,0.9991731640378031,,,,,1,1
42,nf2018v2,nfbotv2,lgbm,0.0001,iw_augment,250210,0.6845546345833657,0.9919419945109008,0.43331693238745195,0.6946000685330063,0.22765196662693682,0.008422867980465829,0.004957496042973638,0.5215879135067404,0.11660517122832255,,,,,1,3
42,nf2018v2,nfbotv2,lgbm,0.001,selector_v2,2101,0.16980458127603548,0.3300092708311367,,0.5376571789251455,0.20858164481525626,0.4880526504794961,0.569039099394422,0.2516226242911011,0.03431983900549515,0.39606817739130445,0.6559047092369128,cv3,,9,
42,nf2018v2,nfbotv2,lgbm,0.001,finetune,252100,0.7989689824901289,0.9970524966400907,0.632960569902065,0.9013436429850905,0.5482717520858165,0.002096098644693434,0.001936209550302334,0.8280545925956869,0.9824809157319981,,,,,9,1
42,nf2018v2,nfbotv2,lgbm,0.001,iw_augment,252100,0.785137991630043,0.9963873688593389,0.5703202026841684,0.7992271890286676,0.42073897497020263,0.0025576359190155693,0.0020957823486024217,0.6239945591886381,0.34758261803025503,,,,,9,5
42,nf2018v2,nfbotv2,lgbm,0.01,selector_v2,21000,0.16980458127603548,0.3300092708311367,,0.5376571789251455,0.20858164481525626,0.4880526504794961,0.569039099394422,0.2516226242911011,0.03431983900549515,0.2588780276428083,0.8252567173307684,cv3,,88,
42,nf2018v2,nfbotv2,lgbm,0.01,finetune,270999,0.9200330184630223,0.9987093783272436,0.8423704864442348,0.9336120187816115,0.2169249106078665,0.0010362267124363529,0.0009588840619326091,0.8781080138139402,0.9848510375334739,,,,,88,1
42,nf2018v2,nfbotv2,lgbm,0.01,iw_augment,270999,0.9194129858209628,0.9986642105612691,0.8389392742947744,0.9009064127942354,0.17401668653158522,0.001158764431889778,0.0009889965965267445,0.8582935585976774,0.6319574447496775,,,,,88,3
42,nf2018v2,nfbotv2,lgbm,0.05,selector_v2,105000,0.16980458127603548,0.3300092708311367,,0.5376571789251455,0.20858164481525626,0.4880526504794961,0.569039099394422,0.2516226242911011,0.03431983900549515,0.25041424731009077,0.5911444901057817,cv3,,440,
42,nf2018v2,nfbotv2,lgbm,0.1,selector_v2,210001,0.16980458127603548,0.3300092708311367,,0.5376571789251455,0.20858164481525626,0.4880526504794961,0.569039099394422,0.2516226242911011,0.03431983900549515,0.2511121356944135,0.4194382859019226,cv3,,881,
42,nf2018v2,nfbotv2,lgbm,0.0001,al_iterative,210,0.7680699593774534,0.9957519656418837,0.5434357886332296,0.8241104767918994,0.3575685339690107,0.003965510056336155,0.004326753483504918,0.7527000820951858,0.03322694015705763,,,,,57,0
42,nf2018v2,nfbotv2,lgbm,0.0001,insomnia,16661,0.29791108279907064,0.5813473718185576,0.03491592399444434,0.5141151147562343,0.1466030989272944,0.5643209737118875,0.5540262946296239,0.13430235507265664,3.258387284477783e-09,,,,16451,0,1
42,nf2018v2,nfbotv2,lgbm,0.001,al_iterative,2100,0.8828235838390144,0.9981634500356233,0.7735913495844707,0.9073697116113122,0.3289630512514899,0.0016255071180252983,0.0016598197829357294,0.7987014679042741,0.9993333954975959,,,,,507,2
42,nf2018v2,nfbotv2,lgbm,0.001,insomnia,18551,0.33376593624496514,0.6510701191120158,0.043882284740686776,0.5025286413053819,0.1466030989272944,0.5112528349134683,0.5106976930773418,0.07660587990402852,3.28669387376434e-06,,,,16451,1,1
42,nf2018v2,nfunswv2,mlp,0.0001,selector_v2,144,0.48467871570150534,0.9181498377878126,,0.48050208248097664,0.053584976252585195,0.07455404478960588,0.060391996640676966,0.06566264669141926,0.999999993950387,0.35398264645063965,0.7908351786510934,cv3,,134,
42,nf2018v2,nfunswv2,mlp,0.0001,finetune,250143,0.5063339139989963,0.9414408375820721,0.02804309476219641,0.49593803001987263,0.0082518369170971,0.046027567571163934,0.04698043375094861,0.06562210128349305,0.9999174420720817,,,,,134,1
42,nf2018v2,nfunswv2,mlp,0.0001,iw_augment,250143,0.5222423478494119,0.944215625782372,0.07740985679165503,0.5072836630066255,0.005502956735016265,0.04155189626750157,0.03793657537580342,0.07885472010682487,0.41458581109250486,,,,,134,45
42,nf2018v2,nfunswv2,mlp,0.001,selector_v2,1392,0.48467871570150534,0.9181498377878126,,0.48050208248097664,0.053584976252585195,0.07455404478960584,0.060391996640676904,0.06566264669141926,0.999999993950387,0.29052599001245155,0.7908960655068893,cv3,,1338,
42,nf2018v2,nfunswv2,mlp,0.001,finetune,251391,0.5026776100377273,0.9136620994208362,0.010415211553629363,0.477180177328517,0.06772949771879319,0.09116607363448438,0.06279921458555873,0.0688694177978112,0.9999999931741361,,,,,1338,1
42,nf2018v2,nfunswv2,mlp,0.001,iw_augment,251391,0.7953388986034873,0.9717224143929791,0.595196599243109,0.8026475754081086,0.009821140915184835,0.021025357513337076,0.011431955595008779,0.6188774191149886,0.2878921218406736,,,,,1338,44
42,nf2018v2,nfunswv2,mlp,0.01,selector_v2,13907,0.48467871570150534,0.9181498377878126,,0.48050208248097664,0.053584976252585195,0.07455404478960584,0.060391996640676904,0.06566264669141926,0.999999993950387,0.20915886381226034,0.7661062013611503,cv3,,13382,
42,nf2018v2,nfunswv2,mlp,0.01,finetune,263906,0.8770395047479146,0.9826862922984104,0.7561828534699201,0.8921629388046796,0.006090146641585517,0.013931982652511601,0.007017927733752709,0.7815964232304207,0.08971113537978403,,,,,13382,1
42,nf2018v2,nfunswv2,mlp,0.01,iw_augment,263906,0.934351953478257,0.9905008009709125,0.8687595214310861,0.9430146969421123,0.00448966441837021,0.00767245724850307,0.0020192394465519837,0.8749217444649552,0.3005275396767382,,,,,13382,40
42,nf2018v2,nfunswv2,mlp,0.05,selector_v2,69537,0.48467871570150534,0.9181498377878126,,0.48050208248097664,0.053584976252585195,0.07455404478960584,0.060391996640676904,0.06566264669141926,0.999999993950387,0.21024447236668212,0.9224710425152045,cv3,,66908,
42,nf2018v2,nfunswv2,mlp,0.1,selector_v2,139072,0.48467871570150534,0.9181498377878126,,0.48050208248097664,0.053584976252585195,0.07455404478960584,0.060391996640676904,0.06566264669141926,0.999999993950387,0.2111112660311256,0.9347929757005539,cv3,,133817,
42,nf2018v2,nfunswv2,mlp,0.0001,al_iterative,138,0.8306596432898654,0.9775903835373418,0.6814659786628882,0.849650734698792,0.003102233400193305,0.018439158670655816,0.01766773341459467,0.729494526761835,0.04779584834812285,,,,,70,1
42,nf2018v2,nfunswv2,mlp,0.0001,insomnia,50139,0.49508854659413437,0.930473175836684,-0.00935535065048876,0.4904508630693383,0.029723241288284262,0.05903458654763454,0.053680592960014484,0.03695371827943712,0.999444827154402,,,,50000,137,7
42,nf2018v2,nfunswv2,mlp,0.001,al_iterative,1389,0.9289896581285575,0.9897058462410826,0.8580018088648846,0.9125302842630221,0.005061265212375677,0.008862373572980968,0.003253795528229535,0.8587028762684015,0.4904711983677884,,,,,757,2
42,nf2018v2,nfunswv2,mlp,0.001,insomnia,51391,0.501374391614218,0.9371189242733509,0.007430795397766129,0.49354497831835537,0.016680350443250433,0.050499280788522935,0.046500417026136845,0.04588843083850536,0.9990404070469119,,,,50000,1388,12
42,nf2018v2,nftonv2,mlp,0.0001,selector_v2,213,0.3959680623350248,0.39113987933337835,,0.5592644535724319,0.24484507864676472,0.5420710725131835,0.5243761150203138,0.21402570848805536,1.5290449705437788e-42,0.249986149805007,0.6409580430424441,cv3,,58,
42,nf2018v2,nftonv2,mlp,0.0001,finetune,250212,0.5268188028815597,0.5967825798398493,0.07266893076920006,0.5287849052206469,0.5432283493303164,0.3536626726483982,0.3220611108186621,0.2135580096767239,1.16444188643464e-27,,,,,58,1
42,nf2018v2,nftonv2,mlp,0.0001,iw_augment,250212,0.5646318933760897,0.5898420386583029,0.2652442356234468,0.7117783300603848,0.19043100616765812,0.3957199445070072,0.3648506963868802,0.3988704031086309,0.0028500050538139915,,,,,58,45
42,nf2018v2,nftonv2,mlp,0.001,selector_v2,2100,0.3959680623350248,0.39113987933337835,,0.5592644535724319,0.24484507864676472,0.5420710725131835,0.5243761150203138,0.21402570848805536,1.5290449705437788e-42,0.21927298645759088,0.8965124836895993,cv3,,575,
42,nf2018v2,nftonv2,mlp,0.001,finetune,252099,0.5889973405816803,0.6532273725166621,0.1939788660299238,0.6593449727132059,0.46649757308127443,0.25421792151797934,0.22995192823070337,0.29902408358300275,0.28105038254512515,,,,,575,1
42,nf2018v2,nftonv2,mlp,0.001,iw_augment,252099,0.6714272094623375,0.7115437219866505,0.39491915155146795,0.7405350177234625,0.22398817561402867,0.22758060802219293,0.17134850064589807,0.46395631583133884,0.17182535496853332,,,,,575,37
42,nf2018v2,nftonv2,mlp,0.01,selector_v2,21000,0.3959680623350248,0.39113987933337835,,0.5592644535724319,0.24484507864676472,0.5420710725131835,0.5243761150203138,0.21402570848805536,1.5290449705437788e-42,0.21066062548343736,0.9213493458190616,cv3,,5754,
42,nf2018v2,nftonv2,mlp,0.01,finetune,270999,0.8549166529038936,0.886470215668816,0.712211627096753,0.9076310357357061,0.2567424546549396,0.08738961895293691,0.02013828701320717,0.7130938939954012,0.48096430585963473,,,,,5754,1
42,nf2018v2,nftonv2,mlp,0.01,iw_augment,270999,0.9334718404605653,0.9465566752485554,0.8677370735522424,0.9754720216799999,0.06771650669683588,0.04273609326411751,0.01604451435281993,0.868752244011425,0.5824404092829689,,,,,5754,122
42,nf2018v2,nftonv2,mlp,0.05,selector_v2,105000,0.3959680623350248,0.39113987933337835,,0.5592644535724319,0.24484507864676472,0.5420710725131835,0.5243761150203138,0.21402570848805536,1.5290449705437788e-42,0.2096268960577723,0.9467083542416327,cv3,,28771,
42,nf2018v2,nftonv2,mlp,0.1,selector_v2,210000,0.3959680623350248,0.39113987933337835,,0.5592644535724319,0.24484507864676472,0.5420710725131835,0.5243761150203138,0.21402570848805536,1.5290449705437788e-42,0.21213243497003864,0.9503915586738002,cv3,,57542,
42,nf2018v2,nftonv2,mlp,0.0001,al_iterative,210,0.8964545630477785,0.9176907202064732,0.792917969886784,0.8449591643678676,0.15329732491514908,0.07691062605208127,0.0603254920066645,0.8146007119349717,0.14638553570948698,,,,,89,2
42,nf2018v2,nftonv2,mlp,0.0001,insomnia,50210,0.4303789913228716,0.4327463087133603,0.07069490347948892,0.5344463483262594,0.23136016933688552,0.559046112253724,0.5504221144077706,0.18461479996961783,2.912223894738987e-05,,,,50000,39,17
42,nf2018v2,nftonv2,mlp,0.001,al_iterative,2100,0.9562134302067375,0.9651440522055509,0.9124284090860835,0.9611520354010775,0.06231524396919821,0.03151998791242041,0.01683829935126122,0.9163136311615877,0.15853463748666766,,,,,1050,9
42,nf2018v2,nftonv2,mlp,0.001,insomnia,52100,0.43962351081534184,0.4442091216151099,0.08324139132917553,0.5426375427767398,0.23050253640378088,0.5506295837009851,0.5452320348217924,0.1921154993176624,6.502502450096389e-05,,,,50000,394,17
42,nf2018v2,nfbotv2,mlp,0.0001,selector_v2,211,0.1593721999445393,0.31237904673702865,,0.533666844168806,0.5065554231227652,0.7274575423066602,0.7115381529285754,0.26605649415146393,8.317870326778077e-06,1.0,1.0,resub,,1,
42,nf2018v2,nfbotv2,mlp,0.0001,finetune,250210,0.43169072436246214,0.8536421685226477,-0.009377064343495261,0.5524394030723692,0.8152562574493445,0.16134796855368516,0.1031343739913958,0.29003917943754143,0.01097149880568057,,,,,1,1
42,nf2018v2,nfbotv2,mlp,0.0001,iw_augment,250210,0.5448382493871454,0.9826792687568014,0.1404616836478602,0.5905419923266318,0.6317044100119189,0.01882535220014956,0.0094556684306324,0.31232699360329774,0.007258782380779654,,,,,1,45
42,nf2018v2,nfbotv2,mlp,0.001,selector_v2,2101,0.1593721999445393,0.31237904673702865,,0.533666844168806,0.5065554231227652,0.7274575423066602,0.7115381529285754,0.26605649415146393,8.317870326778077e-06,0.3991793405186802,0.13539994570016725,cv3,,9,
42,nf2018v2,nfbotv2,mlp,0.001,finetune,252100,0.588591900564384,0.9946125329966261,0.27893934972771917,0.5628844934169025,0.8986889153754469,0.0037946786833706614,0.0035487328357819946,0.2974131460899474,0.7942558201159369,,,,,9,1
42,nf2018v2,nfbotv2,mlp,0.001,iw_augment,252100,0.6511874144782086,0.9926322855520605,0.3231815432846727,0.6371806426421311,0.5303933253873659,0.006819259425696731,0.002577497160403931,0.33902544194421425,0.6818274900271497,,,,,9,39
42,nf2018v2,nfbotv2,mlp,0.01,selector_v2,21000,0.1593721999445393,0.31237904673702865,,0.533666844168806,0.5065554231227652,0.7274575423066602,0.7115381529285754,0.26605649415146393,8.317870326778077e-06,0.40948177739673386,0.46507150337617276,cv3,,88,
42,nf2018v2,nfbotv2,mlp,0.01,finetune,270999,0.8486820324487843,0.9976906067723073,0.713533508085066,0.8972542801722,0.4231227651966627,0.001626274242075609,0.0006176624820953368,0.7764093696283528,0.8088486175171176,,,,,88,1
42,nf2018v2,nfbotv2,mlp,0.01,iw_augment,270999,0.7938018432957412,0.9968745023130443,0.6038742326756786,0.806230628699965,0.5208581644815257,0.002340783492911417,0.0015414056453477102,0.6993516825644006,0.8873572324666175,,,,,88,59
42,nf2018v2,nfbotv2,mlp,0.05,selector_v2,105000,0.1593721999445393,0.31237904673702865,,0.533666844168806,0.5065554231227652,0.7274575423066602,0.7115381529285754,0.26605649415146393,8.317870326778077e-06,0.4003028558878547,0.8034093705210873,cv3,,440,
42,nf2018v2,nfbotv2,mlp,0.1,selector_v2,210001,0.1593721999445393,0.31237904673702865,,0.533666844168806,0.5065554231227652,0.7274575423066602,0.7115381529285754,0.26605649415146393,8.317870326778077e-06,0.4077120005243048,0.8884361537207258,cv3,,881,
42,nf2018v2,nfbotv2,mlp,0.0001,al_iterative,210,0.7916719638966445,0.9965044595906644,0.5833641887286815,0.6825977830676452,0.4100119189511323,0.0032033997685837795,0.0024934861087576514,0.6016398924131104,0.24477256509923773,,,,,108,2
42,nf2018v2,nfbotv2,mlp,0.0001,insomnia,50210,0.17819314206920103,0.3500906579161697,-0.052054911737331434,0.5307874237300683,0.5446960667461264,0.7398405011610317,0.7267167753286979,0.2569581574837241,1.4148772333481442e-07,,,,50000,0,5
42,nf2018v2,nfbotv2,mlp,0.001,al_iterative,2100,0.8638179646135822,0.9979195836170873,0.744070695939172,0.8006412710752739,0.39690107270560193,0.001835532997105852,0.001729969452089777,0.7477101934615543,0.16880334627459234,,,,,417,7
42,nf2018v2,nfbotv2,mlp,0.001,insomnia,52100,0.22129011071608043,0.43481622105991,-0.02969338236128867,0.536678288050021,0.4862932061978546,0.705793425615487,0.7009945938196739,0.26792125261110983,4.8837074645976694e-15,,,,50000,2,14
42,nfunswv2,nf2018v2,rf,0.0001,selector_v2,217,0.35222852571984775,0.6087742512241946,,0.5095274836806666,0.4070053651841517,0.21959388419724565,0.2005044808109293,0.2496680356179555,0.31,0.33735138741706644,0.8878696366260774,cv3,,185,
42,nfunswv2,nf2018v2,rf,0.0001,finetune,250219,0.7554187341200908,0.882272433411524,0.5433224979936695,0.6559938771182224,0.12208913238279966,0.13163802437237815,0.16377325613371935,0.5524086462000976,0.4925,,,,,185,6
42,nfunswv2,nf2018v2,rf,0.0001,iw_augment,250219,0.9781204017283862,0.9909795470032933,0.9567887237859306,0.9753951554236948,0.0011626456142738854,0.015585924682898605,0.041713542225041575,0.9574531378435698,0.5333333333333333,,,,,185,90
42,nfunswv2,nf2018v2,rf,0.001,selector_v2,2102,0.35222852571984775,0.6087742512241946,,0.5095274836806666,0.4070053651841517,0.21959388419724565,0.2005044808109293,0.2496680356179555,0.31,0.28133058160645,0.9703293357412658,cv3,,1851,
42,nfunswv2,nf2018v2,rf,0.001,finetune,252104,0.7864697350740403,0.897722197046109,0.6055956298292404,0.6754956394704636,0.11034924739964383,0.12708282261713688,0.17884174329128355,0.6215354728826274,0.4825,,,,,1851,7
42,nfunswv2,nf2018v2,rf,0.001,iw_augment,252104,0.9831111920919291,0.9930191535145131,0.9665691190738998,0.9810900547418997,0.000822359093022992,0.007410000172221361,0.008759089537885519,0.9683617703997123,0.5933333333333334,,,,,1851,101
42,nfunswv2,nf2018v2,rf,0.01,selector_v2,21001,0.35222852571984775,0.6087742512241946,,0.5095274836806666,0.4070053651841517,0.21959388419724565,0.2005044808109293,0.2496680356179555,0.31,0.2799797027432767,0.9735786548371087,cv3,,18514,
42,nfunswv2,nf2018v2,rf,0.01,finetune,271003,0.7997815286138208,0.9034489121330029,0.6361855594532212,0.6813684963180412,0.10938510225609964,0.1259924027254864,0.18425145374273133,0.6512102698870801,0.4875,,,,,18514,8
42,nfunswv2,nf2018v2,rf,0.01,iw_augment,271003,0.9862685370615556,0.9943183466876658,0.9728165774950274,0.9832622226494392,0.00041401526752192014,0.005835659321703391,0.00576968781822771,0.9733856601213431,0.6233333333333333,,,,,18514,121
42,nfunswv2,nf2018v2,rf,0.05,selector_v2,105000,0.35222852571984775,0.6087742512241946,,0.5095274836806666,0.4070053651841517,0.21959388419724565,0.2005044808109293,0.2496680356179555,0.31,0.28108928446627035,0.9745410559587144,cv3,,92569,
42,nfunswv2,nf2018v2,rf,0.1,selector_v2,210000,0.35222852571984775,0.6087742512241946,,0.5095274836806666,0.4070053651841517,0.21959388419724565,0.2005044808109293,0.2496680356179555,0.31,0.28076589733647456,0.9758171489139021,cv3,,185138,
42,nfunswv2,nf2018v2,rf,0.0001,al_iterative,210,0.9615346331497479,0.9843735384191339,0.9256987896281424,0.9749161125615828,0.0002438720068964735,0.014705820748674034,0.02505235807154302,0.941606165680951,0.23666666666666666,,,,,84,2
42,nfunswv2,nf2018v2,rf,0.0001,insomnia,16897,0.8325247208483271,0.9338124684947441,0.6741460641375541,0.8057906109597885,0.018766801646986762,0.071671363087629,0.09058914705426482,0.6972386253744536,0.5166666666666667,,,,16687,205,3
42,nfunswv2,nf2018v2,rf,0.001,al_iterative,2100,0.9822232687006972,0.9926760842017115,0.9650610813968992,0.9796930776803882,0.0,0.007369191209599508,0.004489160887529002,0.9650854979963017,0.49666666666666665,,,,,1218,4
42,nfunswv2,nf2018v2,rf,0.001,insomnia,18787,0.8108350274170377,0.9234445442002582,0.6242349349278697,0.8100829434614054,0.032497362779460304,0.07025878515051871,0.08620506897465509,0.6776176801446125,0.5666666666666667,,,,16687,2052,4
42,nfunswv2,nftonv2,rf,0.0001,selector_v2,213,0.22078412947580991,0.13205171693281917,,0.7143160311015387,0.04713331630232473,0.4521943065826441,0.5264735823679119,0.5648249566571932,0.08666666666666667,0.5406433747126563,0.8317509721471161,cv3,,58,
42,nfunswv2,nftonv2,rf,0.0001,finetune,250215,0.4602556835906094,0.4456428763120948,0.2498060717742618,0.8907619761269114,0.04731579139447466,0.2747288684880924,0.2853754393771969,0.795537592099436,0.3,,,,,58,5
42,nfunswv2,nftonv2,rf,0.0001,iw_augment,250215,0.9217606172520525,0.9374106889073243,0.8437697952473285,0.9718239208240731,0.09762417430020802,0.04740650581030683,0.030347618404758706,0.8664410424067579,0.6633333333333333,,,,,58,73
42,nfunswv2,nftonv2,rf,0.001,selector_v2,2100,0.22078412947580991,0.13205171693281917,,0.7143160311015387,0.04713331630232473,0.4521943065826441,0.5264735823679119,0.5648249566571932,0.08666666666666667,0.554186742688193,0.9291181068479295,cv3,,575,
42,nfunswv2,nftonv2,rf,0.001,finetune,252102,0.48973193233209533,0.4821222718515516,0.2813533382645601,0.9232263794689308,0.04514433779789059,0.26338225463002307,0.2944715848579243,0.8461817017102546,0.2525,,,,,575,6
42,nfunswv2,nftonv2,rf,0.001,iw_augment,252102,0.9670037091046946,0.9738586181397323,0.9341887805701878,0.9924341305810376,0.061475858545308563,0.021136298514825905,0.012628979811565829,0.9344056131050171,0.5066666666666667,,,,,575,84
42,nfunswv2,nftonv2,rf,0.01,selector_v2,21000,0.22078412947580991,0.13205171693281917,,0.7143160311015387,0.04713331630232473,0.4521943065826441,0.5264735823679119,0.5648249566571932,0.08666666666666667,0.564337124283169,0.9605987403572599,cv3,,5754,
42,nfunswv2,nftonv2,rf,0.01,finetune,271002,0.49881673068616206,0.49282402309717743,0.29420340425244557,0.9386449617095106,0.04087442064158242,0.2590967334211671,0.3037405437027185,0.8882996002509841,0.3025,,,,,5754,5
42,nfunswv2,nftonv2,rf,0.01,iw_augment,271002,0.9827881235992968,0.986351757208243,0.9656933557827452,0.9969254037789412,0.035965840662749535,0.010672964975935992,0.005274443038882054,0.9668589163607543,0.58,,,,,5754,112
42,nfunswv2,nftonv2,rf,0.05,selector_v2,105000,0.22078412947580991,0.13205171693281917,,0.7143160311015387,0.04713331630232473,0.4521943065826441,0.5264735823679119,0.5648249566571932,0.08666666666666667,0.5668817503752015,0.976413349956983,cv3,,28771,
42,nfunswv2,nftonv2,rf,0.1,selector_v2,210000,0.22078412947580991,0.13205171693281917,,0.7143160311015387,0.04713331630232473,0.4521943065826441,0.5264735823679119,0.5648249566571932,0.08666666666666667,0.5654829029131992,0.9800184788845696,cv3,,57542,
42,nfunswv2,nftonv2,rf,0.0001,al_iterative,210,0.9433458941041007,0.9554690333698932,0.8881180566487358,0.9695424101524601,0.11937520528447867,0.04613500450835588,0.06481774075537046,0.8884695591549711,0.51,,,,,81,4
42,nfunswv2,nftonv2,rf,0.0001,insomnia,39305,0.569277509214611,0.5859399773702435,0.3174469986106674,0.6052111146201209,0.111638261377322,0.4123835230842822,0.4200385501927509,0.3725295484196497,0.6066666666666667,,,,39095,82,5
42,nfunswv2,nftonv2,rf,0.001,al_iterative,2100,0.9703159362468541,0.9764371207576393,0.9406878161431018,0.9921772533992721,0.05067333309003321,0.02067916011802281,0.0285549927749639,0.9450916818574006,0.5533333333333333,,,,,820,8
42,nfunswv2,nftonv2,rf,0.001,insomnia,41195,0.6020448382658596,0.6148379200993461,0.41042202530964234,0.6747426455755408,0.02753549140542316,0.3998279939733032,0.4140829537481022,0.41719720040323355,0.5233333333333333,,,,39095,538,7
42,nfunswv2,nfbotv2,rf,0.0001,selector_v2,211,0.32727039574410466,0.6373250201469283,,0.5238575899936123,0.06912991656734208,0.2998808777222222,0.35108201666666666,0.19786736503923272,0.13333333333333333,0.0748095274031311,1.0,resub,,1,
42,nfunswv2,nfbotv2,rf,0.0001,finetune,250213,0.46332351867730587,0.889049226848682,0.10053083793068761,0.5552093144600672,0.18951132300357568,0.16948377603125006,0.3300495375,0.3092860310890416,0.35,,,,,1,3
42,nfunswv2,nfbotv2,rf,0.0001,iw_augment,250213,0.6649724902347579,0.9932689629713615,0.34516796977594916,0.6185489324060522,0.5303933253873659,0.0047514651666666664,0.007509949999999929,0.48724708108964726,0.86,,,,,1,72
42,nfunswv2,nfbotv2,rf,0.001,selector_v2,2101,0.32727039574410466,0.6373250201469283,,0.5238575899936123,0.06912991656734208,0.2998808777222222,0.35108201666666666,0.19786736503923272,0.13333333333333333,0.33150337929696877,0.6858893278688257,cv3,,9,
42,nfunswv2,nfbotv2,rf,0.001,finetune,252103,0.4653329949444507,0.8902519785283267,0.11103542616686096,0.7590650332371562,0.12872467222884387,0.16927947190624995,0.3313084125,0.5806283901463065,0.2825,,,,,9,3
42,nfunswv2,nfbotv2,rf,0.001,iw_augment,252103,0.857217935556549,0.9977769894293586,0.723715679234481,0.9408660027007452,0.38259833134684146,0.0013890167222222226,0.0022120833333335033,0.8533215272670434,0.6833333333333333,,,,,9,69
42,nfunswv2,nfbotv2,rf,0.01,selector_v2,21000,0.32727039574410466,0.6373250201469283,,0.5238575899936123,0.06912991656734208,0.2998808777222222,0.35108201666666666,0.19786736503923272,0.13333333333333333,0.3115382732696669,0.918989628793936,cv3,,88,
42,nfunswv2,nfbotv2,rf,0.01,finetune,271002,0.4669963034478606,0.890574897686956,0.12275153857017292,0.8668488969245113,0.057210965435041714,0.16891321668750003,0.3315756999999999,0.773358802543951,0.285,,,,,88,4
42,nfunswv2,nfbotv2,rf,0.01,iw_augment,271002,0.941621990949307,0.9990372617666423,0.8835673593955311,0.980713015251179,0.1394517282479142,0.0006371568333333333,0.0004116166666666157,0.9199243471922864,0.7233333333333334,,,,,88,88
42,nfunswv2,nfbotv2,rf,0.05,selector_v2,105000,0.32727039574410466,0.6373250201469283,,0.5238575899936123,0.06912991656734208,0.2998808777222222,0.35108201666666666,0.19786736503923272,0.13333333333333333,0.21749905493727312,0.9541725696614097,cv3,,440,
42,nfunswv2,nfbotv2,rf,0.1,selector_v2,210001,0.32727039574410466,0.6373250201469283,,0.5238575899936123,0.06912991656734208,0.2998808777222222,0.35108201666666666,0.19786736503923272,0.13333333333333333,0.20430604179112222,0.9688218499862037,cv3,,881,
42,nfunswv2,nfbotv2,rf,0.0001,al_iterative,210,0.7641083547398637,0.9966384461364212,0.5825065121144054,0.8210078688287036,0.6269368295589988,0.002380131222222222,0.0031959333333334643,0.730642273061215,0.76,,,,,65,2
42,nfunswv2,nfbotv2,rf,0.0001,insomnia,634,0.37746851784042595,0.7433935301541288,0.0009238653812772436,0.5018396886062373,0.5899880810488677,0.39384042072222225,0.5299223833333333,0.049365694123952954,0.05333333333333334,,,,424,31,2
42,nfunswv2,nfbotv2,rf,0.001,al_iterative,2100,0.9669777200328176,0.9994541047899314,0.9341819748662084,0.9843237162861025,0.08581644815256258,0.00044436583333333333,0.0009232500000000211,0.9529627231908063,0.78,,,,,496,4
42,nfunswv2,nfbotv2,rf,0.001,insomnia,2524,0.37560327788218173,0.7323776158044341,0.0498456994212292,0.5027037036662757,0.20143027413587605,0.42285048483333326,0.5480441500000001,0.06914761308733848,0.04,,,,424,51,2
42,nfunswv2,nf2018v2,lgbm,0.0001,selector_v2,217,0.44789491923155444,0.7751735151265695,,0.43265089393987605,0.11658216218055603,0.203895942036951,0.18530421974127453,0.06274952823362062,1.7338269011061927e-05,0.6110802260034327,0.8894090263647848,cv3,,185,
42,nfunswv2,nf2018v2,lgbm,0.0001,finetune,250219,0.9571979861490882,0.9821224372904974,0.9143965129187879,0.9693619640778105,0.010270981499756127,0.015410441787767256,0.012192638943572033,0.931900800379458,0.9420984600267803,,,,,185,4
42,nfunswv2,nf2018v2,lgbm,0.0001,iw_augment,250219,0.9742854584253935,0.9893467751930343,0.9487731462535156,0.9722764296337287,0.0036013656832386202,0.009939096528364494,0.007634311954778655,0.9561004107622408,0.7286561285891899,,,,,185,13
42,nfunswv2,nf2018v2,lgbm,0.001,selector_v2,2102,0.44789491923155444,0.7751735151265695,,0.43265089393987605,0.11658216218055603,0.203895942036951,0.18530421974127453,0.06274952823362062,1.7338269011061927e-05,0.5745334373772445,0.9678892798366637,cv3,,1851,
42,nfunswv2,nf2018v2,lgbm,0.001,finetune,252104,0.9737648585709211,0.9891305963733443,0.9477293475922068,0.967415392061366,0.0037374802917389776,0.010350901059953486,0.009991003614357612,0.9487340445855444,0.9377515370842752,,,,,1851,3
42,nfunswv2,nf2018v2,lgbm,0.001,iw_augment,252104,0.9819014048405195,0.9925116391349832,0.9640826414888128,0.9826819305786874,0.0014178605052120553,0.006910926967893245,0.004823174587095386,0.9679961594176641,0.8189892473611848,,,,,1851,15
42,nfunswv2,nf2018v2,lgbm,0.01,selector_v2,21001,0.44789491923155444,0.7751735151265695,,0.43265089393987605,0.11658216218055603,0.203895942036951,0.18530421974127453,0.06274952823362062,1.7338269011061927e-05,0.5670411475335093,0.9717158536206957,cv3,,18514,
42,nfunswv2,nf2018v2,lgbm,0.01,finetune,271003,0.9722755934764831,0.9884324367969851,0.9445526124060174,0.9716372518942098,0.0063520150633500074,0.011209171591868098,0.00838133876527364,0.946792041135405,0.7915255384833202,,,,,18514,3
42,nfunswv2,nf2018v2,lgbm,0.01,iw_augment,271003,0.9856581485967721,0.9940634335312735,0.9715711408999063,0.9805989938820061,0.0006805730425017865,0.005793775343702845,0.0038085101407473927,0.9722587666317462,0.711614474161535,,,,,18514,16
42,nfunswv2,nf2018v2,lgbm,0.05,selector_v2,105000,0.44789491923155444,0.7751735151265695,,0.43265089393987605,0.11658216218055603,0.203895942036951,0.18530421974127453,0.06274952823362062,1.7338269011061927e-05,0.5652836593359304,0.9748192800028174,cv3,,92569,
42,nfunswv2,nf2018v2,lgbm,0.1,selector_v2,210000,0.44789491923155444,0.7751735151265695,,0.43265089393987605,0.11658216218055603,0.203895942036951,0.18530421974127453,0.06274952823362062,1.7338269011061927e-05,0.5640898662713821,0.9753286031646131,cv3,,185138,
42,nfunswv2,nf2018v2,lgbm,0.0001,al_iterative,210,0.84346046563696,0.9408786345336201,0.7249104536854143,0.9022333153104722,0.00015312893456290196,0.05015558144945822,0.050907411786503064,0.7966419974452045,0.01743600896255777,,,,,199,2
42,nfunswv2,nf2018v2,lgbm,0.0001,insomnia,50210,0.4482989322353856,0.7767106991867853,-0.10298942256223041,0.5093245405073893,0.11305452524358843,0.21588170810418833,0.21590654807636198,0.15693371354081626,2.762241020445689e-09,,,,50000,209,4
42,nfunswv2,nf2018v2,lgbm,0.001,al_iterative,2100,0.9835735367061078,0.9932255546595457,0.9676713495283384,0.9754012219823165,5.6714420208482205e-06,0.0067039177628884054,0.006749240622501094,0.9676713495283384,0.9535502575668895,,,,,1138,3
42,nfunswv2,nf2018v2,lgbm,0.001,insomnia,52100,0.4508902615712735,0.7795866935988869,-0.09753695766846154,0.5021399768108653,0.10788217012057486,0.21058310650668402,0.21042661643115013,0.09573495570792652,5.244913115249222e-11,,,,50000,2060,8
42,nfunswv2,nftonv2,lgbm,0.0001,selector_v2,213,0.21994698697646342,0.13048109763007062,,0.48401727388180305,0.043958249698916096,0.7144102926537544,0.7160251424294343,0.14805840020899214,1.216706398281859e-05,0.2407565857399549,0.8436747689238814,cv3,,58,
42,nfunswv2,nftonv2,lgbm,0.0001,finetune,250215,0.8843159685412829,0.9072562848704869,0.7690952579036264,0.8697717892208121,0.1463085288858071,0.08327176026870234,0.07372745507755392,0.7718550518615304,0.3214471421066116,,,,,58,3
42,nfunswv2,nftonv2,lgbm,0.0001,iw_augment,250215,0.9360294201281654,0.9486251056393515,0.8728107989696806,0.9295918684323696,0.06476041020400715,0.04592623466597263,0.03537879081163239,0.872845910793454,0.48571208007740946,,,,,58,16
42,nfunswv2,nftonv2,lgbm,0.001,selector_v2,2100,0.21994698697646342,0.13048109763007062,,0.48401727388180305,0.043958249698916096,0.7144102926537544,0.7160251424294343,0.14805840020899214,1.216706398281859e-05,0.25232721937159414,0.9289197669682926,cv3,,575,
42,nfunswv2,nftonv2,lgbm,0.001,finetune,252102,0.9286979996507948,0.9430095464311189,0.8575727229186515,0.8826990736083649,0.09005145797598628,0.05423261812365175,0.05130152915232926,0.8618497121913435,0.08774481292128962,,,,,575,4
42,nfunswv2,nftonv2,lgbm,0.001,iw_augment,252102,0.9662876107950507,0.9732517469079923,0.9326540229730281,0.9905199029417056,0.05791759424838509,0.021906808192140897,0.013791423013078796,0.9327896067026972,0.4968624482032967,,,,,575,16
42,nfunswv2,nftonv2,lgbm,0.01,selector_v2,21000,0.21994698697646342,0.13048109763007062,,0.48401727388180305,0.043958249698916096,0.7144102926537544,0.7160251424294343,0.14805840020899214,1.216706398281859e-05,0.2601354058524325,0.9655493210946151,cv3,,5754,
42,nfunswv2,nftonv2,lgbm,0.01,finetune,271002,0.9336390475703409,0.9475504679649362,0.8676963044083806,0.8731677773866882,0.11663807890222985,0.04980096947367446,0.04164080584525764,0.8679178122827507,0.478024545584877,,,,,5754,5
42,nfunswv2,nftonv2,lgbm,0.01,iw_augment,271002,0.9835497289699784,0.9869473857338225,0.9671775955401902,0.997185987335331,0.03286376409620087,0.010417757101116927,0.002002880467409967,0.9676200798346929,0.5875849558914157,,,,,5754,17
42,nfunswv2,nftonv2,lgbm,0.05,selector_v2,105000,0.21994698697646342,0.13048109763007062,,0.48401727388180305,0.043958249698916096,0.7144102926537544,0.7160251424294343,0.14805840020899214,1.216706398281859e-05,0.24979441113263381,0.9766571986917038,cv3,,28771,
42,nfunswv2,nftonv2,lgbm,0.1,selector_v2,210000,0.21994698697646342,0.13048109763007062,,0.48401727388180305,0.043958249698916096,0.7144102926537544,0.7160251424294343,0.14805840020899214,1.216706398281859e-05,0.25083541650358915,0.9798412917889757,cv3,,57542,
42,nfunswv2,nftonv2,lgbm,0.0001,al_iterative,210,0.9300795405555662,0.9451070583519559,0.861853221025085,0.9595196931447438,0.14169190905441406,0.050093904745996384,0.046402535088380624,0.8645193724249155,0.5902045685036241,,,,,70,4
42,nfunswv2,nftonv2,lgbm,0.0001,insomnia,50210,0.2240816245997399,0.1357948507938518,-0.08219737472073932,0.6272098352347897,0.04200576621291194,0.7265650547918269,0.72650177636449,0.3355356951083512,7.550434284375565e-10,,,,50000,62,4
42,nfunswv2,nftonv2,lgbm,0.001,al_iterative,2100,0.9788854690330082,0.9832515450548756,0.9578661039526816,0.9927005699651301,0.04054596547571256,0.01438007090252625,0.008692201232622834,0.9579944872495098,0.4339202785855692,,,,,932,4
42,nfunswv2,nftonv2,lgbm,0.001,insomnia,52100,0.2290454423808037,0.14148898599699622,-0.04939151098025669,0.5900578480782386,0.034725010036130065,0.7218374310588637,0.7216544478277858,0.31270954536902,6.175355418436881e-09,,,,50000,776,8
42,nfunswv2,nfbotv2,lgbm,0.0001,selector_v2,211,0.2721542097583699,0.5335825697647274,,0.5142310278609822,0.3528009535160906,0.4288777495803398,0.45113408385118686,0.15489539552782075,0.050516219310019324,0.28101290712039184,1.0,resub,,1,
42,nfunswv2,nfbotv2,lgbm,0.0001,finetune,250213,0.6756301886803529,0.9940845691814035,0.3556839010549828,0.5678653428960494,0.5804529201430274,0.006424348389886709,0.006541484063783624,0.40304262257460277,0.9954689397298007,,,,,1,3
42,nfunswv2,nfbotv2,lgbm,0.0001,iw_augment,250213,0.6812878567869114,0.9931811648030742,0.3895963285602181,0.6131790005689892,0.4266984505363528,0.0073665699277542,0.005938620169951008,0.516899844541652,0.9291471439259941,,,,,1,12
42,nfunswv2,nfbotv2,lgbm,0.001,selector_v2,2101,0.2721542097583699,0.5335825697647274,,0.5142310278609822,0.3528009535160906,0.4288777495803398,0.45113408385118686,0.15489539552782075,0.050516219310019324,0.33269780685756056,0.6559047092369128,cv3,,9,
42,nfunswv2,nfbotv2,lgbm,0.001,finetune,252103,0.8462889690815771,0.9976556083946407,0.7089145174247737,0.8677434850478836,0.42789034564958284,0.0017217715133720493,0.0016319549793403748,0.8234400349578561,0.934574947098459,,,,,9,4
42,nfunswv2,nfbotv2,lgbm,0.001,iw_augment,252103,0.7886438172885396,0.9968612890052855,0.6030738408028133,0.8561506377018817,0.5506555423122765,0.0020633879782396025,0.0015867443618082584,0.7723117469726142,0.8569266289782886,,,,,9,15
42,nfunswv2,nfbotv2,lgbm,0.01,selector_v2,21000,0.2721542097583699,0.5335825697647274,,0.5142310278609822,0.3528009535160906,0.4288777495803398,0.45113408385118686,0.15489539552782075,0.050516219310019324,0.17417185585699266,0.8098081080217957,cv3,,88,
42,nfunswv2,nfbotv2,lgbm,0.01,finetune,271002,0.9260373623837592,0.9987945502939838,0.8532416197448301,0.9555893666765911,0.18951132300357568,0.0009731412859321683,0.0009002471845494124,0.8941597041625041,0.9704870870152806,,,,,88,4
42,nfunswv2,nfbotv2,lgbm,0.01,iw_augment,271002,0.9294427279254643,0.9988455035029377,0.8597081054597755,0.9537141006966592,0.1764004767580453,0.0009621850862443391,0.0007821095477976573,0.8885880883710205,0.852583506133001,,,,,88,14
42,nfunswv2,nfbotv2,lgbm,0.05,selector_v2,105000,0.2721542097583699,0.5335825697647274,,0.5142310278609822,0.3528009535160906,0.4288777495803398,0.45113408385118686,0.15489539552782075,0.050516219310019324,0.17032943764474714,0.8211442519110305,cv3,,440,
42,nfunswv2,nfbotv2,lgbm,0.1,selector_v2,210001,0.2721542097583699,0.5335825697647274,,0.5142310278609822,0.3528009535160906,0.4288777495803398,0.45113408385118686,0.15489539552782075,0.050516219310019324,0.16815748881375336,0.08691465207059534,cv3,,881,
42,nfunswv2,nfbotv2,lgbm,0.0001,al_iterative,210,0.7680699593774534,0.9957519656418837,0.5434357886332296,0.8241104767918994,0.3575685339690107,0.003965510056336155,0.004326753483504918,0.7527000820951858,0.03322694015705763,,,,,57,2
42,nfunswv2,nfbotv2,lgbm,0.0001,insomnia,20711,0.2724268776505099,0.5318381935726866,0.025598657530299267,0.5043363549763878,0.17401668653158522,0.6020171216615845,0.6008960938108595,0.07049446923977999,1.0685586261482465e-08,,,,20501,0,3
42,nfunswv2,nfbotv2,lgbm,0.001,al_iterative,2100,0.8828235838390144,0.9981634500356233,0.7735913495844707,0.9073697116113122,0.3289630512514899,0.0016255071180252983,0.0016598197829357294,0.7987014679042741,0.9993333954975959,,,,,507,5
42,nfunswv2,nfbotv2,lgbm,0.001,insomnia,22601,0.3626584078314284,0.7064854247701866,0.053933972331433225,0.530862052789876,0.13468414779499405,0.4337544743194277,0.436274064745597,0.20383473690233875,5.622695562770983e-09,,,,20501,0,3
42,nfunswv2,nf2018v2,mlp,0.0001,selector_v2,217,0.45385188608680055,0.7786351006268407,,0.45898784449841906,0.11263483853404567,0.1918096234284856,0.18438076291863426,0.11973133184145456,3.502293249504615e-36,0.37598363245756716,0.7984251474971643,cv3,,185,
42,nfunswv2,nf2018v2,mlp,0.0001,finetune,250219,0.578475078482989,0.8248139600765804,0.15697435903909138,0.5359521569853775,0.09748074545433923,0.16424475653645496,0.16442317754358304,0.2761814567482309,0.995223499474991,,,,,185,1
42,nfunswv2,nf2018v2,mlp,0.0001,iw_augment,250219,0.8703147679529035,0.9436119813606946,0.7446767537966535,0.9186070181236905,0.0460691235353501,0.043604953223727934,0.023050183562220848,0.7928082087600896,0.7360272498761846,,,,,185,59
42,nfunswv2,nf2018v2,mlp,0.001,selector_v2,2102,0.45385188608680055,0.7786351006268407,,0.45898784449841906,0.11263483853404567,0.1918096234284856,0.18438076291863426,0.11973133184145456,3.502293249504615e-36,0.3124623319601469,0.9283160441955144,cv3,,1851,
42,nfunswv2,nf2018v2,mlp,0.001,finetune,252104,0.6017709689196178,0.8167112059447671,0.2138821173945572,0.6963973235849371,0.1446671430677964,0.16752115600925313,0.15544312268646776,0.43808827809677936,0.9970628384748086,,,,,1851,1
42,nfunswv2,nf2018v2,mlp,0.001,iw_augment,252104,0.9582987528277385,0.9828977676900521,0.9176801506024665,0.9576810587155343,0.004026723834802237,0.016742400311485526,0.012834432329157718,0.9192094624817597,0.5648541050897824,,,,,1851,43
42,nfunswv2,nf2018v2,mlp,0.01,selector_v2,21001,0.45385188608680055,0.7786351006268407,,0.45898784449841906,0.11263483853404567,0.1918096234284856,0.18438076291863426,0.11973133184145456,3.502293249504615e-36,0.2862059933951084,0.9383997410406345,cv3,,18514,
42,nfunswv2,nf2018v2,mlp,0.01,finetune,271003,0.9454790282870593,0.9776706052055752,0.8921895685472107,0.9509925078896265,0.006505143997912909,0.01840755542472828,0.011283420995103034,0.9002784477668283,0.30112039385317196,,,,,18514,1
42,nfunswv2,nf2018v2,mlp,0.01,iw_augment,271003,0.9814442740006446,0.9923261816401048,0.9631991182428878,0.9818849732193995,0.0013724889690452694,0.007196632784851453,0.003276375801829776,0.9638074595809221,0.5797550835842873,,,,,18514,72
42,nfunswv2,nf2018v2,mlp,0.05,selector_v2,105000,0.45385188608680055,0.7786351006268407,,0.45898784449841906,0.11263483853404567,0.1918096234284856,0.18438076291863426,0.11973133184145456,3.502293249504615e-36,0.2826282538747323,0.9690198635218858,cv3,,92569,
42,nfunswv2,nf2018v2,mlp,0.1,selector_v2,210000,0.45385188608680055,0.7786351006268407,,0.45898784449841906,0.11263483853404567,0.1918096234284856,0.18438076291863426,0.11973133184145456,3.502293249504615e-36,0.2801439332832432,0.9697814992506558,cv3,,185138,
42,nfunswv2,nf2018v2,mlp,0.0001,al_iterative,210,0.9052217030914332,0.9626788714197512,0.8226437810753271,0.8850079476938129,0.0022005195040891096,0.031271026717371204,0.03092293164360037,0.8664336624862946,0.1409208196661134,,,,,131,1
42,nfunswv2,nf2018v2,mlp,0.0001,insomnia,50210,0.44504274225198087,0.779859133432954,-0.10886927825784523,0.45937483023318454,0.10258504327310262,0.1904031162912837,0.18910426876489267,0.0947780955617914,0.018051537376562843,,,,50000,197,7
42,nfunswv2,nf2018v2,mlp,0.001,al_iterative,2100,0.9655540157391715,0.9859638139298761,0.9331784535784599,0.9500652895444486,0.00031192931114665213,0.013024998911409423,0.010799979077786187,0.9376764807861012,0.1475781005907185,,,,,1798,6
42,nfunswv2,nf2018v2,mlp,0.001,insomnia,52100,0.46092868914443136,0.7898430205203705,-0.07576576754853144,0.4543149697118849,0.08977892719002734,0.1873844111224718,0.18520034123288998,0.09499806606752653,0.008926033254361657,,,,50000,2045,11
42,nfunswv2,nftonv2,mlp,0.0001,selector_v2,213,0.2576534756592277,0.17997095150070955,,0.5192587468283111,0.034761505054560056,0.6788302784781951,0.6818437561947841,0.19496868091217953,0.0014573646670817033,0.1669518985442521,0.6409580430424441,cv3,,58,
42,nfunswv2,nftonv2,mlp,0.0001,finetune,250215,0.3646460166760084,0.3479185396089567,-0.012886828591030353,0.48000916437409374,0.2243896208167585,0.5309232533892403,0.5185135569430501,0.12161763933246829,0.0001502744737847102,,,,,58,1
42,nfunswv2,nftonv2,mlp,0.0001,iw_augment,250215,0.5549142983349423,0.5833667237802589,0.23211070248997484,0.6051214181608094,0.22926170577716143,0.31826777306328596,0.21659756523768597,0.31991993460998625,0.5473882729015339,,,,,58,38
42,nfunswv2,nftonv2,mlp,0.001,selector_v2,2100,0.2576534756592277,0.17997095150070955,,0.5192587468283111,0.034761505054560056,0.6788302784781951,0.6818437561947841,0.19496868091217953,0.0014573646670817033,0.22112703110036028,0.8965124836895993,cv3,,575,
42,nfunswv2,nftonv2,mlp,0.001,finetune,252102,0.5427906237503283,0.6620127895826249,0.11443421164498864,0.45403296465921283,0.7846064012262326,0.2768198749662619,0.23937794988260436,0.11677540135579519,0.4686044132330032,,,,,575,1
42,nfunswv2,nftonv2,mlp,0.001,iw_augment,252102,0.8840457097517687,0.9076035392600322,0.7681079791665835,0.9413855209707005,0.16431882048100435,0.06930064132268823,0.017837079940061052,0.7840704496991207,0.35980112065977427,,,,,575,61
42,nfunswv2,nftonv2,mlp,0.01,selector_v2,21000,0.2576534756592277,0.17997095150070955,,0.5192587468283111,0.034761505054560056,0.6788302784781951,0.6818437561947841,0.19496868091217953,0.0014573646670817033,0.2015967203787504,0.9213493458190616,cv3,,5754,
42,nfunswv2,nftonv2,mlp,0.01,finetune,271002,0.8267976083852178,0.8637785472867506,0.6546854296802024,0.8344706036783682,0.2827816503047334,0.11372969828083355,0.05186876486639956,0.6551780986066165,0.5044861226152658,,,,,5754,1
42,nfunswv2,nftonv2,mlp,0.01,iw_augment,271002,0.9639446108365453,0.9713124928530763,0.9278892852230715,0.9891154512559381,0.05260756906682238,0.022404999734928408,0.0070830838649242585,0.9290061311250809,0.3118116679826152,,,,,5754,54
42,nfunswv2,nftonv2,mlp,0.05,selector_v2,105000,0.2576534756592277,0.17997095150070955,,0.5192587468283111,0.034761505054560056,0.6788302784781951,0.6818437561947841,0.19496868091217953,0.0014573646670817033,0.20064392897540193,0.9467083542416327,cv3,,28771,
42,nfunswv2,nftonv2,mlp,0.1,selector_v2,210000,0.2576534756592277,0.17997095150070955,,0.5192587468283111,0.034761505054560056,0.6788302784781951,0.6818437561947841,0.19496868091217953,0.0014573646670817033,0.198577620811928,0.9503915586738002,cv3,,57542,
42,nfunswv2,nftonv2,mlp,0.0001,al_iterative,210,0.8964545630477785,0.9176907202064732,0.792917969886784,0.8449591643678676,0.15329732491514908,0.07691062605208127,0.0603254920066645,0.8146007119349717,0.14638553570948698,,,,,89,1
42,nfunswv2,nftonv2,mlp,0.0001,insomnia,50210,0.27378957705929663,0.19978961895196617,0.07688610228831691,0.47532026481617806,0.021659793438195685,0.685252085178754,0.6825922351479337,0.08131641799362442,0.17094680495086312,,,,50000,22,16
42,nfunswv2,nftonv2,mlp,0.001,al_iterative,2100,0.9562134302067375,0.9651440522055509,0.9124284090860835,0.9611520354010775,0.06231524396919821,0.03151998791242041,0.01683829935126122,0.9163136311615877,0.15853463748666766,,,,,1050,5
42,nfunswv2,nftonv2,mlp,0.001,insomnia,52100,0.2775522362179134,0.20480426253698664,0.08263526198014813,0.5198968451291238,0.021568555892120724,0.6806310450830255,0.6804616927080267,0.2045341976463177,3.4699353693962594e-05,,,,50000,331,15
42,nfunswv2,nfbotv2,mlp,0.0001,selector_v2,211,0.012253780025713392,0.01679357262600303,,0.4985054228446691,0.08939213349225268,0.9836026981075952,0.9840663229512051,0.5233620881409071,9.399671530704869e-31,1.0,1.0,resub,,1,
42,nfunswv2,nfbotv2,mlp,0.0001,finetune,250213,0.5300309463616032,0.9629085293154833,0.1884684068102133,0.6744233303532793,0.20738974970202623,0.06255913527238519,0.06164185966445996,0.542853212950718,6.645896700017482e-09,,,,,1,1
42,nfunswv2,nfbotv2,mlp,0.0001,iw_augment,250213,0.5277373601441259,0.9617628133734646,0.18347982428028173,0.7309691412783474,0.21454112038140644,0.04690876345867563,0.038773607739044785,0.5502270118497518,0.002641198692169577,,,,,1,38
42,nfunswv2,nfbotv2,mlp,0.001,selector_v2,2101,0.012253780025713392,0.01679357262600303,,0.4985054228446691,0.08939213349225268,0.9836026981075952,0.9840663229512051,0.5233620881409071,9.399671530704869e-31,0.3835226484096976,0.13539994570016725,cv3,,9,
42,nfunswv2,nfbotv2,mlp,0.001,finetune,252103,0.553213490001135,0.9920093726070612,0.10732577777215618,0.5572858367446055,0.8736591179976162,0.00697171745042752,0.006830713176224785,0.28317122753146956,0.26860579780359556,,,,,9,1
42,nfunswv2,nfbotv2,mlp,0.001,iw_augment,252103,0.6828732783197151,0.9927292348275066,0.40611750316393563,0.7211732158653195,0.3528009535160906,0.007891101027290038,0.004196077727095786,0.48521237535032596,3.2062687019426095e-08,,,,,9,47
42,nfunswv2,nfbotv2,mlp,0.01,selector_v2,21000,0.012253780025713392,0.01679357262600303,,0.4985054228446691,0.08939213349225268,0.9836026981075952,0.9840663229512051,0.5233620881409071,9.399671530704869e-31,0.45890143252136417,0.46507150337617276,cv3,,88,
42,nfunswv2,nfbotv2,mlp,0.01,finetune,271002,0.8072105972478905,0.9971838491000227,0.6532553896976077,0.755030275369777,0.5399284862932062,0.0023876840623824505,0.001964872621675179,0.6634569743215794,0.7063825043938889,,,,,88,1
42,nfunswv2,nfbotv2,mlp,0.01,iw_augment,271002,0.8684655785314779,0.9978960216022318,0.7402338146410005,0.8757132944029645,0.3253873659117998,0.0016553174704596197,0.0005606960772736154,0.7518125002039328,0.727189650238935,,,,,88,48
42,nfunswv2,nfbotv2,mlp,0.05,selector_v2,105000,0.012253780025713392,0.01679357262600303,,0.4985054228446691,0.08939213349225268,0.9836026981075952,0.9840663229512051,0.5233620881409071,9.399671530704869e-31,0.5159168027515898,0.8034093705210873,cv3,,440,
42,nfunswv2,nfbotv2,mlp,0.1,selector_v2,210001,0.012253780025713392,0.01679357262600303,,0.4985054228446691,0.08939213349225268,0.9836026981075952,0.9840663229512051,0.5233620881409071,9.399671530704869e-31,0.5332384182818545,0.8884361537207258,cv3,,881,
42,nfunswv2,nfbotv2,mlp,0.0001,al_iterative,210,0.7916719638966445,0.9965044595906644,0.5833641887286815,0.6825977830676452,0.4100119189511323,0.0032033997685837795,0.0024934861087576514,0.6016398924131104,0.24477256509923773,,,,,108,1
42,nfunswv2,nfbotv2,mlp,0.0001,insomnia,50210,0.01602827899623963,0.023755951286494777,-0.008369299812582083,0.6343526219727766,0.026221692491060787,0.9797438682242822,0.9834758682313857,0.45946430168171826,1.3528672687481648e-06,,,,50000,3,5
42,nfunswv2,nfbotv2,mlp,0.001,al_iterative,2100,0.8638179646135822,0.9979195836170873,0.744070695939172,0.8006412710752739,0.39690107270560193,0.001835532997105852,0.001729969452089777,0.7477101934615543,0.16880334627459234,,,,,417,6
42,nfunswv2,nfbotv2,mlp,0.001,insomnia,52100,0.017522536663673094,0.027225912058765695,-0.04002847658108439,0.5286754374050844,0.08700834326579261,0.9734263252269544,0.9765167733857191,0.19388349926512788,6.487191791148308e-05,,,,50000,82,5
42,nftonv2,nf2018v2,rf,0.0001,selector_v2,217,0.5526769256971206,0.8048317482675872,,0.5454033503384739,0.1292691779811935,0.16045139874300626,0.10378131442676115,0.19635474459486194,0.19,0.2498261127145374,0.8878696366260774,cv3,,185,
42,nftonv2,nf2018v2,rf,0.0001,finetune,250218,0.6464537249916288,0.8570850359024259,0.29462352607389636,0.7568802443949132,0.06846564807567972,0.09631631151219246,0.14933836580817098,0.621289610627719,0.385,,,,,185,7
42,nftonv2,nf2018v2,rf,0.0001,iw_augment,250218,0.9052191302246073,0.9582876979593409,0.8175119585482761,0.946518899030815,0.04160569866494255,0.045039995522244615,0.05836699149837587,0.8649039246054747,0.74,,,,,185,169
42,nftonv2,nf2018v2,rf,0.001,selector_v2,2102,0.5526769256971206,0.8048317482675872,,0.5454033503384739,0.1292691779811935,0.16045139874300626,0.10378131442676115,0.19635474459486194,0.19,0.1948964615049223,0.9703293357412658,cv3,,1851,
42,nftonv2,nf2018v2,rf,0.001,finetune,252103,0.6647331824916247,0.862839129205795,0.33016745653204704,0.7663440063560949,0.06992888011705857,0.09353492988785056,0.1444580027099865,0.6280948009310311,0.39,,,,,1851,9
42,nftonv2,nf2018v2,rf,0.001,iw_augment,252103,0.9701221755866409,0.9875528842490076,0.9402599656072391,0.9743204724365959,0.006369029389412552,0.013516595361467635,0.01851559075537959,0.9506330871289999,0.75,,,,,1851,159
42,nftonv2,nf2018v2,rf,0.01,selector_v2,21001,0.5526769256971206,0.8048317482675872,,0.5454033503384739,0.1292691779811935,0.16045139874300626,0.10378131442676115,0.19635474459486194,0.19,0.19667093882136022,0.9735786548371087,cv3,,18514,
42,nftonv2,nf2018v2,rf,0.01,finetune,271002,0.6707029890606311,0.8651796489617685,0.3420679500015236,0.7727313113282692,0.06891936343734759,0.09260703333983329,0.14380128099359504,0.6338170708641526,0.39,,,,,18514,9
42,nftonv2,nf2018v2,rf,0.01,iw_augment,271002,0.9795504170274693,0.9915333686271065,0.9593401683402313,0.9810373470291023,0.0021721622939848686,0.008168086826232532,0.006461001028328349,0.9625328994976059,0.7,,,,,18514,172
42,nftonv2,nf2018v2,rf,0.05,selector_v2,105000,0.5526769256971206,0.8048317482675872,,0.5454033503384739,0.1292691779811935,0.16045139874300626,0.10378131442676115,0.19635474459486194,0.19,0.19902357984716273,0.9745410559587144,cv3,,92569,
42,nftonv2,nf2018v2,rf,0.1,selector_v2,210000,0.5526769256971206,0.8048317482675872,,0.5454033503384739,0.1292691779811935,0.16045139874300626,0.10378131442676115,0.19635474459486194,0.19,0.19792983302696524,0.9758171489139021,cv3,,185138,
42,nftonv2,nf2018v2,rf,0.0001,al_iterative,210,0.9615346331497479,0.9843735384191339,0.9256987896281424,0.9749161125615828,0.0002438720068964735,0.014705820748674034,0.02505235807154302,0.941606165680951,0.23666666666666666,,,,,84,3
42,nftonv2,nf2018v2,rf,0.0001,insomnia,34053,0.4576489298738569,0.7980391799484403,-0.07841224573810354,0.5382043151928773,0.06604961377479839,0.1634703693148201,0.15252670403314642,0.24591071577505058,0.0033333333333333335,,,,33843,209,8
42,nftonv2,nf2018v2,rf,0.001,al_iterative,2100,0.9822232687006972,0.9926760842017115,0.9650610813968992,0.9796930776803882,0.0,0.007369191209599508,0.004489160887529002,0.9650854979963017,0.49666666666666665,,,,,1218,5
42,nftonv2,nf2018v2,rf,0.001,insomnia,35943,0.4677210670639223,0.8059537966175951,-0.053734863350174,0.5864154269725809,0.05326618345980649,0.14681684291578542,0.1407363296516849,0.36406747441631854,0.0033333333333333335,,,,33843,2050,12
42,nftonv2,nfunswv2,rf,0.0001,selector_v2,144,0.51773304991163,0.9065168677252127,,0.4987104671390125,0.08722108479437961,0.11606648827777777,0.16923821666666666,0.09949547229063845,0.7066666666666667,0.30611483744878115,0.9358576176957495,cv3,,134,
42,nftonv2,nfunswv2,rf,0.0001,finetune,250145,0.5920000361597993,0.9379078378598401,0.18505332689172027,0.6438950485495445,0.03747103023248563,0.06887021471874999,0.1826102875,0.40434172207626007,0.315,,,,,134,7
42,nftonv2,nfunswv2,rf,0.0001,iw_augment,250145,0.8350745061857241,0.9777058075782961,0.6813424023163799,0.8735063956205225,0.004920963199301608,0.016620131222222227,0.02410753333333327,0.773654617202115,0.2966666666666667,,,,,134,179
42,nftonv2,nfunswv2,rf,0.001,selector_v2,1392,0.51773304991163,0.9065168677252127,,0.4987104671390125,0.08722108479437961,0.11606648827777777,0.16923821666666666,0.09949547229063845,0.7066666666666667,0.3012849152877177,0.9060216923915888,cv3,,1338,
42,nftonv2,nfunswv2,rf,0.001,finetune,251393,0.6044430380995035,0.9406662847947623,0.20943600819383598,0.6675373897234064,0.03432202949460097,0.06783390540625,0.18229038750000004,0.4106092436414397,0.3225,,,,,1338,6
42,nftonv2,nfunswv2,rf,0.001,iw_augment,251393,0.9213644924622382,0.9886088087224149,0.8427620770028902,0.9476318978230285,0.005565313185271406,0.00820484972222222,0.0062096499999998375,0.8873696559160134,0.2833333333333333,,,,,1338,166
42,nftonv2,nfunswv2,rf,0.01,selector_v2,13907,0.51773304991163,0.9065168677252127,,0.4987104671390125,0.08722108479437961,0.11606648827777777,0.16923821666666666,0.09949547229063845,0.7066666666666667,0.25843596207789993,0.9381582452348606,cv3,,13382,
42,nftonv2,nfunswv2,rf,0.01,finetune,263908,0.6064467965654662,0.9413488483054158,0.21324617996702547,0.6811956504784262,0.0332203988734268,0.066888514875,0.18367369999999997,0.43031391594185203,0.3125,,,,,13382,7
42,nftonv2,nfunswv2,rf,0.01,iw_augment,263908,0.9665625837060705,0.995098277254928,0.9332573579950787,0.9855418214701674,0.003211357188139803,0.0039054132222222228,0.0016828666666668813,0.9392544884747352,0.42,,,,,13382,172
42,nftonv2,nfunswv2,rf,0.05,selector_v2,69537,0.51773304991163,0.9065168677252127,,0.4987104671390125,0.08722108479437961,0.11606648827777777,0.16923821666666666,0.09949547229063845,0.7066666666666667,0.26022411518593064,0.9473607608291451,cv3,,66908,
42,nftonv2,nfunswv2,rf,0.1,selector_v2,139072,0.51773304991163,0.9065168677252127,,0.4987104671390125,0.08722108479437961,0.11606648827777777,0.16923821666666666,0.09949547229063845,0.7066666666666667,0.25245449778655044,0.9494563386460267,cv3,,133817,
42,nftonv2,nfunswv2,rf,0.0001,al_iterative,138,0.8918347929812,0.984463603914423,0.7839749673836198,0.951657406651831,0.0069527442034483114,0.009516911555555558,0.022392100000000036,0.8732258539909681,0.35333333333333333,,,,,67,2
42,nftonv2,nfunswv2,rf,0.0001,insomnia,7261,0.726301536944596,0.9662179517949256,0.5161706477720751,0.6743997104617182,0.001964228183036967,0.044605904777777775,0.08934030000000005,0.5287369651668431,0.45,,,,7122,43,3
42,nftonv2,nfunswv2,rf,0.001,al_iterative,1389,0.966368420967054,0.9950516266961507,0.933019005949944,0.9796122577848005,0.003549121293688488,0.004110417333333332,0.0034462666666664876,0.9384757078199882,0.35,,,,,832,4
42,nftonv2,nfunswv2,rf,0.001,insomnia,8513,0.7523771449763125,0.9689877526621954,0.5576116539817719,0.8432766546747447,0.002094137454401846,0.018106133944444446,0.012230650000000036,0.7730822015024724,0.08666666666666667,,,,7122,887,3
42,nftonv2,nfbotv2,rf,0.0001,selector_v2,211,0.030052449656155344,0.051616222914843975,,0.5129576164835208,0.03218116805721097,0.5077937100000001,0.6805636666666666,0.14458857669260214,0.016666666666666666,0.3476108935769035,1.0,resub,,1,
42,nftonv2,nfbotv2,rf,0.0001,finetune,250212,0.23623808711640787,0.4605473933863455,0.020083500236092924,0.5220097400348193,0.15852205005959474,0.2864399,0.280850775,0.17459281892752887,0.2625,,,,,1,4
42,nftonv2,nfbotv2,rf,0.0001,iw_augment,250212,0.8634194352376545,0.9973609220032345,0.7488588098377098,0.7546146828993447,0.04290822407628129,0.004999388888888887,0.01631246666666662,0.7669342474922658,0.42333333333333334,,,,,1,166
42,nftonv2,nfbotv2,rf,0.001,selector_v2,2101,0.030052449656155344,0.051616222914843975,,0.5129576164835208,0.03218116805721097,0.5077937100000001,0.6805636666666666,0.14458857669260214,0.016666666666666666,0.055027144230118466,0.6858893278688257,cv3,,9,
42,nftonv2,nfbotv2,rf,0.001,finetune,252102,0.2369679069113941,0.4606845572118675,0.03589266857919611,0.5903708405874276,0.04648390941597139,0.2862460561875,0.27997217499999993,0.3504393069733744,0.2525,,,,,9,4
42,nftonv2,nfbotv2,rf,0.001,iw_augment,252102,0.8916568367880069,0.9981923140781837,0.7833172094504065,0.9027349306507568,0.21811680572109654,0.0015282277777777778,0.0031878666666666907,0.8394137916974911,0.5866666666666667,,,,,9,176
42,nftonv2,nfbotv2,rf,0.01,selector_v2,21000,0.030052449656155344,0.051616222914843975,,0.5129576164835208,0.03218116805721097,0.5077937100000001,0.6805636666666666,0.14458857669260214,0.016666666666666666,0.15044663595176572,0.918989628793936,cv3,,88,
42,nftonv2,nfbotv2,rf,0.01,finetune,271001,0.23714771202299037,0.4609137655062482,0.03742648712114337,0.7899297898939457,0.03575685339690107,0.28583982034374994,0.2808247625,0.7241208492931339,0.2675,,,,,88,5
42,nftonv2,nfbotv2,rf,0.01,iw_augment,271001,0.9607843016422217,0.9993398602220857,0.9216688424782563,0.9776182730644194,0.06436233611442194,0.0006476404444444445,0.0007506000000002208,0.9257094146843964,0.5433333333333333,,,,,88,181
42,nftonv2,nfbotv2,rf,0.05,selector_v2,105000,0.030052449656155344,0.051616222914843975,,0.5129576164835208,0.03218116805721097,0.5077937100000001,0.6805636666666666,0.14458857669260214,0.016666666666666666,0.13970781817435196,0.9541725696614097,cv3,,440,
42,nftonv2,nfbotv2,rf,0.1,selector_v2,210001,0.030052449656155344,0.051616222914843975,,0.5129576164835208,0.03218116805721097,0.5077937100000001,0.6805636666666666,0.14458857669260214,0.016666666666666666,0.16035483612248985,0.9688218499862037,cv3,,881,
42,nftonv2,nfbotv2,rf,0.0001,al_iterative,210,0.7641083547398637,0.9966384461364212,0.5825065121144054,0.8210078688287036,0.6269368295589988,0.002380131222222222,0.0031959333333334643,0.730642273061215,0.76,,,,,65,2
42,nftonv2,nfbotv2,rf,0.0001,insomnia,8747,0.3261187966370026,0.635451255764017,0.04867289041464137,0.5053536632983213,0.09296781883194279,0.2752772071111111,0.3724839333333334,0.0762607093416033,0.35,,,,8537,0,3
42,nftonv2,nfbotv2,rf,0.001,al_iterative,2100,0.9669777200328176,0.9994541047899314,0.9341819748662084,0.9843237162861025,0.08581644815256258,0.00044436583333333333,0.0009232500000000211,0.9529627231908063,0.78,,,,,496,3
42,nftonv2,nfbotv2,rf,0.001,insomnia,10637,0.3302800021840879,0.6440843494339406,0.044912611575638965,0.5029209987076146,0.13110846245530394,0.2999142580000001,0.4107482,0.06148007705220885,0.8133333333333334,,,,8537,3,4
42,nftonv2,nf2018v2,lgbm,0.0001,selector_v2,217,0.512194194492717,0.7580293395427917,,0.5180626835605044,0.2143861798300836,0.231606770312999,0.198490509718318,0.25763543518095944,0.9741304587164453,0.523270039987992,0.8894090263647848,cv3,,185,
42,nftonv2,nf2018v2,lgbm,0.0001,finetune,250218,0.9607175495583411,0.9836496031284941,0.9214658435154282,0.9707648253416374,0.008291648234480099,0.013669167545801605,0.011400490331454209,0.9453660685855404,0.9536532971616768,,,,,185,4
42,nftonv2,nf2018v2,lgbm,0.0001,iw_augment,250218,0.7743084105963993,0.8860699044875375,0.605615395902823,0.8674961664557435,0.1389843581629065,0.09866083344417029,0.06385200607157204,0.7279973045883467,0.9498431802008317,,,,,185,15
42,nftonv2,nf2018v2,lgbm,0.001,selector_v2,2102,0.512194194492717,0.7580293395427917,,0.5180626835605044,0.2143861798300836,0.231606770312999,0.198490509718318,0.25763543518095944,0.9741304587164453,0.45220280182341116,0.9678892798366637,cv3,,1851,
42,nftonv2,nf2018v2,lgbm,0.001,finetune,252103,0.9818603125247296,0.9925005208827675,0.9640519374449475,0.9799966703815916,0.00117965994033643,0.007006642479711569,0.006529322294449801,0.9649110430137563,0.4547250290437947,,,,,1851,5
42,nftonv2,nf2018v2,lgbm,0.001,iw_augment,252103,0.9218242768800546,0.9660337242679928,0.8479472797331261,0.9708448819578088,0.03261079161987727,0.027988783002770988,0.006081991159859305,0.9238331186174727,0.901421519941231,,,,,1851,14
42,nftonv2,nf2018v2,lgbm,0.01,selector_v2,21001,0.512194194492717,0.7580293395427917,,0.5180626835605044,0.2143861798300836,0.231606770312999,0.198490509718318,0.25763543518095944,0.9741304587164453,0.4250773450646409,0.9717158536206957,cv3,,18514,
42,nftonv2,nf2018v2,lgbm,0.01,finetune,271002,0.9777007047773685,0.9907099328965726,0.955416955021684,0.978244826611803,0.004588196594866211,0.008815368457626658,0.005936124972792012,0.958985587186346,0.8620757707168195,,,,,18514,4
42,nftonv2,nf2018v2,lgbm,0.01,iw_augment,271002,0.9727307288148808,0.9886499107487592,0.9454930144836505,0.9814302991967444,0.005461598666076837,0.010226507708025375,0.0059003239113301405,0.9622138387114032,0.8615931358126627,,,,,18514,16
42,nftonv2,nf2018v2,lgbm,0.05,selector_v2,105000,0.512194194492717,0.7580293395427917,,0.5180626835605044,0.2143861798300836,0.231606770312999,0.198490509718318,0.25763543518095944,0.9741304587164453,0.4156619367849852,0.9748192800028174,cv3,,92569,
42,nftonv2,nf2018v2,lgbm,0.1,selector_v2,210000,0.512194194492717,0.7580293395427917,,0.5180626835605044,0.2143861798300836,0.231606770312999,0.198490509718318,0.25763543518095944,0.9741304587164453,0.4118967129649799,0.9753286031646131,cv3,,185138,
42,nftonv2,nf2018v2,lgbm,0.0001,al_iterative,210,0.84346046563696,0.9408786345336201,0.7249104536854143,0.9022333153104722,0.00015312893456290196,0.05015558144945822,0.050907411786503064,0.7966419974452045,0.01743600896255777,,,,,199,1
42,nftonv2,nf2018v2,lgbm,0.0001,insomnia,50210,0.5385147096568095,0.7845485272394878,0.08729112175303948,0.5181630038767415,0.1706933905014689,0.2321430520775105,0.22988615294960735,0.16801408551678013,0.9999996464478338,,,,50000,209,9
42,nftonv2,nf2018v2,lgbm,0.001,al_iterative,2100,0.9835735367061078,0.9932255546595457,0.9676713495283384,0.9754012219823165,5.6714420208482205e-06,0.0067039177628884054,0.006749240622501094,0.9676713495283384,0.9535502575668895,,,,,1138,4
42,nftonv2,nf2018v2,lgbm,0.001,insomnia,52100,0.5601634813348729,0.80524649590521,0.12363279669415286,0.5327934202980503,0.1352695636392509,0.2012789765029122,0.19813015570865877,0.21784222856681087,0.9999806921923566,,,,50000,2076,7
42,nftonv2,nfunswv2,lgbm,0.0001,selector_v2,144,0.37195037457944263,0.6746162894893755,,0.4845886081454846,0.44713212292534893,0.31924476186031814,0.2683889959421322,0.06091169317302561,0.9133923514739994,0.434433417644404,0.8717152353914989,cv3,,134,
42,nftonv2,nfunswv2,lgbm,0.0001,finetune,250145,0.8656695006515436,0.9804209640454772,0.7313466684062863,0.7920258511011428,0.010366759854917326,0.018719580267717698,0.01740398975524604,0.7351349548804135,0.32385891621392804,,,,,134,3
42,nftonv2,nfunswv2,lgbm,0.0001,iw_augment,250145,0.8360558217466754,0.9769177730632409,0.6740191317712381,0.7955127916048333,0.00897932883674042,0.019785121583061244,0.009457581449770141,0.6853162750401218,0.3060658986206262,,,,,134,17
42,nftonv2,nfunswv2,lgbm,0.001,selector_v2,1392,0.37195037457944263,0.6746162894893755,,0.4845886081454846,0.44713212292534893,0.31924476186031814,0.2683889959421322,0.06091169317302561,0.9133923514739994,0.2512382483600384,0.848410526924862,cv3,,1338,
42,nftonv2,nfunswv2,lgbm,0.001,finetune,251393,0.9411699351781334,0.9913440542906692,0.8826079982688823,0.9458233651916048,0.0054977603641616695,0.00732981748635415,0.005600294507309126,0.8913601538776066,0.04144656243376528,,,,,1338,6
42,nftonv2,nfunswv2,lgbm,0.001,iw_augment,251393,0.9247242155707112,0.9891605637409109,0.8496572027747147,0.9397369642393492,0.004759875702809158,0.008660149188395624,0.004087805556093889,0.8808219695182403,0.16824082136102134,,,,,1338,16
42,nftonv2,nfunswv2,lgbm,0.01,selector_v2,13907,0.37195037457944263,0.6746162894893755,,0.4845886081454846,0.44713212292534893,0.31924476186031814,0.2683889959421322,0.06091169317302561,0.9133923514739994,0.2014960700950697,0.9288510975947402,cv3,,13382,
42,nftonv2,nfunswv2,lgbm,0.01,finetune,263908,0.9631773794910854,0.9946221101608959,0.9263913709646198,0.9778726099296509,0.003143804367030066,0.004569832664127604,0.00364440729666242,0.9345391630850214,0.1577535148922891,,,,,13382,3
42,nftonv2,nfunswv2,lgbm,0.01,iw_augment,263908,0.963305662907558,0.9946364360388594,0.9266638899323177,0.9815659729240266,0.003206160817285208,0.004155707177443075,0.0011179344640972894,0.9308731984579709,0.30678826432109074,,,,,13382,17
42,nftonv2,nfunswv2,lgbm,0.05,selector_v2,69537,0.37195037457944263,0.6746162894893755,,0.4845886081454846,0.44713212292534893,0.31924476186031814,0.2683889959421322,0.06091169317302561,0.9133923514739994,0.2150781495309491,0.9413234193205957,cv3,,66908,
42,nftonv2,nfunswv2,lgbm,0.1,selector_v2,139072,0.37195037457944263,0.6746162894893755,,0.4845886081454846,0.44713212292534893,0.31924476186031814,0.2683889959421322,0.06091169317302561,0.9133923514739994,0.20902509098105404,0.9487979370298759,cv3,,133817,
42,nftonv2,nfunswv2,lgbm,0.0001,al_iterative,138,0.8776639592389068,0.98266226092491,0.7566484293516409,0.8702646381918996,0.006677336548154769,0.015455377607341544,0.014132126815361544,0.7749015501811479,0.10689450145804395,,,,,91,2
42,nftonv2,nfunswv2,lgbm,0.0001,insomnia,50139,0.4291279995957262,0.7703447499030646,-0.014924145213115723,0.4979327862295649,0.3170046039845772,0.3240568015597034,0.3231024444180545,0.03672669628667989,1.053744978262332e-09,,,,50000,135,9
42,nftonv2,nfunswv2,lgbm,0.001,al_iterative,1389,0.9631933227842508,0.9946157623242505,0.9264571719038199,0.9764291657358911,0.0032841063801041354,0.004701702563741961,0.004261194164724662,0.9309352082092572,0.007596114676896721,,,,,769,5
42,nftonv2,nfunswv2,lgbm,0.001,insomnia,51391,0.4410306266738858,0.7825764272444381,0.00853518233088523,0.504067893242845,0.300448966441837,0.31203246743791185,0.31227544112010924,0.03859020105802378,2.6137695815228953e-09,,,,50000,1363,6
42,nftonv2,nfbotv2,lgbm,0.0001,selector_v2,211,0.03665090284912066,0.06475962250191433,,0.5602470681504367,0.03933253873659118,0.8895908293475704,0.9194187440002074,0.2763598423212492,0.00017550940605912685,1.0,1.0,resub,,1,
42,nftonv2,nfbotv2,lgbm,0.0001,finetune,250212,0.7109011445079653,0.9949270325282894,0.42361820047518883,0.7489000608735779,0.532777115613826,0.0040046403250587745,0.003985433996408479,0.6243709542984085,0.04865085361468801,,,,,1,3
42,nftonv2,nfbotv2,lgbm,0.0001,iw_augment,250212,0.6985844391410423,0.9942909691234056,0.4066035132293865,0.6891795651676288,0.4922526817640048,0.005443354225375888,0.0047102925776318525,0.575234114827418,0.12363628089980623,,,,,1,16
42,nftonv2,nfbotv2,lgbm,0.001,selector_v2,2101,0.03665090284912066,0.06475962250191433,,0.5602470681504367,0.03933253873659118,0.8895908293475704,0.9194187440002074,0.2763598423212492,0.00017550940605912685,0.33269780685756056,0.6559047092369128,cv3,,9,
42,nftonv2,nfbotv2,lgbm,0.001,finetune,252102,0.9099737288444335,0.9985528297167654,0.8227843428914552,0.8797805382432956,0.24195470798569726,0.0013263940396624437,0.0011766409333585713,0.8339300085797807,0.8239091507493002,,,,,9,3
42,nftonv2,nfbotv2,lgbm,0.001,iw_augment,252102,0.8727633017437384,0.9978644619729704,0.7455562012629421,0.8619143846841372,0.2467222884386174,0.001678812675274467,0.0007489742180283186,0.7656474726627776,0.6018756605089673,,,,,9,16
42,nftonv2,nfbotv2,lgbm,0.01,selector_v2,21000,0.03665090284912066,0.06475962250191433,,0.5602470681504367,0.03933253873659118,0.8895908293475704,0.9194187440002074,0.2763598423212492,0.00017550940605912685,0.2760661722784356,0.8098081080217957,cv3,,88,
42,nftonv2,nfbotv2,lgbm,0.01,finetune,271001,0.9188706469538565,0.998682171199972,0.8392343636870028,0.8954647671588488,0.20858164481525626,0.0012083728925276838,0.0011725054388836901,0.8521501428391716,0.9936663647390281,,,,,88,3
42,nftonv2,nfbotv2,lgbm,0.01,iw_augment,271001,0.9425087088276713,0.9990521700781745,0.8853567560513218,0.9329629551538146,0.13825983313468415,0.0007737223819314969,0.0003670429504921163,0.9113236727382147,0.8392834606983073,,,,,88,16
42,nftonv2,nfbotv2,lgbm,0.05,selector_v2,105000,0.03665090284912066,0.06475962250191433,,0.5602470681504367,0.03933253873659118,0.8895908293475704,0.9194187440002074,0.2763598423212492,0.00017550940605912685,0.29976199231747236,0.8211442519110305,cv3,,440,
42,nftonv2,nfbotv2,lgbm,0.1,selector_v2,210001,0.03665090284912066,0.06475962250191433,,0.5602470681504367,0.03933253873659118,0.8895908293475704,0.9194187440002074,0.2763598423212492,0.00017550940605912685,0.29202883149876024,0.08691465207059534,cv3,,881,
42,nftonv2,nfbotv2,lgbm,0.0001,al_iterative,210,0.7680699593774534,0.9957519656418837,0.5434357886332296,0.8241104767918994,0.3575685339690107,0.003965510056336155,0.004326753483504918,0.7527000820951858,0.03322694015705763,,,,,57,1
42,nftonv2,nfbotv2,lgbm,0.0001,insomnia,50210,0.041593296952978066,0.07446644550624261,0.003421872690333204,0.49684837569950807,0.028605482717520857,0.9566356032419324,0.9563829464230265,0.008357700030653304,0.9997074331798461,,,,50000,1,4
42,nftonv2,nfbotv2,lgbm,0.001,al_iterative,2100,0.8828235838390144,0.9981634500356233,0.7735913495844707,0.9073697116113122,0.3289630512514899,0.0016255071180252983,0.0016598197829357294,0.7987014679042741,0.9993333954975959,,,,,507,4
42,nftonv2,nfbotv2,lgbm,0.001,insomnia,52100,0.050291793230119064,0.09166714693631318,0.007366260964187687,0.4978404891093495,0.023837902264600714,0.9463283379313387,0.9468519756024771,0.012869075561159763,0.9999429076086394,,,,50000,4,5
42,nftonv2,nf2018v2,mlp,0.0001,selector_v2,217,0.4657946317296745,0.6926401054341292,,0.5483400920337267,0.32648223137214866,0.31168109306884734,0.2868718135650597,0.39945943134329553,0.9970384703583932,0.3719472560604476,0.7984251474971643,cv3,,185,
42,nftonv2,nf2018v2,mlp,0.0001,finetune,250218,0.6159405149697581,0.8414193237041981,0.23205067697121376,0.5952326682401912,0.08550833134832862,0.13621727141960674,0.13048366847173576,0.4378560579613402,0.9928672755859055,,,,,185,1
42,nftonv2,nf2018v2,mlp,0.0001,iw_augment,250218,0.5740341089366279,0.7135850410190557,0.3611793080988288,0.8638976741663726,0.3864747450686812,0.2904912232122574,0.26359442518440424,0.7483860544958102,0.9971727754496218,,,,,185,57
42,nftonv2,nf2018v2,mlp,0.001,selector_v2,2102,0.4657946317296745,0.6926401054341292,,0.5483400920337267,0.32648223137214866,0.31168109306884734,0.2868718135650597,0.39945943134329553,0.9970384703583932,0.404050553502564,0.9283160441955144,cv3,,1851,
42,nftonv2,nf2018v2,mlp,0.001,finetune,252103,0.7968243052308694,0.9003737359576315,0.6379767428348078,0.873595576564898,0.11797166547566384,0.09285683638908505,0.06905810147785049,0.77869555664643,0.9970356016662079,,,,,1851,1
42,nftonv2,nf2018v2,mlp,0.001,iw_augment,252103,0.8047163715962009,0.9047890676377275,0.6516505700199671,0.9504091061893954,0.1128730390989213,0.08280291641580378,0.046918670351854846,0.876711153089804,0.9823601008075087,,,,,1851,101
42,nftonv2,nf2018v2,mlp,0.01,selector_v2,21001,0.4657946317296745,0.6926401054341292,,0.5483400920337267,0.32648223137214866,0.31168109306884734,0.2868718135650597,0.39945943134329553,0.9970384703583932,0.41320973313011644,0.9383997410406345,cv3,,18514,
42,nftonv2,nf2018v2,mlp,0.01,finetune,271002,0.969846415434872,0.9875175138676151,0.9399368240060623,0.9799264293845795,0.004384024682115675,0.010853139539998776,0.004149957994645674,0.9465305214579501,0.7768971079531277,,,,,18514,1
42,nftonv2,nf2018v2,mlp,0.01,iw_augment,271002,0.8748193828619528,0.9432714779974286,0.7648661648266185,0.96764158758435,0.061053073354431095,0.04730558755662202,0.020129718759750156,0.8835103270611715,0.9263233953350415,,,,,18514,80
42,nftonv2,nf2018v2,mlp,0.05,selector_v2,105000,0.4657946317296745,0.6926401054341292,,0.5483400920337267,0.32648223137214866,0.31168109306884734,0.2868718135650597,0.39945943134329553,0.9970384703583932,0.40206579630661865,0.9690198635218858,cv3,,92569,
42,nftonv2,nf2018v2,mlp,0.1,selector_v2,210000,0.4657946317296745,0.6926401054341292,,0.5483400920337267,0.32648223137214866,0.31168109306884734,0.2868718135650597,0.39945943134329553,0.9970384703583932,0.39915909527428567,0.9697814992506558,cv3,,185138,
42,nftonv2,nf2018v2,mlp,0.0001,al_iterative,210,0.9052217030914332,0.9626788714197512,0.8226437810753271,0.8850079476938129,0.0022005195040891096,0.031271026717371204,0.03092293164360037,0.8664336624862946,0.1409208196661134,,,,,131,1
42,nftonv2,nf2018v2,mlp,0.0001,insomnia,50210,0.4819416144161446,0.7204582049712539,0.004514733813429606,0.5453007478483597,0.2776170869205204,0.31114371880964875,0.3010719744117162,0.3366045211480074,0.9997257903401732,,,,50000,206,14
42,nftonv2,nf2018v2,mlp,0.001,al_iterative,2100,0.9655540157391715,0.9859638139298761,0.9331784535784599,0.9500652895444486,0.00031192931114665213,0.013024998911409423,0.010799979077786187,0.9376764807861012,0.1475781005907185,,,,,1798,9
42,nftonv2,nf2018v2,mlp,0.001,insomnia,52100,0.5115727988620327,0.7459359404227817,0.057126398124569384,0.5715626369748937,0.24380394959222332,0.2804274601272521,0.27297226888739884,0.4395355358863133,0.9999967578656909,,,,50000,2037,22
42,nftonv2,nfunswv2,mlp,0.0001,selector_v2,144,0.35674260211676884,0.6364463938812472,,0.5004129421061153,0.4962430238721277,0.49020701225171515,0.48072178152044176,0.08843891252000081,2.6001062842880063e-05,0.13521679662509478,0.7908351786510934,cv3,,134,
42,nftonv2,nfunswv2,mlp,0.0001,finetune,250145,0.5250811956428865,0.9238580711266646,0.05245978961347677,0.5251439510602465,0.05153760613587471,0.07160407063014115,0.045577863399016955,0.11890973803921108,2.5162945708236477e-07,,,,,134,1
42,nftonv2,nfunswv2,mlp,0.0001,iw_augment,250145,0.7275981151210963,0.955659533532509,0.4664771312628591,0.6946565128924579,0.03518462705646377,0.03943227097928635,0.02209530143897585,0.5544100082172069,0.8772405103295225,,,,,134,88
42,nftonv2,nfunswv2,mlp,0.001,selector_v2,1392,0.35674260211676884,0.6364463938812472,,0.5004129421061153,0.4962430238721277,0.49020701225171515,0.48072178152044176,0.08843891252000081,2.6001062842880063e-05,0.0803052589042764,0.7908960655068893,cv3,,1338,
42,nftonv2,nfunswv2,mlp,0.001,finetune,251393,0.6557171449751745,0.9583906311711001,0.37974889145754975,0.6286893866552483,0.003273713638394945,0.03177301904825596,0.028171107122212227,0.3830640410481066,0.29610458425994146,,,,,1338,1
42,nftonv2,nfunswv2,mlp,0.001,iw_augment,251393,0.8876103001958571,0.9836640897558429,0.7752214276322106,0.8564019980650737,0.008428513526153335,0.01393288260528364,0.006547453077217797,0.7891103483504424,0.22102410076930756,,,,,1338,123
42,nftonv2,nfunswv2,mlp,0.01,selector_v2,13907,0.35674260211676884,0.6364463938812472,,0.5004129421061153,0.4962430238721277,0.49020701225171515,0.48072178152044176,0.08843891252000081,2.6001062842880063e-05,0.09219548656039468,0.7661062013611503,cv3,,13382,
42,nftonv2,nfunswv2,mlp,0.01,finetune,263908,0.8868970292788446,0.9842149274981438,0.7773954629295062,0.8835643827990198,0.0045468244977707566,0.01365101556227291,0.007900746637769653,0.7848025216402719,0.23100728689352815,,,,,13382,1
42,nftonv2,nfunswv2,mlp,0.01,iw_augment,263908,0.9438017132810446,0.9917980370554923,0.8876277882401218,0.9346197639899534,0.004557217239479947,0.006831847385640359,0.0025612975833767186,0.8914134711876663,0.4137500699321515,,,,,13382,87
42,nftonv2,nfunswv2,mlp,0.05,selector_v2,69537,0.35674260211676884,0.6364463938812472,,0.5004129421061153,0.4962430238721277,0.49020701225171515,0.48072178152044176,0.08843891252000081,2.6001062842880063e-05,0.08667866972005603,0.9224710425152045,cv3,,66908,
42,nftonv2,nfunswv2,mlp,0.1,selector_v2,139072,0.35674260211676884,0.6364463938812472,,0.5004129421061153,0.4962430238721277,0.49020701225171515,0.48072178152044176,0.08843891252000081,2.6001062842880063e-05,0.08612489541410116,0.9347929757005539,cv3,,133817,
42,nftonv2,nfunswv2,mlp,0.0001,al_iterative,138,0.8306596432898654,0.9775903835373418,0.6814659786628882,0.849650734698792,0.003102233400193305,0.018439158670655816,0.01766773341459467,0.729494526761835,0.04779584834812285,,,,,70,1
42,nftonv2,nfunswv2,mlp,0.0001,insomnia,50139,0.3640730469264394,0.6489399872877026,-0.03821200832860995,0.5158839847284002,0.48141258145311316,0.48091941794833243,0.47784202656411146,0.1616907713883045,0.9999999999674072,,,,50000,138,10
42,nftonv2,nfunswv2,mlp,0.001,al_iterative,1389,0.9289896581285575,0.9897058462410826,0.8580018088648846,0.9125302842630221,0.005061265212375677,0.008862373572980968,0.003253795528229535,0.8587028762684015,0.4904711983677884,,,,,757,5
42,nftonv2,nfunswv2,mlp,0.001,insomnia,51391,0.3656092522609742,0.651172047728404,-0.03586632045587272,0.5141080907239711,0.47881959239667016,0.4774960926001054,0.47345632821095013,0.13707080801170757,0.9999999876131879,,,,50000,1376,7
42,nftonv2,nfbotv2,mlp,0.0001,selector_v2,211,0.05086857055386554,0.09691051971742629,,0.5056537600892336,0.4970202622169249,0.92465819708887,0.9239630270292578,0.1580180645625661,2.2022049797512124e-13,0.10697631705977893,1.0,resub,,1,
42,nftonv2,nfbotv2,mlp,0.0001,finetune,250212,0.4465795979570452,0.8823800396603109,-0.0044739242655651235,0.513747797049483,0.8259833134684148,0.18118400937268922,0.1693546826082938,0.18746750474619492,1.3367801603923233e-05,,,,,1,1
42,nftonv2,nfbotv2,mlp,0.0001,iw_augment,250212,0.5323370775022722,0.9756764193271191,0.13519285701533865,0.5699746539675488,0.5530393325387366,0.036307262737124285,0.02287767952275364,0.297168716444699,0.0001242918760016363,,,,,1,66
42,nftonv2,nfbotv2,mlp,0.001,selector_v2,2101,0.05086857055386554,0.09691051971742629,,0.5056537600892336,0.4970202622169249,0.92465819708887,0.9239630270292578,0.1580180645625661,2.2022049797512124e-13,0.212847985415997,0.13539994570016725,cv3,,9,
42,nftonv2,nfbotv2,mlp,0.001,finetune,252102,0.6757664184722509,0.9953875747054143,0.38907513277913963,0.6656384054667259,0.7520858164481525,0.0033629567795866854,0.0029041558941890772,0.4590345080543726,0.913165422088793,,,,,9,1
42,nftonv2,nfbotv2,mlp,0.001,iw_augment,252102,0.6252929551726556,0.9919701511206144,0.26974614756822296,0.6549740589526164,0.599523241954708,0.0075810359693070815,0.0037049786331759447,0.46241277412199633,0.03856135988919046,,,,,9,83
42,nftonv2,nfbotv2,mlp,0.01,selector_v2,21000,0.05086857055386554,0.09691051971742629,,0.5056537600892336,0.4970202622169249,0.92465819708887,0.9239630270292578,0.1580180645625661,2.2022049797512124e-13,0.4263224074845049,0.46507150337617276,cv3,,88,
42,nftonv2,nfbotv2,mlp,0.01,finetune,271001,0.926736204662086,0.9988153844727294,0.8555585004324383,0.929224546406887,0.20143027413587605,0.000983818074700904,0.0006242442628587269,0.8760697548889218,0.6482368890668236,,,,,88,1
42,nftonv2,nfbotv2,mlp,0.01,iw_augment,271001,0.8931903165913784,0.9982576174903848,0.7873780084014328,0.8994874450112769,0.25029797377830754,0.0014652018883104035,0.0004242187755052468,0.7909879047772995,0.5715371485504037,,,,,88,109
42,nftonv2,nfbotv2,mlp,0.05,selector_v2,105000,0.05086857055386554,0.09691051971742629,,0.5056537600892336,0.4970202622169249,0.92465819708887,0.9239630270292578,0.1580180645625661,2.2022049797512124e-13,0.4544963223149584,0.8034093705210873,cv3,,440,
42,nftonv2,nfbotv2,mlp,0.1,selector_v2,210001,0.05086857055386554,0.09691051971742629,,0.5056537600892336,0.4970202622169249,0.92465819708887,0.9239630270292578,0.1580180645625661,2.2022049797512124e-13,0.45110264253657384,0.8884361537207258,cv3,,881,
42,nftonv2,nfbotv2,mlp,0.0001,al_iterative,210,0.7916719638966445,0.9965044595906644,0.5833641887286815,0.6825977830676452,0.4100119189511323,0.0032033997685837795,0.0024934861087576514,0.6016398924131104,0.24477256509923773,,,,,108,1
42,nftonv2,nfbotv2,mlp,0.0001,insomnia,50210,0.05865420354614853,0.1134662645407611,-0.14917462832031242,0.5426713693947852,0.6209773539928486,0.9319888679359872,0.9307664480127773,0.3077276279044636,1.7394368259652893e-09,,,,50000,1,12
42,nftonv2,nfbotv2,mlp,0.001,al_iterative,2100,0.8638179646135822,0.9979195836170873,0.744070695939172,0.8006412710752739,0.39690107270560193,0.001835532997105852,0.001729969452089777,0.7477101934615543,0.16880334627459234,,,,,417,3
42,nftonv2,nfbotv2,mlp,0.001,insomnia,52100,0.06561759291419612,0.12633395168657505,-0.1125397629821414,0.5362323880110722,0.5113230035756854,0.9250784483978078,0.9222427341712838,0.2897151752407053,3.1496768894051954e-14,,,,50000,57,11
42,nfbotv2,nf2018v2,rf,0.0001,selector_v2,217,0.802884210656406,0.90585527772638,,0.788646158101048,0.10408230396660655,0.12634373583687641,0.18131899340503307,0.759382343103206,0.5966666666666667,0.7434121621621622,0.8878696366260774,cv3,,185,
42,nfbotv2,nf2018v2,rf,0.0001,finetune,250217,0.9226745242580137,0.9666274034681129,0.8483785250742474,0.9516911693974291,0.02999058540624539,0.07810092677661615,0.19838149559252208,0.8834167322767817,0.55,,,,,185,4
42,nfbotv2,nf2018v2,rf,0.0001,iw_augment,250217,0.9608794249474515,0.9835632158329404,0.9218852746945445,0.976754116286181,0.01134855548371729,0.01662630831290288,0.028371058144709103,0.9419842659486708,0.6666666666666666,,,,,185,67
42,nfbotv2,nf2018v2,rf,0.001,selector_v2,2102,0.802884210656406,0.90585527772638,,0.788646158101048,0.10408230396660655,0.12634373583687641,0.18131899340503307,0.759382343103206,0.5966666666666667,0.7531270178259537,0.9703293357412658,cv3,,1851,
42,nfbotv2,nf2018v2,rf,0.001,finetune,252102,0.9319497355695704,0.9707657497546718,0.8662077257980887,0.9627051140531987,0.026020575991651636,0.0746711957377713,0.19419366653166734,0.8999157357119378,0.6175,,,,,1851,5
42,nfbotv2,nf2018v2,rf,0.001,iw_augment,252102,0.9823805788466956,0.9927191105383818,0.9651265213957875,0.9811146273748474,0.0009074307233357153,0.007747647706205914,0.00945338606640312,0.9669714252695728,0.6066666666666667,,,,,1851,88
42,nfbotv2,nf2018v2,rf,0.01,selector_v2,21001,0.802884210656406,0.90585527772638,,0.788646158101048,0.10408230396660655,0.12634373583687641,0.18131899340503307,0.759382343103206,0.5966666666666667,0.7677719023990078,0.9735786548371087,cv3,,18514,
42,nfbotv2,nf2018v2,rf,0.01,finetune,271001,0.9362973838947364,0.9725904631156718,0.8751731956133258,0.9691043709498757,0.025481788999671056,0.07356678875980618,0.1961647066764667,0.9072788145911096,0.615,,,,,18514,6
42,nfbotv2,nf2018v2,rf,0.01,iw_augment,271001,0.9859800615361916,0.9941981284562892,0.9722302832074462,0.9834108127824523,0.0005274441079388846,0.00581664808342625,0.005548255592055501,0.9731902003536558,0.64,,,,,18514,100
42,nfbotv2,nf2018v2,rf,0.05,selector_v2,105000,0.802884210656406,0.90585527772638,,0.788646158101048,0.10408230396660655,0.12634373583687641,0.18131899340503307,0.759382343103206,0.5966666666666667,0.761388079961831,0.9745410559587144,cv3,,92569,
42,nfbotv2,nf2018v2,rf,0.1,selector_v2,210000,0.802884210656406,0.90585527772638,,0.788646158101048,0.10408230396660655,0.12634373583687641,0.18131899340503307,0.759382343103206,0.5966666666666667,0.7606838383439731,0.9758171489139021,cv3,,185138,
42,nfbotv2,nf2018v2,rf,0.0001,al_iterative,210,0.9615346331497479,0.9843735384191339,0.9256987896281424,0.9749161125615828,0.0002438720068964735,0.014705820748674034,0.02505235807154302,0.941606165680951,0.23666666666666666,,,,,84,2
42,nfbotv2,nf2018v2,rf,0.0001,insomnia,37504,0.7370468560347578,0.8969328010041734,0.4838473407141181,0.7859299108417009,0.03549188416646817,0.06020207998960006,0.0432060173032468,0.7413174944374578,0.26666666666666666,,,,37294,87,7
42,nfbotv2,nf2018v2,rf,0.001,al_iterative,2100,0.9822232687006972,0.9926760842017115,0.9650610813968992,0.9796930776803882,0.0,0.007369191209599508,0.004489160887529002,0.9650854979963017,0.49666666666666665,,,,,1218,6
42,nfbotv2,nf2018v2,rf,0.001,insomnia,39394,0.723270199003845,0.895063143235509,0.4715356382684889,0.819180862808373,0.024642415580585518,0.057517275635844044,0.05201300660163363,0.811181805678828,0.15,,,,37294,1165,8
42,nfbotv2,nfunswv2,rf,0.0001,selector_v2,144,0.15616457688846214,0.2488394081899041,,0.4879410851941501,0.8509265129233743,0.32205341933333337,0.45906136666666664,0.046615171633340564,0.7566666666666667,0.08551861104941366,0.9358576176957495,cv3,,134,
42,nfbotv2,nfunswv2,rf,0.0001,finetune,250144,0.7056543760717124,0.9422770925131324,0.4670701930640928,0.7669075087546309,0.06576007316490164,0.18532565350000002,0.34332714999999997,0.7044877697810975,0.5725,,,,,134,3
42,nfbotv2,nfunswv2,rf,0.0001,iw_augment,250144,0.8836733307696584,0.9826493436008014,0.7684294762747137,0.9016886641235256,0.011322892092162834,0.011888488777777775,0.01278060000000003,0.8623046425168963,0.34,,,,,134,67
42,nfbotv2,nfunswv2,rf,0.001,selector_v2,1392,0.15616457688846214,0.2488394081899041,,0.4879410851941501,0.8509265129233743,0.32205341933333337,0.45906136666666664,0.046615171633340564,0.7566666666666667,0.13346506792033797,0.9060216923915888,cv3,,1338,
42,nfbotv2,nfunswv2,rf,0.001,finetune,251392,0.7240775095232099,0.9471245077238759,0.5002438395885994,0.8037229977613547,0.05970110474844369,0.18397888443750002,0.34985310000000003,0.7337430012897047,0.57,,,,,1338,3
42,nfbotv2,nfunswv2,rf,0.001,iw_augment,251392,0.9463815974587289,0.9919901777895429,0.8941574806990988,0.9604408538335691,0.0064850708265347485,0.006554473777777777,0.004120366666666823,0.9022729002781148,0.43,,,,,1338,77
42,nfbotv2,nfunswv2,rf,0.01,selector_v2,13907,0.15616457688846214,0.2488394081899041,,0.4879410851941501,0.8509265129233743,0.32205341933333337,0.45906136666666664,0.046615171633340564,0.7566666666666667,0.1354317007330562,0.9381582452348606,cv3,,13382,
42,nfbotv2,nfunswv2,rf,0.01,finetune,263907,0.7454705428305473,0.950700565813557,0.5505372580276432,0.8773918335514578,0.05875536525290737,0.18274739196874998,0.3516154124999999,0.7750715018378737,0.57,,,,,13382,3
42,nfbotv2,nfunswv2,rf,0.01,iw_augment,263907,0.9693439610885817,0.9954805051863539,0.9390752102677485,0.985576661640714,0.003491961214287941,0.0037151605555555563,0.0010573999999999068,0.9400017437758083,0.48,,,,,13382,87
42,nfbotv2,nfunswv2,rf,0.05,selector_v2,69537,0.15616457688846214,0.2488394081899041,,0.4879410851941501,0.8509265129233743,0.32205341933333337,0.45906136666666664,0.046615171633340564,0.7566666666666667,0.14834888658415746,0.9473607608291451,cv3,,66908,
42,nfbotv2,nfunswv2,rf,0.1,selector_v2,139072,0.15616457688846214,0.2488394081899041,,0.4879410851941501,0.8509265129233743,0.32205341933333337,0.45906136666666664,0.046615171633340564,0.7566666666666667,0.15017390482273896,0.9494563386460267,cv3,,133817,
42,nfbotv2,nfunswv2,rf,0.0001,al_iterative,138,0.8918347929812,0.984463603914423,0.7839749673836198,0.951657406651831,0.0069527442034483114,0.009516911555555558,0.022392100000000036,0.8732258539909681,0.35333333333333333,,,,,67,2
42,nfbotv2,nfunswv2,rf,0.0001,insomnia,152,0.507824846080776,0.8085597996897701,0.2234875675288844,0.8421486561554131,0.28090021928685005,0.19418400194444446,0.12095504999999997,0.7777713403322044,0.6166666666666667,,,,13,104,2
42,nfbotv2,nfunswv2,rf,0.001,al_iterative,1389,0.966368420967054,0.9950516266961507,0.933019005949944,0.9796122577848005,0.003549121293688488,0.004110417333333332,0.0034462666666664876,0.9384757078199882,0.35,,,,,832,4
42,nfbotv2,nfunswv2,rf,0.001,insomnia,1404,0.914631624151331,0.9877664548503692,0.8297181328542095,0.920187600461537,0.0050560688415210815,0.03395302416666667,0.13811421666666665,0.8841764891739501,0.30333333333333334,,,,13,1202,2
42,nfbotv2,nftonv2,rf,0.0001,selector_v2,213,0.4564150912654485,0.5843086282767956,,0.4077864882718271,0.8482537133681253,0.33761607658038295,0.36711425223792776,0.058100392198516405,0.06333333333333334,0.6660278314692459,0.8317509721471161,cv3,,58,
42,nfbotv2,nftonv2,rf,0.0001,finetune,250213,0.4868220137011181,0.6055620986685821,-0.02166569846849621,0.7037445832279237,0.8004087442064158,0.20500013625068125,0.2841738458692294,0.5877471055214124,0.73,,,,,58,4
42,nfbotv2,nftonv2,rf,0.0001,iw_augment,250213,0.9311028066063125,0.9457012950425836,0.8630580666245534,0.9810081022030785,0.1287909200394146,0.04160554086103765,0.035276626383131934,0.8697949059912622,0.6166666666666667,,,,,58,85
42,nfbotv2,nftonv2,rf,0.001,selector_v2,2100,0.4564150912654485,0.5843086282767956,,0.4077864882718271,0.8482537133681253,0.33761607658038295,0.36711425223792776,0.058100392198516405,0.06333333333333334,0.6175799117687552,0.9291181068479295,cv3,,575,
42,nfbotv2,nftonv2,rf,0.001,finetune,252100,0.5190487569218049,0.6273518762656236,0.04113687744781951,0.7114000917807163,0.744151673296595,0.19913105009275042,0.2749966999834999,0.5920576609352569,0.7275,,,,,575,6
42,nfbotv2,nftonv2,rf,0.001,iw_augment,252100,0.9657555740992028,0.9729574621377225,0.932066193416155,0.9924871077959332,0.07328199700740849,0.021165822606890813,0.009307713205232463,0.93249050911301,0.5266666666666666,,,,,575,82
42,nfbotv2,nftonv2,rf,0.01,selector_v2,21000,0.4564150912654485,0.5843086282767956,,0.4077864882718271,0.8482537133681253,0.33761607658038295,0.36711425223792776,0.058100392198516405,0.06333333333333334,0.6245981589503938,0.9605987403572599,cv3,,5754,
42,nfbotv2,nftonv2,rf,0.01,finetune,271000,0.5274475333096144,0.6329922210174332,0.05747267811550921,0.7257383330499791,0.7286960329914967,0.19478587461687305,0.2835783678918395,0.618823501774246,0.73,,,,,5754,6
42,nfbotv2,nftonv2,rf,0.01,iw_augment,271000,0.9833435244620157,0.9867976607997022,0.9668341639517778,0.9970693319207262,0.036476770920769314,0.010363161149139077,0.004719956933118067,0.9681026282073105,0.58,,,,,5754,107
42,nfbotv2,nftonv2,rf,0.05,selector_v2,105000,0.4564150912654485,0.5843086282767956,,0.4077864882718271,0.8482537133681253,0.33761607658038295,0.36711425223792776,0.058100392198516405,0.06333333333333334,0.6272556350849773,0.976413349956983,cv3,,28771,
42,nfbotv2,nftonv2,rf,0.1,selector_v2,210000,0.4564150912654485,0.5843086282767956,,0.4077864882718271,0.8482537133681253,0.33761607658038295,0.36711425223792776,0.058100392198516405,0.06333333333333334,0.6284839717720847,0.9800184788845696,cv3,,57542,
42,nfbotv2,nftonv2,rf,0.0001,al_iterative,210,0.9433458941041007,0.9554690333698932,0.8881180566487358,0.9695424101524601,0.11937520528447867,0.04613500450835588,0.06481774075537046,0.8884695591549711,0.51,,,,,81,3
42,nfbotv2,nftonv2,rf,0.0001,insomnia,50210,0.5304157754492572,0.6336271575833492,0.06253008620030176,0.4410415810400367,0.7168533995109667,0.3572850843698663,0.36464530655986616,0.07511362695860051,0.66,,,,50000,165,8
42,nfbotv2,nftonv2,rf,0.001,al_iterative,2100,0.9703159362468541,0.9764371207576393,0.9406878161431018,0.9921772533992721,0.05067333309003321,0.02067916011802281,0.0285549927749639,0.9450916818574006,0.5533333333333333,,,,,820,7
42,nfbotv2,nftonv2,rf,0.001,insomnia,52100,0.5468216865012733,0.6463708347356738,0.09539487848043979,0.4448140587842475,0.6937155578263567,0.35045710428552146,0.36138417358753466,0.09644188349265838,0.48333333333333334,,,,50000,1663,12
42,nfbotv2,nf2018v2,lgbm,0.0001,selector_v2,217,0.5147521479986517,0.6418044648231326,,0.5738996217887473,0.4811027551865337,0.4281378593107035,0.4281378593107035,0.3144175354523602,1.0,0.3809480182111723,0.8894090263647848,cv3,,185,
42,nfbotv2,nf2018v2,lgbm,0.0001,finetune,250217,0.5147521479986517,0.6418044648231326,0.3144175354523602,0.5738996217887473,0.4811027551865337,0.4281378593107035,0.4281378593107035,0.3144175354523602,1.0,,,,,185,2
42,nfbotv2,nf2018v2,lgbm,0.0001,iw_augment,250217,0.967080330761106,0.9863178096628006,0.9342282265444924,0.9739995756669519,0.0063236578532457665,0.012103414561509864,0.009925342324196663,0.9455655437439566,0.9843805437844251,,,,,185,14
42,nfbotv2,nf2018v2,lgbm,0.001,selector_v2,2102,0.5147521479986517,0.6418044648231326,,0.5738996217887473,0.4811027551865337,0.4281378593107035,0.4281378593107035,0.3144175354523602,1.0,0.3298874818654073,0.9678892798366637,cv3,,1851,
42,nfbotv2,nf2018v2,lgbm,0.001,finetune,252102,0.5147521479986517,0.6418044648231326,0.3144175354523602,0.5738996217887473,0.4811027551865337,0.4281378593107035,0.4281378593107035,0.3144175354523602,1.0,,,,,1851,1
42,nfbotv2,nf2018v2,lgbm,0.001,iw_augment,252102,0.9805618432056622,0.9919644373294901,0.961460636856949,0.9825795991150295,0.0014518891573371444,0.007376244755877163,0.00676823527792751,0.9621985756650744,0.49032009486618067,,,,,1851,16
42,nfbotv2,nf2018v2,lgbm,0.01,selector_v2,21001,0.5147521479986517,0.6418044648231326,,0.5738996217887473,0.4811027551865337,0.4281378593107035,0.4281378593107035,0.3144175354523602,1.0,0.3177798382953041,0.9717158536206957,cv3,,18514,
42,nfbotv2,nf2018v2,lgbm,0.01,finetune,271001,0.5147521479986517,0.6418044648231326,0.3144175354523602,0.5738996217887473,0.4811027551865337,0.4281378593107035,0.4281378593107035,0.3144175354523602,1.0,,,,,18514,3
42,nfbotv2,nf2018v2,lgbm,0.01,iw_augment,271001,0.9863425582636329,0.9943463163820593,0.9729358299804005,0.9858154797193113,0.0005444584340014292,0.005392507741948634,0.003949748009178132,0.9731364392984597,0.7539260446363326,,,,,18514,15
42,nfbotv2,nf2018v2,lgbm,0.05,selector_v2,105000,0.5147521479986517,0.6418044648231326,,0.5738996217887473,0.4811027551865337,0.4281378593107035,0.4281378593107035,0.3144175354523602,1.0,0.31513833098244853,0.9748192800028174,cv3,,92569,
42,nfbotv2,nf2018v2,lgbm,0.1,selector_v2,210000,0.5147521479986517,0.6418044648231326,,0.5738996217887473,0.4811027551865337,0.4281378593107035,0.4281378593107035,0.3144175354523602,1.0,0.3147586511609025,0.9753286031646131,cv3,,185138,
42,nfbotv2,nf2018v2,lgbm,0.0001,al_iterative,210,0.84346046563696,0.9408786345336201,0.7249104536854143,0.9022333153104722,0.00015312893456290196,0.05015558144945822,0.050907411786503064,0.7966419974452045,0.01743600896255777,,,,,199,1
42,nfbotv2,nf2018v2,lgbm,0.0001,insomnia,50210,0.5147861758342018,0.6418518022854319,0.3144276734468875,0.8516294637664885,0.4810403693243044,0.42805714466552747,0.42806530031598156,0.6474878780469946,0.9999999979882148,,,,50000,205,8
42,nfbotv2,nf2018v2,lgbm,0.001,al_iterative,2100,0.9835735367061078,0.9932255546595457,0.9676713495283384,0.9754012219823165,5.6714420208482205e-06,0.0067039177628884054,0.006749240622501094,0.9676713495283384,0.9535502575668895,,,,,1138,4
42,nfbotv2,nf2018v2,lgbm,0.001,insomnia,52100,0.5147446006383152,0.6418063005960802,0.3143691730817658,0.8759574385682589,0.481091412302492,0.42811635322404323,0.42810549571934575,0.735384458551817,0.9999999996114766,,,,50000,2083,6
42,nfbotv2,nfunswv2,lgbm,0.0001,selector_v2,144,0.15085299477322778,0.24891518145910146,,0.49070293809768867,0.8498092931896364,0.8358949999034266,0.8358949999517131,0.0,inf,0.27993192950341206,0.8717152353914989,cv3,,134,
42,nfbotv2,nfunswv2,lgbm,0.0001,finetune,250144,0.15085299477322778,0.24891518145910146,-0.17121793786786604,0.49070293809768867,0.8498092931896364,0.8358949999034266,0.8358949999517131,0.0,inf,,,,,134,2
42,nfbotv2,nfunswv2,lgbm,0.0001,iw_augment,250144,0.8797914638487006,0.9823753784556564,0.7596968613792898,0.8718415823489636,0.009888693736294573,0.016275633009264105,0.01527085567977166,0.8017683872374937,0.01255418521235733,,,,,134,14
42,nfbotv2,nfunswv2,lgbm,0.001,selector_v2,1392,0.15085299477322778,0.24891518145910146,,0.49070293809768867,0.8498092931896364,0.8358949999034266,0.8358949999517131,0.0,inf,0.21653841554436723,0.848410526924862,cv3,,1338,
42,nfbotv2,nfunswv2,lgbm,0.001,finetune,251392,0.15085299477322778,0.24891518145910146,-0.17121793786786604,0.49070293809768867,0.8498092931896364,0.8358949999034266,0.8358949999517131,0.0,inf,,,,,1338,1
42,nfbotv2,nfunswv2,lgbm,0.001,iw_augment,251392,0.9338800492927368,0.9902363134006825,0.8682105015844104,0.9407621632433276,0.00639673252200663,0.0087994549960692,0.00830420569065642,0.8734589939916103,0.08464381984552517,,,,,1338,15
42,nfbotv2,nfunswv2,lgbm,0.01,selector_v2,13907,0.15085299477322778,0.24891518145910146,,0.49070293809768867,0.8498092931896364,0.8358949999034266,0.8358949999517131,0.0,inf,0.17448153050661164,0.9288510975947402,cv3,,13382,
42,nfbotv2,nfunswv2,lgbm,0.01,finetune,263907,0.15085299477322778,0.24891518145910146,-0.17121793786786604,0.49070293809768867,0.8498092931896364,0.8358949999034266,0.8358949999517131,0.0,inf,,,,,13382,1
42,nfbotv2,nfunswv2,lgbm,0.01,iw_augment,263907,0.96618396550444,0.9950432430226085,0.9324968939643277,0.9824812258641099,0.003232142671558184,0.00418548904574488,0.0034860255042454156,0.9369300480954654,0.2455516027042406,,,,,13382,16
42,nfbotv2,nfunswv2,lgbm,0.05,selector_v2,69537,0.15085299477322778,0.24891518145910146,,0.49070293809768867,0.8498092931896364,0.8358949999034266,0.8358949999517131,0.0,inf,0.17743429514698178,0.9413234193205957,cv3,,66908,
42,nfbotv2,nfunswv2,lgbm,0.1,selector_v2,139072,0.15085299477322778,0.24891518145910146,,0.49070293809768867,0.8498092931896364,0.8358949999034266,0.8358949999517131,0.0,inf,0.17707191320797147,0.9487979370298759,cv3,,133817,
42,nfbotv2,nfunswv2,lgbm,0.0001,al_iterative,138,0.8776639592389068,0.98266226092491,0.7566484293516409,0.8702646381918996,0.006677336548154769,0.015455377607341544,0.014132126815361544,0.7749015501811479,0.10689450145804395,,,,,91,2
42,nfbotv2,nfunswv2,lgbm,0.0001,insomnia,50139,0.15087606939053602,0.2490180107966041,-0.17154321598770414,0.48286342890483264,0.8497313476268175,0.8357056429291945,0.8357013485056831,0.062183521974947906,3.361679902813887e-08,,,,50000,119,5
42,nfbotv2,nfunswv2,lgbm,0.001,al_iterative,1389,0.9631933227842508,0.9946157623242505,0.9264571719038199,0.9764291657358911,0.0032841063801041354,0.004701702563741961,0.004261194164724662,0.9309352082092572,0.007596114676896721,,,,,769,4
42,nfbotv2,nfunswv2,lgbm,0.001,insomnia,51391,0.15248463666822157,0.2493124768750556,-0.15354770138484225,0.484948020018374,0.849814489560491,0.8326988422709198,0.8327990338797394,0.0784314617491792,2.059405559944957e-05,,,,50000,1225,8
42,nfbotv2,nftonv2,lgbm,0.0001,selector_v2,213,0.476588565426033,0.5731202806622735,,0.49129693399372787,0.7159045290317871,0.4362621777819054,0.4362621795460946,0.0,inf,0.07955427355545507,0.8436747689238814,cv3,,58,
42,nfbotv2,nftonv2,lgbm,0.0001,finetune,250213,0.476588565426033,0.5731202806622735,-0.04465229665094351,0.49129693399372787,0.7159045290317871,0.4362621777819054,0.4362621795460946,0.0,inf,,,,,58,2
42,nfbotv2,nftonv2,lgbm,0.0001,iw_augment,250213,0.9351703180720008,0.9487452043228567,0.8707225234885145,0.9716151580059419,0.11353600233568117,0.04339828684222258,0.040706966083858334,0.8810365766133998,0.9580801437234762,,,,,58,16
42,nfbotv2,nftonv2,lgbm,0.001,selector_v2,2100,0.476588565426033,0.5731202806622735,,0.49129693399372787,0.7159045290317871,0.4362621777819054,0.4362621795460946,0.0,inf,0.04459333532137998,0.9289197669682926,cv3,,575,
42,nfbotv2,nftonv2,lgbm,0.001,finetune,252100,0.476588565426033,0.5731202806622735,-0.04465229665094351,0.49129693399372787,0.7159045290317871,0.4362621777819054,0.4362621795460946,0.0,inf,,,,,575,2
42,nfbotv2,nftonv2,lgbm,0.001,iw_augment,252100,0.9623745009139136,0.9702504688570275,0.9251340217198267,0.9919646670921004,0.07428561001423306,0.025177162558960776,0.0225804303849308,0.9256931443231889,0.0930093551218484,,,,,575,16
42,nfbotv2,nftonv2,lgbm,0.01,selector_v2,21000,0.476588565426033,0.5731202806622735,,0.49129693399372787,0.7159045290317871,0.4362621777819054,0.4362621795460946,0.0,inf,0.03788336124978465,0.9655493210946151,cv3,,5754,
42,nfbotv2,nftonv2,lgbm,0.01,finetune,271000,0.476588565426033,0.5731202806622735,-0.04465229665094351,0.49129693399372787,0.7159045290317871,0.4362621777819054,0.4362621795460946,0.0,inf,,,,,5754,3
42,nfbotv2,nftonv2,lgbm,0.01,iw_augment,271000,0.9829158813506342,0.9864476581808389,0.9659234400539147,0.9972341038276187,0.034524287434765155,0.010919831879828513,0.004390852682961167,0.9660505204538287,0.5063843526448015,,,,,5754,15
42,nfbotv2,nftonv2,lgbm,0.05,selector_v2,105000,0.476588565426033,0.5731202806622735,,0.49129693399372787,0.7159045290317871,0.4362621777819054,0.4362621795460946,0.0,inf,0.045288679897181924,0.9766571986917038,cv3,,28771,
42,nfbotv2,nftonv2,lgbm,0.1,selector_v2,210000,0.476588565426033,0.5731202806622735,,0.49129693399372787,0.7159045290317871,0.4362621777819054,0.4362621795460946,0.0,inf,0.04363211323652367,0.9798412917889757,cv3,,57542,
42,nfbotv2,nftonv2,lgbm,0.0001,al_iterative,210,0.9300795405555662,0.9451070583519559,0.861853221025085,0.9595196931447438,0.14169190905441406,0.050093904745996384,0.046402535088380624,0.8645193724249155,0.5902045685036241,,,,,70,2
42,nfbotv2,nftonv2,lgbm,0.0001,insomnia,50210,0.47726571783798855,0.5736867231319963,-0.04329942795854478,0.6317022048602225,0.7149374110433926,0.4317471865072177,0.43290842462459794,0.2684837747032428,0.00032651864557549967,,,,50000,43,7
42,nfbotv2,nftonv2,lgbm,0.001,al_iterative,2100,0.9788854690330082,0.9832515450548756,0.9578661039526816,0.9927005699651301,0.04054596547571256,0.01438007090252625,0.008692201232622834,0.9579944872495098,0.4339202785855692,,,,,932,5
42,nfbotv2,nftonv2,lgbm,0.001,insomnia,52100,0.4774163821361,0.5739973733202997,-0.043073845373421765,0.6769203809732276,0.7155395788474873,0.3847034015106159,0.40638496924082324,0.4479379376160699,0.007717659052182516,,,,50000,497,6
42,nfbotv2,nf2018v2,mlp,0.0001,selector_v2,217,0.621492185705228,0.7845851405899086,,0.7097363608774543,0.25890699969374215,0.20758844649919933,0.19742045010747936,0.561227118132872,0.9981380012450497,0.727030129095126,0.7984251474971643,cv3,,185,
42,nfbotv2,nf2018v2,mlp,0.0001,finetune,250217,0.7467734839619048,0.8861731217727274,0.5030824763250111,0.7978586423004594,0.09267703406268078,0.09672406085239721,0.07095879651580661,0.6795881136572156,0.9982794905645498,,,,,185,1
42,nfbotv2,nf2018v2,mlp,0.0001,iw_augment,250217,0.9108832362693431,0.9614466284067117,0.825154690957375,0.8611307903810548,0.03383582309638049,0.03681330341129671,0.02888809564571122,0.8380942962781919,0.678673858536781,,,,,185,55
42,nfbotv2,nf2018v2,mlp,0.001,selector_v2,2102,0.621492185705228,0.7845851405899086,,0.7097363608774543,0.25890699969374215,0.20758844649919933,0.19742045010747936,0.561227118132872,0.9981380012450497,0.6002879001660243,0.9283160441955144,cv3,,1851,
42,nfbotv2,nf2018v2,mlp,0.001,finetune,252102,0.858030022817428,0.944645412095764,0.7318217095089975,0.8927384911349951,0.008552534567439117,0.043494911270818996,0.03354209830931351,0.7452406229258918,0.12736152094261324,,,,,1851,1
42,nfbotv2,nf2018v2,mlp,0.001,iw_augment,252102,0.9523279653027397,0.9800006403929514,0.9047282082039529,0.9635286734266528,0.012891187713388007,0.016785598366683294,0.0065498497851622615,0.9311742830710518,0.8254807324562933,,,,,1851,36
42,nfbotv2,nf2018v2,mlp,0.01,selector_v2,21001,0.621492185705228,0.7845851405899086,,0.7097363608774543,0.25890699969374215,0.20758844649919933,0.19742045010747936,0.561227118132872,0.9981380012450497,0.5734020209893675,0.9383997410406345,cv3,,18514,
42,nfbotv2,nf2018v2,mlp,0.01,finetune,271001,0.9645350266932317,0.9853311078573607,0.929362584784032,0.9760224089641717,0.005348169825659872,0.011840637766808031,0.008265068214988004,0.9374670789462495,0.3456218132017135,,,,,18514,1
42,nfbotv2,nf2018v2,mlp,0.01,iw_augment,271001,0.9795410387989842,0.9915239426867434,0.9592850868092507,0.9791241806382058,0.0023820056487562527,0.007768715023366884,0.0024520983057533226,0.9641246815836995,0.8458794868059322,,,,,18514,52
42,nfbotv2,nf2018v2,mlp,0.05,selector_v2,105000,0.621492185705228,0.7845851405899086,,0.7097363608774543,0.25890699969374215,0.20758844649919933,0.19742045010747936,0.561227118132872,0.9981380012450497,0.5657617037546759,0.9690198635218858,cv3,,92569,
42,nfbotv2,nf2018v2,mlp,0.1,selector_v2,210000,0.621492185705228,0.7845851405899086,,0.7097363608774543,0.25890699969374215,0.20758844649919933,0.19742045010747936,0.561227118132872,0.9981380012450497,0.5604555839526817,0.9697814992506558,cv3,,185138,
42,nfbotv2,nf2018v2,mlp,0.0001,al_iterative,210,0.9052217030914332,0.9626788714197512,0.8226437810753271,0.8850079476938129,0.0022005195040891096,0.031271026717371204,0.03092293164360037,0.8664336624862946,0.1409208196661134,,,,,131,1
42,nfbotv2,nf2018v2,mlp,0.0001,insomnia,50210,0.6711302564774402,0.8176653760738409,0.4362271632273802,0.7863071468048171,0.2246911899819648,0.2052327320848438,0.19485698061031076,0.6660710809212727,0.9999965144724177,,,,50000,131,19
42,nfbotv2,nf2018v2,mlp,0.001,al_iterative,2100,0.9655540157391715,0.9859638139298761,0.9331784535784599,0.9500652895444486,0.00031192931114665213,0.013024998911409423,0.010799979077786187,0.9376764807861012,0.1475781005907185,,,,,1798,9
42,nfbotv2,nf2018v2,mlp,0.001,insomnia,52100,0.6919933741220275,0.8355594623611123,0.4597059775030664,0.8189941900442692,0.19601070768253537,0.18434063632269249,0.17570573871587514,0.6800497508271734,0.9999909094227711,,,,50000,1352,16
42,nfbotv2,nfunswv2,mlp,0.0001,selector_v2,144,0.3392449503822177,0.5742041727384767,,0.501142850152098,0.5730245996196257,0.537989000158095,0.5259057400960839,0.059726071539042566,0.9591308991866679,0.22759574777964303,0.7908351786510934,cv3,,134,
42,nfbotv2,nfunswv2,mlp,0.0001,finetune,250144,0.732200694183584,0.9641387534031499,0.47506986500121806,0.6595400070284038,0.01052265098055518,0.030953083002941594,0.028028299331607685,0.5001036183817695,0.8360092505506761,,,,,134,1
42,nfbotv2,nfunswv2,mlp,0.0001,iw_augment,250144,0.7930723464277297,0.9715661059485584,0.5917569496741709,0.7001783110321091,0.009384645763398843,0.025501050809141744,0.022249641415843287,0.5964553377632503,0.249477240537812,,,,,134,44
42,nfbotv2,nfunswv2,mlp,0.001,selector_v2,1392,0.3392449503822177,0.5742041727384767,,0.501142850152098,0.5730245996196257,0.537989000158095,0.5259057400960839,0.059726071539042566,0.9591308991866679,0.10518151426122994,0.7908960655068893,cv3,,1338,
42,nfbotv2,nfunswv2,mlp,0.001,finetune,251392,0.7328076449922725,0.9661145050621917,0.5038799194326379,0.6705305892203217,0.004494860789224805,0.027580612000410752,0.025996589494610985,0.5493324401440135,0.08045355639422846,,,,,1338,1
42,nfbotv2,nfunswv2,mlp,0.001,iw_augment,251392,0.9005159162247351,0.9850764247958704,0.802701286740181,0.858420838267508,0.010553829205682751,0.013009186555579075,0.0065016227245435956,0.8032291714698927,0.5062605431996148,,,,,1338,54
42,nfbotv2,nfunswv2,mlp,0.01,selector_v2,13907,0.3392449503822177,0.5742041727384767,,0.501142850152098,0.5730245996196257,0.537989000158095,0.5259057400960839,0.059726071539042566,0.9591308991866679,0.10130638119509763,0.7661062013611503,cv3,,13382,
42,nfbotv2,nfunswv2,mlp,0.01,finetune,263907,0.81902470203501,0.9761736397410546,0.6602434820335541,0.8123382675262056,0.003310088234377111,0.019524951904080646,0.017632478737536254,0.7113964542209618,0.057224463842936946,,,,,13382,1
42,nfbotv2,nfunswv2,mlp,0.01,iw_augment,263907,0.9506445658347675,0.9927381015151301,0.9015625371569614,0.960357834756974,0.0047650720736637535,0.005791193152795291,0.0020023417822649945,0.9088313149761506,0.1341147444904665,,,,,13382,64
42,nfbotv2,nfunswv2,mlp,0.05,selector_v2,69537,0.3392449503822177,0.5742041727384767,,0.501142850152098,0.5730245996196257,0.537989000158095,0.5259057400960839,0.059726071539042566,0.9591308991866679,0.09685658077158288,0.9224710425152045,cv3,,66908,
42,nfbotv2,nfunswv2,mlp,0.1,selector_v2,139072,0.3392449503822177,0.5742041727384767,,0.501142850152098,0.5730245996196257,0.537989000158095,0.5259057400960839,0.059726071539042566,0.9591308991866679,0.0979582757655307,0.9347929757005539,cv3,,133817,
42,nfbotv2,nfunswv2,mlp,0.0001,al_iterative,138,0.8306596432898654,0.9775903835373418,0.6814659786628882,0.849650734698792,0.003102233400193305,0.018439158670655816,0.01766773341459467,0.729494526761835,0.04779584834812285,,,,,70,1
42,nfbotv2,nfunswv2,mlp,0.0001,insomnia,50139,0.3592033438979493,0.6061189489020462,0.06577205874037102,0.5007585192087239,0.5388896394757902,0.5244925080167029,0.5180051660939258,0.12389524030098631,0.0004489145019683259,,,,50000,137,16
42,nfbotv2,nfunswv2,mlp,0.001,al_iterative,1389,0.9289896581285575,0.9897058462410826,0.8580018088648846,0.9125302842630221,0.005061265212375677,0.008862373572980968,0.003253795528229535,0.8587028762684015,0.4904711983677884,,,,,757,2
42,nfbotv2,nfunswv2,mlp,0.001,insomnia,51391,0.35956026056011303,0.6097632605317664,0.05548664620182951,0.5010376743859278,0.5341141746604172,0.5196746611836391,0.5125968911339482,0.12654794962387375,0.00031421327136771365,,,,50000,1362,15
42,nfbotv2,nftonv2,mlp,0.0001,selector_v2,213,0.2619149287455506,0.2648305869427609,,0.4356673872454617,0.5379183241487537,0.5743896445349268,0.5937231444764832,0.10718030657041332,9.346588589838707e-29,0.36616600945502314,0.6409580430424441,cv3,,58,
42,nfbotv2,nftonv2,mlp,0.0001,finetune,250213,0.5160276061515436,0.6355906754810052,0.04591470614410285,0.5258133642030975,0.7919236524214445,0.30714298560686926,0.28000617556738583,0.17542546891339236,0.9775469416903635,,,,,58,1
42,nfbotv2,nftonv2,mlp,0.0001,iw_augment,250213,0.762190595491042,0.8007266481068975,0.5414475290379314,0.8064657943988195,0.20763840735739572,0.15658370030871363,0.061969479913439596,0.6006474328447852,0.16674144345311676,,,,,58,46
42,nfbotv2,nftonv2,mlp,0.001,selector_v2,2100,0.2619149287455506,0.2648305869427609,,0.4356673872454617,0.5379183241487537,0.5743896445349268,0.5937231444764832,0.10718030657041332,9.346588589838707e-29,0.36751775086188726,0.8965124836895993,cv3,,575,
42,nfbotv2,nftonv2,mlp,0.001,finetune,252100,0.7373749750112616,0.7866484086914152,0.4775038329396342,0.6939589685670249,0.32936754133060836,0.1756624203148635,0.08268900092376283,0.4776799022620357,0.5050768518683211,,,,,575,1
42,nfbotv2,nftonv2,mlp,0.001,iw_augment,252100,0.9311785911797955,0.9450499416477527,0.8624613213976066,0.9637126113658172,0.08959527024561148,0.04518285176907033,0.014174960599853334,0.8864475062532446,0.246841632021087,,,,,575,48
42,nfbotv2,nftonv2,mlp,0.01,selector_v2,21000,0.2619149287455506,0.2648305869427609,,0.4356673872454617,0.5379183241487537,0.5743896445349268,0.5937231444764832,0.10718030657041332,9.346588589838707e-29,0.362936614768523,0.9213493458190616,cv3,,5754,
42,nfbotv2,nftonv2,mlp,0.01,finetune,271000,0.9244022551084004,0.9408406133286829,0.8514139305254602,0.948257759218422,0.15915477537316156,0.05413387742448792,0.04346117429727823,0.853169568381944,0.5373393631896164,,,,,5754,1
42,nfbotv2,nftonv2,mlp,0.01,iw_augment,271000,0.9642613205811654,0.9716479950757783,0.9286090700401072,0.9892982033458878,0.061275135943943654,0.022054899205783355,0.008447360104276751,0.9290049154616282,0.4615752512236488,,,,,5754,51
42,nfbotv2,nftonv2,mlp,0.05,selector_v2,105000,0.2619149287455506,0.2648305869427609,,0.4356673872454617,0.5379183241487537,0.5743896445349268,0.5937231444764832,0.10718030657041332,9.346588589838707e-29,0.36406639732241425,0.9467083542416327,cv3,,28771,
42,nfbotv2,nftonv2,mlp,0.1,selector_v2,210000,0.2619149287455506,0.2648305869427609,,0.4356673872454617,0.5379183241487537,0.5743896445349268,0.5937231444764832,0.10718030657041332,9.346588589838707e-29,0.36420596887290974,0.9503915586738002,cv3,,57542,
42,nfbotv2,nftonv2,mlp,0.0001,al_iterative,210,0.8964545630477785,0.9176907202064732,0.792917969886784,0.8449591643678676,0.15329732491514908,0.07691062605208127,0.0603254920066645,0.8146007119349717,0.14638553570948698,,,,,89,1
42,nfbotv2,nftonv2,mlp,0.0001,insomnia,50210,0.3108209864042359,0.3225705702455309,-0.24953579048517477,0.4514863154950834,0.49987226743549507,0.6241385493761774,0.6110626876504792,0.14213383040818697,4.224773535944122e-08,,,,50000,38,13
42,nfbotv2,nftonv2,mlp,0.001,al_iterative,2100,0.9562134302067375,0.9651440522055509,0.9124284090860835,0.9611520354010775,0.06231524396919821,0.03151998791242041,0.01683829935126122,0.9163136311615877,0.15853463748666766,,,,,1050,9
42,nfbotv2,nftonv2,mlp,0.001,insomnia,52100,0.39154638223491495,0.4194198762494658,-0.10620009584058668,0.4837340228249418,0.4590708368307726,0.5577139646620147,0.5411336326015261,0.14053185812926924,6.67736712454e-10,,,,50000,388,10
43,nf2018v2,nfunswv2,rf,0.0001,selector_v2,144,0.4906029280850481,0.9436386521172078,,0.47848284434650956,0.00013510564221947392,0.05860858133333333,0.14794373333333333,0.040521272573147055,0.23333333333333334,0.3328214853224097,0.7159003795039401,cv3,,134,
43,nf2018v2,nfunswv2,rf,0.0001,finetune,250143,0.49903459027810965,0.9444117882870101,0.07423499310013924,0.7236455390685309,0.00016108749649244966,0.036563373093750004,0.10685916250000002,0.5660196535825646,0.2,,,,,134,4
43,nf2018v2,nfunswv2,rf,0.001,selector_v2,1392,0.4906029280850481,0.9436386521172078,,0.47848284434650956,0.00013510564221947392,0.05860858133333333,0.14794373333333333,0.040521272573147055,0.23333333333333334,0.34324947579014237,0.9564183055663992,cv3,,1338,
43,nf2018v2,nfunswv2,rf,0.001,finetune,251391,0.502639172684484,0.9448186571470303,0.10821043718397766,0.8041441516552557,5.196370854595151e-06,0.03486456953125,0.1064187875,0.5963521837458141,0.255,,,,,1338,4
43,nf2018v2,nfunswv2,rf,0.01,selector_v2,13907,0.4906029280850481,0.9436386521172078,,0.47848284434650956,0.00013510564221947392,0.05860858133333333,0.14794373333333333,0.040521272573147055,0.23333333333333334,0.34628822996322534,0.9401333938732249,cv3,,13382,
43,nf2018v2,nfunswv2,rf,0.01,finetune,263906,0.5053722684721743,0.9450761651267983,0.12050573727283868,0.825572016568932,0.0,0.034397806687500004,0.10864420000000001,0.6273906888908563,0.26,,,,,13382,6
43,nf2018v2,nfunswv2,rf,0.05,selector_v2,69537,0.4906029280850481,0.9436386521172078,,0.47848284434650956,0.00013510564221947392,0.05860858133333333,0.14794373333333333,0.040521272573147055,0.23333333333333334,0.34079279518881,0.9454109534401223,cv3,,66908,
43,nf2018v2,nfunswv2,rf,0.1,selector_v2,139072,0.4906029280850481,0.9436386521172078,,0.47848284434650956,0.00013510564221947392,0.05860858133333333,0.14794373333333333,0.040521272573147055,0.23333333333333334,0.3298873879267977,0.9480552484545295,cv3,,133817,
43,nf2018v2,nfunswv2,rf,0.0001,al_iterative,138,0.8904169415702745,0.9846960495107774,0.7843416421281313,0.9080465422728456,0.0043649515178599265,0.012869209833333332,0.02127358333333316,0.8327584120221656,0.08666666666666667,,,,,78,2
43,nf2018v2,nfunswv2,rf,0.0001,insomnia,31121,0.505615181049342,0.9450871426493411,0.1188207769430227,0.5986756880876103,2.5981854272975754e-05,0.034708142166666664,0.030822549999999938,0.384891993537243,0.08,,,,30982,115,5
43,nf2018v2,nfunswv2,rf,0.001,al_iterative,1389,0.9663998596017646,0.9949736311040304,0.9344003018181202,0.9476299011372777,0.00501449787468432,0.0074699526666666665,0.010460766666666503,0.9354391109819642,0.44333333333333336,,,,,877,3
43,nf2018v2,nfunswv2,rf,0.001,insomnia,32373,0.5369964962906573,0.9479649890279845,0.20571864022070105,0.5938962550692843,0.00019226572162002058,0.03372094294444444,0.02981554999999992,0.38250907000641216,0.18333333333333332,,,,30982,1352,6
43,nf2018v2,nftonv2,rf,0.0001,selector_v2,213,0.2825510692632926,0.231667893362399,,0.6312298562225218,0.16585161125506367,0.5541289036445182,0.5770145850729254,0.4642220285648107,0.0033333333333333335,0.4276859367827457,0.8697814882385083,cv3,,58,
43,nf2018v2,nftonv2,rf,0.0001,finetune,250212,0.3667308541826558,0.3427752792200835,0.0318048806823173,0.8129921272784222,0.1699937958468669,0.3277806757783788,0.3645731978659894,0.7599781216234152,0.2075,,,,,58,6
43,nf2018v2,nftonv2,rf,0.001,selector_v2,2100,0.2825510692632926,0.231667893362399,,0.6312298562225218,0.16585161125506367,0.5541289036445182,0.5770145850729254,0.4642220285648107,0.0033333333333333335,0.4668663679837519,0.941053779594192,cv3,,575,
43,nf2018v2,nftonv2,rf,0.001,finetune,252099,0.3706461044760263,0.3474203478902516,0.039498877125533266,0.8428911733493925,0.16701945184482317,0.32066763286941435,0.36366208081040396,0.8188340950052732,0.1975,,,,,575,8
43,nf2018v2,nftonv2,rf,0.01,selector_v2,21000,0.2825510692632926,0.231667893362399,,0.6312298562225218,0.16585161125506367,0.5541289036445182,0.5770145850729254,0.4642220285648107,0.0033333333333333335,0.4676187423762284,0.9613240254059052,cv3,,5754,
43,nf2018v2,nftonv2,rf,0.01,finetune,270999,0.3731273967068558,0.35052446050578184,0.04339870705925673,0.850567325032092,0.16628955147622348,0.31645920888979456,0.3669242471212356,0.8410236219073493,0.1925,,,,,5754,9
43,nf2018v2,nftonv2,rf,0.05,selector_v2,105000,0.2825510692632926,0.231667893362399,,0.6312298562225218,0.16585161125506367,0.5541289036445182,0.5770145850729254,0.4642220285648107,0.0033333333333333335,0.4598065473834019,0.9789861091840342,cv3,,28771,
43,nf2018v2,nftonv2,rf,0.1,selector_v2,210000,0.2825510692632926,0.231667893362399,,0.6312298562225218,0.16585161125506367,0.5541289036445182,0.5770145850729254,0.4642220285648107,0.0033333333333333335,0.4584790511183112,0.9809927918142064,cv3,,57542,
43,nf2018v2,nftonv2,rf,0.0001,al_iterative,210,0.9088801431499494,0.9289060134701805,0.8213467611921211,0.9647831391063048,0.18950038319769352,0.05081284873091032,0.042505745862062586,0.8563234264044222,0.6333333333333333,,,,,124,5
43,nf2018v2,nftonv2,rf,0.0001,insomnia,50210,0.2923686057359438,0.24514338390667736,-0.07869955706647482,0.5318024173400564,0.16891719280318238,0.6187289026445132,0.6390895621144772,0.21952158724091414,0.006666666666666667,,,,50000,1,9
43,nf2018v2,nftonv2,rf,0.001,al_iterative,2100,0.9712830835841783,0.9771170904070546,0.9425850452030583,0.9919645147943803,0.03726141381701398,0.021299991277734163,0.03265116325581625,0.9428706393834767,0.54,,,,,895,8
43,nf2018v2,nftonv2,rf,0.001,insomnia,52100,0.3701347989551928,0.3500758113397109,0.020185851922135033,0.5333928415543794,0.19032152111236816,0.5380780695570144,0.5358364291821459,0.20797007413431534,0.006666666666666667,,,,50000,47,12
43,nf2018v2,nfbotv2,rf,0.0001,selector_v2,211,0.04957770880785546,0.09044697708970598,,0.5180895044302475,0.04648390941597139,0.6151191379444443,0.7473723166666665,0.19584951396403685,0.03333333333333333,0.19729013012600144,1.0,resub,,1,
43,nf2018v2,nfbotv2,rf,0.0001,finetune,250210,0.12470751235653055,0.24049621984231248,-0.007984300275291503,0.5196949081375616,0.1799761620977354,0.3467193555312501,0.4886305875,0.19584951396403685,0.27,,,,,1,4
43,nf2018v2,nfbotv2,rf,0.001,selector_v2,2101,0.04957770880785546,0.09044697708970598,,0.5180895044302475,0.04648390941597139,0.6151191379444443,0.7473723166666665,0.19584951396403685,0.03333333333333333,0.07684514602730143,0.7974787938231138,cv3,,9,
43,nf2018v2,nfbotv2,rf,0.001,finetune,252100,0.12535369574245891,0.2402936913268417,0.021326129308657463,0.8009724572887197,0.023837902264600714,0.3464446484375,0.48928194999999997,0.7196673476558346,0.275,,,,,9,3
43,nf2018v2,nfbotv2,rf,0.01,selector_v2,21000,0.04957770880785546,0.09044697708970598,,0.5180895044302475,0.04648390941597139,0.6151191379444443,0.7473723166666665,0.19584951396403685,0.03333333333333333,0.25734576092609734,0.9262862489770107,cv3,,88,
43,nf2018v2,nfbotv2,rf,0.01,finetune,270999,0.12559245804708902,0.24054009534003654,0.02583460322520469,0.8642986857348162,0.0,0.34619261406250007,0.4893644000000001,0.7757563047749161,0.2425,,,,,88,3
43,nf2018v2,nfbotv2,rf,0.05,selector_v2,105000,0.04957770880785546,0.09044697708970598,,0.5180895044302475,0.04648390941597139,0.6151191379444443,0.7473723166666665,0.19584951396403685,0.03333333333333333,0.1929228479342395,0.9651192039585355,cv3,,440,
43,nf2018v2,nfbotv2,rf,0.1,selector_v2,210001,0.04957770880785546,0.09044697708970598,,0.5180895044302475,0.04648390941597139,0.6151191379444443,0.7473723166666665,0.19584951396403685,0.03333333333333333,0.19636711110020164,0.9676383496854748,cv3,,881,
43,nf2018v2,nfbotv2,rf,0.0001,al_iterative,210,0.6406675760774311,0.9944001165947429,0.28493272023729815,0.7077145324873823,0.7544696066746126,0.003447346666666667,0.004203833333333277,0.48531970013116515,0.3566666666666667,,,,,114,2
43,nf2018v2,nfbotv2,rf,0.0001,insomnia,12722,0.058672817677221066,0.10817258126558278,0.01266012783311554,0.5037928429696005,0.011918951132300357,0.811893068611111,0.8338876833333333,0.05957297595571197,0.0033333333333333335,,,,12512,63,2
43,nf2018v2,nfbotv2,rf,0.001,al_iterative,2100,0.9521764297020635,0.9992229382756459,0.9059273722580424,0.9635634999062701,0.14541120381406436,0.0008109131111111112,0.0011096333333334102,0.9068468423283419,0.5933333333333334,,,,,703,3
43,nf2018v2,nfbotv2,rf,0.001,insomnia,14612,0.16363575010800357,0.3157587518002623,0.030399074758681376,0.5040966473705745,0.004767580452920143,0.7498999723333334,0.8068193666666665,0.06380735701876451,0.0033333333333333335,,,,12512,76,2
43,nf2018v2,nfunswv2,lgbm,0.0001,selector_v2,144,0.5224075930808418,0.946493172197516,,0.5255079273805201,0.0004053169266584218,0.03714769225055931,0.03559348108521372,0.15825319842549418,0.3878683485175327,0.30611483744878115,0.6350203227635347,cv3,,134,
43,nf2018v2,nfunswv2,lgbm,0.0001,finetune,250143,0.7638135308232137,0.9642160407090953,0.5295921654350613,0.6987469055298999,0.02273931885970838,0.03526978258693786,0.031724044663188476,0.5387426800613727,0.42881967457559206,,,,,134,3
43,nf2018v2,nfunswv2,lgbm,0.001,selector_v2,1392,0.5224075930808418,0.946493172197516,,0.5255079273805201,0.0004053169266584218,0.03714769225055931,0.03559348108521372,0.15825319842549418,0.3878683485175327,0.2988669891590643,0.8382432748691097,cv3,,1338,
43,nf2018v2,nfunswv2,lgbm,0.001,finetune,251391,0.9168335868049925,0.9877341175768071,0.8340354114210655,0.8925394740606316,0.0076074869311273,0.01178780022196587,0.011471538687797747,0.8423750669902178,0.08051855510083285,,,,,1338,3
43,nf2018v2,nfunswv2,lgbm,0.01,selector_v2,13907,0.5224075930808418,0.946493172197516,,0.5255079273805201,0.0004053169266584218,0.03714769225055931,0.03559348108521372,0.15825319842549418,0.3878683485175327,0.17355714753764584,0.9322038152536457,cv3,,13382,
43,nf2018v2,nfunswv2,lgbm,0.01,finetune,263906,0.7233011459601228,0.9515837158377589,0.4730401438150463,0.6264808253199574,0.045857972791802204,0.05629303592422753,0.056290914409648556,0.47560227769029595,1.0,,,,,13382,3
43,nf2018v2,nfunswv2,lgbm,0.05,selector_v2,69537,0.5224075930808418,0.946493172197516,,0.5255079273805201,0.0004053169266584218,0.03714769225055931,0.03559348108521372,0.15825319842549418,0.3878683485175327,0.15507567181593468,0.944029371898595,cv3,,66908,
43,nf2018v2,nfunswv2,lgbm,0.1,selector_v2,139072,0.5224075930808418,0.946493172197516,,0.5255079273805201,0.0004053169266584218,0.03714769225055931,0.03559348108521372,0.15825319842549418,0.3878683485175327,0.1654316618983779,0.9481182694437602,cv3,,133817,
43,nf2018v2,nfunswv2,lgbm,0.0001,al_iterative,138,0.5851975600463688,0.9514821002533721,0.24983158725230403,0.6651634079278054,0.0028580039700273328,0.032856872232168814,0.02809595085820375,0.4351002895280322,0.011337960803616681,,,,,76,2
43,nf2018v2,nfunswv2,lgbm,0.0001,insomnia,50139,0.5223543016568617,0.9464651244575091,0.15182811440943803,0.5147178084173527,0.00045728063520437327,0.03697322956559171,0.036976764895169704,0.1527870793329478,1.2088710990830493e-08,,,,50000,82,7
43,nf2018v2,nfunswv2,lgbm,0.001,al_iterative,1389,0.967140840444261,0.9950774907576944,0.9360439286890413,0.9705444449602723,0.005082050695794057,0.004991232218436196,0.004868197760486396,0.9360462646271382,0.4281563830236518,,,,,633,2
43,nf2018v2,nfunswv2,lgbm,0.001,insomnia,51391,0.5417440290891635,0.9301684642106257,0.08418651012160727,0.5069787457998978,0.041825589008636366,0.07298503495205791,0.072985292879242,0.08549920105393467,1.0,,,,50000,1262,4
43,nf2018v2,nftonv2,lgbm,0.0001,selector_v2,213,0.3814320046438191,0.36196204888276295,,0.5796916559342133,0.17143534907485128,0.5516529737502128,0.5581856235978632,0.3093936407446748,0.0007447928422364029,0.2566016377844968,0.8846918992235979,cv3,,58,
43,nf2018v2,nftonv2,lgbm,0.0001,finetune,250212,0.8418405314315405,0.8747564411585513,0.6838685450391055,0.8247719751686141,0.24289259516076056,0.11864122544267901,0.11168313759610608,0.6854466755823572,0.6523476323765364,,,,,58,4
43,nf2018v2,nftonv2,lgbm,0.001,selector_v2,2100,0.3814320046438191,0.36196204888276295,,0.5796916559342133,0.17143534907485128,0.5516529737502128,0.5581856235978632,0.3093936407446748,0.0007447928422364029,0.28031991131192685,0.935283855498754,cv3,,575,
43,nf2018v2,nftonv2,lgbm,0.001,finetune,252099,0.8979815307049295,0.9184067614770287,0.7961837403664555,0.8695159520371261,0.13318856976022772,0.0806750769237298,0.0793271121232411,0.797668120444009,0.2871019182064065,,,,,575,3
43,nf2018v2,nftonv2,lgbm,0.01,selector_v2,21000,0.3814320046438191,0.36196204888276295,,0.5796916559342133,0.17143534907485128,0.5516529737502128,0.5581856235978632,0.3093936407446748,0.0007447928422364029,0.3025029150020081,0.9640920580753477,cv3,,5754,
43,nf2018v2,nftonv2,lgbm,0.01,finetune,270999,0.9516279920890431,0.9614846684330198,0.9032598404058264,0.9414363034306119,0.06824568446407066,0.03564739523072922,0.030982610793865356,0.905859693241615,0.7167360012640226,,,,,5754,5
43,nf2018v2,nftonv2,lgbm,0.05,selector_v2,105000,0.3814320046438191,0.36196204888276295,,0.5796916559342133,0.17143534907485128,0.5516529737502128,0.5581856235978632,0.3093936407446748,0.0007447928422364029,0.3036210201901548,0.9784594157573592,cv3,,28771,
43,nf2018v2,nftonv2,lgbm,0.1,selector_v2,210000,0.3814320046438191,0.36196204888276295,,0.5796916559342133,0.17143534907485128,0.5516529737502128,0.5581856235978632,0.3093936407446748,0.0007447928422364029,0.30069040768501554,0.9813186997527371,cv3,,57542,
43,nf2018v2,nftonv2,lgbm,0.0001,al_iterative,210,0.9053535231631799,0.9267129268410926,0.8177587814655689,0.9351580621969603,0.21601401408707713,0.06733772883272149,0.06555593172431322,0.8226405452582897,0.7927087425634795,,,,,71,3
43,nf2018v2,nftonv2,lgbm,0.0001,insomnia,50210,0.44646709810722274,0.4443367682751473,0.13327039209334451,0.4995444721125186,0.16970183569942704,0.5519059310783594,0.5519570441057742,0.219498655565105,2.7839394996821018e-08,,,,50000,1,5
43,nf2018v2,nftonv2,lgbm,0.001,al_iterative,2100,0.9745292009716482,0.979746163117314,0.9490627495169905,0.9919113960028172,0.03910441224772818,0.017317833226663387,0.012506210723957124,0.9505753631496935,0.7694467381650488,,,,,898,5
43,nf2018v2,nftonv2,lgbm,0.001,insomnia,52100,0.45430151167318406,0.4540104711151572,0.1434029789280634,0.531686444381742,0.1688624502755374,0.5444323112061218,0.5442523380874806,0.2669024091893319,5.344652588901356e-09,,,,50000,29,9
43,nf2018v2,nfbotv2,lgbm,0.0001,selector_v2,211,0.12389540870784563,0.23871863463818688,,0.5712553255260672,0.16209773539928488,0.6093249703431464,0.6796202623390274,0.3224626479987653,0.03370457617052683,0.496415724396973,1.0,resub,,1,
43,nf2018v2,nfbotv2,lgbm,0.0001,finetune,250210,0.7747254762532966,0.9966300246287524,0.5702985686964068,0.7809520279235316,0.564958283671037,0.002598301159936496,0.002434406414699252,0.6348730205976962,0.6370087182611568,,,,,1,3
43,nf2018v2,nfbotv2,lgbm,0.001,selector_v2,2101,0.12389540870784563,0.23871863463818688,,0.5712553255260672,0.16209773539928488,0.6093249703431464,0.6796202623390274,0.3224626479987653,0.03370457617052683,0.429488600458997,0.8772746046837404,cv3,,9,
43,nf2018v2,nfbotv2,lgbm,0.001,finetune,252100,0.8898690802425895,0.998267324330708,0.786795799986386,0.866495221810667,0.3110846245530393,0.0015585122298407603,0.0014797470134570447,0.7916532172506934,0.871412201723342,,,,,9,3
43,nf2018v2,nfbotv2,lgbm,0.01,selector_v2,21000,0.12389540870784563,0.23871863463818688,,0.5712553255260672,0.16209773539928488,0.6093249703431464,0.6796202623390274,0.3224626479987653,0.03370457617052683,0.3144784272342543,0.8836370245514322,cv3,,88,
43,nf2018v2,nfbotv2,lgbm,0.01,finetune,270999,0.9604304807567987,0.9993494029820184,0.921374974598371,0.9684338958655792,0.10846245530393325,0.0005926145257637198,0.0005592131759701082,0.9278277951267132,0.5386903540110757,,,,,88,3
43,nf2018v2,nfbotv2,lgbm,0.05,selector_v2,105000,0.12389540870784563,0.23871863463818688,,0.5712553255260672,0.16209773539928488,0.6093249703431464,0.6796202623390274,0.3224626479987653,0.03370457617052683,0.3207443707376476,0.6933490086306087,cv3,,440,
43,nf2018v2,nfbotv2,lgbm,0.1,selector_v2,210001,0.12389540870784563,0.23871863463818688,,0.5712553255260672,0.16209773539928488,0.6093249703431464,0.6796202623390274,0.3224626479987653,0.03370457617052683,0.3258339057272542,0.22779461718457036,cv3,,881,
43,nf2018v2,nfbotv2,lgbm,0.0001,al_iterative,210,0.5806469825795821,0.9945708679872911,0.2888599492130934,0.7520688443729968,0.9106078665077473,0.0037731308025077117,0.0037935929883691362,0.6008593890905406,0.999412359787624,,,,,32,2
43,nf2018v2,nfbotv2,lgbm,0.0001,insomnia,43366,0.11723553905851729,0.22506214576564243,0.0029857905713209054,0.5185279669205555,0.11203814064362336,0.8692496870901057,0.8693387344541871,0.1887854851966297,6.056747519155306e-10,,,,43156,0,3
43,nf2018v2,nfbotv2,lgbm,0.001,al_iterative,2100,0.9365331364245042,0.9989747368459012,0.8753279685108553,0.9377016527873111,0.18474374255065554,0.0009472350747898189,0.0009325684851521725,0.8809814973558733,0.8878234801601622,,,,,522,5
43,nf2018v2,nfbotv2,lgbm,0.001,insomnia,45256,0.13504176343115082,0.2605063003742501,0.003082950283639442,0.5327818213180867,0.133492252681764,0.8461696597541205,0.8461087831471725,0.2516949802882678,1.2692264567806721e-09,,,,43156,0,3
43,nf2018v2,nfunswv2,mlp,0.0001,selector_v2,144,0.46109318130020777,0.8717597840884529,,0.4867177488137362,0.14174660417164653,0.13825701722229028,0.09633039388677776,0.08824814066823389,0.9999999994108162,0.1751282566650533,0.7094079637637803,cv3,,134,
43,nf2018v2,nfunswv2,mlp,0.0001,finetune,250143,0.5244357450541951,0.9339010436697285,0.049497377082203343,0.5130745029125896,0.029110069527442033,0.0548871999222399,0.03878098758480641,0.08265519016348934,0.9998670865381597,,,,,134,1
43,nf2018v2,nfunswv2,mlp,0.001,selector_v2,1392,0.46109318130020777,0.8717597840884529,,0.4867177488137362,0.14174660417164653,0.13825701722229028,0.09633039388677776,0.08824814066823389,0.9999999994108162,0.13346506792033797,0.8818115338217559,cv3,,1338,
43,nf2018v2,nfunswv2,mlp,0.001,finetune,251391,0.6101090173141579,0.9495518154055012,0.2335361331124861,0.581020115647427,0.013874310181769052,0.038240055853846586,0.029934930953739884,0.29175221680018043,0.6415254256178577,,,,,1338,1
43,nf2018v2,nfunswv2,mlp,0.01,selector_v2,13907,0.46109318130020777,0.8717597840884529,,0.4867177488137362,0.14174660417164653,0.13825701722229028,0.09633039388677776,0.08824814066823389,0.9999999994108162,0.171635293243742,0.8324004690225203,cv3,,13382,
43,nf2018v2,nfunswv2,mlp,0.01,finetune,263906,0.8660714825485477,0.9814613371680532,0.7372099818150639,0.8954178851805826,0.005191174483740555,0.014020795511165404,0.007146698171836675,0.7873386674931663,0.05573275999540976,,,,,13382,1
43,nf2018v2,nfunswv2,mlp,0.05,selector_v2,69537,0.46109318130020777,0.8717597840884529,,0.4867177488137362,0.14174660417164653,0.13825701722229028,0.09633039388677776,0.08824814066823389,0.9999999994108162,0.16478698867227803,0.922815779605667,cv3,,66908,
43,nf2018v2,nfunswv2,mlp,0.1,selector_v2,139072,0.46109318130020777,0.8717597840884529,,0.4867177488137362,0.14174660417164653,0.13825701722229028,0.09633039388677776,0.08824814066823389,0.9999999994108162,0.15711574547176702,0.9303115987203677,cv3,,133817,
43,nf2018v2,nfunswv2,mlp,0.0001,al_iterative,138,0.8554674897442602,0.9802326701670561,0.7189031261767561,0.8110598331570567,0.004733893848536183,0.01757552699585335,0.013493019054806269,0.7246962414435655,0.30088422292728806,,,,,97,1
43,nf2018v2,nfunswv2,mlp,0.0001,insomnia,50139,0.48822047208900676,0.9133663652069186,-0.020791157492757183,0.5043437453508441,0.06457530061005394,0.09190678533187595,0.08295515477760021,0.07671606787054235,1.3697565788514937e-09,,,,50000,139,13
43,nf2018v2,nfunswv2,mlp,0.001,al_iterative,1389,0.8606375085754926,0.9772210972163969,0.7390857727083457,0.8661938297410463,0.02323297409089492,0.022138215034439933,0.022377892683113045,0.7403899513208198,0.41606223444097634,,,,,690,2
43,nf2018v2,nfunswv2,mlp,0.001,insomnia,51391,0.48900476231291445,0.9136786314400703,-0.01924659353208215,0.5077935197766806,0.06411801997484956,0.09036349964010136,0.08478361908970716,0.08521337004902248,1.6701670483956241e-10,,,,50000,1385,18
43,nf2018v2,nftonv2,mlp,0.0001,selector_v2,213,0.44783129790351106,0.45633411185329914,,0.5713792261322126,0.24382321813072516,0.492175359545939,0.4560473426426179,0.24440136560380787,0.0008426401961994839,0.26142681044702876,0.7354496044018065,cv3,,58,
43,nf2018v2,nftonv2,mlp,0.0001,finetune,250212,0.5270816547317878,0.6115490077344806,0.05829310205581857,0.5266039314221296,0.6245392503923215,0.33931419728374795,0.3028829611362477,0.21538854854510098,3.005898151671254e-27,,,,,58,1
43,nf2018v2,nftonv2,mlp,0.001,selector_v2,2100,0.44783129790351106,0.45633411185329914,,0.5713792261322126,0.24382321813072516,0.492175359545939,0.4560473426426179,0.24440136560380787,0.0008426401961994839,0.232649947830162,0.9181413422571961,cv3,,575,
43,nf2018v2,nftonv2,mlp,0.001,finetune,252099,0.6255557892850154,0.6983963187795331,0.25189265239383496,0.6861041755531313,0.5173168862450276,0.20766287965988506,0.17176105428742874,0.3828621752158081,0.3178884305203828,,,,,575,1
43,nf2018v2,nftonv2,mlp,0.01,selector_v2,21000,0.44783129790351106,0.45633411185329914,,0.5713792261322126,0.24382321813072516,0.492175359545939,0.4560473426426179,0.24440136560380787,0.0008426401961994839,0.2405151424693841,0.9208127028877388,cv3,,5754,
43,nf2018v2,nftonv2,mlp,0.01,finetune,270999,0.8493877238530694,0.8826811915627231,0.7026581983970429,0.9051699010043882,0.27679646728221596,0.08979970602701826,0.014958343199893963,0.7033450965974517,0.5104930371812003,,,,,5754,1
43,nf2018v2,nftonv2,mlp,0.05,selector_v2,105000,0.44783129790351106,0.45633411185329914,,0.5713792261322126,0.24382321813072516,0.492175359545939,0.4560473426426179,0.24440136560380787,0.0008426401961994839,0.24466827573772879,0.9421857413082103,cv3,,28771,
43,nf2018v2,nftonv2,mlp,0.1,selector_v2,210000,0.44783129790351106,0.45633411185329914,,0.5713792261322126,0.24382321813072516,0.492175359545939,0.4560473426426179,0.24440136560380787,0.0008426401961994839,0.24379541009520955,0.9485076335111855,cv3,,57542,
43,nf2018v2,nftonv2,mlp,0.0001,al_iterative,210,0.893062597509023,0.9171239883569294,0.7925991128532248,0.8188556544404085,0.23042954636692092,0.08293894223044744,0.09097359199690352,0.7958587432261932,0.5525165800247858,,,,,99,2
43,nf2018v2,nftonv2,mlp,0.0001,insomnia,50210,0.48465016659269355,0.5000315386924451,0.14007575910966114,0.5476650887506529,0.23203532717784023,0.4894584311451937,0.47729208536663487,0.22945196499585102,0.0008695930664414101,,,,50000,16,7
43,nf2018v2,nftonv2,mlp,0.001,al_iterative,2100,0.9554898015753027,0.9646781578328458,0.9110479243263121,0.9554608719602797,0.07295354184153863,0.034518299378917885,0.029371607444892547,0.9137300576373426,0.39527429104625694,,,,,793,4
43,nf2018v2,nftonv2,mlp,0.001,insomnia,52100,0.5231461787817425,0.5452410482190971,0.19427216939678218,0.5621437632929159,0.22331301777307397,0.45840999381049896,0.4518285409868156,0.23929458914630508,0.0006116294421372029,,,,50000,184,16
43,nf2018v2,nfbotv2,mlp,0.0001,selector_v2,211,0.28673513556361013,0.5629458810312974,,0.5226013042305283,0.4052443384982122,0.5670429370355667,0.5298318869278612,0.19258896323727426,2.5314032457995135e-07,1.0,1.0,resub,,1,
43,nf2018v2,nfbotv2,mlp,0.0001,finetune,250210,0.577598245890266,0.991159592359118,0.1655727296782412,0.5576419752709457,0.7580452920143027,0.012595521818961484,0.02098713322337646,0.260494208825091,0.013307913033421713,,,,,1,1
43,nf2018v2,nfbotv2,mlp,0.001,selector_v2,2101,0.28673513556361013,0.5629458810312974,,0.5226013042305283,0.4052443384982122,0.5670429370355667,0.5298318869278612,0.19258896323727426,2.5314032457995135e-07,0.47061781583334367,0.7526134367266649,cv3,,9,
43,nf2018v2,nfbotv2,mlp,0.001,finetune,252100,0.6267420914298657,0.9948548792126348,0.3026506130372063,0.6013451245341902,0.834326579261025,0.0037269392640536855,0.00308012494761285,0.3399869526489116,0.8467861473426426,,,,,9,1
43,nf2018v2,nfbotv2,mlp,0.01,selector_v2,21000,0.28673513556361013,0.5629458810312974,,0.5226013042305283,0.4052443384982122,0.5670429370355667,0.5298318869278612,0.19258896323727426,2.5314032457995135e-07,0.3017754748686359,0.7166043607084261,cv3,,88,
43,nf2018v2,nfbotv2,mlp,0.01,finetune,270999,0.8813355057328287,0.9981460102737243,0.7714943362458635,0.9192109112968182,0.3361144219308701,0.0013107717099737585,0.0005888881757492013,0.8443584339186796,0.8014951253706477,,,,,88,1
43,nf2018v2,nfbotv2,mlp,0.05,selector_v2,105000,0.28673513556361013,0.5629458810312974,,0.5226013042305283,0.4052443384982122,0.5670429370355667,0.5298318869278612,0.19258896323727426,2.5314032457995135e-07,0.33373032591313,0.8211142557175419,cv3,,440,
43,nf2018v2,nfbotv2,mlp,0.1,selector_v2,210001,0.28673513556361013,0.5629458810312974,,0.5226013042305283,0.4052443384982122,0.5670429370355667,0.5298318869278612,0.19258896323727426,2.5314032457995135e-07,0.2872389291225697,0.9298545339985956,cv3,,881,
43,nf2018v2,nfbotv2,mlp,0.0001,al_iterative,210,0.622539561257312,0.9950140402870333,0.3584328471046901,0.5704223673810173,0.8569725864123957,0.0037180500120949393,0.0038261856419277004,0.37275731090807984,0.014371746570914461,,,,,70,1
43,nf2018v2,nfbotv2,mlp,0.0001,insomnia,50210,0.30590669417534366,0.6002040048907193,0.007069917750713224,0.5253633691720675,0.3778307508939213,0.5579469683127225,0.5453190556694386,0.17507898095934554,1.6360455777748175e-09,,,,50000,0,10
43,nf2018v2,nfbotv2,mlp,0.001,al_iterative,2100,0.729295014476752,0.9959678596357028,0.4778147318762679,0.617535689904203,0.6400476758045291,0.0034592666847122508,0.0033701048295276368,0.4808683169058138,0.42756518328907805,,,,,180,3
43,nf2018v2,nfbotv2,mlp,0.001,insomnia,52100,0.312897518560073,0.6141748257293483,0.006460124047451585,0.5412707491373766,0.39690107270560193,0.5440620064540667,0.5392760554836287,0.2746591490456452,4.6664830400251807e-07,,,,50000,4,9
43,nfunswv2,nf2018v2,rf,0.0001,selector_v2,217,0.3380042815010819,0.561509830872376,,0.5072553964737352,0.48393847619695785,0.21859785678849383,0.27978810105949475,0.24594416412097464,0.3233333333333333,0.2930700052188785,0.9054221850479712,cv3,,185,
43,nfunswv2,nf2018v2,rf,0.0001,finetune,250219,0.8208337950531026,0.919397368272822,0.6531867719465688,0.7586331623496627,0.07287235852587878,0.12979125551247245,0.22532491087544565,0.6606132539085893,0.515,,,,,185,4
43,nfunswv2,nf2018v2,rf,0.001,selector_v2,2102,0.3380042815010819,0.561509830872376,,0.5072553964737352,0.48393847619695785,0.21859785678849383,0.27978810105949475,0.24594416412097464,0.3233333333333333,0.2505620517742439,0.9680342007118181,cv3,,1851,
43,nfunswv2,nf2018v2,rf,0.001,finetune,252104,0.859609990994218,0.9363559501060206,0.7341346733614463,0.8058558619777294,0.06539739794240083,0.12631468102034488,0.24041253543732283,0.7497799456834022,0.5175,,,,,1851,6
43,nfunswv2,nf2018v2,rf,0.01,selector_v2,21001,0.3380042815010819,0.561509830872376,,0.5072553964737352,0.48393847619695785,0.21859785678849383,0.27978810105949475,0.24594416412097464,0.3233333333333333,0.25493411277281525,0.9749568880425712,cv3,,18514,
43,nfunswv2,nf2018v2,rf,0.01,finetune,271003,0.8637340714938019,0.9379489125114411,0.7440345626627771,0.8104932323410483,0.06606095665884007,0.12540428529107356,0.24109321953390234,0.7637156411040608,0.5175,,,,,18514,8
43,nfunswv2,nf2018v2,rf,0.05,selector_v2,105000,0.3380042815010819,0.561509830872376,,0.5072553964737352,0.48393847619695785,0.21859785678849383,0.27978810105949475,0.24594416412097464,0.3233333333333333,0.25325329038192274,0.9754216769743044,cv3,,92569,
43,nfunswv2,nf2018v2,rf,0.1,selector_v2,210000,0.3380042815010819,0.561509830872376,,0.5072553964737352,0.48393847619695785,0.21859785678849383,0.27978810105949475,0.24594416412097464,0.3233333333333333,0.2510722264470769,0.9760028448064021,cv3,,185138,
43,nfunswv2,nf2018v2,rf,0.0001,al_iterative,210,0.965638190762061,0.9859669059302076,0.9329724551296984,0.9709429185974905,0.001003845237690135,0.014545071330198908,0.020984578410441174,0.9337339401700847,0.5133333333333333,,,,,106,2
43,nfunswv2,nf2018v2,rf,0.0001,insomnia,3453,0.5501629998919589,0.8484024228812831,0.24496933075134694,0.7962714488294489,0.002779006590215628,0.07829654668393324,0.10637845144107619,0.7049536920198255,0.29333333333333333,,,,3243,208,2
43,nfunswv2,nf2018v2,rf,0.001,al_iterative,2100,0.9851869599163514,0.99388246820748,0.9707857849640863,0.9805355467719175,6.805730425017866e-05,0.006640714074207407,0.006732549670584849,0.9707860906608642,0.5433333333333333,,,,,879,4
43,nfunswv2,nf2018v2,rf,0.001,insomnia,5343,0.5698754837021054,0.8542397266720698,0.28620992214963953,0.9018206552065184,0.002467077279068976,0.06347051686963787,0.06131869340653313,0.8279782373474345,0.20333333333333334,,,,3243,2064,3
43,nfunswv2,nftonv2,rf,0.0001,selector_v2,213,0.2373219244708094,0.1543611202034678,,0.5835293745209601,0.04718805882996971,0.4038412727063635,0.46266589666281654,0.28908467866229753,0.38333333333333336,0.30975485119152724,0.8697814882385083,cv3,,58,
43,nfunswv2,nftonv2,rf,0.0001,finetune,250215,0.5981604224039376,0.6146381926050218,0.3786910834049119,0.8894962073932476,0.06802671435349075,0.24526758215041083,0.2646520232601163,0.755030096121445,0.3025,,,,,58,6
43,nfunswv2,nftonv2,rf,0.001,selector_v2,2100,0.2373219244708094,0.1543611202034678,,0.5835293745209601,0.04718805882996971,0.4038412727063635,0.46266589666281654,0.28908467866229753,0.38333333333333336,0.2634196866246891,0.941053779594192,cv3,,575,
43,nfunswv2,nftonv2,rf,0.001,finetune,252102,0.602034278285555,0.6158673618076578,0.4034748983773604,0.9336998128398877,0.03748038392759388,0.23613599727373638,0.2442554837774189,0.8480135837969976,0.3075,,,,,575,5
43,nfunswv2,nftonv2,rf,0.01,selector_v2,21000,0.2373219244708094,0.1543611202034678,,0.5835293745209601,0.04718805882996971,0.4038412727063635,0.46266589666281654,0.28908467866229753,0.38333333333333336,0.28486249717193535,0.9613240254059052,cv3,,5754,
43,nfunswv2,nftonv2,rf,0.01,finetune,271002,0.6074980446090827,0.6220610441807306,0.41012291657646816,0.9444880579652363,0.03644027590233933,0.23210616543707718,0.25191244706223537,0.8831522639079465,0.3125,,,,,5754,5
43,nfunswv2,nftonv2,rf,0.05,selector_v2,105000,0.2373219244708094,0.1543611202034678,,0.5835293745209601,0.04718805882996971,0.4038412727063635,0.46266589666281654,0.28908467866229753,0.38333333333333336,0.28328103272648386,0.9789861091840342,cv3,,28771,
43,nfunswv2,nftonv2,rf,0.1,selector_v2,210000,0.2373219244708094,0.1543611202034678,,0.5835293745209601,0.04718805882996971,0.4038412727063635,0.46266589666281654,0.28908467866229753,0.38333333333333336,0.28598892825500316,0.9809927918142064,cv3,,57542,
43,nfunswv2,nftonv2,rf,0.0001,al_iterative,210,0.9088801431499494,0.9289060134701805,0.8213467611921211,0.9647831391063048,0.18950038319769352,0.05081284873091032,0.042505745862062586,0.8563234264044222,0.6333333333333333,,,,,124,5
43,nfunswv2,nftonv2,rf,0.0001,insomnia,32801,0.5890770521055575,0.6058112130803995,0.35839160646188917,0.6616918798408532,0.08340936462172914,0.34822784713923577,0.32668393341966706,0.39537807538486625,0.7133333333333334,,,,32591,35,5
43,nfunswv2,nftonv2,rf,0.001,al_iterative,2100,0.9712830835841783,0.9771170904070546,0.9425850452030583,0.9919645147943803,0.03726141381701398,0.021299991277734163,0.03265116325581625,0.9428706393834767,0.54,,,,,895,8
43,nfunswv2,nftonv2,rf,0.001,insomnia,34691,0.6054289679042184,0.6204361127590718,0.40293130464529314,0.6760883481379821,0.04370278456990621,0.32189414341516154,0.3216899917832922,0.4691663458840889,0.27666666666666667,,,,32591,280,7
43,nfunswv2,nfbotv2,rf,0.0001,selector_v2,211,0.29639652256713256,0.5772766869001984,,0.5460189692489088,0.06436233611442194,0.31087422716666663,0.38312705,0.2411583469768678,0.13666666666666666,0.3093772546815388,1.0,resub,,1,
43,nfunswv2,nfbotv2,rf,0.0001,finetune,250213,0.5373575954098295,0.9683060546147891,0.1929910806014176,0.5672790781351458,0.25744934445768775,0.17570382828125003,0.3511781124999999,0.30068801349731816,0.3525,,,,,1,3
43,nfunswv2,nfbotv2,rf,0.001,selector_v2,2101,0.29639652256713256,0.5772766869001984,,0.5460189692489088,0.06436233611442194,0.31087422716666663,0.38312705,0.2411583469768678,0.13666666666666666,0.33150337929696877,0.7974787938231138,cv3,,9,
43,nfunswv2,nfbotv2,rf,0.001,finetune,252103,0.5461678987217552,0.9684100892527037,0.23078774463554788,0.8327995195287654,0.11442193087008343,0.17534886275,0.3505199,0.7301521076539526,0.27,,,,,9,4
43,nfunswv2,nfbotv2,rf,0.01,selector_v2,21000,0.29639652256713256,0.5772766869001984,,0.5460189692489088,0.06436233611442194,0.31087422716666663,0.38312705,0.2411583469768678,0.13666666666666666,0.2777170168526696,0.9262862489770107,cv3,,88,
43,nfunswv2,nfbotv2,rf,0.01,finetune,271002,0.5497627663776825,0.9687183571280874,0.24470393307888588,0.8876505238859738,0.06555423122765197,0.17506755043750002,0.35084567500000013,0.7871384642678393,0.2725,,,,,88,3
43,nfunswv2,nfbotv2,rf,0.05,selector_v2,105000,0.29639652256713256,0.5772766869001984,,0.5460189692489088,0.06436233611442194,0.31087422716666663,0.38312705,0.2411583469768678,0.13666666666666666,0.23764144202941712,0.9651192039585355,cv3,,440,
43,nfunswv2,nfbotv2,rf,0.1,selector_v2,210001,0.29639652256713256,0.5772766869001984,,0.5460189692489088,0.06436233611442194,0.31087422716666663,0.38312705,0.2411583469768678,0.13666666666666666,0.2590271069689192,0.9676383496854748,cv3,,881,
43,nfunswv2,nfbotv2,rf,0.0001,al_iterative,210,0.6406675760774311,0.9944001165947429,0.28493272023729815,0.7077145324873823,0.7544696066746126,0.003447346666666667,0.004203833333333277,0.48531970013116515,0.3566666666666667,,,,,114,2
43,nfunswv2,nfbotv2,rf,0.0001,insomnia,415,0.5100375755988036,0.9475809867278334,0.15920546102263317,0.5443837066800449,0.18474374255065554,0.12807371883333332,0.19928664999999995,0.27485047360324505,0.2866666666666667,,,,205,0,2
43,nfunswv2,nfbotv2,rf,0.001,al_iterative,2100,0.9521764297020635,0.9992229382756459,0.9059273722580424,0.9635634999062701,0.14541120381406436,0.0008109131111111112,0.0011096333333334102,0.9068468423283419,0.5933333333333334,,,,,703,3
43,nfunswv2,nfbotv2,rf,0.001,insomnia,2305,0.580039906899855,0.9896428097547384,0.18575223542009106,0.5240158963648809,0.6734207389749702,0.10030330616666668,0.22465498333333325,0.19416316516086052,0.48,,,,205,0,2
43,nfunswv2,nf2018v2,lgbm,0.0001,selector_v2,217,0.44694374481002797,0.774674325285531,,0.41708214713041425,0.11707557763636982,0.19179912196380416,0.14226020781764098,0.05668448951164967,0.9898604296804467,0.5950287821267569,0.870595818484898,cv3,,185,
43,nfunswv2,nf2018v2,lgbm,0.0001,finetune,250219,0.9634817707588692,0.9847141632666161,0.9269846664558932,0.9779987699944391,0.009488322500879073,0.013806776745360736,0.0111533970206262,0.9504818747013825,0.9914211823871469,,,,,185,3
43,nfunswv2,nf2018v2,lgbm,0.001,selector_v2,2102,0.44694374481002797,0.774674325285531,,0.41708214713041425,0.11707557763636982,0.19179912196380416,0.14226020781764098,0.05668448951164967,0.9898604296804467,0.59966868296032,0.9680228791841444,cv3,,1851,
43,nfunswv2,nf2018v2,lgbm,0.001,finetune,252104,0.9314634813980385,0.9708947629276713,0.8637703764793809,0.9260133941930495,0.022101609555245517,0.02781773492830854,0.026495432988679322,0.8780494115306442,0.9946908891852743,,,,,1851,5
43,nfunswv2,nf2018v2,lgbm,0.01,selector_v2,21001,0.44694374481002797,0.774674325285531,,0.41708214713041425,0.11707557763636982,0.19179912196380416,0.14226020781764098,0.05668448951164967,0.9898604296804467,0.596967531709197,0.9742589339324438,cv3,,18514,
43,nfunswv2,nf2018v2,lgbm,0.01,finetune,271003,0.979325347991743,0.9914264567283587,0.9588064153974069,0.9711936859309289,0.0027336350540488425,0.008397510025931844,0.006513370722771472,0.9590990335195815,0.837926367412525,,,,,18514,5
43,nfunswv2,nf2018v2,lgbm,0.05,selector_v2,105000,0.44694374481002797,0.774674325285531,,0.41708214713041425,0.11707557763636982,0.19179912196380416,0.14226020781764098,0.05668448951164967,0.9898604296804467,0.5998898751540425,0.9762556387914786,cv3,,92569,
43,nfunswv2,nf2018v2,lgbm,0.1,selector_v2,210000,0.44694374481002797,0.774674325285531,,0.41708214713041425,0.11707557763636982,0.19179912196380416,0.14226020781764098,0.05668448951164967,0.9898604296804467,0.5993110166527952,0.9755601251077106,cv3,,185138,
43,nfunswv2,nf2018v2,lgbm,0.0001,al_iterative,210,0.8774565822691304,0.9528081739827496,0.7790852948141337,0.9614379151961989,0.0003062578691258039,0.03757258391283385,0.03982488814738906,0.9092464203588981,0.029371095509255145,,,,,116,1
43,nfunswv2,nf2018v2,lgbm,0.0001,insomnia,50210,0.46840355061779176,0.8132742714595201,-0.04423600199560997,0.5350017031731861,0.034419981624527855,0.14750106639237864,0.14747545560357822,0.24159519530609022,6.629266010405171e-09,,,,50000,210,6
43,nfunswv2,nf2018v2,lgbm,0.001,al_iterative,2100,0.9853616583527682,0.9939539453435513,0.9711268187289659,0.979564709161983,6.238586222933043e-05,0.005983928593929438,0.0059757198880208105,0.9711764072491006,0.781441633588868,,,,,878,4
43,nfunswv2,nf2018v2,lgbm,0.001,insomnia,52100,0.4725422535170143,0.8144884871423699,-0.03446302025227502,0.4839170174262218,0.03440863874048616,0.14676717509655873,0.14667144036019933,0.0780625262583043,1.3070186900593412e-09,,,,50000,2079,5
43,nfunswv2,nftonv2,lgbm,0.0001,selector_v2,213,0.22213013755584574,0.13365471677802168,,0.4815608806441333,0.0455822780190504,0.7084267177765857,0.7108664826419847,0.14976005434433165,0.0001263333550361445,0.22615630759741082,0.8846918992235979,cv3,,58,
43,nfunswv2,nftonv2,lgbm,0.0001,finetune,250215,0.9184480576344021,0.9355040121745246,0.83723337780174,0.9034323204515442,0.13656435896500127,0.0580179110515895,0.04820722381299475,0.8394181428215137,0.6120232515613273,,,,,58,4
43,nfunswv2,nftonv2,lgbm,0.001,selector_v2,2100,0.22213013755584574,0.13365471677802168,,0.4815608806441333,0.0455822780190504,0.7084267177765857,0.7108664826419847,0.14976005434433165,0.0001263333550361445,0.18113919705563072,0.935283855498754,cv3,,575,
43,nfunswv2,nftonv2,lgbm,0.001,finetune,252102,0.9367961778439184,0.9492324630033784,0.874372015115716,0.9093330514971516,0.06311813437465785,0.04793622403776108,0.043974298914870966,0.8765906744785895,0.09032225856290459,,,,,575,3
43,nfunswv2,nftonv2,lgbm,0.01,selector_v2,21000,0.22213013755584574,0.13365471677802168,,0.4815608806441333,0.0455822780190504,0.7084267177765857,0.7108664826419847,0.14976005434433165,0.0001263333550361445,0.17520654695610755,0.9640920580753477,cv3,,5754,
43,nfunswv2,nftonv2,lgbm,0.01,finetune,271002,0.922837921940332,0.9379753616478218,0.8465635400454289,0.8550828001490722,0.08154811868179994,0.059023621202907973,0.05182870378164522,0.8469301260297368,0.40917313469440664,,,,,5754,3
43,nfunswv2,nftonv2,lgbm,0.05,selector_v2,105000,0.22213013755584574,0.13365471677802168,,0.4815608806441333,0.0455822780190504,0.7084267177765857,0.7108664826419847,0.14976005434433165,0.0001263333550361445,0.16893925073046284,0.9784594157573592,cv3,,28771,
43,nfunswv2,nftonv2,lgbm,0.1,selector_v2,210000,0.22213013755584574,0.13365471677802168,,0.4815608806441333,0.0455822780190504,0.7084267177765857,0.7108664826419847,0.14976005434433165,0.0001263333550361445,0.16710578171199078,0.9813186997527371,cv3,,57542,
43,nfunswv2,nftonv2,lgbm,0.0001,al_iterative,210,0.9053535231631799,0.9267129268410926,0.8177587814655689,0.9351580621969603,0.21601401408707713,0.06733772883272149,0.06555593172431322,0.8226405452582897,0.7927087425634795,,,,,71,4
43,nfunswv2,nftonv2,lgbm,0.0001,insomnia,50210,0.22820893196576628,0.13993131742679193,-0.045731425230346276,0.647794524978354,0.03160468596036641,0.7219302767320335,0.7217267955867261,0.42259948294481114,8.681753377877973e-10,,,,50000,114,4
43,nfunswv2,nftonv2,lgbm,0.001,al_iterative,2100,0.9745292009716482,0.979746163117314,0.9490627495169905,0.9919113960028172,0.03910441224772818,0.017317833226663387,0.012506210723957124,0.9505753631496935,0.7694467381650488,,,,,898,5
43,nfunswv2,nftonv2,lgbm,0.001,insomnia,52100,0.23516246825523524,0.1482160214635893,-0.004779621032920425,0.7546953190092334,0.02364877194262983,0.715695552388728,0.7156919101622709,0.6485572928673476,2.816237954912795e-11,,,,50000,1143,7
43,nfunswv2,nfbotv2,lgbm,0.0001,selector_v2,211,0.2503827516185633,0.4911987107120486,,0.5214165341653092,0.3933253873659118,0.46658978914614235,0.4531346859520757,0.20514703600334394,0.01614019173127705,0.08319479070496523,1.0,resub,,1,
43,nfunswv2,nfbotv2,lgbm,0.0001,finetune,250213,0.7718833816129391,0.9967085270071835,0.5877294535491763,0.7684647194760496,0.6042908224076281,0.0026825267619774644,0.002458405926059366,0.625606816977959,0.9563751924710128,,,,,1,5
43,nfunswv2,nfbotv2,lgbm,0.001,selector_v2,2101,0.2503827516185633,0.4911987107120486,,0.5214165341653092,0.3933253873659118,0.46658978914614235,0.4531346859520757,0.20514703600334394,0.01614019173127705,0.21319745924066447,0.8772746046837404,cv3,,9,
43,nfunswv2,nfbotv2,lgbm,0.001,finetune,252103,0.8853340172475417,0.9982244007486574,0.782520112347789,0.8782176459143554,0.3420738974970203,0.0016064221330319307,0.00154655535645027,0.7835099755800943,0.3680507388330737,,,,,9,3
43,nfunswv2,nfbotv2,lgbm,0.01,selector_v2,21000,0.2503827516185633,0.4911987107120486,,0.5214165341653092,0.3933253873659118,0.46658978914614235,0.4531346859520757,0.20514703600334394,0.01614019173127705,0.19443694450116375,0.8836370245514322,cv3,,88,
43,nfunswv2,nfbotv2,lgbm,0.01,finetune,271002,0.9521365585486077,0.999197610257908,0.9042924755790493,0.9470718286943003,0.08939213349225268,0.0007174571063186377,0.0006348995337062946,0.9095793326761825,0.4120713168778106,,,,,88,4
43,nfunswv2,nfbotv2,lgbm,0.05,selector_v2,105000,0.2503827516185633,0.4911987107120486,,0.5214165341653092,0.3933253873659118,0.46658978914614235,0.4531346859520757,0.20514703600334394,0.01614019173127705,0.19199969116057988,0.6933490086306087,cv3,,440,
43,nfunswv2,nfbotv2,lgbm,0.1,selector_v2,210001,0.2503827516185633,0.4911987107120486,,0.5214165341653092,0.3933253873659118,0.46658978914614235,0.4531346859520757,0.20514703600334394,0.01614019173127705,0.20176170964273724,0.22779461718457036,cv3,,881,
43,nfunswv2,nfbotv2,lgbm,0.0001,al_iterative,210,0.5806469825795821,0.9945708679872911,0.2888599492130934,0.7520688443729968,0.9106078665077473,0.0037731308025077117,0.0037935929883691362,0.6008593890905406,0.999412359787624,,,,,32,1
43,nfunswv2,nfbotv2,lgbm,0.0001,insomnia,33930,0.24482716295297735,0.4803813098381443,-0.01204650984691097,0.49830185566764695,0.4052443384982122,0.6769294870338675,0.6775953505080776,0.00967197724324943,8.184857706306476e-07,,,,33720,0,3
43,nfunswv2,nfbotv2,lgbm,0.001,al_iterative,2100,0.9365331364245042,0.9989747368459012,0.8753279685108553,0.9377016527873111,0.18474374255065554,0.0009472350747898189,0.0009325684851521725,0.8809814973558733,0.8878234801601622,,,,,522,4
43,nfunswv2,nfbotv2,lgbm,0.001,insomnia,35820,0.3521880218039236,0.6910128956775456,0.015976624478717522,0.5004178141824207,0.4088200238379023,0.4672630864788144,0.4670953696218207,0.03380965556735513,0.9999141142058596,,,,33720,1,3
43,nfunswv2,nf2018v2,mlp,0.0001,selector_v2,217,0.41012877444725065,0.7169833004339771,,0.45595954481743817,0.2254057916765917,0.2693976700065117,0.2838477305229133,0.13967775907268223,7.33005172522825e-47,0.34656664041829005,0.8284915107680687,cv3,,185,
43,nfunswv2,nf2018v2,mlp,0.0001,finetune,250219,0.48077062199281817,0.7254594588824177,-0.004481228610719086,0.5073243692507948,0.2648676852576536,0.22038351127752498,0.25198011647647744,0.19840745833127596,0.8742797003179347,,,,,185,1
43,nfunswv2,nf2018v2,mlp,0.001,selector_v2,2102,0.41012877444725065,0.7169833004339771,,0.45595954481743817,0.2254057916765917,0.2693976700065117,0.2838477305229133,0.13967775907268223,7.33005172522825e-47,0.29924466868395305,0.9204930171285198,cv3,,1851,
43,nfunswv2,nf2018v2,mlp,0.001,finetune,252104,0.6063038528550424,0.8223025135185573,0.21949846420009422,0.6936051932247743,0.13305202980909925,0.16649214471896917,0.15775750727929164,0.4789757673893108,0.9946975716174055,,,,,1851,1
43,nfunswv2,nf2018v2,mlp,0.01,selector_v2,21001,0.41012877444725065,0.7169833004339771,,0.45595954481743817,0.2254057916765917,0.2693976700065117,0.2838477305229133,0.13967775907268223,7.33005172522825e-47,0.28268329191456143,0.9500523525487717,cv3,,18514,
43,nfunswv2,nf2018v2,mlp,0.01,finetune,271003,0.9453676407709624,0.9776297807916615,0.8919950271926858,0.9482664753049646,0.006459772461746124,0.01991511368483473,0.012047554950046141,0.8930093191663006,0.5585474510327378,,,,,18514,1
43,nfunswv2,nf2018v2,mlp,0.05,selector_v2,105000,0.41012877444725065,0.7169833004339771,,0.45595954481743817,0.2254057916765917,0.2693976700065117,0.2838477305229133,0.13967775907268223,7.33005172522825e-47,0.28271806362072655,0.9678063017348117,cv3,,92569,
43,nfunswv2,nf2018v2,mlp,0.1,selector_v2,210000,0.41012877444725065,0.7169833004339771,,0.45595954481743817,0.2254057916765917,0.2693976700065117,0.2838477305229133,0.13967775907268223,7.33005172522825e-47,0.28208763422106903,0.9705742574259383,cv3,,185138,
43,nfunswv2,nf2018v2,mlp,0.0001,al_iterative,210,0.9254213403467589,0.970239631790518,0.8580328857397096,0.9283478287022824,0.0023536484386520117,0.02674237296750543,0.02451726631159291,0.8607489922126114,0.7993634421472618,,,,,102,2
43,nfunswv2,nf2018v2,mlp,0.0001,insomnia,50210,0.41067935366916264,0.7179940896708019,-0.1724239231121608,0.45229147654192264,0.22353988725173263,0.2954608678979919,0.3016610211012983,0.0020072177239713524,9.771945368210652e-142,,,,50000,204,6
43,nfunswv2,nf2018v2,mlp,0.001,al_iterative,2100,0.963431535288503,0.9851275442457172,0.9292807663701098,0.9405901847336766,0.00017581470264629485,0.014423165795255401,0.012550988125427494,0.9295709539631447,0.10347520385875889,,,,,1666,5
43,nfunswv2,nf2018v2,mlp,0.001,insomnia,52100,0.4209049375018956,0.7351961627026835,-0.1553164893717451,0.45090273410272486,0.1918989122174204,0.2686432208456468,0.27233718833823795,0.00216804835264762,5.657711472589458e-141,,,,50000,2053,9
43,nfunswv2,nftonv2,mlp,0.0001,selector_v2,213,0.2170584093103514,0.12252993347910311,,0.5321413284401393,0.014543264844348746,0.7034427996625858,0.7092331414941396,0.23288360530054927,0.003002648951048369,0.2354543910679902,0.7354496044018065,cv3,,58,
43,nfunswv2,nftonv2,mlp,0.0001,finetune,250215,0.3877111346993204,0.4374776534700513,-0.161279168620716,0.4900630346969451,0.5845407101930586,0.47788760872346897,0.443695571779607,0.1286989110225863,0.0007337967586180207,,,,,58,1
43,nfunswv2,nftonv2,mlp,0.001,selector_v2,2100,0.2170584093103514,0.12252993347910311,,0.5321413284401393,0.014543264844348746,0.7034427996625858,0.7092331414941396,0.23288360530054927,0.003002648951048369,0.2295396626041215,0.9181413422571961,cv3,,575,
43,nfunswv2,nftonv2,mlp,0.001,finetune,252102,0.5519385329964257,0.6723486552690994,0.14515173080805413,0.4861657520296285,0.7887668333272508,0.261898733695827,0.25395434165324904,0.15720157207584584,0.7941908988464654,,,,,575,1
43,nfunswv2,nftonv2,mlp,0.01,selector_v2,21000,0.2170584093103514,0.12252993347910311,,0.5321413284401393,0.014543264844348746,0.7034427996625858,0.7092331414941396,0.23288360530054927,0.003002648951048369,0.23122224218756154,0.9208127028877388,cv3,,5754,
43,nfunswv2,nftonv2,mlp,0.01,finetune,271002,0.8054920777123589,0.8486620496713028,0.6150221409495875,0.8151817841062947,0.34064450202547353,0.12329094726935776,0.0582869125836078,0.6178146645850151,0.5310944307017775,,,,,5754,1
43,nfunswv2,nftonv2,mlp,0.05,selector_v2,105000,0.2170584093103514,0.12252993347910311,,0.5321413284401393,0.014543264844348746,0.7034427996625858,0.7092331414941396,0.23288360530054927,0.003002648951048369,0.22968473314233906,0.9421857413082103,cv3,,28771,
43,nfunswv2,nftonv2,mlp,0.1,selector_v2,210000,0.2170584093103514,0.12252993347910311,,0.5321413284401393,0.014543264844348746,0.7034427996625858,0.7092331414941396,0.23288360530054927,0.003002648951048369,0.23032472141446925,0.9485076335111855,cv3,,57542,
43,nfunswv2,nftonv2,mlp,0.0001,al_iterative,210,0.893062597509023,0.9171239883569294,0.7925991128532248,0.8188556544404085,0.23042954636692092,0.08293894223044744,0.09097359199690352,0.7958587432261932,0.5525165800247858,,,,,99,1
43,nfunswv2,nftonv2,mlp,0.0001,insomnia,50210,0.217531805428952,0.12152029753901902,0.0010376278406816566,0.5428338542933373,0.0024451662348089487,0.7192895809965426,0.720652476430045,0.19380881633758898,0.0015321567963489076,,,,50000,52,10
43,nfunswv2,nftonv2,mlp,0.001,al_iterative,2100,0.9554898015753027,0.9646781578328458,0.9110479243263121,0.9554608719602797,0.07295354184153863,0.034518299378917885,0.029371607444892547,0.9137300576373426,0.39527429104625694,,,,,793,8
43,nfunswv2,nftonv2,mlp,0.001,insomnia,52100,0.22618350196413545,0.13434285712474311,0.0038871005444540588,0.6004426300682454,0.010747782927630378,0.7172922433367157,0.7174270657144206,0.2805971251445047,4.147865574404861e-07,,,,50000,1056,17
43,nfunswv2,nfbotv2,mlp,0.0001,selector_v2,211,0.011171394719062543,0.014063965102246305,,0.49768042177917454,0.01907032181168057,0.9867165405452718,0.9868441970735198,0.28440536249073317,1.8915230568023546e-52,0.5745944049142231,1.0,resub,,1,
43,nfunswv2,nfbotv2,mlp,0.0001,finetune,250213,0.2978366790616751,0.5828661362103136,0.019160780364834384,0.6581315187320895,0.26817640047675806,0.5181087967050471,0.4875454217322332,0.5560907164659362,6.163577559306528e-11,,,,,1,1
43,nfunswv2,nfbotv2,mlp,0.001,selector_v2,2101,0.011171394719062543,0.014063965102246305,,0.49768042177917454,0.01907032181168057,0.9867165405452718,0.9868441970735198,0.28440536249073317,1.8915230568023546e-52,0.5765241057291646,0.7526134367266649,cv3,,9,
43,nfunswv2,nfbotv2,mlp,0.001,finetune,252103,0.5386652966616787,0.9941119851351596,0.18372501732688742,0.5485398372163355,0.9582836710369488,0.0041267780749601815,0.0036940852617952952,0.21243428648182147,0.6261196491927478,,,,,9,1
43,nfunswv2,nfbotv2,mlp,0.01,selector_v2,21000,0.011171394719062543,0.014063965102246305,,0.49768042177917454,0.01907032181168057,0.9867165405452718,0.9868441970735198,0.28440536249073317,1.8915230568023546e-52,0.3377589064742295,0.7166043607084261,cv3,,88,
43,nfunswv2,nfbotv2,mlp,0.01,finetune,271002,0.7760433491656766,0.9967807650543883,0.600125895095398,0.7303556861900831,0.601907032181168,0.002604821360486925,0.0020907463116753514,0.6358010721633948,0.7525982843350989,,,,,88,1
43,nfunswv2,nfbotv2,mlp,0.05,selector_v2,105000,0.011171394719062543,0.014063965102246305,,0.49768042177917454,0.01907032181168057,0.9867165405452718,0.9868441970735198,0.28440536249073317,1.8915230568023546e-52,0.30074326595675316,0.8211142557175419,cv3,,440,
43,nfunswv2,nfbotv2,mlp,0.1,selector_v2,210001,0.011171394719062543,0.014063965102246305,,0.49768042177917454,0.01907032181168057,0.9867165405452718,0.9868441970735198,0.28440536249073317,1.8915230568023546e-52,0.2939450185819081,0.9298545339985956,cv3,,881,
43,nfunswv2,nfbotv2,mlp,0.0001,al_iterative,210,0.622539561257312,0.9950140402870333,0.3584328471046901,0.5704223673810173,0.8569725864123957,0.0037180500120949393,0.0038261856419277004,0.37275731090807984,0.014371746570914461,,,,,70,2
43,nfunswv2,nfbotv2,mlp,0.0001,insomnia,50210,0.012850187508403367,0.017235514470933636,0.006071633432633343,0.6310392818659211,0.0,0.983732645131733,0.9842737618032125,0.44372535716228273,1.0766862667565512e-11,,,,50000,0,5
43,nfunswv2,nfbotv2,mlp,0.001,al_iterative,2100,0.729295014476752,0.9959678596357028,0.4778147318762679,0.617535689904203,0.6400476758045291,0.0034592666847122508,0.0033701048295276368,0.4808683169058138,0.42756518328907805,,,,,180,7
43,nfunswv2,nfbotv2,mlp,0.001,insomnia,52100,0.016439107100239873,0.024422009767453064,0.002369483701731974,0.5940620471666368,0.00834326579261025,0.9801395313265043,0.9805748580353408,0.4365748565553701,1.0626850292166393e-18,,,,50000,35,8
43,nftonv2,nf2018v2,rf,0.0001,selector_v2,217,0.5694796449920014,0.8152908660039256,,0.5368823741580714,0.11608307528272138,0.16259955022447112,0.13370839812467605,0.2084563334484817,0.17666666666666667,0.259507906010305,0.9054221850479712,cv3,,185,
43,nftonv2,nf2018v2,rf,0.0001,finetune,250218,0.6342305262361102,0.8498786524854132,0.2689020791925813,0.75689208937635,0.0783906716121641,0.09705499444377777,0.14121918140409304,0.6324330199559258,0.375,,,,,185,6
43,nftonv2,nf2018v2,rf,0.001,selector_v2,2102,0.5694796449920014,0.8152908660039256,,0.5368823741580714,0.11608307528272138,0.16259955022447112,0.13370839812467605,0.2084563334484817,0.17666666666666667,0.20654857603858545,0.9680342007118181,cv3,,1851,
43,nftonv2,nf2018v2,rf,0.001,finetune,252103,0.6444094244101455,0.8534999900510574,0.2890932914622076,0.7620613644974893,0.07786322750422522,0.0947431262218689,0.14141076794616023,0.6417533963176477,0.3825,,,,,1851,7
43,nftonv2,nf2018v2,rf,0.01,selector_v2,21001,0.5694796449920014,0.8152908660039256,,0.5368823741580714,0.11608307528272138,0.16259955022447112,0.13370839812467605,0.2084563334484817,0.17666666666666667,0.2059199233927984,0.9749568880425712,cv3,,18514,
43,nftonv2,nf2018v2,rf,0.01,finetune,271002,0.6451616262638018,0.8538491584317411,0.2906098740210266,0.7725745888303011,0.07756264107712027,0.09384517408662957,0.14380008099959504,0.655583363503132,0.3825,,,,,18514,8
43,nftonv2,nf2018v2,rf,0.05,selector_v2,105000,0.5694796449920014,0.8152908660039256,,0.5368823741580714,0.11608307528272138,0.16259955022447112,0.13370839812467605,0.2084563334484817,0.17666666666666667,0.20783834687781064,0.9754216769743044,cv3,,92569,
43,nftonv2,nf2018v2,rf,0.1,selector_v2,210000,0.5694796449920014,0.8152908660039256,,0.5368823741580714,0.11608307528272138,0.16259955022447112,0.13370839812467605,0.2084563334484817,0.17666666666666667,0.2082772400575166,0.9760028448064021,cv3,,185138,
43,nftonv2,nf2018v2,rf,0.0001,al_iterative,210,0.965638190762061,0.9859669059302076,0.9329724551296984,0.9709429185974905,0.001003845237690135,0.014545071330198908,0.020984578410441174,0.9337339401700847,0.5133333333333333,,,,,106,2
43,nftonv2,nf2018v2,rf,0.0001,insomnia,39538,0.4536178479460137,0.7910273915907109,-0.08930960057972681,0.5496190423393581,0.0809655062896292,0.17483812269827542,0.17104871142310973,0.3131589408206655,0.0033333333333333335,,,,39328,210,11
43,nftonv2,nf2018v2,rf,0.001,al_iterative,2100,0.9851869599163514,0.99388246820748,0.9707857849640863,0.9805355467719175,6.805730425017866e-05,0.006640714074207407,0.006732549670584849,0.9707860906608642,0.5433333333333333,,,,,879,5
43,nftonv2,nf2018v2,rf,0.001,insomnia,41428,0.4604239289960641,0.794449985119635,-0.07491869103691985,0.6434163733816191,0.07751726954095348,0.1601212955046336,0.15991506709133108,0.567813460454516,0.02,,,,39328,2081,12
43,nftonv2,nfunswv2,rf,0.0001,selector_v2,144,0.5111653726654848,0.9078602167187194,,0.49480763091278146,0.08245601272071586,0.11426684533333333,0.1716244333333333,0.09714195225953896,0.36,0.24776119402985075,0.7159003795039401,cv3,,134,
43,nftonv2,nfunswv2,rf,0.0001,finetune,250145,0.5630903787528942,0.9312322640877009,0.12854928546543196,0.6190562198310119,0.04512528450130429,0.06823399846875,0.1669880375,0.4238308813684693,0.255,,,,,134,5
43,nftonv2,nfunswv2,rf,0.001,selector_v2,1392,0.5111653726654848,0.9078602167187194,,0.49480763091278146,0.08245601272071586,0.11426684533333333,0.1716244333333333,0.09714195225953896,0.36,0.18881599195234083,0.9564183055663992,cv3,,1338,
43,nftonv2,nfunswv2,rf,0.001,finetune,251393,0.5905799081480158,0.9349496537859935,0.18481246763795042,0.6514975147715312,0.04416915226405878,0.06667108028125,0.16679988749999994,0.46892643114266,0.275,,,,,1338,7
43,nftonv2,nfunswv2,rf,0.01,selector_v2,13907,0.5111653726654848,0.9078602167187194,,0.49480763091278146,0.08245601272071586,0.11426684533333333,0.1716244333333333,0.09714195225953896,0.36,0.17553086205577698,0.9401333938732249,cv3,,13382,
43,nftonv2,nfunswv2,rf,0.01,finetune,263908,0.5944947960548324,0.9355341815480993,0.19279204228803665,0.6694938624453335,0.043909333721329026,0.0658214911875,0.16990584999999997,0.47578775507874926,0.2825,,,,,13382,7
43,nftonv2,nfunswv2,rf,0.05,selector_v2,69537,0.5111653726654848,0.9078602167187194,,0.49480763091278146,0.08245601272071586,0.11426684533333333,0.1716244333333333,0.09714195225953896,0.36,0.1741157460126645,0.9454109534401223,cv3,,66908,
43,nftonv2,nfunswv2,rf,0.1,selector_v2,139072,0.5111653726654848,0.9078602167187194,,0.49480763091278146,0.08245601272071586,0.11426684533333333,0.1716244333333333,0.09714195225953896,0.36,0.16431694221407084,0.9480552484545295,cv3,,133817,
43,nftonv2,nfunswv2,rf,0.0001,al_iterative,138,0.8904169415702745,0.9846960495107774,0.7843416421281313,0.9080465422728456,0.0043649515178599265,0.012869209833333332,0.02127358333333316,0.8327584120221656,0.08666666666666667,,,,,78,3
43,nftonv2,nfunswv2,rf,0.0001,insomnia,8265,0.6138662600910797,0.9553529486876889,0.35966351704017024,0.6154297928541398,0.00024422943016597207,0.044603369000000004,0.10758170000000006,0.4493406296870772,0.2866666666666667,,,,8126,123,2
43,nftonv2,nfunswv2,rf,0.001,al_iterative,1389,0.9663998596017646,0.9949736311040304,0.9344003018181202,0.9476299011372777,0.00501449787468432,0.0074699526666666665,0.010460766666666503,0.9354391109819642,0.44333333333333336,,,,,877,3
43,nftonv2,nfunswv2,rf,0.001,insomnia,9517,0.7173316381921376,0.9653054870121127,0.5029109623476314,0.7628890479035064,0.0018395152825266834,0.028914798777777778,0.07462923333333331,0.6469169505036542,0.21,,,,8126,1274,3
43,nftonv2,nfbotv2,rf,0.0001,selector_v2,211,0.037734835222979726,0.06675657760473444,,0.5144694704850781,0.021454112038140644,0.5648071915555556,0.7264417666666669,0.1437175002842556,0.03,0.10116591114513405,1.0,resub,,1,
43,nftonv2,nfbotv2,rf,0.0001,finetune,250212,0.1586258947610638,0.30642479284732693,0.02030826733349484,0.5118546547296752,0.060786650774731825,0.3185204575625,0.407935575,0.15347853392641966,0.3775,,,,,1,3
43,nftonv2,nfbotv2,rf,0.001,selector_v2,2101,0.037734835222979726,0.06675657760473444,,0.5144694704850781,0.021454112038140644,0.5648071915555556,0.7264417666666669,0.1437175002842556,0.03,0.06544173084192569,0.7974787938231138,cv3,,9,
43,nftonv2,nfbotv2,rf,0.001,finetune,252102,0.15895283898854165,0.3067735339620089,0.025338525819170926,0.8122001158276627,0.03098927294398093,0.3181202101562501,0.4087983875,0.7652825150263513,0.2675,,,,,9,5
43,nftonv2,nfbotv2,rf,0.01,selector_v2,21000,0.037734835222979726,0.06675657760473444,,0.5144694704850781,0.021454112038140644,0.5648071915555556,0.7264417666666669,0.1437175002842556,0.03,0.21277380626875764,0.9262862489770107,cv3,,88,
43,nftonv2,nfbotv2,rf,0.01,finetune,271001,0.15924406433983965,0.30730120134063704,0.02618021801900906,0.9072829415186102,0.026221692491060787,0.31789937165624993,0.40983986250000004,0.8866762916092621,0.2675,,,,,88,6
43,nftonv2,nfbotv2,rf,0.05,selector_v2,105000,0.037734835222979726,0.06675657760473444,,0.5144694704850781,0.021454112038140644,0.5648071915555556,0.7264417666666669,0.1437175002842556,0.03,0.14272553106682428,0.9651192039585355,cv3,,440,
43,nftonv2,nfbotv2,rf,0.1,selector_v2,210001,0.037734835222979726,0.06675657760473444,,0.5144694704850781,0.021454112038140644,0.5648071915555556,0.7264417666666669,0.1437175002842556,0.03,0.13833204920937156,0.9676383496854748,cv3,,881,
43,nftonv2,nfbotv2,rf,0.0001,al_iterative,210,0.6406675760774311,0.9944001165947429,0.28493272023729815,0.7077145324873823,0.7544696066746126,0.003447346666666667,0.004203833333333277,0.48531970013116515,0.3566666666666667,,,,,114,2
43,nftonv2,nfbotv2,rf,0.0001,insomnia,9207,0.07373331989244264,0.1389281164753527,-0.009954303341516117,0.5034595821430252,0.11561382598331346,0.5706143499999999,0.7157317666666667,0.07457166005947417,0.08666666666666667,,,,8997,0,3
43,nftonv2,nfbotv2,rf,0.001,al_iterative,2100,0.9521764297020635,0.9992229382756459,0.9059273722580424,0.9635634999062701,0.14541120381406436,0.0008109131111111112,0.0011096333333334102,0.9068468423283419,0.5933333333333334,,,,,703,3
43,nftonv2,nfbotv2,rf,0.001,insomnia,11097,0.3299453094451949,0.6462220292642119,0.021661091978837487,0.5040743186435,0.3134684147794994,0.3523200129444445,0.42764225,0.0895173875174469,0.20666666666666667,,,,8997,5,4
43,nftonv2,nf2018v2,lgbm,0.0001,selector_v2,217,0.4844497104824213,0.7281936737209402,,0.45216658453899766,0.261714363494062,0.2708357995763933,0.23007467302287948,0.0799351113074324,0.9971360512476242,0.5377689517306159,0.870595818484898,cv3,,185,
43,nftonv2,nf2018v2,lgbm,0.0001,finetune,250218,0.9736578492925547,0.9890658555852766,0.9474295224139049,0.9793373947540145,0.0043613389140322815,0.009595667905481737,0.007582362524684463,0.9546030077194617,0.9264486837145591,,,,,185,4
43,nftonv2,nf2018v2,lgbm,0.001,selector_v2,2102,0.4844497104824213,0.7281936737209402,,0.45216658453899766,0.261714363494062,0.2708357995763933,0.23007467302287948,0.0799351113074324,0.9971360512476242,0.46079899663336077,0.9680228791841444,cv3,,1851,
43,nftonv2,nf2018v2,lgbm,0.001,finetune,252103,0.9777874115540921,0.9908053057174402,0.9558253119869646,0.9794725800410677,0.00251812025725661,0.008606956652524405,0.007991600188202441,0.9625113157061255,0.9681304973444064,,,,,1851,4
43,nftonv2,nf2018v2,lgbm,0.01,selector_v2,21001,0.4844497104824213,0.7281936737209402,,0.45216658453899766,0.261714363494062,0.2708357995763933,0.23007467302287948,0.0799351113074324,0.9971360512476242,0.44525784298316146,0.9742589339324438,cv3,,18514,
43,nftonv2,nf2018v2,lgbm,0.01,finetune,271002,0.9759503891513683,0.9899920254489281,0.9519368100872246,0.9764078473726456,0.004639239573053845,0.009274196399490448,0.006547243055938458,0.9581288770308524,0.9554151766903235,,,,,18514,4
43,nftonv2,nf2018v2,lgbm,0.05,selector_v2,105000,0.4844497104824213,0.7281936737209402,,0.45216658453899766,0.261714363494062,0.2708357995763933,0.23007467302287948,0.0799351113074324,0.9971360512476242,0.4548045133400853,0.9762556387914786,cv3,,92569,
43,nftonv2,nf2018v2,lgbm,0.1,selector_v2,210000,0.4844497104824213,0.7281936737209402,,0.45216658453899766,0.261714363494062,0.2708357995763933,0.23007467302287948,0.0799351113074324,0.9971360512476242,0.45405624696316566,0.9755601251077106,cv3,,185138,
43,nftonv2,nf2018v2,lgbm,0.0001,al_iterative,210,0.8774565822691304,0.9528081739827496,0.7790852948141337,0.9614379151961989,0.0003062578691258039,0.03757258391283385,0.03982488814738906,0.9092464203588981,0.029371095509255145,,,,,116,1
43,nftonv2,nf2018v2,lgbm,0.0001,insomnia,50210,0.5097617637218476,0.7564710550046363,0.04060699155343084,0.4889938548888995,0.21604224090017127,0.2727490184992173,0.270677459916309,0.10298898694749488,6.82836295637626e-10,,,,50000,209,6
43,nftonv2,nf2018v2,lgbm,0.001,al_iterative,2100,0.9853616583527682,0.9939539453435513,0.9711268187289659,0.979564709161983,6.238586222933043e-05,0.005983928593929438,0.0059757198880208105,0.9711764072491006,0.781441633588868,,,,,878,3
43,nftonv2,nf2018v2,lgbm,0.001,insomnia,52100,0.5377933115868082,0.7860672467399799,0.08434467067296285,0.47940519972944395,0.1659860936241649,0.23057935418738387,0.22840067973008746,0.16857956367316898,0.9999997108298094,,,,50000,2060,8
43,nftonv2,nfunswv2,lgbm,0.0001,selector_v2,144,0.4125575775232773,0.7318535936565007,,0.5029026615208403,0.37455441119921845,0.31133585601425673,0.25805755945640063,0.056243713400783685,0.9998198771169146,0.10927167294163062,0.6350203227635347,cv3,,134,
43,nftonv2,nfunswv2,lgbm,0.0001,finetune,250145,0.8853706801689754,0.9831886182675723,0.7708650325874497,0.8640953623022749,0.009488573180490746,0.014053205296774519,0.011441476823715966,0.8459821627887927,0.05185568936996407,,,,,134,6
43,nftonv2,nfunswv2,lgbm,0.001,selector_v2,1392,0.4125575775232773,0.7318535936565007,,0.5029026615208403,0.37455441119921845,0.31133585601425673,0.25805755945640063,0.056243713400783685,0.9998198771169146,0.045878947520291806,0.8382432748691097,cv3,,1338,
43,nftonv2,nfunswv2,lgbm,0.001,finetune,251393,0.935108920197801,0.9901115445312985,0.8741517286841007,0.9057625250335509,0.00927032560459775,0.009549994598292904,0.008777978165586033,0.887032411227854,0.022634822212926172,,,,,1338,4
43,nftonv2,nfunswv2,lgbm,0.01,selector_v2,13907,0.4125575775232773,0.7318535936565007,,0.5029026615208403,0.37455441119921845,0.31133585601425673,0.25805755945640063,0.056243713400783685,0.9998198771169146,0.06338711869116877,0.9322038152536457,cv3,,13382,
43,nftonv2,nfunswv2,lgbm,0.01,finetune,263908,0.9663982912841835,0.9950237170819656,0.9334748558921362,0.9824649594921917,0.004120722087693955,0.004202971765828818,0.003262418179353362,0.9344854767278493,0.4171764280635855,,,,,13382,5
43,nftonv2,nfunswv2,lgbm,0.05,selector_v2,69537,0.4125575775232773,0.7318535936565007,,0.5029026615208403,0.37455441119921845,0.31133585601425673,0.25805755945640063,0.056243713400783685,0.9998198771169146,0.06898394578357836,0.944029371898595,cv3,,66908,
43,nftonv2,nfunswv2,lgbm,0.1,selector_v2,139072,0.4125575775232773,0.7318535936565007,,0.5029026615208403,0.37455441119921845,0.31133585601425673,0.25805755945640063,0.056243713400783685,0.9998198771169146,0.059225570159504505,0.9481182694437602,cv3,,133817,
43,nftonv2,nfunswv2,lgbm,0.0001,al_iterative,138,0.5851975600463688,0.9514821002533721,0.24983158725230403,0.6651634079278054,0.0028580039700273328,0.032856872232168814,0.02809595085820375,0.4351002895280322,0.011337960803616681,,,,,76,2
43,nftonv2,nfunswv2,lgbm,0.0001,insomnia,50139,0.4619677344940335,0.8057806776909631,0.04319706727939771,0.504963600296353,0.2671402292638821,0.2789678174688971,0.2784513552428272,0.06737918828466177,4.976510382388533e-09,,,,50000,133,8
43,nftonv2,nfunswv2,lgbm,0.001,al_iterative,1389,0.967140840444261,0.9950774907576944,0.9360439286890413,0.9705444449602723,0.005082050695794057,0.004991232218436196,0.004868197760486396,0.9360462646271382,0.4281563830236518,,,,,633,3
43,nftonv2,nfunswv2,lgbm,0.001,insomnia,51391,0.4717835782623707,0.8111575522238382,0.06948364072370589,0.5169538871445382,0.26109684995998794,0.27070873576357674,0.2696196071107649,0.13040104830042124,3.1817461406994824e-09,,,,50000,1315,6
43,nftonv2,nfbotv2,lgbm,0.0001,selector_v2,211,0.01414439079681002,0.02001967232346829,,0.501476266695385,0.026221692491060787,0.9368944321540232,0.9568019393062465,0.04687247668629039,0.0007082774025920482,0.12066664642907567,1.0,resub,,1,
43,nftonv2,nfbotv2,lgbm,0.0001,finetune,250212,0.538740105459336,0.9855917656352571,0.10649529416461581,0.5306722340372343,0.7580452920143027,0.01963397631644025,0.018910448485593825,0.2105626522032032,5.925102167109014e-14,,,,,1,4
43,nftonv2,nfbotv2,lgbm,0.001,selector_v2,2101,0.01414439079681002,0.02001967232346829,,0.501476266695385,0.026221692491060787,0.9368944321540232,0.9568019393062465,0.04687247668629039,0.0007082774025920482,0.06416239910448326,0.8772746046837404,cv3,,9,
43,nftonv2,nfbotv2,lgbm,0.001,finetune,252102,0.7817737403546212,0.9961641788441812,0.5661193624757225,0.7404225029364279,0.37544696066746125,0.0037400159286636223,0.0037107751081842206,0.6403463784993851,0.021661246973427715,,,,,9,3
43,nftonv2,nfbotv2,lgbm,0.01,selector_v2,21000,0.01414439079681002,0.02001967232346829,,0.501476266695385,0.026221692491060787,0.9368944321540232,0.9568019393062465,0.04687247668629039,0.0007082774025920482,0.0445962252814555,0.8836370245514322,cv3,,88,
43,nftonv2,nfbotv2,lgbm,0.01,finetune,271001,0.952889550995439,0.9992114014133707,0.9057849050613523,0.9015059340800833,0.09058402860548272,0.0007645485402610883,0.0007415660250138179,0.9083817055687304,0.3657645918763961,,,,,88,5
43,nftonv2,nfbotv2,lgbm,0.05,selector_v2,105000,0.01414439079681002,0.02001967232346829,,0.501476266695385,0.026221692491060787,0.9368944321540232,0.9568019393062465,0.04687247668629039,0.0007082774025920482,0.04872136698975577,0.6933490086306087,cv3,,440,
43,nftonv2,nfbotv2,lgbm,0.1,selector_v2,210001,0.01414439079681002,0.02001967232346829,,0.501476266695385,0.026221692491060787,0.9368944321540232,0.9568019393062465,0.04687247668629039,0.0007082774025920482,0.04398675615777112,0.22779461718457036,cv3,,881,
43,nftonv2,nfbotv2,lgbm,0.0001,al_iterative,210,0.5806469825795821,0.9945708679872911,0.2888599492130934,0.7520688443729968,0.9106078665077473,0.0037731308025077117,0.0037935929883691362,0.6008593890905406,0.999412359787624,,,,,32,1
43,nftonv2,nfbotv2,lgbm,0.0001,insomnia,50210,0.023883848495163958,0.03925452190262408,0.0015680433944440088,0.5005122545971714,0.0166865315852205,0.972273702679141,0.9734151829259552,0.08795721767605295,5.986055879573436e-10,,,,50000,0,3
43,nftonv2,nfbotv2,lgbm,0.001,al_iterative,2100,0.9365331364245042,0.9989747368459012,0.8753279685108553,0.9377016527873111,0.18474374255065554,0.0009472350747898189,0.0009325684851521725,0.8809814973558733,0.8878234801601622,,,,,522,3
43,nftonv2,nfbotv2,lgbm,0.001,insomnia,52100,0.042147898533880145,0.07551492485950234,0.005569626132010868,0.4979041535017088,0.02264600715137068,0.9559057617939692,0.9559785094696265,0.009769387560443156,0.9999591359326905,,,,50000,0,7
43,nftonv2,nf2018v2,mlp,0.0001,selector_v2,217,0.43786754906921765,0.6540654260734621,,0.5109162520050872,0.3849037556289062,0.3546544776995205,0.34411524530214516,0.22772498255531537,0.9954473248355876,0.32953694069803896,0.8284915107680687,cv3,,185,
43,nftonv2,nf2018v2,mlp,0.0001,finetune,250218,0.598488774127709,0.8301224606811911,0.19719294551530947,0.5546348645315915,0.10175701273805877,0.15564173109636767,0.15143334528075453,0.3410470954467015,0.9991683400423282,,,,,185,1
43,nftonv2,nf2018v2,mlp,0.001,selector_v2,2102,0.43786754906921765,0.6540654260734621,,0.5109162520050872,0.3849037556289062,0.3546544776995205,0.34411524530214516,0.22772498255531537,0.9954473248355876,0.27738426027813906,0.9204930171285198,cv3,,1851,
43,nftonv2,nf2018v2,mlp,0.001,finetune,252103,0.607219465358847,0.8359507594344348,0.21443910419436607,0.6003444882579778,0.09318746384455712,0.1414197852293628,0.13794524868437644,0.41989510349733583,0.9614841641072526,,,,,1851,1
43,nftonv2,nf2018v2,mlp,0.01,selector_v2,21001,0.43786754906921765,0.6540654260734621,,0.5109162520050872,0.3849037556289062,0.3546544776995205,0.34411524530214516,0.22772498255531537,0.9954473248355876,0.267178550662502,0.9500523525487717,cv3,,18514,
43,nftonv2,nf2018v2,mlp,0.01,finetune,271002,0.9674737386801915,0.9865694454673506,0.935359967017777,0.9758294108612415,0.0041174669071358085,0.01242719189589236,0.006759656372761772,0.9393748001122492,0.6600323762645504,,,,,18514,1
43,nftonv2,nf2018v2,mlp,0.05,selector_v2,105000,0.43786754906921765,0.6540654260734621,,0.5109162520050872,0.3849037556289062,0.3546544776995205,0.34411524530214516,0.22772498255531537,0.9954473248355876,0.2695530822042443,0.9678063017348117,cv3,,92569,
43,nftonv2,nf2018v2,mlp,0.1,selector_v2,210000,0.43786754906921765,0.6540654260734621,,0.5109162520050872,0.3849037556289062,0.3546544776995205,0.34411524530214516,0.22772498255531537,0.9954473248355876,0.2701283761880612,0.9705742574259383,cv3,,185138,
43,nftonv2,nf2018v2,mlp,0.0001,al_iterative,210,0.9254213403467589,0.970239631790518,0.8580328857397096,0.9283478287022824,0.0023536484386520117,0.02674237296750543,0.02451726631159291,0.8607489922126114,0.7993634421472618,,,,,102,1
43,nftonv2,nf2018v2,mlp,0.0001,insomnia,50210,0.4452207623084931,0.6647999019274315,-0.0325955048988134,0.5439669026123488,0.3687571601955513,0.37817608147380166,0.37386562022256264,0.3545940822916359,0.9999803682560059,,,,50000,210,21
43,nftonv2,nf2018v2,mlp,0.001,al_iterative,2100,0.963431535288503,0.9851275442457172,0.9292807663701098,0.9405901847336766,0.00017581470264629485,0.014423165795255401,0.012550988125427494,0.9295709539631447,0.10347520385875889,,,,,1666,9
43,nftonv2,nf2018v2,mlp,0.001,insomnia,52100,0.4763692537724873,0.7054762082163138,0.007279268452256209,0.5675871649765127,0.3070915711028686,0.32640901382181764,0.3221869693683128,0.39811893915264673,0.9999972430018707,,,,50000,2075,22
43,nftonv2,nfunswv2,mlp,0.0001,selector_v2,144,0.36361011055683223,0.6488314986703012,,0.5058482143722458,0.48138659959884017,0.42321170872953773,0.4271924036283996,0.10704850919003221,0.00048400479037817405,0.176032861423659,0.7094079637637803,cv3,,134,
43,nftonv2,nfunswv2,mlp,0.0001,finetune,250145,0.5326137202700909,0.9345170714934006,0.06570135354604172,0.5493758458492842,0.029718044917429666,0.055671964207306864,0.04552383503506817,0.19313709181369712,0.0018428031404379359,,,,,134,1
43,nftonv2,nfunswv2,mlp,0.001,selector_v2,1392,0.36361011055683223,0.6488314986703012,,0.5058482143722458,0.48138659959884017,0.42321170872953773,0.4271924036283996,0.10704850919003221,0.00048400479037817405,0.15367810311999067,0.8818115338217559,cv3,,1338,
43,nftonv2,nfunswv2,mlp,0.001,finetune,251393,0.6219857255982527,0.9557728447126359,0.35060499591205224,0.6549501733616632,0.0012159507799752653,0.032004952402436566,0.03043638011907101,0.4002411746200536,0.036668702169177336,,,,,1338,1
43,nftonv2,nfunswv2,mlp,0.01,selector_v2,13907,0.36361011055683223,0.6488314986703012,,0.5058482143722458,0.48138659959884017,0.42321170872953773,0.4271924036283996,0.10704850919003221,0.00048400479037817405,0.10703361171542801,0.8324004690225203,cv3,,13382,
43,nftonv2,nfunswv2,mlp,0.01,finetune,263908,0.8692446060051563,0.9820087487370379,0.7450505588143097,0.8780242083913568,0.004396129742987497,0.014379520100667011,0.009604030468603461,0.7802318175733011,0.17191393550260256,,,,,13382,1
43,nftonv2,nfunswv2,mlp,0.05,selector_v2,69537,0.36361011055683223,0.6488314986703012,,0.5058482143722458,0.48138659959884017,0.42321170872953773,0.4271924036283996,0.10704850919003221,0.00048400479037817405,0.10582864231213054,0.922815779605667,cv3,,66908,
